"","date","plkopr","devkum_eur","amarbma_t0","snboffzisa_eu","smi"
"1",1921-01-01,20.9475,NA,NA,NA,NA
"2",1921-02-01,20.7047,NA,NA,NA,NA
"3",1921-03-01,20.4231,NA,NA,NA,NA
"4",1921-04-01,20.2192,NA,NA,NA,NA
"5",1921-05-01,19.7433,NA,NA,NA,NA
"6",1921-06-01,19.3742,NA,NA,NA,NA
"7",1921-07-01,19.1801,NA,NA,NA,NA
"8",1921-08-01,19.0926,NA,NA,NA,NA
"9",1921-09-01,18.8693,NA,NA,NA,NA
"10",1921-10-01,18.6653,NA,NA,NA,NA
"11",1921-11-01,18.2962,NA,NA,NA,NA
"12",1921-12-01,17.8495,NA,NA,NA,NA
"13",1922-01-01,17.7912,NA,NA,NA,NA
"14",1922-01-01,-15.06766917,NA,NA,NA,NA
"15",1922-02-01,17.0726,NA,NA,NA,NA
"16",1922-02-01,-17.54239376,NA,NA,NA,NA
"17",1922-03-01,16.3831,NA,NA,NA,NA
"18",1922-03-01,-19.7815219,NA,NA,NA,NA
"19",1922-04-01,15.8879,NA,NA,NA,NA
"20",1922-04-01,-21.42171797,NA,NA,NA,NA
"21",1922-05-01,15.4897,NA,NA,NA,NA
"22",1922-05-01,-21.54452397,NA,NA,NA,NA
"23",1922-06-01,15.4606,NA,NA,NA,NA
"24",1922-06-01,-20.20005987,NA,NA,NA,NA
"25",1922-07-01,15.4993,NA,NA,NA,NA
"26",1922-07-01,-19.19072372,NA,NA,NA,NA
"27",1922-08-01,15.3731,NA,NA,NA,NA
"28",1922-08-01,-19.48136975,NA,NA,NA,NA
"29",1922-09-01,15.3829,NA,NA,NA,NA
"30",1922-09-01,-18.47657306,NA,NA,NA,NA
"31",1922-10-01,15.4993,NA,NA,NA,NA
"32",1922-10-01,-16.96195614,NA,NA,NA,NA
"33",1922-11-01,15.6062,NA,NA,NA,NA
"34",1922-11-01,-14.70250653,NA,NA,NA,NA
"35",1922-12-01,15.5965,NA,NA,NA,NA
"36",1922-12-01,-12.6222023,NA,NA,NA,NA
"37",1923-01-01,15.6257,NA,NA,NA,NA
"38",1923-01-01,-12.17174783,NA,NA,NA,NA
"39",1923-02-01,15.4993,NA,NA,NA,NA
"40",1923-02-01,-9.21535091,NA,NA,NA,NA
"41",1923-03-01,15.5771,NA,NA,NA,NA
"42",1923-03-01,-4.91970384,NA,NA,NA,NA
"43",1923-04-01,15.7034,NA,NA,NA,NA
"44",1923-04-01,-1.16126109,NA,NA,NA,NA
"45",1923-05-01,15.8489,NA,NA,NA,NA
"46",1923-05-01,2.31896034,NA,NA,NA,NA
"47",1923-06-01,15.9947,NA,NA,NA,NA
"48",1923-06-01,3.45458779,NA,NA,NA,NA
"49",1923-07-01,15.9947,NA,NA,NA,NA
"50",1923-07-01,3.19627338,NA,NA,NA,NA
"51",1923-08-01,15.9947,NA,NA,NA,NA
"52",1923-08-01,4.0434265,NA,NA,NA,NA
"53",1923-09-01,16.0044,NA,NA,NA,NA
"54",1923-09-01,4.04020048,NA,NA,NA,NA
"55",1923-10-01,16.053,NA,NA,NA,NA
"56",1923-10-01,3.5724194,NA,NA,NA,NA
"57",1923-11-01,16.2666,NA,NA,NA,NA
"58",1923-11-01,4.23165152,NA,NA,NA,NA
"59",1923-12-01,16.3443,NA,NA,NA,NA
"60",1923-12-01,4.79466547,NA,NA,NA,NA
"61",1924-01-01,16.4122,NA,NA,NA,NA
"62",1924-01-01,5.0333745,NA,NA,NA,NA
"63",1924-02-01,16.3346,NA,NA,NA,NA
"64",1924-02-01,5.38927564,NA,NA,NA,NA
"65",1924-03-01,16.3346,NA,NA,NA,NA
"66",1924-03-01,4.86290773,NA,NA,NA,NA
"67",1924-04-01,16.2568,NA,NA,NA,NA
"68",1924-04-01,3.52407759,NA,NA,NA,NA
"69",1924-05-01,16.2277,NA,NA,NA,NA
"70",1924-05-01,2.39007124,NA,NA,NA,NA
"71",1924-06-01,16.2764,NA,NA,NA,NA
"72",1924-06-01,1.7612084,NA,NA,NA,NA
"73",1924-07-01,16.3249,NA,NA,NA,NA
"74",1924-07-01,2.06443384,NA,NA,NA,NA
"75",1924-08-01,16.3151,NA,NA,NA,NA
"76",1924-08-01,2.00316355,NA,NA,NA,NA
"77",1924-09-01,16.3346,NA,NA,NA,NA
"78",1924-09-01,2.06318262,NA,NA,NA,NA
"79",1924-10-01,16.5871,NA,NA,NA,NA
"80",1924-10-01,3.32710397,NA,NA,NA,NA
"81",1924-11-01,16.655,NA,NA,NA,NA
"82",1924-11-01,2.3877147,NA,NA,NA,NA
"83",1924-12-01,16.6162,NA,NA,NA,NA
"84",1924-12-01,1.6635769,NA,NA,NA,NA
"85",1925-01-01,16.4803,NA,NA,NA,NA
"86",1925-01-01,0.41493523,NA,NA,NA,NA
"87",1925-02-01,16.4705,NA,NA,NA,NA
"88",1925-02-01,0.8319763,NA,NA,NA,NA
"89",1925-03-01,16.4413,NA,NA,NA,NA
"90",1925-03-01,0.65321465,NA,NA,NA,NA
"91",1925-04-01,16.3443,NA,NA,NA,NA
"92",1925-04-01,0.53823631,NA,NA,NA,NA
"93",1925-05-01,16.3151,NA,NA,NA,NA
"94",1925-05-01,0.53858526,NA,NA,NA,NA
"95",1925-06-01,16.3249,NA,NA,NA,NA
"96",1925-06-01,0.29797744,NA,NA,NA,NA
"97",1925-07-01,16.3054,NA,NA,NA,NA
"98",1925-07-01,-0.11944943,NA,NA,NA,NA
"99",1925-08-01,16.3151,NA,NA,NA,NA
"100",1925-08-01,0,NA,NA,NA,NA
"101",1925-09-01,16.3541,NA,NA,NA,NA
"102",1925-09-01,0.1193785,NA,NA,NA,NA
"103",1925-10-01,16.2472,NA,NA,NA,NA
"104",1925-10-01,-2.0491828,NA,NA,NA,NA
"105",1925-11-01,16.2375,NA,NA,NA,NA
"106",1925-11-01,-2.50675473,NA,NA,NA,NA
"107",1925-12-01,16.1986,NA,NA,NA,NA
"108",1925-12-01,-2.51321,NA,NA,NA,NA
"109",1926-01-01,16.1015,NA,NA,NA,NA
"110",1926-01-01,-2.29850185,NA,NA,NA,NA
"111",1926-02-01,15.9558,NA,NA,NA,NA
"112",1926-02-01,-3.12498103,NA,NA,NA,NA
"113",1926-03-01,15.8685,NA,NA,NA,NA
"114",1926-03-01,-3.48390942,NA,NA,NA,NA
"115",1926-04-01,15.7325,NA,NA,NA,NA
"116",1926-04-01,-3.74320099,NA,NA,NA,NA
"117",1926-05-01,15.713,NA,NA,NA,NA
"118",1926-05-01,-3.69044627,NA,NA,NA,NA
"119",1926-06-01,15.7034,NA,NA,NA,NA
"120",1926-06-01,-3.80706773,NA,NA,NA,NA
"121",1926-07-01,15.6936,NA,NA,NA,NA
"122",1926-07-01,-3.7521312,NA,NA,NA,NA
"123",1926-08-01,15.6159,NA,NA,NA,NA
"124",1926-08-01,-4.28560046,NA,NA,NA,NA
"125",1926-09-01,15.6451,NA,NA,NA,NA
"126",1926-09-01,-4.3353043,NA,NA,NA,NA
"127",1926-10-01,15.6742,NA,NA,NA,NA
"128",1926-10-01,-3.52676153,NA,NA,NA,NA
"129",1926-11-01,15.6354,NA,NA,NA,NA
"130",1926-11-01,-3.70808314,NA,NA,NA,NA
"131",1926-12-01,15.6257,NA,NA,NA,NA
"132",1926-12-01,-3.5367254,NA,NA,NA,NA
"133",1927-01-01,15.5576,NA,NA,NA,NA
"134",1927-01-01,-3.37794615,NA,NA,NA,NA
"135",1927-02-01,15.5092,NA,NA,NA,NA
"136",1927-02-01,-2.79898219,NA,NA,NA,NA
"137",1927-03-01,15.4217,NA,NA,NA,NA
"138",1927-03-01,-2.81564105,NA,NA,NA,NA
"139",1927-04-01,15.344,NA,NA,NA,NA
"140",1927-04-01,-2.46941046,NA,NA,NA,NA
"141",1927-05-01,15.4993,NA,NA,NA,NA
"142",1927-05-01,-1.36002037,NA,NA,NA,NA
"143",1927-06-01,15.5771,NA,NA,NA,NA
"144",1927-06-01,-0.80428442,NA,NA,NA,NA
"145",1927-07-01,15.5382,NA,NA,NA,NA
"146",1927-07-01,-0.99021257,NA,NA,NA,NA
"147",1927-08-01,15.5189,NA,NA,NA,NA
"148",1927-08-01,-0.62116176,NA,NA,NA,NA
"149",1927-09-01,15.6548,NA,NA,NA,NA
"150",1927-09-01,0.06200024,NA,NA,NA,NA
"151",1927-10-01,15.6839,NA,NA,NA,NA
"152",1927-10-01,0.06188514,NA,NA,NA,NA
"153",1927-11-01,15.7617,NA,NA,NA,NA
"154",1927-11-01,0.80778234,NA,NA,NA,NA
"155",1927-12-01,15.7325,NA,NA,NA,NA
"156",1927-12-01,0.68348938,NA,NA,NA,NA
"157",1928-01-01,15.6645,NA,NA,NA,NA
"158",1928-01-01,0.68712398,NA,NA,NA,NA
"159",1928-02-01,15.5965,NA,NA,NA,NA
"160",1928-02-01,0.5628917,NA,NA,NA,NA
"161",1928-03-01,15.5189,NA,NA,NA,NA
"162",1928-03-01,0.63028071,NA,NA,NA,NA
"163",1928-04-01,15.548,NA,NA,NA,NA
"164",1928-04-01,1.32950991,NA,NA,NA,NA
"165",1928-05-01,15.5771,NA,NA,NA,NA
"166",1928-05-01,0.50195815,NA,NA,NA,NA
"167",1928-06-01,15.6159,NA,NA,NA,NA
"168",1928-06-01,0.24908359,NA,NA,NA,NA
"169",1928-07-01,15.6451,NA,NA,NA,NA
"170",1928-07-01,0.68798188,NA,NA,NA,NA
"171",1928-08-01,15.5965,NA,NA,NA,NA
"172",1928-08-01,0.50003544,NA,NA,NA,NA
"173",1928-09-01,15.6354,NA,NA,NA,NA
"174",1928-09-01,-0.12392365,NA,NA,NA,NA
"175",1928-10-01,15.7325,NA,NA,NA,NA
"176",1928-10-01,0.30987191,NA,NA,NA,NA
"177",1928-11-01,15.7617,NA,NA,NA,NA
"178",1928-11-01,0,NA,NA,NA,NA
"179",1928-12-01,15.7519,NA,NA,NA,NA
"180",1928-12-01,0.12331162,NA,NA,NA,NA
"181",1929-01-01,15.6645,NA,NA,NA,NA
"182",1929-01-01,0,NA,NA,NA,NA
"183",1929-02-01,15.6645,NA,NA,NA,NA
"184",1929-02-01,0.43599526,NA,NA,NA,NA
"185",1929-03-01,15.5965,NA,NA,NA,NA
"186",1929-03-01,0.50003544,NA,NA,NA,NA
"187",1929-04-01,15.4702,NA,NA,NA,NA
"188",1929-04-01,-0.5003859,NA,NA,NA,NA
"189",1929-05-01,15.5382,NA,NA,NA,NA
"190",1929-05-01,-0.24972556,NA,NA,NA,NA
"191",1929-06-01,15.6354,NA,NA,NA,NA
"192",1929-06-01,0.12487273,NA,NA,NA,NA
"193",1929-07-01,15.6159,NA,NA,NA,NA
"194",1929-07-01,-0.18663991,NA,NA,NA,NA
"195",1929-08-01,15.6936,NA,NA,NA,NA
"196",1929-08-01,0.62257558,NA,NA,NA,NA
"197",1929-09-01,15.781,NA,NA,NA,NA
"198",1929-09-01,0.93122018,NA,NA,NA,NA
"199",1929-10-01,15.781,NA,NA,NA,NA
"200",1929-10-01,0.30827904,NA,NA,NA,NA
"201",1929-11-01,15.7325,NA,NA,NA,NA
"202",1929-11-01,-0.1852592,NA,NA,NA,NA
"203",1929-12-01,15.6839,NA,NA,NA,NA
"204",1929-12-01,-0.43169395,NA,NA,NA,NA
"205",1930-01-01,15.5965,NA,NA,NA,NA
"206",1930-01-01,-0.43410259,NA,NA,NA,NA
"207",1930-02-01,15.5189,NA,NA,NA,NA
"208",1930-02-01,-0.92949025,NA,NA,NA,NA
"209",1930-03-01,15.48,NA,NA,NA,NA
"210",1930-03-01,-0.74696246,NA,NA,NA,NA
"211",1930-04-01,15.3344,NA,NA,NA,NA
"212",1930-04-01,-0.87781671,NA,NA,NA,NA
"213",1930-05-01,15.3246,NA,NA,NA,NA
"214",1930-05-01,-1.3746766,NA,NA,NA,NA
"215",1930-06-01,15.3731,NA,NA,NA,NA
"216",1930-06-01,-1.67760339,NA,NA,NA,NA
"217",1930-07-01,15.4023,NA,NA,NA,NA
"218",1930-07-01,-1.36783663,NA,NA,NA,NA
"219",1930-08-01,15.4217,NA,NA,NA,NA
"220",1930-08-01,-1.7325534,NA,NA,NA,NA
"221",1930-09-01,15.412,NA,NA,NA,NA
"222",1930-09-01,-2.33825486,NA,NA,NA,NA
"223",1930-10-01,15.3148,NA,NA,NA,NA
"224",1930-10-01,-2.95418541,NA,NA,NA,NA
"225",1930-11-01,15.2761,NA,NA,NA,NA
"226",1930-11-01,-2.90100111,NA,NA,NA,NA
"227",1930-12-01,15.1693,NA,NA,NA,NA
"228",1930-12-01,-3.28107167,NA,NA,NA,NA
"229",1931-01-01,15.111,NA,NA,NA,NA
"230",1931-01-01,-3.11287789,NA,NA,NA,NA
"231",1931-02-01,15.0235,NA,NA,NA,NA
"232",1931-02-01,-3.19223656,NA,NA,NA,NA
"233",1931-03-01,14.8682,NA,NA,NA,NA
"234",1931-03-01,-3.95219638,NA,NA,NA,NA
"235",1931-04-01,14.6254,NA,NA,NA,NA
"236",1931-04-01,-4.6235914,NA,NA,NA,NA
"237",1931-05-01,14.5962,NA,NA,NA,NA
"238",1931-05-01,-4.75314201,NA,NA,NA,NA
"239",1931-06-01,14.5865,NA,NA,NA,NA
"240",1931-06-01,-5.11672987,NA,NA,NA,NA
"241",1931-07-01,14.5573,NA,NA,NA,NA
"242",1931-07-01,-5.48619362,NA,NA,NA,NA
"243",1931-08-01,14.4894,NA,NA,NA,NA
"244",1931-08-01,-6.04537762,NA,NA,NA,NA
"245",1931-09-01,14.4894,NA,NA,NA,NA
"246",1931-09-01,-5.98624448,NA,NA,NA,NA
"247",1931-10-01,14.3341,NA,NA,NA,NA
"248",1931-10-01,-6.40360958,NA,NA,NA,NA
"249",1931-11-01,14.2466,NA,NA,NA,NA
"250",1931-11-01,-6.73928555,NA,NA,NA,NA
"251",1931-12-01,14.0621,NA,NA,NA,NA
"252",1931-12-01,-7.29895249,NA,NA,NA,NA
"253",1932-01-01,13.9553,NA,NA,NA,NA
"254",1932-01-01,-7.64807094,NA,NA,NA,NA
"255",1932-02-01,13.8194,NA,NA,NA,NA
"256",1932-02-01,-8.01477685,NA,NA,NA,NA
"257",1932-03-01,13.7611,NA,NA,NA,NA
"258",1932-03-01,-7.446093,NA,NA,NA,NA
"259",1932-04-01,13.5669,NA,NA,NA,NA
"260",1932-04-01,-7.23740889,NA,NA,NA,NA
"261",1932-05-01,13.4698,NA,NA,NA,NA
"262",1932-05-01,-7.71707705,NA,NA,NA,NA
"263",1932-06-01,13.4308,NA,NA,NA,NA
"264",1932-06-01,-7.92307956,NA,NA,NA,NA
"265",1932-07-01,13.3629,NA,NA,NA,NA
"266",1932-07-01,-8.2048182,NA,NA,NA,NA
"267",1932-08-01,13.3046,NA,NA,NA,NA
"268",1932-08-01,-8.17701216,NA,NA,NA,NA
"269",1932-09-01,13.2463,NA,NA,NA,NA
"270",1932-09-01,-8.57937527,NA,NA,NA,NA
"271",1932-10-01,13.227,NA,NA,NA,NA
"272",1932-10-01,-7.72354037,NA,NA,NA,NA
"273",1932-11-01,13.159,NA,NA,NA,NA
"274",1932-11-01,-7.63410217,NA,NA,NA,NA
"275",1932-12-01,13.0521,NA,NA,NA,NA
"276",1932-12-01,-7.18242652,NA,NA,NA,NA
"277",1933-01-01,12.955,NA,NA,NA,NA
"278",1933-01-01,-7.16788604,NA,NA,NA,NA
"279",1933-02-01,12.8967,NA,NA,NA,NA
"280",1933-02-01,-6.67684559,NA,NA,NA,NA
"281",1933-03-01,12.8288,NA,NA,NA,NA
"282",1933-03-01,-6.77489445,NA,NA,NA,NA
"283",1933-04-01,12.7413,NA,NA,NA,NA
"284",1933-04-01,-6.08539902,NA,NA,NA,NA
"285",1933-05-01,12.6733,NA,NA,NA,NA
"286",1933-05-01,-5.91322811,NA,NA,NA,NA
"287",1933-06-01,12.7025,NA,NA,NA,NA
"288",1933-06-01,-5.42261072,NA,NA,NA,NA
"289",1933-07-01,12.6929,NA,NA,NA,NA
"290",1933-07-01,-5.01388172,NA,NA,NA,NA
"291",1933-08-01,12.6929,NA,NA,NA,NA
"292",1933-08-01,-4.59765795,NA,NA,NA,NA
"293",1933-09-01,12.7413,NA,NA,NA,NA
"294",1933-09-01,-3.81238535,NA,NA,NA,NA
"295",1933-10-01,12.7413,NA,NA,NA,NA
"296",1933-10-01,-3.67203447,NA,NA,NA,NA
"297",1933-11-01,12.7608,NA,NA,NA,NA
"298",1933-11-01,-3.02606581,NA,NA,NA,NA
"299",1933-12-01,12.7511,NA,NA,NA,NA
"300",1933-12-01,-2.30614231,NA,NA,NA,NA
"301",1934-01-01,12.7316,NA,NA,NA,NA
"302",1934-01-01,-1.72443072,NA,NA,NA,NA
"303",1934-02-01,12.7025,NA,NA,NA,NA
"304",1934-02-01,-1.50581156,NA,NA,NA,NA
"305",1934-03-01,12.6346,NA,NA,NA,NA
"306",1934-03-01,-1.51378149,NA,NA,NA,NA
"307",1934-04-01,12.615,NA,NA,NA,NA
"308",1934-04-01,-0.99126463,NA,NA,NA,NA
"309",1934-05-01,12.5471,NA,NA,NA,NA
"310",1934-05-01,-0.99579431,NA,NA,NA,NA
"311",1934-06-01,12.5763,NA,NA,NA,NA
"312",1934-06-01,-0.99350522,NA,NA,NA,NA
"313",1934-07-01,12.5277,NA,NA,NA,NA
"314",1934-07-01,-1.30151502,NA,NA,NA,NA
"315",1934-08-01,12.4986,NA,NA,NA,NA
"316",1934-08-01,-1.53077705,NA,NA,NA,NA
"317",1934-09-01,12.5083,NA,NA,NA,NA
"318",1934-09-01,-1.8286988,NA,NA,NA,NA
"319",1934-10-01,12.5083,NA,NA,NA,NA
"320",1934-10-01,-1.8286988,NA,NA,NA,NA
"321",1934-11-01,12.5277,NA,NA,NA,NA
"322",1934-11-01,-1.82668798,NA,NA,NA,NA
"323",1934-12-01,12.5083,NA,NA,NA,NA
"324",1934-12-01,-1.90414945,NA,NA,NA,NA
"325",1935-01-01,12.4305,NA,NA,NA,NA
"326",1935-01-01,-2.36498162,NA,NA,NA,NA
"327",1935-02-01,12.382,NA,NA,NA,NA
"328",1935-02-01,-2.52312537,NA,NA,NA,NA
"329",1935-03-01,12.3529,NA,NA,NA,NA
"330",1935-03-01,-2.22959176,NA,NA,NA,NA
"331",1935-04-01,12.2946,NA,NA,NA,NA
"332",1935-04-01,-2.53983353,NA,NA,NA,NA
"333",1935-05-01,12.2654,NA,NA,NA,NA
"334",1935-05-01,-2.24514031,NA,NA,NA,NA
"335",1935-06-01,12.3626,NA,NA,NA,NA
"336",1935-06-01,-1.69922791,NA,NA,NA,NA
"337",1935-07-01,12.4501,NA,NA,NA,NA
"338",1935-07-01,-0.61942735,NA,NA,NA,NA
"339",1935-08-01,12.4986,NA,NA,NA,NA
"340",1935-08-01,0,NA,NA,NA,NA
"341",1935-09-01,12.5083,NA,NA,NA,NA
"342",1935-09-01,0,NA,NA,NA,NA
"343",1935-10-01,12.5568,NA,NA,NA,NA
"344",1935-10-01,0.38774254,NA,NA,NA,NA
"345",1935-11-01,12.615,NA,NA,NA,NA
"346",1935-11-01,0.69685577,NA,NA,NA,NA
"347",1935-12-01,12.6249,NA,NA,NA,NA
"348",1935-12-01,0.93218103,NA,NA,NA,NA
"349",1936-01-01,12.5957,NA,NA,NA,NA
"350",1936-01-01,1.32898918,NA,NA,NA,NA
"351",1936-02-01,12.5763,NA,NA,NA,NA
"352",1936-02-01,1.56921337,NA,NA,NA,NA
"353",1936-03-01,12.5957,NA,NA,NA,NA
"354",1936-03-01,1.96553036,NA,NA,NA,NA
"355",1936-04-01,12.615,NA,NA,NA,NA
"356",1936-04-01,2.60602216,NA,NA,NA,NA
"357",1936-05-01,12.5763,NA,NA,NA,NA
"358",1936-05-01,2.53477261,NA,NA,NA,NA
"359",1936-06-01,12.6346,NA,NA,NA,NA
"360",1936-06-01,2.20018443,NA,NA,NA,NA
"361",1936-07-01,12.6442,NA,NA,NA,NA
"362",1936-07-01,1.55902362,NA,NA,NA,NA
"363",1936-08-01,12.6442,NA,NA,NA,NA
"364",1936-08-01,1.16493047,NA,NA,NA,NA
"365",1936-09-01,12.6733,NA,NA,NA,NA
"366",1936-09-01,1.3191241,NA,NA,NA,NA
"367",1936-10-01,12.7802,NA,NA,NA,NA
"368",1936-10-01,1.7791157,NA,NA,NA,NA
"369",1936-11-01,12.8191,NA,NA,NA,NA
"370",1936-11-01,1.61791518,NA,NA,NA,NA
"371",1936-12-01,12.8191,NA,NA,NA,NA
"372",1936-12-01,1.53823001,NA,NA,NA,NA
"373",1937-01-01,12.9646,NA,NA,NA,NA
"374",1937-01-01,2.92877728,NA,NA,NA,NA
"375",1937-02-01,13.2463,NA,NA,NA,NA
"376",1937-02-01,5.32748106,NA,NA,NA,NA
"377",1937-03-01,13.2366,NA,NA,NA,NA
"378",1937-03-01,5.0882444,NA,NA,NA,NA
"379",1937-04-01,13.2755,NA,NA,NA,NA
"380",1937-04-01,5.23583036,NA,NA,NA,NA
"381",1937-05-01,13.2366,NA,NA,NA,NA
"382",1937-05-01,5.25035185,NA,NA,NA,NA
"383",1937-06-01,13.324,NA,NA,NA,NA
"384",1937-06-01,5.456445,NA,NA,NA,NA
"385",1937-07-01,13.3144,NA,NA,NA,NA
"386",1937-07-01,5.30045396,NA,NA,NA,NA
"387",1937-08-01,13.3046,NA,NA,NA,NA
"388",1937-08-01,5.22294807,NA,NA,NA,NA
"389",1937-09-01,13.3046,NA,NA,NA,NA
"390",1937-09-01,4.98133872,NA,NA,NA,NA
"391",1937-10-01,13.3629,NA,NA,NA,NA
"392",1937-10-01,4.55939657,NA,NA,NA,NA
"393",1937-11-01,13.3823,NA,NA,NA,NA
"394",1937-11-01,4.39344416,NA,NA,NA,NA
"395",1937-12-01,13.3823,NA,NA,NA,NA
"396",1937-12-01,4.39344416,NA,NA,NA,NA
"397",1938-01-01,13.3823,NA,NA,NA,NA
"398",1938-01-01,3.22185027,NA,NA,NA,NA
"399",1938-02-01,13.3435,NA,NA,NA,NA
"400",1938-02-01,0.73378981,NA,NA,NA,NA
"401",1938-03-01,13.3046,NA,NA,NA,NA
"402",1938-03-01,0.51372709,NA,NA,NA,NA
"403",1938-04-01,13.2561,NA,NA,NA,NA
"404",1938-04-01,-0.14613386,NA,NA,NA,NA
"405",1938-05-01,13.2366,NA,NA,NA,NA
"406",1938-05-01,0,NA,NA,NA,NA
"407",1938-06-01,13.2949,NA,NA,NA,NA
"408",1938-06-01,-0.21840288,NA,NA,NA,NA
"409",1938-07-01,13.2853,NA,NA,NA,NA
"410",1938-07-01,-0.21856036,NA,NA,NA,NA
"411",1938-08-01,13.2463,NA,NA,NA,NA
"412",1938-08-01,-0.43819431,NA,NA,NA,NA
"413",1938-09-01,13.3338,NA,NA,NA,NA
"414",1938-09-01,0.21947296,NA,NA,NA,NA
"415",1938-10-01,13.3144,NA,NA,NA,NA
"416",1938-10-01,-0.36294517,NA,NA,NA,NA
"417",1938-11-01,13.3144,NA,NA,NA,NA
"418",1938-11-01,-0.50738662,NA,NA,NA,NA
"419",1938-12-01,13.2949,NA,NA,NA,NA
"420",1938-12-01,-0.65310148,NA,NA,NA,NA
"421",1939-01-01,13.2657,NA,NA,NA,NA
"422",1939-01-01,-0.87130015,NA,NA,NA,NA
"423",1939-02-01,13.2074,NA,NA,NA,NA
"424",1939-02-01,-1.01997227,NA,NA,NA,NA
"425",1939-03-01,13.1978,NA,NA,NA,NA
"426",1939-03-01,-0.80272988,NA,NA,NA,NA
"427",1939-04-01,13.2463,NA,NA,NA,NA
"428",1939-04-01,-0.07392823,NA,NA,NA,NA
"429",1939-05-01,13.2755,NA,NA,NA,NA
"430",1939-05-01,0.29388211,NA,NA,NA,NA
"431",1939-06-01,13.3435,NA,NA,NA,NA
"432",1939-06-01,0.36555371,NA,NA,NA,NA
"433",1939-07-01,13.3532,NA,NA,NA,NA
"434",1939-07-01,0.51109121,NA,NA,NA,NA
"435",1939-08-01,13.324,NA,NA,NA,NA
"436",1939-08-01,0.58657889,NA,NA,NA,NA
"437",1939-09-01,13.4212,NA,NA,NA,NA
"438",1939-09-01,0.65547706,NA,NA,NA,NA
"439",1939-10-01,13.6445,NA,NA,NA,NA
"440",1939-10-01,2.47927056,NA,NA,NA,NA
"441",1939-11-01,13.7611,NA,NA,NA,NA
"442",1939-11-01,3.35501412,NA,NA,NA,NA
"443",1939-12-01,13.7902,NA,NA,NA,NA
"444",1939-12-01,3.72548872,NA,NA,NA,NA
"445",1940-01-01,14.0039,NA,NA,NA,NA
"446",1940-01-01,5.56472708,NA,NA,NA,NA
"447",1940-02-01,14.0427,NA,NA,NA,NA
"448",1940-02-01,6.32448476,NA,NA,NA,NA
"449",1940-03-01,14.0621,NA,NA,NA,NA
"450",1940-03-01,6.54881874,NA,NA,NA,NA
"451",1940-04-01,14.3049,NA,NA,NA,NA
"452",1940-04-01,7.9916656,NA,NA,NA,NA
"453",1940-05-01,14.3923,NA,NA,NA,NA
"454",1940-05-01,8.41248917,NA,NA,NA,NA
"455",1940-06-01,14.5282,NA,NA,NA,NA
"456",1940-06-01,8.87848016,NA,NA,NA,NA
"457",1940-07-01,14.6254,NA,NA,NA,NA
"458",1940-07-01,9.52730432,NA,NA,NA,NA
"459",1940-08-01,14.6642,NA,NA,NA,NA
"460",1940-08-01,10.05854098,NA,NA,NA,NA
"461",1940-09-01,14.8778,NA,NA,NA,NA
"462",1940-09-01,10.85297887,NA,NA,NA,NA
"463",1940-10-01,15.2178,NA,NA,NA,NA
"464",1940-10-01,11.53065338,NA,NA,NA,NA
"465",1940-11-01,15.4606,NA,NA,NA,NA
"466",1940-11-01,12.35003016,NA,NA,NA,NA
"467",1940-12-01,15.5285,NA,NA,NA,NA
"468",1940-12-01,12.60532842,NA,NA,NA,NA
"469",1941-01-01,15.8198,NA,NA,NA,NA
"470",1941-01-01,12.96710202,NA,NA,NA,NA
"471",1941-02-01,15.8198,NA,NA,NA,NA
"472",1941-02-01,12.65497376,NA,NA,NA,NA
"473",1941-03-01,15.8976,NA,NA,NA,NA
"474",1941-03-01,13.05281572,NA,NA,NA,NA
"475",1941-04-01,16.3831,NA,NA,NA,NA
"476",1941-04-01,14.52788905,NA,NA,NA,NA
"477",1941-05-01,16.626,NA,NA,NA,NA
"478",1941-05-01,15.5201045,NA,NA,NA,NA
"479",1941-06-01,16.9755,NA,NA,NA,NA
"480",1941-06-01,16.84517008,NA,NA,NA,NA
"481",1941-07-01,17.1988,NA,NA,NA,NA
"482",1941-07-01,17.59541619,NA,NA,NA,NA
"483",1941-08-01,17.2571,NA,NA,NA,NA
"484",1941-08-01,17.6818374,NA,NA,NA,NA
"485",1941-09-01,17.3057,NA,NA,NA,NA
"486",1941-09-01,16.31894501,NA,NA,NA,NA
"487",1941-10-01,17.6457,NA,NA,NA,NA
"488",1941-10-01,15.95434294,NA,NA,NA,NA
"489",1941-11-01,17.8495,NA,NA,NA,NA
"490",1941-11-01,15.45153487,NA,NA,NA,NA
"491",1941-12-01,17.8981,NA,NA,NA,NA
"492",1941-12-01,15.25968381,NA,NA,NA,NA
"493",1942-01-01,18.0923,NA,NA,NA,NA
"494",1942-01-01,14.3649098,NA,NA,NA,NA
"495",1942-02-01,18.2477,NA,NA,NA,NA
"496",1942-02-01,15.3472231,NA,NA,NA,NA
"497",1942-03-01,18.3253,NA,NA,NA,NA
"498",1942-03-01,15.27085849,NA,NA,NA,NA
"499",1942-04-01,18.5585,NA,NA,NA,NA
"500",1942-04-01,13.27831729,NA,NA,NA,NA
"501",1942-05-01,18.675,NA,NA,NA,NA
"502",1942-05-01,12.32407073,NA,NA,NA,NA
"503",1942-06-01,18.7139,NA,NA,NA,NA
"504",1942-06-01,10.24064092,NA,NA,NA,NA
"505",1942-07-01,18.9956,NA,NA,NA,NA
"506",1942-07-01,10.44724051,NA,NA,NA,NA
"507",1942-08-01,18.9566,NA,NA,NA,NA
"508",1942-08-01,9.84812048,NA,NA,NA,NA
"509",1942-09-01,18.976,NA,NA,NA,NA
"510",1942-09-01,9.65173324,NA,NA,NA,NA
"511",1942-10-01,19.1703,NA,NA,NA,NA
"512",1942-10-01,8.64006529,NA,NA,NA,NA
"513",1942-11-01,19.2869,NA,NA,NA,NA
"514",1942-11-01,8.05288664,NA,NA,NA,NA
"515",1942-12-01,19.3839,NA,NA,NA,NA
"516",1942-12-01,8.30143982,NA,NA,NA,NA
"517",1943-01-01,19.5005,NA,NA,NA,NA
"518",1943-01-01,7.78342168,NA,NA,NA,NA
"519",1943-02-01,19.5393,NA,NA,NA,NA
"520",1943-02-01,7.07815232,NA,NA,NA,NA
"521",1943-03-01,19.5588,NA,NA,NA,NA
"522",1943-03-01,6.73113128,NA,NA,NA,NA
"523",1943-04-01,19.6752,NA,NA,NA,NA
"524",1943-04-01,6.01718889,NA,NA,NA,NA
"525",1943-05-01,19.685,NA,NA,NA,NA
"526",1943-05-01,5.40829987,NA,NA,NA,NA
"527",1943-06-01,19.7433,NA,NA,NA,NA
"528",1943-06-01,5.50072406,NA,NA,NA,NA
"529",1943-07-01,19.8015,NA,NA,NA,NA
"530",1943-07-01,4.24256144,NA,NA,NA,NA
"531",1943-08-01,19.7627,NA,NA,NA,NA
"532",1943-08-01,4.25234483,NA,NA,NA,NA
"533",1943-09-01,19.8307,NA,NA,NA,NA
"534",1943-09-01,4.50411046,NA,NA,NA,NA
"535",1943-10-01,19.8987,NA,NA,NA,NA
"536",1943-10-01,3.79962755,NA,NA,NA,NA
"537",1943-11-01,19.918,NA,NA,NA,NA
"538",1943-11-01,3.27216919,NA,NA,NA,NA
"539",1943-12-01,19.9376,NA,NA,NA,NA
"540",1943-12-01,2.85649431,NA,NA,NA,NA
"541",1944-01-01,19.9666,NA,NA,NA,NA
"542",1944-01-01,2.39019512,NA,NA,NA,NA
"543",1944-02-01,19.9958,NA,NA,NA,NA
"544",1944-02-01,2.33631706,NA,NA,NA,NA
"545",1944-03-01,20.0444,NA,NA,NA,NA
"546",1944-03-01,2.4827699,NA,NA,NA,NA
"547",1944-04-01,20.1123,NA,NA,NA,NA
"548",1944-04-01,2.22157843,NA,NA,NA,NA
"549",1944-05-01,20.1512,NA,NA,NA,NA
"550",1944-05-01,2.36830074,NA,NA,NA,NA
"551",1944-06-01,20.2192,NA,NA,NA,NA
"552",1944-06-01,2.41043797,NA,NA,NA,NA
"553",1944-07-01,20.2775,NA,NA,NA,NA
"554",1944-07-01,2.40385829,NA,NA,NA,NA
"555",1944-08-01,20.1997,NA,NA,NA,NA
"556",1944-08-01,2.21123632,NA,NA,NA,NA
"557",1944-09-01,20.1997,NA,NA,NA,NA
"558",1944-09-01,1.86075126,NA,NA,NA,NA
"559",1944-10-01,20.2192,NA,NA,NA,NA
"560",1944-10-01,1.61065798,NA,NA,NA,NA
"561",1944-11-01,20.2192,NA,NA,NA,NA
"562",1944-11-01,1.51220002,NA,NA,NA,NA
"563",1944-12-01,20.2192,NA,NA,NA,NA
"564",1944-12-01,1.41240671,NA,NA,NA,NA
"565",1945-01-01,20.2483,NA,NA,NA,NA
"566",1945-01-01,1.41085613,NA,NA,NA,NA
"567",1945-02-01,20.2676,NA,NA,NA,NA
"568",1945-02-01,1.35928545,NA,NA,NA,NA
"569",1945-03-01,20.2775,NA,NA,NA,NA
"570",1945-03-01,1.16291832,NA,NA,NA,NA
"571",1945-04-01,20.3259,NA,NA,NA,NA
"572",1945-04-01,1.06203666,NA,NA,NA,NA
"573",1945-05-01,20.3551,NA,NA,NA,NA
"574",1945-05-01,1.01185041,NA,NA,NA,NA
"575",1945-06-01,20.4231,NA,NA,NA,NA
"576",1945-06-01,1.00844742,NA,NA,NA,NA
"577",1945-07-01,20.4425,NA,NA,NA,NA
"578",1945-07-01,0.81370978,NA,NA,NA,NA
"579",1945-08-01,20.394,NA,NA,NA,NA
"580",1945-08-01,0.96189547,NA,NA,NA,NA
"581",1945-09-01,20.3648,NA,NA,NA,NA
"582",1945-09-01,0.81733887,NA,NA,NA,NA
"583",1945-10-01,20.2289,NA,NA,NA,NA
"584",1945-10-01,0.0479742,NA,NA,NA,NA
"585",1945-11-01,20.0735,NA,NA,NA,NA
"586",1945-11-01,-0.7206022,NA,NA,NA,NA
"587",1945-12-01,20.0735,NA,NA,NA,NA
"588",1945-12-01,-0.7206022,NA,NA,NA,NA
"589",1946-01-01,20.0831,NA,NA,NA,NA
"590",1946-01-01,-0.81587096,NA,NA,NA,NA
"591",1946-02-01,19.9958,NA,NA,NA,NA
"592",1946-02-01,-1.34105666,NA,NA,NA,NA
"593",1946-03-01,19.8987,NA,NA,NA,NA
"594",1946-03-01,-1.86808038,NA,NA,NA,NA
"595",1946-04-01,19.918,NA,NA,NA,NA
"596",1946-04-01,-2.00679921,NA,NA,NA,NA
"597",1946-05-01,20.0444,NA,NA,NA,NA
"598",1946-05-01,-1.52639879,NA,NA,NA,NA
"599",1946-06-01,20.1317,NA,NA,NA,NA
"600",1946-06-01,-1.42681571,NA,NA,NA,NA
"601",1946-07-01,20.1123,NA,NA,NA,NA
"602",1946-07-01,-1.61526232,NA,NA,NA,NA
"603",1946-08-01,20.1221,NA,NA,NA,NA
"604",1946-08-01,-1.33323527,NA,NA,NA,NA
"605",1946-09-01,20.1317,NA,NA,NA,NA
"606",1946-09-01,-1.14462209,NA,NA,NA,NA
"607",1946-10-01,20.5396,NA,NA,NA,NA
"608",1946-10-01,1.53592138,NA,NA,NA,NA
"609",1946-11-01,20.5687,NA,NA,NA,NA
"610",1946-11-01,2.46693402,NA,NA,NA,NA
"611",1946-12-01,20.5882,NA,NA,NA,NA
"612",1946-12-01,2.56407702,NA,NA,NA,NA
"613",1947-01-01,20.6172,NA,NA,NA,NA
"614",1947-01-01,2.65944999,NA,NA,NA,NA
"615",1947-02-01,20.6076,NA,NA,NA,NA
"616",1947-02-01,3.05964252,NA,NA,NA,NA
"617",1947-03-01,20.6172,NA,NA,NA,NA
"618",1947-03-01,3.61078864,NA,NA,NA,NA
"619",1947-04-01,20.7047,NA,NA,NA,NA
"620",1947-04-01,3.94969374,NA,NA,NA,NA
"621",1947-05-01,20.9961,NA,NA,NA,NA
"622",1947-05-01,4.74795953,NA,NA,NA,NA
"623",1947-06-01,21.1126,NA,NA,NA,NA
"624",1947-06-01,4.87241515,NA,NA,NA,NA
"625",1947-07-01,21.1126,NA,NA,NA,NA
"626",1947-07-01,4.97357339,NA,NA,NA,NA
"627",1947-08-01,21.1224,NA,NA,NA,NA
"628",1947-08-01,4.97115112,NA,NA,NA,NA
"629",1947-09-01,21.1513,NA,NA,NA,NA
"630",1947-09-01,5.06464928,NA,NA,NA,NA
"631",1947-10-01,21.6273,NA,NA,NA,NA
"632",1947-10-01,5.29562406,NA,NA,NA,NA
"633",1947-11-01,21.6565,NA,NA,NA,NA
"634",1947-11-01,5.28861814,NA,NA,NA,NA
"635",1947-12-01,21.6856,NA,NA,NA,NA
"636",1947-12-01,5.33023771,NA,NA,NA,NA
"637",1948-01-01,21.7147,NA,4858,NA,NA
"638",1948-01-01,5.32322527,NA,4858,NA,NA
"639",1948-02-01,21.7014,NA,6260,NA,NA
"640",1948-02-01,5.30775054,NA,6260,NA,NA
"641",1948-03-01,21.6481,NA,1107,NA,NA
"642",1948-03-01,5.00019401,NA,1107,NA,NA
"643",1948-04-01,21.6481,NA,967,NA,NA
"644",1948-04-01,4.55645337,NA,967,NA,NA
"645",1948-05-01,21.6614,NA,887,NA,NA
"646",1948-05-01,3.16868371,NA,887,NA,NA
"647",1948-06-01,21.7147,NA,1001,NA,NA
"648",1948-06-01,2.8518515,NA,1001,NA,NA
"649",1948-07-01,21.6481,NA,1061,NA,NA
"650",1948-07-01,2.53640006,NA,1061,NA,NA
"651",1948-08-01,21.6214,NA,1229,NA,NA
"652",1948-08-01,2.36242094,NA,1229,NA,NA
"653",1948-09-01,21.6614,NA,1464,NA,NA
"654",1948-09-01,2.4116721,NA,1464,NA,NA
"655",1948-10-01,21.6747,NA,2157,NA,NA
"656",1948-10-01,0.21916744,NA,2157,NA,NA
"657",1948-11-01,21.9678,NA,3807,NA,NA
"658",1948-11-01,1.43744372,NA,3807,NA,NA
"659",1948-12-01,21.808,NA,10857,NA,NA
"660",1948-12-01,0.56442985,NA,10857,NA,NA
"661",1949-01-01,21.728,NA,15544,NA,NA
"662",1949-01-01,0.06124883,NA,15544,NA,NA
"663",1949-02-01,21.6481,NA,12046,NA,NA
"664",1949-02-01,-0.24560627,NA,12046,NA,NA
"665",1949-03-01,21.5549,NA,7261,NA,NA
"666",1949-03-01,-0.43052277,NA,7261,NA,NA
"667",1949-04-01,21.4749,NA,4391,NA,NA
"668",1949-04-01,-0.80007021,NA,4391,NA,NA
"669",1949-05-01,21.5016,NA,4706,NA,NA
"670",1949-05-01,-0.73771778,NA,4706,NA,NA
"671",1949-06-01,21.5549,NA,3879,NA,NA
"672",1949-06-01,-0.73590701,NA,3879,NA,NA
"673",1949-07-01,21.4882,NA,4081,NA,NA
"674",1949-07-01,-0.73863295,NA,4081,NA,NA
"675",1949-08-01,21.5016,NA,4734,NA,NA
"676",1949-08-01,-0.55408068,NA,4734,NA,NA
"677",1949-09-01,21.5549,NA,5036,NA,NA
"678",1949-09-01,-0.49165797,NA,5036,NA,NA
"679",1949-10-01,21.4882,NA,6414,NA,NA
"680",1949-10-01,-0.8604502,NA,6414,NA,NA
"681",1949-11-01,21.4483,NA,10786,NA,NA
"682",1949-11-01,-2.36482488,NA,10786,NA,NA
"683",1949-12-01,21.395,NA,17830,NA,NA
"684",1949-12-01,-1.89380044,NA,17830,NA,NA
"685",1950-01-01,21.1685,NA,30177,NA,NA
"686",1950-01-01,-2.57501841,NA,30177,NA,NA
"687",1950-02-01,21.0885,NA,20440,NA,NA
"688",1950-02-01,-2.58498436,NA,20440,NA,NA
"689",1950-03-01,21.0486,NA,10840,NA,NA
"690",1950-03-01,-2.34888587,NA,10840,NA,NA
"691",1950-04-01,20.982,NA,9222,NA,NA
"692",1950-04-01,-2.2952377,NA,9222,NA,NA
"693",1950-05-01,21.0753,NA,5880,NA,NA
"694",1950-05-01,-1.98264315,NA,5880,NA,NA
"695",1950-06-01,21.1019,NA,4393,NA,NA
"696",1950-06-01,-2.10161031,NA,4393,NA,NA
"697",1950-07-01,21.1019,NA,3522,NA,NA
"698",1950-07-01,-1.79773085,NA,3522,NA,NA
"699",1950-08-01,21.2351,NA,3091,NA,NA
"700",1950-08-01,-1.23944265,NA,3091,NA,NA
"701",1950-09-01,21.315,NA,2797,NA,NA
"702",1950-09-01,-1.11297199,NA,2797,NA,NA
"703",1950-10-01,21.4216,NA,3232,NA,NA
"704",1950-10-01,-0.30993755,NA,3232,NA,NA
"705",1950-11-01,21.435,NA,6219,NA,NA
"706",1950-11-01,-0.06200958,NA,6219,NA,NA
"707",1950-12-01,21.4216,NA,15376,NA,NA
"708",1950-12-01,0.12432811,NA,15376,NA,NA
"709",1951-01-01,21.6214,NA,12473,NA,NA
"710",1951-01-01,2.13949973,NA,12473,NA,NA
"711",1951-02-01,21.688,NA,7812,NA,NA
"712",1951-02-01,2.84278161,NA,7812,NA,NA
"713",1951-03-01,21.6747,NA,4397,NA,NA
"714",1951-03-01,2.97454463,NA,4397,NA,NA
"715",1951-04-01,21.9146,NA,1800,NA,NA
"716",1951-04-01,4.44476218,NA,1800,NA,NA
"717",1951-05-01,22.1277,NA,1501,NA,NA
"718",1951-05-01,4.99352322,NA,1501,NA,NA
"719",1951-06-01,22.1677,NA,1191,NA,NA
"720",1951-06-01,5.05073003,NA,1191,NA,NA
"721",1951-07-01,22.2875,NA,1159,NA,NA
"722",1951-07-01,5.61845142,NA,1159,NA,NA
"723",1951-08-01,22.4207,NA,1237,NA,NA
"724",1951-08-01,5.58320893,NA,1237,NA,NA
"725",1951-09-01,22.4875,NA,1384,NA,NA
"726",1951-09-01,5.50082102,NA,1384,NA,NA
"727",1951-10-01,22.6339,NA,1841,NA,NA
"728",1951-10-01,5.65924114,NA,1841,NA,NA
"729",1951-11-01,22.7538,NA,3301,NA,NA
"730",1951-11-01,6.15255423,NA,3301,NA,NA
"731",1951-12-01,22.7804,NA,7488,NA,NA
"732",1951-12-01,6.3431303,NA,7488,NA,NA
"733",1952-01-01,22.7138,NA,15643,NA,NA
"734",1952-01-01,5.05240179,NA,15643,NA,NA
"735",1952-02-01,22.7538,NA,12536,NA,NA
"736",1952-02-01,4.91423829,NA,12536,NA,NA
"737",1952-03-01,22.7538,NA,3828,NA,NA
"738",1952-03-01,4.97861562,NA,3828,NA,NA
"739",1952-04-01,22.6606,NA,2271,NA,NA
"740",1952-04-01,3.40412328,NA,2271,NA,NA
"741",1952-05-01,22.7538,NA,1711,NA,NA
"742",1952-05-01,2.82948522,NA,1711,NA,NA
"743",1952-06-01,22.8204,NA,1417,NA,NA
"744",1952-06-01,2.94437402,NA,1417,NA,NA
"745",1952-07-01,22.7671,NA,1451,NA,NA
"746",1952-07-01,2.15187886,NA,1451,NA,NA
"747",1952-08-01,22.8204,NA,1750,NA,NA
"748",1952-08-01,1.78272757,NA,1750,NA,NA
"749",1952-09-01,22.8603,NA,1918,NA,NA
"750",1952-09-01,1.65780989,NA,1918,NA,NA
"751",1952-10-01,22.7938,NA,3218,NA,NA
"752",1952-10-01,0.70646243,NA,3218,NA,NA
"753",1952-11-01,22.807,NA,6295,NA,NA
"754",1952-11-01,0.2338071,NA,6295,NA,NA
"755",1952-12-01,22.7804,NA,11726,NA,NA
"756",1952-12-01,0,NA,11726,NA,NA
"757",1953-01-01,22.6339,NA,19335,NA,NA
"758",1953-01-01,-0.35176853,NA,19335,NA,NA
"759",1953-02-01,22.5807,NA,11597,NA,NA
"760",1953-02-01,-0.76075205,NA,11597,NA,NA
"761",1953-03-01,22.554,NA,4154,NA,NA
"762",1953-03-01,-0.87809509,NA,4154,NA,NA
"763",1953-04-01,22.4875,NA,2512,NA,NA
"764",1953-04-01,-0.76388092,NA,2512,NA,NA
"765",1953-05-01,22.5807,NA,1937,NA,NA
"766",1953-05-01,-0.76075205,NA,1937,NA,NA
"767",1953-06-01,22.6072,NA,2076,NA,NA
"768",1953-06-01,-0.93425181,NA,2076,NA,NA
"769",1953-07-01,22.5807,NA,1579,NA,NA
"770",1953-07-01,-0.81872527,NA,1579,NA,NA
"771",1953-08-01,22.6072,NA,1725,NA,NA
"772",1953-08-01,-0.93425181,NA,1725,NA,NA
"773",1953-09-01,22.6739,NA,1911,NA,NA
"774",1953-09-01,-0.81538737,NA,1911,NA,NA
"775",1953-10-01,22.7004,NA,2411,NA,NA
"776",1953-10-01,-0.40976055,NA,2411,NA,NA
"777",1953-11-01,22.7004,NA,3591,NA,NA
"778",1953-11-01,-0.46740036,NA,3591,NA,NA
"779",1953-12-01,22.6606,NA,7113,NA,NA
"780",1953-12-01,-0.52589068,NA,7113,NA,NA
"781",1954-01-01,22.6206,NA,15890,NA,NA
"782",1954-01-01,-0.05876142,NA,15890,NA,NA
"783",1954-02-01,22.5807,NA,10639,NA,NA
"784",1954-02-01,0,NA,10639,NA,NA
"785",1954-03-01,22.5673,NA,3499,NA,NA
"786",1954-03-01,0.05896958,NA,3499,NA,NA
"787",1954-04-01,22.594,NA,2504,NA,NA
"788",1954-04-01,0.47359644,NA,2504,NA,NA
"789",1954-05-01,22.6606,NA,2195,NA,NA
"790",1954-05-01,0.353842,NA,2195,NA,NA
"791",1954-06-01,22.7138,NA,1751,NA,NA
"792",1954-06-01,0.47153119,NA,1751,NA,NA
"793",1954-07-01,22.7804,NA,1342,NA,NA
"794",1954-07-01,0.88438357,NA,1342,NA,NA
"795",1954-08-01,22.8737,NA,1787,NA,NA
"796",1954-08-01,1.17882798,NA,1787,NA,NA
"797",1954-09-01,22.9136,NA,1630,NA,NA
"798",1954-09-01,1.05716264,NA,1630,NA,NA
"799",1954-10-01,22.9803,NA,1884,NA,NA
"800",1954-10-01,1.23301792,NA,1884,NA,NA
"801",1954-11-01,23.0469,NA,2703,NA,NA
"802",1954-11-01,1.52640482,NA,2703,NA,NA
"803",1954-12-01,23.0336,NA,6118,NA,NA
"804",1954-12-01,1.64602879,NA,6118,NA,NA
"805",1955-01-01,22.9669,NA,9576,NA,NA
"806",1955-01-01,1.53090546,NA,9576,NA,NA
"807",1955-02-01,22.887,NA,8388,NA,NA
"808",1955-02-01,1.35646813,NA,8388,NA,NA
"809",1955-03-01,22.8603,NA,2866,NA,NA
"810",1955-03-01,1.29833875,NA,2866,NA,NA
"811",1955-04-01,22.8737,NA,1281,NA,NA
"812",1955-04-01,1.23793928,NA,1281,NA,NA
"813",1955-05-01,22.9536,NA,934,NA,NA
"814",1955-05-01,1.29299312,NA,934,NA,NA
"815",1955-06-01,22.9536,NA,810,NA,NA
"816",1955-06-01,1.05574585,NA,810,NA,NA
"817",1955-07-01,22.9669,NA,709,NA,NA
"818",1955-07-01,0.81868624,NA,709,NA,NA
"819",1955-08-01,23.0202,NA,701,NA,NA
"820",1955-08-01,0.64047356,NA,701,NA,NA
"821",1955-09-01,23.0602,NA,863,NA,NA
"822",1955-09-01,0.63979471,NA,863,NA,NA
"823",1955-10-01,23.1002,NA,1081,NA,NA
"824",1955-10-01,0.52175124,NA,1081,NA,NA
"825",1955-11-01,23.1268,NA,2004,NA,NA
"826",1955-11-01,0.34668437,NA,2004,NA,NA
"827",1955-12-01,23.1268,NA,3337,NA,NA
"828",1955-12-01,0.40462629,NA,3337,NA,NA
"829",1956-01-01,22.9936,NA,5233,NA,NA
"830",1956-01-01,0.11625426,NA,5233,NA,NA
"831",1956-02-01,23.0469,NA,18572,NA,NA
"832",1956-02-01,0.69864989,NA,18572,NA,NA
"833",1956-03-01,23.1136,NA,1900,NA,NA
"834",1956-03-01,1.10803445,NA,1900,NA,NA
"835",1956-04-01,23.0735,NA,1024,NA,NA
"836",1956-04-01,0.87349226,NA,1024,NA,NA
"837",1956-05-01,23.3134,NA,681,NA,NA
"838",1956-05-01,1.56751011,NA,681,NA,NA
"839",1956-06-01,23.3667,NA,603,NA,NA
"840",1956-06-01,1.79971769,NA,603,NA,NA
"841",1956-07-01,23.3933,NA,502,NA,NA
"842",1956-07-01,1.85658491,NA,502,NA,NA
"843",1956-08-01,23.4732,NA,648,NA,NA
"844",1956-08-01,1.96783694,NA,648,NA,NA
"845",1956-09-01,23.5131,NA,673,NA,NA
"846",1956-09-01,1.9639899,NA,673,NA,NA
"847",1956-10-01,23.5398,NA,1072,NA,NA
"848",1956-10-01,1.90301383,NA,1072,NA,NA
"849",1956-11-01,23.6064,NA,1628,NA,NA
"850",1956-11-01,2.07378453,NA,1628,NA,NA
"851",1956-12-01,23.6331,NA,3923,NA,NA
"852",1956-12-01,2.189235,NA,3923,NA,NA
"853",1957-01-01,23.593,NA,9041,NA,NA
"854",1957-01-01,2.60681233,NA,9041,NA,NA
"855",1957-02-01,23.5531,NA,3345,NA,NA
"856",1957-02-01,2.19639084,NA,3345,NA,NA
"857",1957-03-01,23.4865,NA,1023,NA,NA
"858",1957-03-01,1.61333587,NA,1023,NA,NA
"859",1957-04-01,23.5665,NA,761,NA,NA
"860",1957-04-01,2.13665027,NA,761,NA,NA
"861",1957-05-01,23.713,NA,615,NA,NA
"862",1957-05-01,1.7140357,NA,615,NA,NA
"863",1957-06-01,23.7263,NA,530,NA,NA
"864",1957-06-01,1.53894217,NA,530,NA,NA
"865",1957-07-01,23.7796,NA,554,NA,NA
"866",1957-07-01,1.65132752,NA,554,NA,NA
"867",1957-08-01,23.9128,NA,575,NA,NA
"868",1957-08-01,1.87277406,NA,575,NA,NA
"869",1957-09-01,23.966,NA,723,NA,NA
"870",1957-09-01,1.92616031,NA,723,NA,NA
"871",1957-10-01,24.0461,NA,1086,NA,NA
"872",1957-10-01,2.15082541,NA,1086,NA,NA
"873",1957-11-01,24.1126,NA,1644,NA,NA
"874",1957-11-01,2.14433374,NA,1644,NA,NA
"875",1957-12-01,24.1126,NA,4667,NA,NA
"876",1957-12-01,2.028934,NA,4667,NA,NA
"877",1958-01-01,24.0461,NA,9091,NA,NA
"878",1958-01-01,1.92048489,NA,9091,NA,NA
"879",1958-02-01,24.0461,NA,6026,NA,NA
"880",1958-02-01,2.09314273,NA,6026,NA,NA
"881",1958-03-01,24.0461,NA,3505,NA,NA
"882",1958-03-01,2.38264535,NA,3505,NA,NA
"883",1958-04-01,24.0726,NA,2208,NA,NA
"884",1958-04-01,2.14753994,NA,2208,NA,NA
"885",1958-05-01,24.2725,NA,1716,NA,NA
"886",1958-05-01,2.35946527,NA,1716,NA,NA
"887",1958-06-01,24.2992,NA,1588,NA,NA
"888",1958-06-01,2.41462006,NA,1588,NA,NA
"889",1958-07-01,24.2992,NA,1140,NA,NA
"890",1958-07-01,2.18506619,NA,1140,NA,NA
"891",1958-08-01,24.3257,NA,1723,NA,NA
"892",1958-08-01,1.72669031,NA,1723,NA,NA
"893",1958-09-01,24.3657,NA,1910,NA,NA
"894",1958-09-01,1.66777935,NA,1910,NA,NA
"895",1958-10-01,24.3524,NA,2412,NA,NA
"896",1958-10-01,1.27380324,NA,2412,NA,NA
"897",1958-11-01,24.3657,NA,3032,NA,NA
"898",1958-11-01,1.04965868,NA,3032,NA,NA
"899",1958-12-01,24.3257,NA,6124,NA,NA
"900",1958-12-01,0.88377031,NA,6124,NA,NA
"901",1959-01-01,24.1792,NA,9623,NA,NA
"902",1959-01-01,0.55352011,NA,9623,NA,NA
"903",1959-02-01,24.0994,NA,5119,NA,NA
"904",1959-02-01,0.22165757,NA,5119,NA,NA
"905",1959-03-01,24.0593,NA,2675,NA,NA
"906",1959-03-01,0.05489456,NA,2675,NA,NA
"907",1959-04-01,23.966,NA,1905,NA,NA
"908",1959-04-01,-0.44282711,NA,1905,NA,NA
"909",1959-05-01,23.9928,NA,1450,NA,NA
"910",1959-05-01,-1.15233289,NA,1450,NA,NA
"911",1959-06-01,23.966,NA,1120,NA,NA
"912",1959-06-01,-1.37123856,NA,1120,NA,NA
"913",1959-07-01,23.966,NA,760,NA,NA
"914",1959-07-01,-1.37123856,NA,760,NA,NA
"915",1959-08-01,24.0461,NA,812,NA,NA
"916",1959-08-01,-1.14940166,NA,812,NA,NA
"917",1959-09-01,24.126,NA,810,NA,NA
"918",1959-09-01,-0.98375996,NA,810,NA,NA
"919",1959-10-01,24.1659,NA,1018,NA,NA
"920",1959-10-01,-0.76583827,NA,1018,NA,NA
"921",1959-11-01,24.1926,NA,1101,NA,NA
"922",1959-11-01,-0.7104249,NA,1101,NA,NA
"923",1959-12-01,24.1792,NA,2722,NA,NA
"924",1959-12-01,-0.60224372,NA,2722,NA,NA
"925",1960-01-01,24.1126,NA,5556,NA,NA
"926",1960-01-01,-0.27544336,NA,5556,NA,NA
"927",1960-02-01,24.2325,NA,2931,NA,NA
"928",1960-02-01,0.55229591,NA,2931,NA,NA
"929",1960-03-01,24.2325,NA,849,NA,NA
"930",1960-03-01,0.71988794,NA,849,NA,NA
"931",1960-04-01,24.2725,NA,662,NA,NA
"932",1960-04-01,1.2788951,NA,662,NA,NA
"933",1960-05-01,24.3791,NA,448,NA,NA
"934",1960-05-01,1.61006635,NA,448,NA,NA
"935",1960-06-01,24.4058,NA,400,NA,NA
"936",1960-06-01,1.83509972,NA,400,NA,NA
"937",1960-07-01,24.4723,NA,297,NA,NA
"938",1960-07-01,2.11257615,NA,297,NA,NA
"939",1960-08-01,24.5255,NA,309,NA,NA
"940",1960-08-01,1.99367049,NA,309,NA,NA
"941",1960-09-01,24.5923,NA,439,NA,NA
"942",1960-09-01,1.93276963,NA,439,NA,NA
"943",1960-10-01,24.6321,NA,530,NA,NA
"944",1960-10-01,1.92916465,NA,530,NA,NA
"945",1960-11-01,24.6321,NA,568,NA,NA
"946",1960-11-01,1.81667121,NA,568,NA,NA
"947",1960-12-01,24.6055,NA,1697,NA,NA
"948",1960-12-01,1.76308563,NA,1697,NA,NA
"949",1961-01-01,24.5389,NA,3312,NA,NA
"950",1961-01-01,1.76795534,NA,3312,NA,NA
"951",1961-02-01,24.5523,NA,974,NA,NA
"952",1961-02-01,1.31971526,NA,974,NA,NA
"953",1961-03-01,24.5523,NA,397,NA,NA
"954",1961-03-01,1.31971526,NA,397,NA,NA
"955",1961-04-01,24.5523,NA,322,NA,NA
"956",1961-04-01,1.15274488,NA,322,NA,NA
"957",1961-05-01,24.7387,NA,272,NA,NA
"958",1961-05-01,1.47503394,NA,272,NA,NA
"959",1961-06-01,24.7788,NA,212,NA,NA
"960",1961-06-01,1.52832523,NA,212,NA,NA
"961",1961-07-01,24.8321,NA,176,NA,NA
"962",1961-07-01,1.47023369,NA,176,NA,NA
"963",1961-08-01,24.9519,NA,189,NA,NA
"964",1961-08-01,1.7385986,NA,189,NA,NA
"965",1961-09-01,24.9918,NA,217,NA,NA
"966",1961-09-01,1.62449222,NA,217,NA,NA
"967",1961-10-01,25.0984,NA,356,NA,NA
"968",1961-10-01,1.89305825,NA,356,NA,NA
"969",1961-11-01,25.4448,NA,365,NA,NA
"970",1961-11-01,3.29935328,NA,365,NA,NA
"971",1961-12-01,25.4715,NA,969,NA,NA
"972",1961-12-01,3.51953831,NA,969,NA,NA
"973",1962-01-01,25.4982,NA,2022,NA,NA
"974",1962-01-01,3.90930319,NA,2022,NA,NA
"975",1962-02-01,25.5647,NA,882,NA,NA
"976",1962-02-01,4.12344261,NA,882,NA,NA
"977",1962-03-01,25.6048,NA,377,NA,NA
"978",1962-03-01,4.28676743,NA,377,NA,NA
"979",1962-04-01,25.7245,NA,249,NA,NA
"980",1962-04-01,4.77429813,NA,249,NA,NA
"981",1962-05-01,25.9244,NA,238,NA,NA
"982",1962-05-01,4.79289534,NA,238,NA,NA
"983",1962-06-01,25.991,NA,170,NA,NA
"984",1962-06-01,4.89208517,NA,170,NA,NA
"985",1962-07-01,26.0709,NA,177,NA,NA
"986",1962-07-01,4.98870414,NA,177,NA,NA
"987",1962-08-01,26.1775,NA,185,NA,NA
"988",1962-08-01,4.9118504,NA,185,NA,NA
"989",1962-09-01,26.1642,NA,199,NA,NA
"990",1962-09-01,4.69113869,NA,199,NA,NA
"991",1962-10-01,26.1243,NA,324,NA,NA
"992",1962-10-01,4.08751155,NA,324,NA,NA
"993",1962-11-01,26.2442,NA,484,NA,NA
"994",1962-11-01,3.14170282,NA,484,NA,NA
"995",1962-12-01,26.2974,NA,1886,NA,NA
"996",1962-12-01,3.24244744,NA,1886,NA,NA
"997",1963-01-01,26.3774,NA,4896,NA,NA
"998",1963-01-01,3.44808653,NA,4896,NA,NA
"999",1963-02-01,26.5372,NA,2174,NA,NA
"1000",1963-02-01,3.80407359,NA,2174,NA,NA
"1001",1963-03-01,26.5372,NA,454,NA,NA
"1002",1963-03-01,3.64150472,NA,454,NA,NA
"1003",1963-04-01,26.5772,NA,261,NA,NA
"1004",1963-04-01,3.31473887,NA,261,NA,NA
"1005",1963-05-01,26.7371,NA,230,NA,NA
"1006",1963-05-01,3.13488451,NA,230,NA,NA
"1007",1963-06-01,26.8037,NA,185,NA,NA
"1008",1963-06-01,3.1268516,NA,185,NA,NA
"1009",1963-07-01,26.857,NA,148,NA,NA
"1010",1963-07-01,3.01523921,NA,148,NA,NA
"1011",1963-08-01,26.9369,NA,142,NA,NA
"1012",1963-08-01,2.90096457,NA,142,NA,NA
"1013",1963-09-01,27.0168,NA,171,NA,NA
"1014",1963-09-01,3.25865113,NA,171,NA,NA
"1015",1963-10-01,27.1233,NA,194,NA,NA
"1016",1963-10-01,3.82402591,NA,194,NA,NA
"1017",1963-11-01,27.2832,NA,263,NA,NA
"1018",1963-11-01,3.95896998,NA,263,NA,NA
"1019",1963-12-01,27.3099,NA,778,NA,NA
"1020",1963-12-01,3.85019051,NA,778,NA,NA
"1021",1964-01-01,27.3365,NA,1049,NA,NA
"1022",1964-01-01,3.63606724,NA,1049,NA,NA
"1023",1964-02-01,27.3765,NA,303,NA,NA
"1024",1964-02-01,3.16273005,NA,303,NA,NA
"1025",1964-03-01,27.3898,NA,242,NA,NA
"1026",1964-03-01,3.21284838,NA,242,NA,NA
"1027",1964-04-01,27.563,NA,174,NA,NA
"1028",1964-04-01,3.70919435,NA,174,NA,NA
"1029",1964-05-01,27.7096,NA,129,NA,NA
"1030",1964-05-01,3.63726807,NA,129,NA,NA
"1031",1964-06-01,27.6696,NA,139,NA,NA
"1032",1964-06-01,3.23052414,NA,139,NA,NA
"1033",1964-07-01,27.683,NA,111,NA,NA
"1034",1964-07-01,3.07554827,NA,111,NA,NA
"1035",1964-08-01,27.7495,NA,130,NA,NA
"1036",1964-08-01,3.01667972,NA,130,NA,NA
"1037",1964-09-01,27.8028,NA,119,NA,NA
"1038",1964-09-01,2.90930088,NA,119,NA,NA
"1039",1964-10-01,27.8828,NA,196,NA,NA
"1040",1964-10-01,2.80017549,NA,196,NA,NA
"1041",1964-11-01,27.9093,NA,237,NA,NA
"1042",1964-11-01,2.29481879,NA,237,NA,NA
"1043",1964-12-01,27.9494,NA,631,NA,NA
"1044",1964-12-01,2.34164168,NA,631,NA,NA
"1045",1965-01-01,27.976,NA,818,NA,NA
"1046",1965-01-01,2.33936312,NA,818,NA,NA
"1047",1965-02-01,28.0693,NA,667,NA,NA
"1048",1965-02-01,2.53063759,NA,667,NA,NA
"1049",1965-03-01,28.0825,NA,264,NA,NA
"1050",1965-03-01,2.52904366,NA,264,NA,NA
"1051",1965-04-01,28.1758,NA,155,NA,NA
"1052",1965-04-01,2.22327033,NA,155,NA,NA
"1053",1965-05-01,28.4822,NA,138,NA,NA
"1054",1965-05-01,2.78820337,NA,138,NA,NA
"1055",1965-06-01,28.5888,NA,140,NA,NA
"1056",1965-06-01,3.32205742,NA,140,NA,NA
"1057",1965-07-01,28.6688,NA,88,NA,NA
"1058",1965-07-01,3.56103024,NA,88,NA,NA
"1059",1965-08-01,28.8286,NA,117,NA,NA
"1060",1965-08-01,3.88871872,NA,117,NA,NA
"1061",1965-09-01,28.9085,NA,117,NA,NA
"1062",1965-09-01,3.97693757,NA,117,NA,NA
"1063",1965-10-01,29.0017,NA,166,NA,NA
"1064",1965-10-01,4.01286815,NA,166,NA,NA
"1065",1965-11-01,29.2549,NA,333,NA,NA
"1066",1965-11-01,4.82133196,NA,333,NA,NA
"1067",1965-12-01,29.3215,NA,583,NA,NA
"1068",1965-12-01,4.90922882,NA,583,NA,NA
"1069",1966-01-01,29.4813,NA,1543,NA,NA
"1070",1966-01-01,5.38068344,NA,1543,NA,NA
"1071",1966-02-01,29.5613,NA,277,NA,NA
"1072",1966-02-01,5.31541577,NA,277,NA,NA
"1073",1966-03-01,29.6013,NA,190,NA,NA
"1074",1966-03-01,5.4083504,NA,190,NA,NA
"1075",1966-04-01,29.6412,NA,168,NA,NA
"1076",1966-04-01,5.2009171,NA,168,NA,NA
"1077",1966-05-01,30.0142,NA,116,NA,NA
"1078",1966-05-01,5.37879799,NA,116,NA,NA
"1079",1966-06-01,29.9743,NA,101,NA,NA
"1080",1966-06-01,4.84630345,NA,101,NA,NA
"1081",1966-07-01,29.9743,NA,132,NA,NA
"1082",1966-07-01,4.55373089,NA,132,NA,NA
"1083",1966-08-01,30.0676,NA,110,NA,NA
"1084",1966-08-01,4.29781536,NA,110,NA,NA
"1085",1966-09-01,30.0942,NA,116,NA,NA
"1086",1966-09-01,4.10156182,NA,116,NA,NA
"1087",1966-10-01,30.1543,NA,169,NA,NA
"1088",1966-10-01,3.97424979,NA,169,NA,NA
"1089",1966-11-01,30.5154,NA,216,NA,NA
"1090",1966-11-01,4.30867991,NA,216,NA,NA
"1091",1966-12-01,30.6659,NA,415,NA,NA
"1092",1966-12-01,4.58503146,NA,415,NA,NA
"1093",1967-01-01,30.7563,NA,712,NA,NA
"1094",1967-01-01,4.32477537,NA,712,NA,NA
"1095",1967-02-01,30.696,NA,298,NA,NA
"1096",1967-02-01,3.83846448,NA,298,NA,NA
"1097",1967-03-01,30.696,NA,211,NA,NA
"1098",1967-03-01,3.69814839,NA,211,NA,NA
"1099",1967-04-01,30.7262,NA,163,NA,NA
"1100",1967-04-01,3.6604456,NA,163,NA,NA
"1101",1967-05-01,31.0573,NA,168,NA,NA
"1102",1967-05-01,3.475355,NA,168,NA,NA
"1103",1967-06-01,31.2679,NA,137,NA,NA
"1104",1967-06-01,4.31569711,NA,137,NA,NA
"1105",1967-07-01,31.3882,NA,120,NA,NA
"1106",1967-07-01,4.71704093,NA,120,NA,NA
"1107",1967-08-01,31.5086,NA,110,NA,NA
"1108",1967-08-01,4.79253416,NA,110,NA,NA
"1109",1967-09-01,31.3882,NA,137,NA,NA
"1110",1967-09-01,4.29983186,NA,137,NA,NA
"1111",1967-10-01,31.3581,NA,203,NA,NA
"1112",1967-10-01,3.99213379,NA,203,NA,NA
"1113",1967-11-01,31.6591,NA,229,NA,NA
"1114",1967-11-01,3.74794366,NA,229,NA,NA
"1115",1967-12-01,31.7494,NA,583,NA,NA
"1116",1967-12-01,3.5332405,NA,583,NA,NA
"1117",1968-01-01,31.8095,NA,1268,NA,NA
"1118",1968-01-01,3.42433908,NA,1268,NA,NA
"1119",1968-02-01,31.8697,NA,493,NA,NA
"1120",1968-02-01,3.82362523,NA,493,NA,NA
"1121",1968-03-01,31.7494,NA,276,NA,NA
"1122",1968-03-01,3.43171749,NA,276,NA,NA
"1123",1968-04-01,31.7193,NA,211,NA,NA
"1124",1968-04-01,3.23209508,NA,211,NA,NA
"1125",1968-05-01,31.8095,NA,156,NA,NA
"1126",1968-05-01,2.42197487,NA,156,NA,NA
"1127",1968-06-01,31.8396,NA,138,NA,NA
"1128",1968-06-01,1.8283927,NA,138,NA,NA
"1129",1968-07-01,31.8095,NA,122,NA,NA
"1130",1968-07-01,1.34222415,NA,122,NA,NA
"1131",1968-08-01,31.8998,NA,120,NA,NA
"1132",1968-08-01,1.24156579,NA,120,NA,NA
"1133",1968-09-01,31.93,NA,128,NA,NA
"1134",1968-09-01,1.72612638,NA,128,NA,NA
"1135",1968-10-01,32.0503,NA,151,NA,NA
"1136",1968-10-01,2.20740415,NA,151,NA,NA
"1137",1968-11-01,32.3512,NA,217,NA,NA
"1138",1968-11-01,2.18610131,NA,217,NA,NA
"1139",1968-12-01,32.4416,NA,352,NA,NA
"1140",1968-12-01,2.18019868,NA,352,NA,NA
"1141",1969-01-01,32.5318,NA,545,NA,NA
"1142",1969-01-01,2.27070529,NA,545,NA,NA
"1143",1969-02-01,32.592,NA,422,NA,NA
"1144",1969-02-01,2.26641606,NA,422,NA,NA
"1145",1969-03-01,32.5318,NA,178,NA,NA
"1146",1969-03-01,2.46429854,NA,178,NA,NA
"1147",1969-04-01,32.4716,NA,134,NA,NA
"1148",1969-04-01,2.37174213,NA,134,NA,NA
"1149",1969-05-01,32.6221,NA,95,NA,NA
"1150",1969-05-01,2.55458275,NA,95,NA,NA
"1151",1969-06-01,32.7725,NA,92,NA,NA
"1152",1969-06-01,2.92999912,NA,92,NA,NA
"1153",1969-07-01,32.7725,NA,60,NA,NA
"1154",1969-07-01,3.02739748,NA,60,NA,NA
"1155",1969-08-01,32.7123,NA,62,NA,NA
"1156",1969-08-01,2.54703791,NA,62,NA,NA
"1157",1969-09-01,32.7425,NA,86,NA,NA
"1158",1969-09-01,2.54462888,NA,86,NA,NA
"1159",1969-10-01,32.8027,NA,101,NA,NA
"1160",1969-10-01,2.34755993,NA,101,NA,NA
"1161",1969-11-01,33.0735,NA,121,NA,NA
"1162",1969-11-01,2.2326838,NA,121,NA,NA
"1163",1969-12-01,33.1938,NA,198,NA,NA
"1164",1969-12-01,2.31862793,NA,198,NA,NA
"1165",1970-01-01,33.2841,NA,313,NA,NA
"1166",1970-01-01,2.31250653,NA,313,NA,NA
"1167",1970-02-01,33.2841,NA,247,NA,NA
"1168",1970-02-01,2.12352725,NA,247,NA,NA
"1169",1970-03-01,33.3443,NA,130,NA,NA
"1170",1970-03-01,2.49755624,NA,130,NA,NA
"1171",1970-04-01,33.3143,NA,83,NA,NA
"1172",1970-04-01,2.59519087,NA,83,NA,NA
"1173",1970-05-01,33.6453,NA,59,NA,NA
"1174",1970-05-01,3.13652401,NA,59,NA,NA
"1175",1970-06-01,33.7957,NA,36,NA,NA
"1176",1970-06-01,3.12212983,NA,36,NA,NA
"1177",1970-07-01,33.8859,NA,26,NA,NA
"1178",1970-07-01,3.39736059,NA,26,NA,NA
"1179",1970-08-01,34.0064,NA,34,NA,NA
"1180",1970-08-01,3.95600432,NA,34,NA,NA
"1181",1970-09-01,34.217,NA,45,NA,NA
"1182",1970-09-01,4.50332137,NA,45,NA,NA
"1183",1970-10-01,34.3975,NA,59,NA,NA
"1184",1970-10-01,4.86179491,NA,59,NA,NA
"1185",1970-11-01,34.8491,NA,74,NA,NA
"1186",1970-11-01,5.36864862,NA,74,NA,NA
"1187",1970-12-01,34.9995,NA,143,NA,NA
"1188",1970-12-01,5.4398713,NA,143,NA,NA
"1189",1971-01-01,35.2102,NA,199,NA,NA
"1190",1971-01-01,5.78684717,NA,199,NA,NA
"1191",1971-02-01,35.3607,NA,139,NA,NA
"1192",1971-02-01,6.23901503,NA,139,NA,NA
"1193",1971-03-01,35.5713,NA,84,NA,NA
"1194",1971-03-01,6.67880267,NA,84,NA,NA
"1195",1971-04-01,35.6014,NA,59,NA,NA
"1196",1971-04-01,6.86522004,NA,59,NA,NA
"1197",1971-05-01,35.9926,NA,46,NA,NA
"1198",1971-05-01,6.97660594,NA,46,NA,NA
"1199",1971-06-01,36.0227,NA,44,NA,NA
"1200",1971-06-01,6.58959572,NA,44,NA,NA
"1201",1971-07-01,36.1732,NA,53,NA,NA
"1202",1971-07-01,6.75000516,NA,53,NA,NA
"1203",1971-08-01,36.2334,NA,51,NA,NA
"1204",1971-08-01,6.54876729,NA,51,NA,NA
"1205",1971-09-01,36.5042,NA,67,NA,NA
"1206",1971-09-01,6.68439664,NA,67,NA,NA
"1207",1971-10-01,36.6547,NA,101,NA,NA
"1208",1971-10-01,6.5621048,NA,101,NA,NA
"1209",1971-11-01,37.1362,NA,135,NA,NA
"1210",1971-11-01,6.56286676,NA,135,NA,NA
"1211",1971-12-01,37.3168,NA,221,NA,NA
"1212",1971-12-01,6.62095173,NA,221,NA,NA
"1213",1972-01-01,37.5575,NA,251,NA,NA
"1214",1972-01-01,6.66653413,NA,251,NA,NA
"1215",1972-02-01,37.738,NA,175,NA,NA
"1216",1972-02-01,6.72300039,NA,175,NA,NA
"1217",1972-03-01,37.8284,NA,131,NA,NA
"1218",1972-03-01,6.34528398,NA,131,NA,NA
"1219",1972-04-01,37.8585,NA,109,NA,NA
"1220",1972-04-01,6.33991922,NA,109,NA,NA
"1221",1972-05-01,38.2496,NA,76,NA,NA
"1222",1972-05-01,6.27073343,NA,76,NA,NA
"1223",1972-06-01,38.4604,NA,65,NA,NA
"1224",1972-06-01,6.76712184,NA,65,NA,NA
"1225",1972-07-01,38.4905,NA,63,NA,NA
"1226",1972-07-01,6.40612387,NA,63,NA,NA
"1227",1972-08-01,38.641,NA,79,NA,NA
"1228",1972-08-01,6.64469799,NA,79,NA,NA
"1229",1972-09-01,38.972,NA,65,NA,NA
"1230",1972-09-01,6.76031799,NA,65,NA,NA
"1231",1972-10-01,39.3331,NA,86,NA,NA
"1232",1972-10-01,7.30711205,NA,86,NA,NA
"1233",1972-11-01,39.6642,NA,82,NA,NA
"1234",1972-11-01,6.80737394,NA,82,NA,NA
"1235",1972-12-01,39.8748,NA,90,NA,NA
"1236",1972-12-01,6.85482142,NA,90,NA,NA
"1237",1973-01-01,40.3262,NA,159,NA,NA
"1238",1973-01-01,7.37189643,NA,159,NA,NA
"1239",1973-02-01,40.597,NA,114,NA,NA
"1240",1973-02-01,7.57591817,NA,114,NA,NA
"1241",1973-03-01,40.928,NA,96,NA,NA
"1242",1973-03-01,8.19384378,NA,96,NA,NA
"1243",1973-04-01,41.0183,NA,88,NA,NA
"1244",1973-04-01,8.3463423,NA,88,NA,NA
"1245",1973-05-01,41.3193,NA,52,NA,NA
"1246",1973-05-01,8.0254434,NA,52,NA,NA
"1247",1973-06-01,41.6201,NA,55,NA,NA
"1248",1973-06-01,8.21546318,NA,55,NA,NA
"1249",1973-07-01,41.6804,NA,51,NA,NA
"1250",1973-07-01,8.28749951,NA,51,NA,NA
"1251",1973-08-01,41.8309,NA,56,NA,NA
"1252",1973-08-01,8.25522114,NA,56,NA,NA
"1253",1973-09-01,42.192,NA,46,NA,NA
"1254",1973-09-01,8.26234219,NA,46,NA,NA
"1255",1973-10-01,43.0647,NA,50,NA,NA
"1256",1973-10-01,9.48717492,NA,50,NA,NA
"1257",1973-11-01,43.9676,NA,80,NA,NA
"1258",1973-11-01,10.84958224,NA,80,NA,NA
"1259",1973-12-01,44.6297,NA,125,NA,NA
"1260",1973-12-01,11.92457392,NA,125,NA,NA
"1261",1974-01-01,44.9908,NA,134,NA,NA
"1262",1974-01-01,11.56716973,NA,134,NA,NA
"1263",1974-02-01,44.6597,NA,111,NA,NA
"1264",1974-02-01,10.00738971,NA,111,NA,NA
"1265",1974-03-01,44.8704,NA,81,NA,NA
"1266",1974-03-01,9.63252541,NA,81,NA,NA
"1267",1974-04-01,44.5995,NA,64,NA,NA
"1268",1974-04-01,8.73073726,NA,64,NA,NA
"1269",1974-05-01,45.382,NA,64,NA,NA
"1270",1974-05-01,9.83245118,NA,64,NA,NA
"1271",1974-06-01,45.6227,NA,62,NA,NA
"1272",1974-06-01,9.61698795,NA,62,NA,NA
"1273",1974-07-01,45.7732,NA,69,NA,NA
"1274",1974-07-01,9.8194835,NA,69,NA,NA
"1275",1974-08-01,46.2247,NA,74,NA,NA
"1276",1974-08-01,10.50371854,NA,74,NA,NA
"1277",1974-09-01,46.977,NA,92,NA,NA
"1278",1974-09-01,11.34101251,NA,92,NA,NA
"1279",1974-10-01,47.2779,NA,249,NA,NA
"1280",1974-10-01,9.7834189,NA,249,NA,NA
"1281",1974-11-01,47.94,NA,618,NA,NA
"1282",1974-11-01,9.03483474,NA,618,NA,NA
"1283",1974-12-01,48.0002,NA,1030,NA,NA
"1284",1974-12-01,7.55214577,NA,1030,NA,NA
"1285",1975-01-01,48.2711,NA,2129,NA,NA
"1286",1975-01-01,7.29104617,NA,2129,NA,NA
"1287",1975-02-01,48.4216,NA,2761,NA,NA
"1288",1975-02-01,8.42347799,NA,2761,NA,NA
"1289",1975-03-01,48.6021,NA,4008,NA,NA
"1290",1975-03-01,8.31661853,NA,4008,NA,NA
"1291",1975-04-01,48.7225,NA,5661,NA,NA
"1292",1975-04-01,9.24449826,NA,5661,NA,NA
"1293",1975-05-01,49.0836,NA,6527,NA,NA
"1294",1975-05-01,8.15653783,NA,6527,NA,NA
"1295",1975-06-01,49.2641,NA,7531,NA,NA
"1296",1975-06-01,7.98155304,NA,7531,NA,NA
"1297",1975-07-01,49.1738,NA,8527,NA,NA
"1298",1975-07-01,7.42923807,NA,8527,NA,NA
"1299",1975-08-01,49.3243,NA,10114,NA,NA
"1300",1975-08-01,6.70550593,NA,10114,NA,NA
"1301",1975-09-01,49.5049,NA,12449,NA,NA
"1302",1975-09-01,5.38114396,NA,12449,NA,NA
"1303",1975-10-01,49.5651,NA,15756,NA,NA
"1304",1975-10-01,4.83777833,NA,15756,NA,NA
"1305",1975-11-01,49.7156,NA,20316,NA,NA
"1306",1975-11-01,3.70379641,NA,20316,NA,NA
"1307",1975-12-01,49.6554,NA,26258,NA,NA
"1308",1975-12-01,3.44831897,NA,26258,NA,NA
"1309",1976-01-01,49.9262,NA,31579,NA,NA
"1310",1976-01-01,3.42875965,NA,31579,NA,NA
"1311",1976-02-01,49.8962,NA,32216,NA,NA
"1312",1976-02-01,3.04533514,NA,32216,NA,NA
"1313",1976-03-01,49.8059,NA,27974,NA,NA
"1314",1976-03-01,2.47684771,NA,27974,NA,NA
"1315",1976-04-01,49.8059,NA,25936,NA,NA
"1316",1976-04-01,2.22361332,NA,25936,NA,NA
"1317",1976-05-01,49.7156,NA,22860,NA,NA
"1318",1976-05-01,1.28759912,NA,22860,NA,NA
"1319",1976-06-01,49.8059,NA,19682,NA,NA
"1320",1976-06-01,1.09978666,NA,19682,NA,NA
"1321",1976-07-01,49.8962,NA,15422,NA,NA
"1322",1976-07-01,1.469075,NA,15422,NA,NA
"1323",1976-08-01,50.0767,NA,14091,NA,NA
"1324",1976-08-01,1.52541445,NA,14091,NA,NA
"1325",1976-09-01,49.9564,NA,12991,NA,NA
"1326",1976-09-01,0.91203093,NA,12991,NA,NA
"1327",1976-10-01,50.0767,NA,12986,NA,NA
"1328",1976-10-01,1.03217788,NA,12986,NA,NA
"1329",1976-11-01,50.167,NA,15292,NA,NA
"1330",1976-11-01,0.9079645,NA,15292,NA,NA
"1331",1976-12-01,50.2873,NA,17401,NA,NA
"1332",1976-12-01,1.27257056,NA,17401,NA,NA
"1333",1977-01-01,50.3776,NA,20977,NA,NA
"1334",1977-01-01,0.9041345,NA,20977,NA,NA
"1335",1977-02-01,50.4078,NA,17538,NA,NA
"1336",1977-02-01,1.02532858,NA,17538,NA,NA
"1337",1977-03-01,50.3175,NA,14068,NA,NA
"1338",1977-03-01,1.02718754,NA,14068,NA,NA
"1339",1977-04-01,50.3776,NA,13780,NA,NA
"1340",1977-04-01,1.14785598,NA,13780,NA,NA
"1341",1977-05-01,50.3475,NA,12282,NA,NA
"1342",1977-05-01,1.27102962,NA,12282,NA,NA
"1343",1977-06-01,50.6786,NA,10182,NA,NA
"1344",1977-06-01,1.75220205,NA,10182,NA,NA
"1345",1977-07-01,50.7086,NA,8746,NA,NA
"1346",1977-07-01,1.6281801,NA,8746,NA,NA
"1347",1977-08-01,50.7086,NA,8261,NA,NA
"1348",1977-08-01,1.2618643,NA,8261,NA,NA
"1349",1977-09-01,50.7388,NA,7752,NA,NA
"1350",1977-09-01,1.5661657,NA,7752,NA,NA
"1351",1977-10-01,50.8504,NA,8542,NA,NA
"1352",1977-10-01,1.54502992,NA,8542,NA,NA
"1353",1977-11-01,50.8048,NA,10551,NA,NA
"1354",1977-11-01,1.27135368,NA,10551,NA,NA
"1355",1977-12-01,50.8657,NA,11566,NA,NA
"1356",1977-12-01,1.150191,NA,11566,NA,NA
"1357",1978-01-01,50.891,NA,15097,NA,NA
"1358",1978-01-01,1.01910373,NA,15097,NA,NA
"1359",1978-02-01,50.9468,NA,14442,NA,NA
"1360",1978-02-01,1.06927896,NA,14442,NA,NA
"1361",1978-03-01,51.0026,NA,11179,NA,NA
"1362",1978-03-01,1.36155413,NA,11179,NA,NA
"1363",1978-04-01,51.0939,NA,10117,NA,NA
"1364",1978-04-01,1.4218621,NA,10117,NA,NA
"1365",1978-05-01,51.165,NA,9370,NA,NA
"1366",1978-05-01,1.62371518,NA,9370,NA,NA
"1367",1978-06-01,51.2512,NA,8438,NA,NA
"1368",1978-06-01,1.12986547,NA,8438,NA,NA
"1369",1978-07-01,51.2664,NA,7627,NA,NA
"1370",1978-07-01,1.10001065,NA,7627,NA,NA
"1371",1978-08-01,51.2868,NA,7840,NA,NA
"1372",1978-08-01,1.14024051,NA,7840,NA,NA
"1373",1978-09-01,51.1599,NA,8090,NA,NA
"1374",1978-09-01,0.82993685,NA,8090,NA,NA
"1375",1978-10-01,51.0585,NA,9265,NA,NA
"1376",1978-10-01,0.40923965,NA,9265,NA,NA
"1377",1978-11-01,51.1243,NA,11336,NA,NA
"1378",1978-11-01,0.62887759,NA,11336,NA,NA
"1379",1978-12-01,51.2361,NA,12997,NA,NA
"1380",1978-12-01,0.72819208,NA,12997,NA,NA
"1381",1979-01-01,51.4288,NA,17153,NA,NA
"1382",1979-01-01,1.05676839,NA,17153,NA,NA
"1383",1979-02-01,51.992,NA,14239,NA,NA
"1384",1979-02-01,2.05155181,NA,14239,NA,NA
"1385",1979-03-01,52.2711,NA,12060,NA,NA
"1386",1979-03-01,2.48712811,NA,12060,NA,NA
"1387",1979-04-01,52.4081,NA,11144,NA,NA
"1388",1979-04-01,2.57212701,NA,11144,NA,NA
"1389",1979-05-01,52.5907,NA,10557,NA,NA
"1390",1979-05-01,2.78647513,NA,10557,NA,NA
"1391",1979-06-01,53.3315,NA,9326,NA,NA
"1392",1979-06-01,4.05902691,NA,9326,NA,NA
"1393",1979-07-01,53.4584,NA,8557,NA,NA
"1394",1979-07-01,4.27570495,NA,8557,NA,NA
"1395",1979-08-01,53.3568,NA,8115,NA,NA
"1396",1979-08-01,4.03612625,NA,8115,NA,NA
"1397",1979-09-01,53.6156,NA,7704,NA,NA
"1398",1979-09-01,4.80004848,NA,7704,NA,NA
"1399",1979-10-01,53.5903,NA,7801,NA,NA
"1400",1979-10-01,4.95862589,NA,7801,NA,NA
"1401",1979-11-01,53.7933,NA,8434,NA,NA
"1402",1979-11-01,5.22060938,NA,8434,NA,NA
"1403",1979-12-01,53.8947,NA,8903,NA,NA
"1404",1979-12-01,5.18891953,NA,8903,NA,NA
"1405",1980-01-01,54.057,NA,11371,NA,NA
"1406",1980-01-01,5.11036618,NA,11371,NA,NA
"1407",1980-02-01,54.1332,NA,8644,NA,NA
"1408",1980-02-01,4.1183259,NA,8644,NA,NA
"1409",1980-03-01,54.3006,NA,7211,NA,NA
"1410",1980-03-01,3.88264261,NA,7211,NA,NA
"1411",1980-04-01,54.5492,NA,6443,NA,NA
"1412",1980-04-01,4.08543717,NA,6443,NA,NA
"1413",1980-05-01,54.8739,NA,5705,NA,NA
"1414",1980-05-01,4.34145201,NA,5705,NA,NA
"1415",1980-06-01,55.0668,NA,5031,NA,NA
"1416",1980-06-01,3.25379935,NA,5031,NA,NA
"1417",1980-07-01,55.2444,NA,4714,NA,NA
"1418",1980-07-01,3.34091555,NA,4714,NA,NA
"1419",1980-08-01,55.6148,NA,4683,NA,NA
"1420",1980-08-01,4.23188797,NA,4683,NA,NA
"1421",1980-09-01,55.6402,NA,4635,NA,NA
"1422",1980-09-01,3.77613978,NA,4635,NA,NA
"1423",1980-10-01,55.5387,NA,4800,NA,NA
"1424",1980-10-01,3.63573259,NA,4800,NA,NA
"1425",1980-11-01,56.0714,NA,5542,NA,NA
"1426",1980-11-01,4.23491401,NA,5542,NA,NA
"1427",1980-12-01,56.2642,NA,6285,NA,NA
"1428",1980-12-01,4.39653621,NA,6285,NA,NA
"1429",1981-01-01,56.8122,NA,8815,NA,NA
"1430",1981-01-01,5.09684222,NA,8815,NA,NA
"1431",1981-02-01,57.3653,NA,6525,NA,NA
"1432",1981-02-01,5.97064278,NA,6525,NA,NA
"1433",1981-03-01,57.7509,NA,5315,NA,NA
"1434",1981-03-01,6.35407344,NA,5315,NA,NA
"1435",1981-04-01,57.624,NA,5017,NA,NA
"1436",1981-04-01,5.63674628,NA,5017,NA,NA
"1437",1981-05-01,58.1568,NA,4687,NA,NA
"1438",1981-05-01,5.98262562,NA,4687,NA,NA
"1439",1981-06-01,58.5272,NA,4470,NA,NA
"1440",1981-06-01,6.28400415,NA,4470,NA,NA
"1441",1981-07-01,58.8773,NA,4326,NA,NA
"1442",1981-07-01,6.57605115,NA,4326,NA,NA
"1443",1981-08-01,59.755,NA,4644,NA,NA
"1444",1981-08-01,7.44442127,NA,4644,NA,NA
"1445",1981-09-01,59.8006,NA,4921,NA,NA
"1446",1981-09-01,7.47732754,NA,4921,NA,NA
"1447",1981-10-01,59.5978,NA,5712,NA,NA
"1448",1981-10-01,7.30859743,NA,5712,NA,NA
"1449",1981-11-01,59.9985,NA,7092,NA,NA
"1450",1981-11-01,7.00374879,NA,7092,NA,NA
"1451",1981-12-01,59.9884,NA,9149,NA,NA
"1452",1981-12-01,6.61912904,NA,9149,NA,NA
"1453",1982-01-01,60.2827,NA,11725,NA,NA
"1454",1982-01-01,6.10872313,NA,11725,NA,NA
"1455",1982-02-01,60.3792,NA,9692,NA,NA
"1456",1982-02-01,5.25387299,NA,9692,NA,NA
"1457",1982-03-01,60.4857,NA,9445,NA,NA
"1458",1982-03-01,4.73551062,NA,9445,NA,NA
"1459",1982-04-01,60.8256,NA,9775,NA,NA
"1460",1982-04-01,5.55601833,NA,9775,NA,NA
"1461",1982-05-01,61.6122,NA,10501,NA,NA
"1462",1982-05-01,5.94152361,NA,10501,NA,NA
"1463",1982-06-01,62.155,NA,10593,NA,NA
"1464",1982-06-01,6.19848549,NA,10593,NA,NA
"1465",1982-07-01,62.3884,NA,10819,NA,NA
"1466",1982-07-01,5.96341884,NA,10819,NA,NA
"1467",1982-08-01,62.8704,NA,12337,NA,NA
"1468",1982-08-01,5.21362229,NA,12337,NA,NA
"1469",1982-09-01,63.1139,NA,13638,NA,NA
"1470",1982-09-01,5.54057986,NA,13638,NA,NA
"1471",1982-10-01,63.2713,NA,16185,NA,NA
"1472",1982-10-01,6.16381813,NA,16185,NA,NA
"1473",1982-11-01,63.4489,NA,20349,NA,NA
"1474",1982-11-01,5.75081044,NA,20349,NA,NA
"1475",1982-12-01,63.2611,NA,23579,NA,NA
"1476",1982-12-01,5.45555474,NA,23579,NA,NA
"1477",1983-01-01,63.1666,NA,27864,NA,NA
"1478",1983-01-01,4.78395958,NA,27864,NA,NA
"1479",1983-02-01,63.2539,NA,27828,NA,NA
"1480",1983-02-01,4.76107666,NA,27828,NA,NA
"1481",1983-03-01,63.3746,NA,25868,NA,NA
"1482",1983-03-01,4.77617024,NA,25868,NA,NA
"1483",1983-04-01,63.5727,NA,25922,NA,NA
"1484",1983-04-01,4.51635496,NA,25922,NA,NA
"1485",1983-05-01,63.6272,NA,26355,NA,NA
"1486",1983-05-01,3.27045618,NA,26355,NA,NA
"1487",1983-06-01,63.8901,NA,25109,NA,NA
"1488",1983-06-01,2.79156946,NA,25109,NA,NA
"1489",1983-07-01,63.7655,NA,23436,NA,NA
"1490",1983-07-01,2.20730136,NA,23436,NA,NA
"1491",1983-08-01,63.9374,NA,23858,NA,NA
"1492",1983-08-01,1.69714206,NA,23858,NA,NA
"1493",1983-09-01,64.0167,NA,24478,NA,NA
"1494",1983-09-01,1.43042975,NA,24478,NA,NA
"1495",1983-10-01,64.17,NA,25389,NA,NA
"1496",1983-10-01,1.42039124,NA,25389,NA,NA
"1497",1983-11-01,64.5766,NA,28967,NA,NA
"1498",1983-11-01,1.77733578,NA,28967,NA,NA
"1499",1983-12-01,64.6127,NA,30380,NA,NA
"1500",1983-12-01,2.13654205,NA,30380,NA,NA
"1501",1984-01-01,64.8448,NA,36805,NA,NA
"1502",1984-01-01,2.65678381,NA,36805,NA,NA
"1503",1984-02-01,65.0788,NA,36980,NA,NA
"1504",1984-02-01,2.8850395,NA,36980,NA,NA
"1505",1984-03-01,65.5019,NA,36336,NA,NA
"1506",1984-03-01,3.35670758,NA,36336,NA,NA
"1507",1984-04-01,65.5984,NA,36599,NA,NA
"1508",1984-04-01,3.18643065,NA,36599,NA,NA
"1509",1984-05-01,65.4621,NA,35565,NA,NA
"1510",1984-05-01,2.88382956,NA,35565,NA,NA
"1511",1984-06-01,65.6727,NA,34499,NA,NA
"1512",1984-06-01,2.79010363,NA,34499,NA,NA
"1513",1984-07-01,65.5566,NA,33454,NA,NA
"1514",1984-07-01,2.80888568,NA,33454,NA,NA
"1515",1984-08-01,65.7892,NA,32886,NA,NA
"1516",1984-08-01,2.89627041,NA,32886,NA,NA
"1517",1984-09-01,65.7491,NA,32234,NA,NA
"1518",1984-09-01,2.70616886,NA,32234,NA,NA
"1519",1984-10-01,66.1649,NA,33055,NA,NA
"1520",1984-10-01,3.10877357,NA,33055,NA,NA
"1521",1984-11-01,66.5102,NA,35979,NA,NA
"1522",1984-11-01,2.99427347,NA,35979,NA,NA
"1523",1984-12-01,66.4889,NA,37824,NA,NA
"1524",1984-12-01,2.9037635,NA,37824,NA,NA
"1525",1985-01-01,67.1388,NA,39873,NA,NA
"1526",1985-01-01,3.53767765,NA,39873,NA,NA
"1527",1985-02-01,67.6865,NA,37546,NA,NA
"1528",1985-02-01,4.00698845,NA,37546,NA,NA
"1529",1985-03-01,68.0631,NA,34537,NA,NA
"1530",1985-03-01,3.91011558,NA,34537,NA,NA
"1531",1985-04-01,67.9801,NA,32691,NA,NA
"1532",1985-04-01,3.6307288,NA,32691,NA,NA
"1533",1985-05-01,67.9329,NA,30082,NA,NA
"1534",1985-05-01,3.7743977,NA,30082,NA,NA
"1535",1985-06-01,67.8994,NA,27434,NA,NA
"1536",1985-06-01,3.39060218,NA,27434,NA,NA
"1537",1985-07-01,67.7543,NA,26782,NA,NA
"1538",1985-07-01,3.35237032,NA,26782,NA,NA
"1539",1985-08-01,67.7398,NA,26038,NA,NA
"1540",1985-08-01,2.96492433,NA,26038,NA,NA
"1541",1985-09-01,67.9487,NA,25460,NA,NA
"1542",1985-09-01,3.34544503,NA,25460,NA,NA
"1543",1985-10-01,68.1178,NA,25705,NA,NA
"1544",1985-10-01,2.95156495,NA,25705,NA,NA
"1545",1985-11-01,68.5995,NA,27946,NA,NA
"1546",1985-11-01,3.14132268,NA,27946,NA,NA
"1547",1985-12-01,68.6419,NA,30044,NA,NA
"1548",1985-12-01,3.23813449,NA,30044,NA,NA
"1549",1986-01-01,68.6128,NA,31690,NA,NA
"1550",1986-01-01,2.19545181,NA,31690,NA,NA
"1551",1986-02-01,68.5958,NA,30445,NA,NA
"1552",1986-02-01,1.34339935,NA,30445,NA,NA
"1553",1986-03-01,68.6804,NA,28323,NA,NA
"1554",1986-03-01,0.90695252,NA,28323,NA,NA
"1555",1986-04-01,68.6427,NA,26839,NA,NA
"1556",1986-04-01,0.97469701,NA,26839,NA,NA
"1557",1986-05-01,68.4336,NA,25254,NA,NA
"1558",1986-05-01,0.73705083,NA,25254,NA,NA
"1559",1986-06-01,68.4198,NA,23305,NA,NA
"1560",1986-06-01,0.76642798,NA,23305,NA,NA
"1561",1986-07-01,68.0967,NA,22939,NA,NA
"1562",1986-07-01,0.50535538,NA,22939,NA,NA
"1563",1986-08-01,68.228,NA,22606,NA,NA
"1564",1986-08-01,0.72069891,NA,22606,NA,NA
"1565",1986-09-01,68.3467,NA,22464,NA,NA
"1566",1986-09-01,0.585736,NA,22464,NA,NA
"1567",1986-10-01,68.3634,NA,23005,NA,NA
"1568",1986-10-01,0.36055187,NA,23005,NA,NA
"1569",1986-11-01,68.5325,NA,24895,NA,NA
"1570",1986-11-01,-0.09766835,NA,24895,NA,NA
"1571",1986-12-01,68.6694,NA,26805,NA,NA
"1572",1986-12-01,0.04006299,NA,26805,NA,NA
"1573",1987-01-01,69.0667,NA,29581,NA,NA
"1574",1987-01-01,0.66153837,NA,29581,NA,NA
"1575",1987-02-01,69.2694,NA,28439,NA,NA
"1576",1987-02-01,0.98198432,NA,28439,NA,NA
"1577",1987-03-01,69.3662,NA,26533,NA,NA
"1578",1987-03-01,0.99853816,NA,26533,NA,NA
"1579",1987-04-01,69.4528,NA,25322,NA,NA
"1580",1987-04-01,1.18016919,NA,25322,NA,NA
"1581",1987-05-01,69.068,NA,24333,NA,NA
"1582",1987-05-01,0.92703,NA,24333,NA,NA
"1583",1987-06-01,69.2885,NA,23329,NA,NA
"1584",1987-06-01,1.26966171,NA,23329,NA,NA
"1585",1987-07-01,69.3063,NA,22954,NA,NA
"1586",1987-07-01,1.77629753,NA,22954,NA,NA
"1587",1987-08-01,69.5758,NA,22270,NA,NA
"1588",1987-08-01,1.97543531,NA,22270,NA,NA
"1589",1987-09-01,69.4104,NA,22032,NA,NA
"1590",1987-09-01,1.55632971,NA,22032,NA,NA
"1591",1987-10-01,69.7165,NA,22403,NA,NA
"1592",1987-10-01,1.97927546,NA,22403,NA,NA
"1593",1987-11-01,69.9701,NA,23677,NA,NA
"1594",1987-11-01,2.09769088,NA,23677,NA,NA
"1595",1987-12-01,69.9651,NA,25203,NA,NA
"1596",1987-12-01,1.88686664,NA,25203,NA,NA
"1597",1988-01-01,70.1438,NA,27123,NA,NA
"1598",1988-01-01,1.55950697,NA,27123,NA,NA
"1599",1988-02-01,70.4865,NA,26179,NA,NA
"1600",1988-02-01,1.7570529,NA,26179,NA,NA
"1601",1988-03-01,70.6497,NA,24957,NA,NA
"1602",1988-03-01,1.8503248,NA,24957,NA,NA
"1603",1988-04-01,70.7846,NA,23873,NA,NA
"1604",1988-04-01,1.91756128,NA,23873,NA,NA
"1605",1988-05-01,70.6127,NA,22572,NA,NA
"1606",1988-05-01,2.23649157,NA,22572,NA,NA
"1607",1988-06-01,70.7225,NA,21351,NA,NA
"1608",1988-06-01,2.06960751,NA,21351,NA,NA
"1609",1988-07-01,70.5614,NA,20963,NA,NA
"1610",1988-07-01,1.81094648,NA,20963,NA,NA
"1611",1988-08-01,70.8076,NA,20159,NA,NA
"1612",1988-08-01,1.77044317,NA,20159,NA,NA
"1613",1988-09-01,70.8259,NA,19391,NA,NA
"1614",1988-09-01,2.03931976,NA,19391,NA,NA
"1615",1988-10-01,70.9391,NA,19316,NA,NA
"1616",1988-10-01,1.75367381,NA,19316,NA,NA
"1617",1988-11-01,71.1996,NA,20100,NA,NA
"1618",1988-11-01,1.75717914,NA,20100,NA,NA
"1619",1988-12-01,71.3285,NA,21004,NA,NA
"1620",1988-12-01,1.94868584,NA,21004,NA,NA
"1621",1989-01-01,71.7197,NA,21651,NA,NA
"1622",1989-01-01,2.24667041,NA,21651,NA,NA
"1623",1989-02-01,72.0802,NA,20728,NA,NA
"1624",1989-02-01,2.26100033,NA,20728,NA,NA
"1625",1989-03-01,72.2738,NA,19121,NA,NA
"1626",1989-03-01,2.29880665,NA,19121,NA,NA
"1627",1989-04-01,72.6541,NA,18397,NA,NA
"1628",1989-04-01,2.6411112,NA,18397,NA,NA
"1629",1989-05-01,72.7043,NA,17225,NA,NA
"1630",1989-05-01,2.96207339,NA,17225,NA,NA
"1631",1989-06-01,72.8286,NA,16209,NA,NA
"1632",1989-06-01,2.97797731,NA,16209,NA,NA
"1633",1989-07-01,72.6674,NA,15957,NA,NA
"1634",1989-07-01,2.98463466,NA,15957,NA,NA
"1635",1989-08-01,72.9086,NA,15627,NA,NA
"1636",1989-08-01,2.96719561,NA,15627,NA,NA
"1637",1989-09-01,73.2258,NA,15222,NA,NA
"1638",1989-09-01,3.38844971,NA,15222,NA,NA
"1639",1989-10-01,73.5152,NA,15466,NA,NA
"1640",1989-10-01,3.6314247,NA,15466,NA,NA
"1641",1989-11-01,74.3639,NA,16429,NA,NA
"1642",1989-11-01,4.44426654,NA,16429,NA,NA
"1643",1989-12-01,74.9106,NA,17392,NA,NA
"1644",1989-12-01,5.02197579,NA,17392,NA,NA
"1645",1990-01-01,75.3514,NA,18661,NA,NA
"1646",1990-01-01,5.0637412,NA,18661,NA,NA
"1647",1990-02-01,75.5958,NA,18129,NA,NA
"1648",1990-02-01,4.87734496,NA,18129,NA,NA
"1649",1990-03-01,75.8562,NA,17203,NA,NA
"1650",1990-03-01,4.9567063,NA,17203,NA,NA
"1651",1990-04-01,76.0122,NA,16634,NA,NA
"1652",1990-04-01,4.62203785,NA,16634,NA,NA
"1653",1990-05-01,76.382,NA,15979,NA,NA
"1654",1990-05-01,5.05843533,NA,15979,NA,NA
"1655",1990-06-01,76.4884,NA,15660,NA,NA
"1656",1990-06-01,5.02522361,NA,15660,NA,NA
"1657",1990-07-01,76.526,NA,16073,NA,NA
"1658",1990-07-01,5.30994641,NA,16073,NA,NA
"1659",1990-08-01,77.3441,NA,16483,NA,NA
"1660",1990-08-01,6.08364445,NA,16483,NA,NA
"1661",1990-09-01,77.7116,NA,16992,NA,NA
"1662",1990-09-01,6.12598292,NA,16992,NA,NA
"1663",1990-10-01,78.185,NA,18670,NA,NA
"1664",1990-10-01,6.35215574,NA,18670,NA,NA
"1665",1990-11-01,78.8672,NA,21965,NA,NA
"1666",1990-11-01,6.05576093,NA,21965,NA,NA
"1667",1990-12-01,78.8629,NA,25141,NA,NA
"1668",1990-12-01,5.27602235,NA,25141,NA,NA
"1669",1991-01-01,79.5029,NA,28836,NA,NA
"1670",1991-01-01,5.5095194,NA,28836,NA,NA
"1671",1991-02-01,80.2932,NA,30896,NA,NA
"1672",1991-02-01,6.21383728,NA,30896,NA,NA
"1673",1991-03-01,80.3056,NA,32270,NA,NA
"1674",1991-03-01,5.86557196,NA,32270,NA,NA
"1675",1991-04-01,80.4985,NA,33660,NA,NA
"1676",1991-04-01,5.90207888,NA,33660,NA,NA
"1677",1991-05-01,81.1779,NA,35047,NA,NA
"1678",1991-05-01,6.27883533,NA,35047,NA,NA
"1679",1991-06-01,81.5113,NA,35253,NA,NA
"1680",1991-06-01,6.56687811,NA,35253,NA,NA
"1681",1991-07-01,81.5394,NA,37540,NA,NA
"1682",1991-07-01,6.55123749,NA,37540,NA,NA
"1683",1991-08-01,81.9637,NA,39489,NA,NA
"1684",1991-08-01,5.97278913,NA,39489,NA,NA
"1685",1991-09-01,82.1224,NA,41606,NA,NA
"1686",1991-09-01,5.67585792,NA,41606,NA,NA
"1687",1991-10-01,82.1951,NA,45692,NA,NA
"1688",1991-10-01,5.12898894,NA,45692,NA,NA
"1689",1991-11-01,83.1825,NA,51800,NA,NA
"1690",1991-11-01,5.4716029,NA,51800,NA,NA
"1691",1991-12-01,82.985,NA,58580,NA,NA
"1692",1991-12-01,5.22691912,NA,58580,NA,NA
"1693",1992-01-01,83.3753,NA,67398,NA,NA
"1694",1992-01-01,4.87076572,NA,67398,NA,NA
"1695",1992-02-01,83.9703,NA,72462,NA,NA
"1696",1992-02-01,4.5795908,NA,72462,NA,NA
"1697",1992-03-01,84.2156,NA,75803,NA,NA
"1698",1992-03-01,4.8689008,NA,75803,NA,NA
"1699",1992-04-01,84.35,NA,79317,NA,NA
"1700",1992-04-01,4.7845612,NA,79317,NA,NA
"1701",1992-05-01,84.5722,NA,82121,NA,NA
"1702",1992-05-01,4.18131043,NA,82121,NA,NA
"1703",1992-06-01,84.9083,NA,84704,NA,NA
"1704",1992-06-01,4.16752033,NA,84704,NA,NA
"1705",1992-07-01,84.6528,NA,90157,NA,NA
"1706",1992-07-01,3.81827681,NA,90157,NA,NA
"1707",1992-08-01,84.8742,NA,94851,NA,NA
"1708",1992-08-01,3.55096219,NA,94851,NA,NA
"1709",1992-09-01,84.9742,NA,102081,NA,NA
"1710",1992-09-01,3.47262136,NA,102081,NA,NA
"1711",1992-10-01,85.0975,NA,109073,NA,NA
"1712",1992-10-01,3.53111074,NA,109073,NA,NA
"1713",1992-11-01,85.9162,NA,120080,NA,NA
"1714",1992-11-01,3.28638836,NA,120080,NA,NA
"1715",1992-12-01,85.8238,NA,129643,NA,NA
"1716",1992-12-01,3.42085919,NA,129643,NA,NA
"1717",1993-01-01,86.2639,NA,141514,NA,NA
"1718",1993-01-01,3.46457524,NA,141514,NA,NA
"1719",1993-02-01,86.8176,NA,147469,NA,NA
"1720",1993-02-01,3.39084176,NA,147469,NA,NA
"1721",1993-03-01,87.28,NA,151018,NA,NA
"1722",1993-03-01,3.63875576,NA,151018,NA,NA
"1723",1993-04-01,87.5452,NA,155182,NA,NA
"1724",1993-04-01,3.78802608,NA,155182,NA,NA
"1725",1993-05-01,87.5965,NA,157425,NA,NA
"1726",1993-05-01,3.57599779,NA,157425,NA,NA
"1727",1993-06-01,87.5741,NA,160435,NA,NA
"1728",1993-06-01,3.13962239,NA,160435,NA,NA
"1729",1993-07-01,87.5199,NA,165290,NA,NA
"1730",1993-07-01,3.38689329,NA,165290,NA,NA
"1731",1993-08-01,87.9514,NA,169009,NA,NA
"1732",1993-08-01,3.62560118,NA,169009,NA,NA
"1733",1993-09-01,87.8974,NA,172069,NA,NA
"1734",1993-09-01,3.440103,NA,172069,NA,NA
"1735",1993-10-01,87.9629,NA,173528,NA,NA
"1736",1993-10-01,3.36719645,NA,173528,NA,NA
"1737",1993-11-01,87.8444,NA,180293,NA,NA
"1738",1993-11-01,2.24427989,NA,180293,NA,NA
"1739",1993-12-01,87.9542,NA,184388,NA,NA
"1740",1993-12-01,2.48229512,NA,184388,NA,NA
"1741",1994-01-01,88.0571,NA,188167,NA,NA
"1742",1994-01-01,2.07873746,NA,188167,NA,NA
"1743",1994-02-01,88.4145,NA,187382,NA,NA
"1744",1994-02-01,1.83937358,NA,187382,NA,NA
"1745",1994-03-01,88.416,NA,182135,NA,NA
"1746",1994-03-01,1.3015582,NA,182135,NA,NA
"1747",1994-04-01,88.4621,NA,177500,NA,NA
"1748",1994-04-01,1.04734469,NA,177500,NA,NA
"1749",1994-05-01,87.913,NA,173017,NA,NA
"1750",1994-05-01,0.36131581,NA,173017,NA,NA
"1751",1994-06-01,88.0514,NA,168225,NA,NA
"1752",1994-06-01,0.54502416,NA,168225,NA,NA
"1753",1994-07-01,88.0362,NA,165793,NA,NA
"1754",1994-07-01,0.58992298,NA,165793,NA,NA
"1755",1994-08-01,88.3818,NA,164187,NA,NA
"1756",1994-08-01,0.48936117,NA,164187,NA,NA
"1757",1994-09-01,88.4176,NA,160908,NA,NA
"1758",1994-09-01,0.59182638,NA,160908,NA,NA
"1759",1994-10-01,88.3448,NA,159043,NA,NA
"1760",1994-10-01,0.43416031,NA,159043,NA,NA
"1761",1994-11-01,88.3386,NA,161715,NA,NA
"1762",1994-11-01,0.56258566,NA,161715,NA,NA
"1763",1994-12-01,88.3237,NA,164378,NA,NA
"1764",1994-12-01,0.42010501,NA,164378,NA,NA
"1765",1995-01-01,88.9507,NA,167815,NA,NA
"1766",1995-01-01,1.01479608,NA,167815,NA,NA
"1767",1995-02-01,89.7438,NA,165351,NA,NA
"1768",1995-02-01,1.50348642,NA,165351,NA,NA
"1769",1995-03-01,89.7988,NA,160774,NA,NA
"1770",1995-03-01,1.56397032,NA,160774,NA,NA
"1771",1995-04-01,89.8744,NA,156684,NA,NA
"1772",1995-04-01,1.59650291,NA,156684,NA,NA
"1773",1995-05-01,89.7051,NA,151959,NA,NA
"1774",1995-05-01,2.0384926,NA,151959,NA,NA
"1775",1995-06-01,89.8831,NA,146342,NA,NA
"1776",1995-06-01,2.08026221,NA,146342,NA,NA
"1777",1995-07-01,89.8225,NA,146104,NA,NA
"1778",1995-07-01,2.02905169,NA,146104,NA,NA
"1779",1995-08-01,90.1071,NA,145726,NA,NA
"1780",1995-08-01,1.95209874,NA,145726,NA,NA
"1781",1995-09-01,90.1842,NA,143458,NA,NA
"1782",1995-09-01,1.99801849,NA,143458,NA,NA
"1783",1995-10-01,90.0863,NA,146364,NA,NA
"1784",1995-10-01,1.97125354,NA,146364,NA,NA
"1785",1995-11-01,90.0192,NA,152102,NA,NA
"1786",1995-11-01,1.90245261,NA,152102,NA,NA
"1787",1995-12-01,90.0443,NA,157115,NA,NA
"1788",1995-12-01,1.94806151,NA,157115,NA,NA
"1789",1996-01-01,90.3014,NA,164656,NA,NA
"1790",1996-01-01,1.51848159,NA,164656,NA,NA
"1791",1996-02-01,90.446,NA,166102,NA,NA
"1792",1996-02-01,0.7824496,NA,166102,NA,NA
"1793",1996-03-01,90.6057,NA,165305,NA,NA
"1794",1996-03-01,0.89856435,NA,165305,NA,NA
"1795",1996-04-01,90.6935,NA,164151,NA,NA
"1796",1996-04-01,0.911383,NA,164151,NA,NA
"1797",1996-05-01,90.3623,NA,162377,NA,NA
"1798",1996-05-01,0.73262278,NA,162377,NA,NA
"1799",1996-06-01,90.5385,NA,159964,NA,NA
"1800",1996-06-01,0.72916933,NA,159964,NA,NA
"1801",1996-07-01,90.412,NA,161586,NA,NA
"1802",1996-07-01,0.65629436,NA,161586,NA,NA
"1803",1996-08-01,90.6458,NA,163705,NA,NA
"1804",1996-08-01,0.59784412,NA,163705,NA,NA
"1805",1996-09-01,90.6986,NA,166409,NA,NA
"1806",1996-09-01,0.57038816,NA,166409,NA,NA
"1807",1996-10-01,90.8431,NA,174107,NA,NA
"1808",1996-10-01,0.84008334,NA,174107,NA,NA
"1809",1996-11-01,90.6761,NA,183026,NA,NA
"1810",1996-11-01,0.72973321,NA,183026,NA,NA
"1811",1996-12-01,90.7478,NA,192171,NA,NA
"1812",1996-12-01,0.7812821,NA,192171,NA,NA
"1813",1997-01-01,91.0509,NA,205501,NA,NA
"1814",1997-01-01,0.82999821,NA,205501,NA,NA
"1815",1997-02-01,91.2106,NA,206291,NA,NA
"1816",1997-02-01,0.8453663,NA,206291,NA,NA
"1817",1997-03-01,91.0794,NA,202207,NA,NA
"1818",1997-03-01,0.52281479,NA,202207,NA,NA
"1819",1997-04-01,91.167,NA,197732,NA,NA
"1820",1997-04-01,0.52208813,NA,197732,NA,NA
"1821",1997-05-01,90.8834,NA,192091,NA,NA
"1822",1997-05-01,0.57667855,NA,192091,NA,NA
"1823",1997-06-01,90.9747,NA,185320,NA,NA
"1824",1997-06-01,0.48178399,NA,185320,NA,NA
"1825",1997-07-01,90.8758,NA,182477,NA,NA
"1826",1997-07-01,0.512985,NA,182477,NA,NA
"1827",1997-08-01,91.0759,NA,180843,NA,NA
"1828",1997-08-01,0.4744842,NA,180843,NA,NA
"1829",1997-09-01,91.0742,NA,177229,NA,NA
"1830",1997-09-01,0.41411885,NA,177229,NA,NA
"1831",1997-10-01,91.081,NA,173484,NA,NA
"1832",1997-10-01,0.2618801,NA,173484,NA,NA
"1833",1997-11-01,91.0541,NA,175927,NA,NA
"1834",1997-11-01,0.41686839,NA,175927,NA,NA
"1835",1997-12-01,91.0984,NA,180549,NA,NA
"1836",1997-12-01,0.38634545,NA,180549,NA,NA
"1837",1998-01-01,91.065,NA,182492,NA,NA
"1838",1998-01-01,0.01548584,NA,182492,NA,NA
"1839",1998-02-01,91.1768,NA,176548,NA,NA
"1840",1998-02-01,-0.0370571,NA,176548,NA,NA
"1841",1998-03-01,91.1094,NA,165683,NA,NA
"1842",1998-03-01,0.03293829,NA,165683,NA,NA
"1843",1998-04-01,91.1465,NA,153897,NA,NA
"1844",1998-04-01,-0.02248621,NA,153897,NA,NA
"1845",1998-05-01,90.9582,NA,142360,NA,NA
"1846",1998-05-01,0.08230326,NA,142360,NA,NA
"1847",1998-06-01,91.0665,NA,130779,NA,NA
"1848",1998-06-01,0.10090718,NA,130779,NA,NA
"1849",1998-07-01,90.9441,NA,125994,NA,NA
"1850",1998-07-01,0.07515752,NA,125994,NA,NA
"1851",1998-08-01,91.2031,NA,122225,NA,NA
"1852",1998-08-01,0.13966373,NA,122225,NA,NA
"1853",1998-09-01,91.1304,NA,117544,NA,NA
"1854",1998-09-01,0.06170793,NA,117544,NA,NA
"1855",1998-10-01,91.1122,NA,115513,NA,NA
"1856",1998-10-01,0.03425522,NA,115513,NA,NA
"1857",1998-11-01,90.9644,NA,118576,NA,NA
"1858",1998-11-01,-0.09851286,NA,118576,NA,NA
"1859",1998-12-01,90.945,NA,124309,NA,NA
"1860",1998-12-01,-0.16838935,NA,124309,NA,NA
"1861",1999-01-01,91.1315,1.6052,125883,NA,NA
"1862",1999-01-01,0.07302476,1.6052,125883,NA,NA
"1863",1999-02-01,91.4394,1.5983,122026,NA,NA
"1864",1999-02-01,0.28801186,1.5983,122026,NA,NA
"1865",1999-03-01,91.535,1.5948,114073,NA,NA
"1866",1999-03-01,0.46713072,1.5948,114073,NA,NA
"1867",1999-04-01,91.6877,1.6019,105912,NA,NA
"1868",1999-04-01,0.59376937,1.6019,105912,NA,NA
"1869",1999-05-01,91.4819,1.6028,98598,NA,NA
"1870",1999-05-01,0.57575898,1.6028,98598,NA,NA
"1871",1999-06-01,91.5893,1.5948,92399,NA,NA
"1872",1999-06-01,0.57408597,1.5948,92399,NA,NA
"1873",1999-07-01,91.6125,1.6041,90122,NA,NA
"1874",1999-07-01,0.73495697,1.6041,90122,NA,NA
"1875",1999-08-01,92.0658,1.6003,87487,NA,NA
"1876",1999-08-01,0.94591083,1.6003,87487,NA,NA
"1877",1999-09-01,92.2398,1.6016,85096,NA,NA
"1878",1999-09-01,1.21737642,1.6016,85096,NA,NA
"1879",1999-10-01,92.2388,1.594,84263,NA,NA
"1880",1999-10-01,1.23649742,1.594,84263,NA,NA
"1881",1999-11-01,92.1509,1.6049,86328,NA,NA
"1882",1999-11-01,1.30435643,1.6049,86328,NA,NA
"1883",1999-12-01,92.462,1.6012,91041,NA,NA
"1884",1999-12-01,1.66804112,1.6012,91041,NA,NA
"1885",2000-01-01,92.5762,1.6097,92631,4,NA
"1886",2000-01-01,1.58529158,1.6097,92631,4,NA
"1887",2000-02-01,92.9241,1.6069,88702,4.25,NA
"1888",2000-02-01,1.62369832,1.6069,88702,4.25,NA
"1889",2000-03-01,92.8924,1.6046,81548,4.5,NA
"1890",2000-03-01,1.48293003,1.6046,81548,4.5,NA
"1891",2000-04-01,92.9735,1.5738,75642,4.75,NA
"1892",2000-04-01,1.40236913,1.5738,75642,4.75,NA
"1893",2000-05-01,92.9278,1.5565,69788,4.75,NA
"1894",2000-05-01,1.58053123,1.5565,69788,4.75,NA
"1895",2000-06-01,93.2737,1.5598,65962,5.25,NA
"1896",2000-06-01,1.83907946,1.5598,65962,5.25,NA
"1897",2000-07-01,93.3428,1.5508,65140,5.25,NA
"1898",2000-07-01,1.88871606,1.5508,65140,5.25,NA
"1899",2000-08-01,93.1013,1.5512,63708,5.25,NA
"1900",2000-08-01,1.12473905,1.5512,63708,5.25,NA
"1901",2000-09-01,93.568,1.53,62329,5.5,NA
"1902",2000-09-01,1.43994241,1.53,62329,5.5,NA
"1903",2000-10-01,93.4678,1.5133,62953,5.75,NA
"1904",2000-10-01,1.33241109,1.5133,62953,5.75,NA
"1905",2000-11-01,93.9132,1.5213,65721,5.75,NA
"1906",2000-11-01,1.91240672,1.5213,65721,5.75,NA
"1907",2000-12-01,93.8428,1.5135,69724,5.75,NA
"1908",2000-12-01,1.49337025,1.5135,69724,5.75,NA
"1909",2001-01-01,93.7755,1.5291,72295,5.75,NA
"1910",2001-01-01,1.29547335,1.5291,72295,5.75,NA
"1911",2001-02-01,93.6486,1.5355,69766,5.75,NA
"1912",2001-02-01,0.77966857,1.5355,69766,5.75,NA
"1913",2001-03-01,93.7988,1.5357,65625,5.75,NA
"1914",2001-03-01,0.97575259,1.5357,65625,5.75,NA
"1915",2001-04-01,94.0582,1.5287,63032,5.75,NA
"1916",2001-04-01,1.16667653,1.5287,63032,5.75,NA
"1917",2001-05-01,94.5687,1.5337,61097,5.5,NA
"1918",2001-05-01,1.76577945,1.5337,61097,5.5,NA
"1919",2001-06-01,94.7479,1.5225,59176,5.5,NA
"1920",2001-06-01,1.58050983,1.5225,59176,5.5,NA
"1921",2001-07-01,94.6045,1.5134,60166,5.5,NA
"1922",2001-07-01,1.35168433,1.5134,60166,5.5,NA
"1923",2001-08-01,94.0797,1.5144,61079,5.25,NA
"1924",2001-08-01,1.05089832,1.5144,61079,5.25,NA
"1925",2001-09-01,94.1996,1.4919,62170,4.75,NA
"1926",2001-09-01,0.6750171,1.4919,62170,4.75,NA
"1927",2001-10-01,94.0568,1.4796,68298,4.75,NA
"1928",2001-10-01,0.63016354,1.4796,68298,4.75,NA
"1929",2001-11-01,94.1827,1.4665,77633,4.25,NA
"1930",2001-11-01,0.28696711,1.4665,77633,4.25,NA
"1931",2001-12-01,94.148,1.4743,86027,4.25,NA
"1932",2001-12-01,0.32522474,1.4743,86027,4.25,NA
"1933",2002-01-01,94.2645,1.4738,93714,4.25,NA
"1934",2002-01-01,0.52145816,1.4738,93714,4.25,NA
"1935",2002-02-01,94.2615,1.4774,94472,4.25,NA
"1936",2002-02-01,0.65446787,1.4774,94472,4.25,NA
"1937",2002-03-01,94.2767,1.468,92371,4.25,NA
"1938",2002-03-01,0.50949479,1.468,92371,4.25,NA
"1939",2002-04-01,95.0902,1.466,92025,4.25,NA
"1940",2002-04-01,1.09719301,1.466,92025,4.25,NA
"1941",2002-05-01,95.1815,1.4567,90930,4.25,NA
"1942",2002-05-01,0.64799453,1.4567,90930,4.25,NA
"1943",2002-06-01,95.0566,1.4716,90705,4.25,NA
"1944",2002-06-01,0.32581197,1.4716,90705,4.25,NA
"1945",2002-07-01,94.5556,1.4626,92948,4.25,NA
"1946",2002-07-01,-0.05168887,1.4626,92948,4.25,NA
"1947",2002-08-01,94.5243,1.4639,96362,4.25,NA
"1948",2002-08-01,0.47257804,1.4639,96362,4.25,NA
"1949",2002-09-01,94.6676,1.4651,101889,4.25,NA
"1950",2002-09-01,0.4968174,1.4651,101889,4.25,NA
"1951",2002-10-01,95.2204,1.4649,110197,4.25,NA
"1952",2002-10-01,1.2371248,1.4649,110197,4.25,NA
"1953",2002-11-01,95.045,1.4673,120627,4.25,NA
"1954",2002-11-01,0.91556093,1.4673,120627,4.25,NA
"1955",2002-12-01,94.9867,1.468,129809,3.75,NA
"1956",2002-12-01,0.89083146,1.468,129809,3.75,NA
"1957",2003-01-01,95.0627,1.4623,138944,3.75,NA
"1958",2003-01-01,0.84676628,1.4623,138944,3.75,NA
"1959",2003-02-01,95.1562,1.4672,142023,3.75,NA
"1960",2003-02-01,0.94916801,1.4672,142023,3.75,NA
"1961",2003-03-01,95.5392,1.469,141808,3.5,NA
"1962",2003-03-01,1.33914318,1.469,141808,3.5,NA
"1963",2003-04-01,95.729,1.4954,141624,3.5,NA
"1964",2003-04-01,0.67178321,1.4954,141624,3.5,NA
"1965",2003-05-01,95.5756,1.5148,140609,3.5,NA
"1966",2003-05-01,0.41405105,1.5148,140609,3.5,NA
"1967",2003-06-01,95.5776,1.5399,140485,3,NA
"1968",2003-06-01,0.5480945,1.5399,140485,3,NA
"1969",2003-07-01,94.8114,1.5471,141699,3,NA
"1970",2003-07-01,0.27052866,1.5471,141699,3,NA
"1971",2003-08-01,95.0321,1.5404,143672,3,NA
"1972",2003-08-01,0.53721636,1.5404,143672,3,NA
"1973",2003-09-01,95.1697,1.5469,146688,3,NA
"1974",2003-09-01,0.53038209,1.5469,146688,3,NA
"1975",2003-10-01,95.6525,1.5481,151259,3,NA
"1976",2003-10-01,0.45378931,1.5481,151259,3,NA
"1977",2003-11-01,95.5322,1.5587,156598,3,NA
"1978",2003-11-01,0.5125993,1.5587,156598,3,NA
"1979",2003-12-01,95.5508,1.5549,162835,3,NA
"1980",2003-12-01,0.59387262,1.5549,162835,3,NA
"1981",2004-01-01,95.2265,1.5661,168163,3,NA
"1982",2004-01-01,0.17230733,1.5661,168163,3,NA
"1983",2004-02-01,95.2425,1.5731,165979,3,NA
"1984",2004-02-01,0.09069299,1.5731,165979,3,NA
"1985",2004-03-01,95.4465,1.5666,160849,3,NA
"1986",2004-03-01,-0.09702824,1.5666,160849,3,NA
"1987",2004-04-01,96.2516,1.5547,155061,3,NA
"1988",2004-04-01,0.54591608,1.5547,155061,3,NA
"1989",2004-05-01,96.474,1.5408,148816,3,NA
"1990",2004-05-01,0.93998887,1.5408,148816,3,NA
"1991",2004-06-01,96.6405,1.5187,144103,3,NA
"1992",2004-06-01,1.11208065,1.5187,144103,3,NA
"1993",2004-07-01,95.6291,1.5268,143125,3,NA
"1994",2004-07-01,0.86244903,1.5268,143125,3,NA
"1995",2004-08-01,95.9834,1.5381,145923,3,NA
"1996",2004-08-01,1.00103018,1.5381,145923,3,NA
"1997",2004-09-01,95.989,1.5431,146341,3,NA
"1998",2004-09-01,0.86088324,1.5431,146341,3,NA
"1999",2004-10-01,96.8889,1.5427,147911,3,NA
"2000",2004-10-01,1.29259559,1.5427,147911,3,NA
"2001",2004-11-01,96.9819,1.5221,152409,3,NA
"2002",2004-11-01,1.51749881,1.5221,152409,3,NA
"2003",2004-12-01,96.8232,1.5359,158416,3,NA
"2004",2004-12-01,1.33164767,1.5359,158416,3,NA
"2005",2005-01-01,96.3739,1.5467,162032,3,NA
"2006",2005-01-01,1.2049167,1.5467,162032,3,NA
"2007",2005-02-01,96.5857,1.5499,160451,3,NA
"2008",2005-02-01,1.41029477,1.5499,160451,3,NA
"2009",2005-03-01,96.822,1.5489,155681,3,NA
"2010",2005-03-01,1.44112147,1.5489,155681,3,NA
"2011",2005-04-01,97.6145,1.5471,150671,3,NA
"2012",2005-04-01,1.41597646,1.5471,150671,3,NA
"2013",2005-05-01,97.5176,1.5448,145370,3,NA
"2014",2005-05-01,1.08174223,1.5448,145370,3,NA
"2015",2005-06-01,97.2984,1.5382,140661,3,NA
"2016",2005-06-01,0.68077048,1.5382,140661,3,NA
"2017",2005-07-01,96.7662,1.5581,139902,3,NA
"2018",2005-07-01,1.1890732,1.5581,139902,3,NA
"2019",2005-08-01,96.9056,1.5526,142359,3,NA
"2020",2005-08-01,0.96079114,1.5526,142359,3,NA
"2021",2005-09-01,97.3296,1.5491,142728,3,NA
"2022",2005-09-01,1.39661836,1.5491,142728,3,NA
"2023",2005-10-01,98.1806,1.5489,144066,3,NA
"2024",2005-10-01,1.33317645,1.5489,144066,3,NA
"2025",2005-11-01,97.9047,1.5452,146762,3,NA
"2026",2005-11-01,0.95151776,1.5452,146762,3,NA
"2027",2005-12-01,97.7976,1.5478,151764,3.25,NA
"2028",2005-12-01,1.00637037,1.5478,151764,3.25,NA
"2029",2006-01-01,97.6179,1.5491,154204,3.25,NA
"2030",2006-01-01,1.29080591,1.5491,154204,3.25,NA
"2031",2006-02-01,97.9221,1.5578,150099,3.25,NA
"2032",2006-02-01,1.38364168,1.5578,150099,3.25,NA
"2033",2006-03-01,97.8182,1.5688,143249,3.5,NA
"2034",2006-03-01,1.02889839,1.5688,143249,3.5,NA
"2035",2006-04-01,98.6484,1.5749,136360,3.5,NA
"2036",2006-04-01,1.05916641,1.5749,136360,3.5,NA
"2037",2006-05-01,98.8457,1.5565,129486,3.5,NA
"2038",2006-05-01,1.361908,1.5565,129486,3.5,NA
"2039",2006-06-01,98.8184,1.56,122837,3.75,NA
"2040",2006-06-01,1.56220452,1.56,122837,3.75,NA
"2041",2006-07-01,98.1449,1.5686,121725,3.75,NA
"2042",2006-07-01,1.42477435,1.5686,121725,3.75,NA
"2043",2006-08-01,98.3128,1.5775,123074,4,NA
"2044",2006-08-01,1.45213486,1.5775,123074,4,NA
"2045",2006-09-01,98.1023,1.5837,121876,4,NA
"2046",2006-09-01,0.79390031,1.5837,121876,4,NA
"2047",2006-10-01,98.4347,1.5897,122765,4.25,NA
"2048",2006-10-01,0.25880877,1.5897,122765,4.25,NA
"2049",2006-11-01,98.3919,1.5922,124133,4.25,NA
"2050",2006-11-01,0.49762677,1.5922,124133,4.25,NA
"2051",2006-12-01,98.405,1.5966,128580,4.5,NA
"2052",2006-12-01,0.62107864,1.5966,128580,4.5,NA
"2053",2007-01-01,97.7176,1.6157,131057,4.5,NA
"2054",2007-01-01,0.10213291,1.6157,131057,4.5,NA
"2055",2007-02-01,97.9109,1.6213,126395,4.5,9135.099609375
"2056",2007-02-01,-0.01143766,1.6213,126395,4.5,9135.099609375
"2057",2007-03-01,97.9871,1.6126,117915,4.75,8789.7001953125
"2058",2007-03-01,0.17266725,1.6126,117915,4.75,8789.7001953125
"2059",2007-04-01,99.0963,1.6374,112829,4.75,8977
"2060",2007-04-01,0.45403676,1.6374,112829,4.75,8977
"2061",2007-05-01,99.3281,1.65,106200,4.75,9428.2998046875
"2062",2007-05-01,0.48803337,1.65,106200,4.75,9428.2998046875
"2063",2007-06-01,99.4418,1.6542,99781,5,9450.7998046875
"2064",2007-06-01,0.63085417,1.6542,99781,5,9450.7998046875
"2065",2007-07-01,98.8518,1.6567,99779,5,9209.400390625
"2066",2007-07-01,0.72026157,1.6567,99779,5,9209.400390625
"2067",2007-08-01,98.7412,1.6377,100757,5,8885
"2068",2007-08-01,0.43575201,1.6377,100757,5,8885
"2069",2007-09-01,98.8352,1.6475,99681,5,8881.5
"2070",2007-09-01,0.74707729,1.6475,99681,5,8881.5
"2071",2007-10-01,99.6792,1.6704,102039,5,8933.5
"2072",2007-10-01,1.26428993,1.6704,102039,5,8933.5
"2073",2007-11-01,100.1337,1.6485,104820,5,9019.599609375
"2074",2007-11-01,1.77026767,1.6485,104820,5,9019.599609375
"2075",2007-12-01,100.3771,1.6586,109012,5,8828.400390625
"2076",2007-12-01,2.00406483,1.6586,109012,5,8828.400390625
"2077",2008-01-01,100.0885,1.6189,111877,5,8484.5
"2078",2008-01-01,2.42627735,1.6189,111877,5,8484.5
"2079",2008-02-01,100.2261,1.6087,108457,5,7670.39990234375
"2080",2008-02-01,2.36459883,1.6087,108457,5,7670.39990234375
"2081",2008-03-01,100.565,1.5711,103777,5,7533.89990234375
"2082",2008-03-01,2.63085651,1.5711,103777,5,7533.89990234375
"2083",2008-04-01,101.3596,1.5954,100880,5,7224.2998046875
"2084",2008-04-01,2.28393997,1.5954,100880,5,7224.2998046875
"2085",2008-05-01,102.1644,1.6245,95166,5,7529
"2086",2008-05-01,2.85548601,1.6245,95166,5,7529
"2087",2008-06-01,102.3372,1.6138,91477,5,7511.2998046875
"2088",2008-06-01,2.91165285,1.6138,91477,5,7511.2998046875
"2089",2008-07-01,101.8912,1.6186,92163,5.25,6958.509765625
"2090",2008-07-01,3.07470375,1.6186,92163,5.25,6958.509765625
"2091",2008-08-01,101.6259,1.6204,94039,5.25,7141.2099609375
"2092",2008-08-01,2.92147553,1.6204,94039,5.25,7141.2099609375
"2093",2008-09-01,101.7283,1.5945,95980,5.25,7238.740234375
"2094",2008-09-01,2.92719598,1.5945,95980,5.25,7238.740234375
"2095",2008-10-01,102.2689,1.5202,100471,4.25,6654.89013671875
"2096",2008-10-01,2.59803449,1.5202,100471,4.25,6654.89013671875
"2097",2008-11-01,101.5877,1.5152,107652,3.75,6153.2099609375
"2098",2008-11-01,1.4520586,1.5152,107652,3.75,6153.2099609375
"2099",2008-12-01,101.0807,1.5397,118762,3,5816.60009765625
"2100",2008-12-01,0.70095669,1.5397,118762,3,5816.60009765625
"2101",2009-01-01,100.2277,1.494,128430,3,5534.52978515625
"2102",2009-01-01,0.13907692,1.494,128430,3,5534.52978515625
"2103",2009-02-01,100.4641,1.4905,132402,3,5290.0498046875
"2104",2009-02-01,0.2374631,1.4905,132402,3,5290.0498046875
"2105",2009-03-01,100.1385,1.5068,134713,2.5,4690.669921875
"2106",2009-03-01,-0.42410381,1.5068,134713,2.5,4690.669921875
"2107",2009-04-01,101.0213,1.5151,136709,2.25,4927.43017578125
"2108",2009-04-01,-0.33376217,1.5151,136709,2.25,4927.43017578125
"2109",2009-05-01,101.1824,1.5118,135128,1.75,5225.919921875
"2110",2009-05-01,-0.96119588,1.5118,135128,1.75,5225.919921875
"2111",2009-06-01,101.364,1.5145,140253,1.75,5349.740234375
"2112",2009-06-01,-0.95097384,1.5145,140253,1.75,5349.740234375
"2113",2009-07-01,100.6913,1.5202,145364,1.75,5403.97021484375
"2114",2009-07-01,-1.17762869,1.5202,145364,1.75,5403.97021484375
"2115",2009-08-01,100.8027,1.524,150831,1.75,5950.68994140625
"2116",2009-08-01,-0.81002973,1.524,150831,1.75,5950.68994140625
"2117",2009-09-01,100.7899,1.5148,154409,1.75,6217.1201171875
"2118",2009-09-01,-0.92245717,1.5148,154409,1.75,6217.1201171875
"2119",2009-10-01,101.4163,1.514,158138,1.75,6323.18017578125
"2120",2009-10-01,-0.83368453,1.514,158138,1.75,6323.18017578125
"2121",2009-11-01,101.612,1.5104,163950,1.75,6285.759765625
"2122",2009-11-01,0.02392022,1.5104,163950,1.75,6285.759765625
"2123",2009-12-01,101.3665,1.5025,172740,1.75,6260.9501953125
"2124",2009-12-01,0.28274438,1.5025,172740,1.75,6260.9501953125
"2125",2010-01-01,101.2538,1.4767,175765,1.75,6545.91015625
"2126",2010-01-01,1.02376888,1.4767,175765,1.75,6545.91015625
"2127",2010-02-01,101.4012,1.4673,172999,1.75,6440.72021484375
"2128",2010-02-01,0.93277101,1.4673,172999,1.75,6440.72021484375
"2129",2010-03-01,101.5402,1.4484,166032,1.75,6710.990234375
"2130",2010-03-01,1.39976133,1.4484,166032,1.75,6710.990234375
"2131",2010-04-01,102.408,1.4339,158570,1.75,6873.3701171875
"2132",2010-04-01,1.37268081,1.4339,158570,1.75,6873.3701171875
"2133",2010-05-01,102.3022,1.4199,151074,1.75,6616.81982421875
"2134",2010-05-01,1.10671421,1.4199,151074,1.75,6616.81982421875
"2135",2010-06-01,101.8569,1.3774,144473,1.75,6312.60009765625
"2136",2010-06-01,0.48626731,1.3774,144473,1.75,6312.60009765625
"2137",2010-07-01,101.1126,1.3471,142330,1.75,6128.06005859375
"2138",2010-07-01,0.41840755,1.3471,142330,1.75,6128.06005859375
"2139",2010-08-01,101.0986,1.3428,142879,1.75,6200.77978515625
"2140",2010-08-01,0.29354372,1.3428,142879,1.75,6200.77978515625
"2141",2010-09-01,101.0752,1.3085,140040,1.75,6180.89013671875
"2142",2010-09-01,0.28306408,1.3085,140040,1.75,6180.89013671875
"2143",2010-10-01,101.613,1.3461,139365,1.75,6296.330078125
"2144",2010-10-01,0.19395304,1.3461,139365,1.75,6296.330078125
"2145",2010-11-01,101.857,1.3445,141668,1.75,6472.22998046875
"2146",2010-11-01,0.24111325,1.3445,141668,1.75,6472.22998046875
"2147",2010-12-01,101.8931,1.2806,148636,1.75,6312.43017578125
"2148",2010-12-01,0.51950102,1.2806,148636,1.75,6312.43017578125
"2149",2011-01-01,101.5358,1.2779,148784,1.75,6436.0400390625
"2150",2011-01-01,0.27850807,1.2779,148784,1.75,6436.0400390625
"2151",2011-02-01,101.9185,1.2966,143325,1.75,6479.14990234375
"2152",2011-02-01,0.51015175,1.2966,143325,1.75,6479.14990234375
"2153",2011-03-01,102.5599,1.2879,134905,1.75,6610.43994140625
"2154",2011-03-01,1.00423281,1.2879,134905,1.75,6610.43994140625
"2155",2011-04-01,102.6731,1.2978,123448,2,6357.5498046875
"2156",2011-04-01,0.25886649,1.2978,123448,2,6357.5498046875
"2157",2011-05-01,102.6798,1.254,114684,2,6539.7001953125
"2158",2011-05-01,0.36910252,1.254,114684,2,6539.7001953125
"2159",2011-06-01,102.4316,1.2093,110378,2,6554.7099609375
"2160",2011-06-01,0.56422294,1.2093,110378,2,6554.7099609375
"2161",2011-07-01,101.5899,1.1778,109200,2.25,6187.06982421875
"2162",2011-07-01,0.47204799,1.1778,109200,2.25,6187.06982421875
"2163",2011-08-01,101.2929,1.1205,111687,2.25,5783.35009765625
"2164",2011-08-01,0.19218862,1.1205,111687,2.25,5783.35009765625
"2165",2011-09-01,101.5661,1.201,111344,2.25,5528.52001953125
"2166",2011-09-01,0.48567799,1.201,111344,2.25,5528.52001953125
"2167",2011-10-01,101.4987,1.2298,115178,2.25,5531.740234375
"2168",2011-10-01,-0.11248561,1.2298,115178,2.25,5531.740234375
"2169",2011-11-01,101.3215,1.2315,121109,2,5731.27001953125
"2170",2011-11-01,-0.52573706,1.2315,121109,2,5731.27001953125
"2171",2011-12-01,101.1649,1.2276,130662,1.75,5652.31005859375
"2172",2011-12-01,-0.71467057,1.2276,130662,1.75,5652.31005859375
"2173",2012-01-01,100.7342,1.2111,134317,1.75,5936.22998046875
"2174",2012-01-01,-0.78947524,1.2111,134317,1.75,5936.22998046875
"2175",2012-02-01,101.018,1.2072,133154,1.75,5970.490234375
"2176",2012-02-01,-0.88354911,1.2072,133154,1.75,5970.490234375
"2177",2012-03-01,101.5812,1.2063,126392,1.75,6109.93017578125
"2178",2012-03-01,-0.9542716,1.2063,126392,1.75,6109.93017578125
"2179",2012-04-01,101.6571,1.2022,123158,1.75,6235.509765625
"2180",2012-04-01,-0.98954838,1.2022,123158,1.75,6235.509765625
"2181",2012-05-01,101.639,1.2012,118860,1.75,6096.33984375
"2182",2012-05-01,-1.01363657,1.2012,118860,1.75,6096.33984375
"2183",2012-06-01,101.3523,1.201,114868,1.75,5849.89990234375
"2184",2012-06-01,-1.05367875,1.201,114868,1.75,5849.89990234375
"2185",2012-07-01,100.8645,1.201,116294,1.5,6066.85986328125
"2186",2012-07-01,-0.71404736,1.201,116294,1.5,6066.85986328125
"2187",2012-08-01,100.834,1.2011,119823,1.5,6399.27001953125
"2188",2012-08-01,-0.45304261,1.2011,119823,1.5,6399.27001953125
"2189",2012-09-01,101.1483,1.2089,120347,1.5,6388.009765625
"2190",2012-09-01,-0.41135773,1.2089,120347,1.5,6388.009765625
"2191",2012-10-01,101.2732,1.2098,125536,1.5,6495.8798828125
"2192",2012-10-01,-0.22217033,1.2098,125536,1.5,6495.8798828125
"2193",2012-11-01,100.9411,1.2052,132067,1.5,6595.1298828125
"2194",2012-11-01,-0.37543858,1.2052,132067,1.5,6595.1298828125
"2195",2012-12-01,100.7254,1.2091,142309,1.5,6820.60009765625
"2196",2012-12-01,-0.43443922,1.2091,142309,1.5,6820.60009765625
"2197",2013-01-01,100.4625,1.228,148158,1.5,6822.43994140625
"2198",2013-01-01,-0.26971972,1.228,148158,1.5,6822.43994140625
"2199",2013-02-01,100.7593,1.2298,146001,1.5,7390.85986328125
"2200",2013-02-01,-0.25609297,1.2298,146001,1.5,7390.85986328125
"2201",2013-03-01,100.9782,1.2264,138993,1.5,7593.669921875
"2202",2013-03-01,-0.59361378,1.2264,138993,1.5,7593.669921875
"2203",2013-04-01,101.0122,1.2198,135851,1.5,7813.669921875
"2204",2013-04-01,-0.63438756,1.2198,135851,1.5,7813.669921875
"2205",2013-05-01,101.1233,1.2406,131290,1,7906.2099609375
"2206",2013-05-01,-0.50738398,1.2406,131290,1,7906.2099609375
"2207",2013-06-01,101.2226,1.2326,126498,1,7947.009765625
"2208",2013-06-01,-0.12796947,1.2326,126498,1,7947.009765625
"2209",2013-07-01,100.8617,1.2364,128516,1,7683.0400390625
"2210",2013-07-01,-0.002776,1.2364,128516,1,7683.0400390625
"2211",2013-08-01,100.7891,1.2334,129956,1,7820.43017578125
"2212",2013-08-01,-0.04452863,1.2334,129956,1,7820.43017578125
"2213",2013-09-01,101.0923,1.2338,131072,1,7745.97021484375
"2214",2013-09-01,-0.05536425,1.2338,131072,1,7745.97021484375
"2215",2013-10-01,101.0147,1.2314,133443,1,8022.60009765625
"2216",2013-10-01,-0.25525016,1.2314,133443,1,8022.60009765625
"2217",2013-11-01,101.0217,1.2319,139073,0.75,8234.2900390625
"2218",2013-11-01,0.07984855,1.2319,139073,0.75,8234.2900390625
"2219",2013-12-01,100.793,1.2249,149437,0.75,8264.2001953125
"2220",2013-12-01,0.06711316,1.2249,149437,0.75,8264.2001953125
"2221",2014-01-01,100.5172,1.2312,153260,0.75,8202.98046875
"2222",2014-01-01,0.05444818,1.2312,153260,0.75,8202.98046875
"2223",2014-02-01,100.6171,1.2213,149259,0.75,8191.330078125
"2224",2014-02-01,-0.14112841,1.2213,149259,0.75,8191.330078125
"2225",2014-03-01,100.9811,1.2178,142846,0.75,8475.330078125
"2226",2014-03-01,0.00287191,1.2178,142846,0.75,8475.330078125
"2227",2014-04-01,101.0506,1.2191,137087,0.75,8453.8203125
"2228",2014-04-01,0.03801521,1.2191,137087,0.75,8453.8203125
"2229",2014-05-01,101.3465,1.2204,130310,0.75,8476.66015625
"2230",2014-05-01,0.22072064,1.2204,130310,0.75,8476.66015625
"2231",2014-06-01,101.2729,1.2181,126632,0.4,8674.51953125
"2232",2014-06-01,0.04969246,1.2181,126632,0.4,8674.51953125
"2233",2014-07-01,100.8938,1.215,127054,0.4,8554.51953125
"2234",2014-07-01,0.03182576,1.215,127054,0.4,8554.51953125
"2235",2014-08-01,100.8613,1.2119,128434,0.4,8410.26953125
"2236",2014-08-01,0.07163473,1.2119,128434,0.4,8410.26953125
"2237",2014-09-01,101.0037,1.2077,129965,0.3,8658.9697265625
"2238",2014-09-01,-0.08764268,1.2077,129965,0.3,8658.9697265625
"2239",2014-10-01,101.0019,1.2078,132397,0.3,8835.1396484375
"2240",2014-10-01,-0.01267142,1.2078,132397,0.3,8835.1396484375
"2241",2014-11-01,100.9625,1.2026,136552,0.3,8837.7802734375
"2242",2014-11-01,-0.05860127,1.2026,136552,0.3,8837.7802734375
"2243",2014-12-01,100.4619,1.2024,147369,0.3,9150.4599609375
"2244",2014-12-01,-0.32849503,1.2024,147369,0.3,9150.4599609375
"2245",2015-01-01,100.0294,1.0983,150946,0.3,8983.3701171875
"2246",2015-01-01,-0.48529008,1.0983,150946,0.3,8983.3701171875
"2247",2015-02-01,99.7723,1.0623,149921,0.3,8385.1298828125
"2248",2015-02-01,-0.83961871,1.0623,149921,0.3,8385.1298828125
"2249",2015-03-01,100.0978,1.0609,145108,0.3,9014.5302734375
"2250",2015-03-01,-0.87471814,1.0609,145108,0.3,9014.5302734375
"2251",2015-04-01,99.9161,1.0382,141131,0.3,9128.98046875
"2252",2015-04-01,-1.12270486,1.0382,141131,0.3,9128.98046875
"2253",2015-05-01,100.1488,1.0398,136349,0.3,9077.1201171875
"2254",2015-05-01,-1.18178723,1.0398,136349,0.3,9077.1201171875
"2255",2015-06-01,100.2224,1.0448,133256,0.3,9237.7900390625
"2256",2015-06-01,-1.03729626,1.0448,133256,0.3,9237.7900390625
"2257",2015-07-01,99.6065,1.0488,133754,0.3,8780.91015625
"2258",2015-07-01,-1.27589604,1.0488,133754,0.3,8780.91015625
"2259",2015-08-01,99.4468,1.0782,136983,0.3,9428.169921875
"2260",2015-08-01,-1.40242095,1.0782,136983,0.3,9428.169921875
"2261",2015-09-01,99.5455,1.0918,138226,0.3,8824.5595703125
"2262",2015-09-01,-1.44370949,1.0918,138226,0.3,8824.5595703125
"2263",2015-10-01,99.6284,1.0879,141269,0.3,8513.41015625
"2264",2015-10-01,-1.35987541,1.0879,141269,0.3,8513.41015625
"2265",2015-11-01,99.5566,1.083,148143,0.3,8938.650390625
"2266",2015-11-01,-1.39249721,1.083,148143,0.3,8938.650390625
"2267",2015-12-01,99.1475,1.083,158629,0.3,8993.099609375
"2268",2015-12-01,-1.3083567,1.083,158629,0.3,8993.099609375
"2269",2016-01-01,98.7623,1.0932,163644,0.3,8818.08984375
"2270",2016-01-01,-1.26672758,1.0932,163644,0.3,8818.08984375
"2271",2016-02-01,98.9457,1.1018,161417,0.3,8319.8095703125
"2272",2016-02-01,-0.82848646,1.1018,161417,0.3,8319.8095703125
"2273",2016-03-01,99.2362,1.0921,155324,0.25,7843.6298828125
"2274",2016-03-01,-0.86075818,1.0921,155324,0.25,7843.6298828125
"2275",2016-04-01,99.5645,1.0931,149540,0.25,7807.89013671875
"2276",2016-04-01,-0.35189524,1.0931,149540,0.25,7807.89013671875
"2277",2016-05-01,99.7082,1.1054,144778,0.25,7960.85009765625
"2278",2016-05-01,-0.43994536,1.1054,144778,0.25,7960.85009765625
"2279",2016-06-01,99.8475,1.0901,139127,0.25,8216.419921875
"2280",2016-06-01,-0.37406807,1.0901,139127,0.25,8216.419921875
"2281",2016-07-01,99.4044,1.0867,139310,0.25,8020.14990234375
"2282",2016-07-01,-0.20289841,1.0867,139310,0.25,8020.14990234375
"2283",2016-08-01,99.3045,1.0876,142858,0.25,8127.2001953125
"2284",2016-08-01,-0.14309158,1.0876,142858,0.25,8127.2001953125
"2285",2016-09-01,99.3649,1.0922,142675,0.25,8202.1298828125
"2286",2016-09-01,-0.18142457,1.0922,142675,0.25,8202.1298828125
"2287",2016-10-01,99.4164,1.0883,144531,0.25,8139.009765625
"2288",2016-10-01,-0.21279073,1.0883,144531,0.25,8139.009765625
"2289",2016-11-01,99.2198,1.0759,149228,0.25,7827.740234375
"2290",2016-11-01,-0.33830002,1.0759,149228,0.25,7827.740234375
"2291",2016-12-01,99.1409,1.0754,159372,0.25,7875.18994140625
"2292",2016-12-01,-0.00665675,1.0754,159372,0.25,7875.18994140625
"2293",2017-01-01,99.107,1.0713,164466,0.25,8219.8701171875
"2294",2017-01-01,0.34901982,1.0713,164466,0.25,8219.8701171875
"2295",2017-02-01,99.5849,1.0659,159809,0.25,8291.6904296875
"2296",2017-02-01,0.64601089,1.0659,159809,0.25,8291.6904296875
"2297",2017-03-01,99.7997,1.0706,152280,0.25,8545.8095703125
"2298",2017-03-01,0.56783714,1.0706,152280,0.25,8545.8095703125
"2299",2017-04-01,100.0004,1.0723,146327,0.25,8658.8896484375
"2300",2017-04-01,0.43780665,1.0723,146327,0.25,8658.8896484375
"2301",2017-05-01,100.1862,1.0897,139778,0.25,8812.669921875
"2302",2017-05-01,0.47939889,1.0897,139778,0.25,8812.669921875
"2303",2017-06-01,100.0444,1.0875,133603,0.25,9016.6396484375
"2304",2017-06-01,0.19720073,1.0875,133603,0.25,9016.6396484375
"2305",2017-07-01,99.7317,1.1054,133926,0.25,8906.8896484375
"2306",2017-07-01,0.32926108,1.1054,133926,0.25,8906.8896484375
"2307",2017-08-01,99.764,1.1396,135578,0.25,9055
"2308",2017-08-01,0.46271821,1.1396,135578,0.25,9055
"2309",2017-09-01,100.0128,1.1468,133169,0.25,8925.4501953125
"2310",2017-09-01,0.65204111,1.1468,133169,0.25,8925.4501953125
"2311",2017-10-01,100.0735,1.1542,134800,0.25,9157.4599609375
"2312",2017-10-01,0.66095735,1.1542,134800,0.25,9157.4599609375
"2313",2017-11-01,100.0008,1.1643,137317,0.25,9242.1796875
"2314",2017-11-01,0.78714128,1.1643,137317,0.25,9242.1796875
"2315",2017-12-01,99.9723,1.169,146654,0.25,9318.76953125
"2316",2017-12-01,0.83860445,1.169,146654,0.25,9318.76953125
"2317",2018-01-01,99.8406,1.1725,149161,0.25,9381.8701171875
"2318",2018-01-01,0.74021008,1.1725,149161,0.25,9381.8701171875
"2319",2018-02-01,100.2103,1.1544,143930,0.25,9335.400390625
"2320",2018-02-01,0.62800686,1.1544,143930,0.25,9335.400390625
"2321",2018-03-01,100.5935,1.1682,130413,0.25,8906.3798828125
"2322",2018-03-01,0.79539317,1.1682,130413,0.25,8906.3798828125
"2323",2018-04-01,100.8036,1.18815,119781,0.25,8740.9697265625
"2324",2018-04-01,0.80319679,1.18815,119781,0.25,8740.9697265625
"2325",2018-05-01,101.1873,1.17862,109392,0.25,8886.259765625
"2326",2018-05-01,0.99923942,1.17862,109392,0.25,8886.259765625
"2327",2018-06-01,101.1915,1.15552,106579,0.25,8456.9501953125
"2328",2018-06-01,1.14659091,1.15552,106579,0.25,8456.9501953125
"2329",2018-07-01,100.9588,1.16196,106052,0.25,8609.2998046875
"2330",2018-07-01,1.23040117,1.16196,106052,0.25,8609.2998046875
"2331",2018-08-01,100.9422,1.14049,107893,0.25,9174.330078125
"2332",2018-08-01,1.18098713,1.14049,107893,0.25,9174.330078125
"2333",2018-09-01,101.0024,1.12882,106586,0.25,8973.5595703125
"2334",2018-09-01,0.98947335,1.12882,106586,0.25,8973.5595703125
"2335",2018-10-01,101.1808,1.14121,107315,0.25,9087.990234375
"2336",2018-10-01,1.10648673,1.14121,107315,0.25,9087.990234375
"2337",2018-11-01,100.9228,1.13746,110474,0.25,9022.16015625
"2338",2018-11-01,0.92199262,1.13746,110474,0.25,9022.16015625
"2339",2018-12-01,100.6637,1.12961,119661,0.25,9037.759765625
"2340",2018-12-01,0.69159157,1.12961,119661,0.25,9037.759765625
"2341",2019-01-01,100.3998,1.12959,123962,0.25,8429.2998046875
"2342",2019-01-01,0.56009279,1.12959,123962,0.25,8429.2998046875
"2343",2019-02-01,100.7902,1.1366,119473,0.25,8969.26953125
"2344",2019-02-01,0.57868303,1.1366,119473,0.25,8969.26953125
"2345",2019-03-01,101.3269,1.13145,112341,0.25,9388.9404296875
"2346",2019-03-01,0.72907295,1.13145,112341,0.25,9388.9404296875
"2347",2019-04-01,101.5174,1.13157,107298,0.25,9477.83984375
"2348",2019-04-01,0.70810963,1.13157,107298,0.25,9477.83984375
"2349",2019-05-01,101.8291,1.13077,101370,0.25,9769.740234375
"2350",2019-05-01,0.63426932,1.13077,101370,0.25,9769.740234375
"2351",2019-06-01,101.7989,1.1165,97222,0.25,9523.98046875
"2352",2019-06-01,0.60024804,1.1165,97222,0.25,9523.98046875
"2353",2019-07-01,101.2735,1.10792,97578,0.25,9898.240234375
"2354",2019-07-01,0.31171131,1.10792,97578,0.25,9898.240234375
"2355",2019-08-01,101.2632,1.08933,99552,0.25,9919.26953125
"2356",2019-08-01,0.31800377,1.08933,99552,0.25,9919.26953125
"2357",2019-09-01,101.1522,1.09055,99098,0.25,9895.650390625
"2358",2019-09-01,0.14831331,1.09055,99098,0.25,9895.650390625
"2359",2019-10-01,100.9247,1.0979,101684,0.25,10078.3203125
"2360",2019-10-01,-0.25311126,1.0979,101684,0.25,10078.3203125
"2361",2019-11-01,100.7904,1.09778,106330,0.25,10219.8203125
"2362",2019-11-01,-0.13118938,1.09778,106330,0.25,10219.8203125
"2363",2019-12-01,100.8205,1.09305,117277,0.25,10493.240234375
"2364",2019-12-01,0.15576618,1.09305,117277,0.25,10493.240234375
"2365",2020-01-01,100.6029,1.07638,121018,0.25,10616.9404296875
"2366",2020-01-01,0.20229124,1.07638,121018,0.25,10616.9404296875
"2367",2020-02-01,100.7274,1.06504,117822,0.25,10627.8798828125
"2368",2020-02-01,-0.06230764,1.06504,117822,0.25,10627.8798828125
"2369",2020-03-01,100.8049,1.05902,135624,0.25,9831.0302734375
"2370",2020-03-01,-0.51516429,1.05902,135624,0.25,9831.0302734375
"2371",2020-04-01,100.4381,1.05442,153413,0.25,9311.919921875
"2372",2020-04-01,-1.0631675,1.05442,153413,0.25,9311.919921875
"2373",2020-05-01,100.4803,1.05675,155998,0.25,9629.400390625
"2374",2020-05-01,-1.32457225,1.05675,155998,0.25,9629.400390625
"2375",2020-06-01,100.5012,1.07173,150289,0.25,9831.490234375
"2376",2020-06-01,-1.27476819,1.07173,150289,0.25,9831.490234375
"2377",2020-07-01,100.3419,1.07056,148870,0.25,10045.2998046875
"2378",2020-07-01,-0.91988526,1.07056,148870,0.25,10045.2998046875
"2379",2020-08-01,100.3861,1.07678,151111,0.25,10005.900390625
"2380",2020-08-01,-0.86615868,1.07678,151111,0.25,10005.900390625
"2381",2020-09-01,100.3431,1.07837,148560,0.25,10135.5595703125
"2382",2020-09-01,-0.79988374,1.07837,148560,0.25,10135.5595703125
"2383",2020-10-01,100.3492,1.07399,149118,0.25,10187
"2384",2020-10-01,-0.57022711,1.07399,149118,0.25,10187
"2385",2020-11-01,100.1002,1.07798,153270,0.25,9587.150390625
"2386",2020-11-01,-0.68478744,1.07798,153270,0.25,9587.150390625
"2387",2020-12-01,100,1.08156,163545,0.25,10476.4296875
"2388",2020-12-01,-0.81382259,1.08156,163545,0.25,10476.4296875
"2389",2021-01-01,100.0553,1.07931,169753,0.25,10703.509765625
"2390",2021-01-01,-0.5443183,1.07931,169753,0.25,10703.509765625
"2391",2021-02-01,100.2198,1.08554,167953,0.25,10591.0595703125
"2392",2021-02-01,-0.50393438,1.08554,167953,0.25,10591.0595703125
"2393",2021-03-01,100.5577,1.10624,157968,0.25,10522.2197265625
"2394",2021-03-01,-0.24522617,1.10624,157968,0.25,10522.2197265625
"2395",2021-04-01,100.7675,1.10326,151279,0.25,11047.3701171875
"2396",2021-04-01,0.32796319,1.10326,151279,0.25,11047.3701171875
"2397",2021-05-01,101.0339,1.09679,142966,0.25,11022.33984375
"2398",2021-05-01,0.55095377,1.09679,142966,0.25,11022.33984375
"2399",2021-06-01,101.1087,1.09398,131821,0.25,11426.150390625
"2400",2021-06-01,0.60447039,1.09398,131821,0.25,11426.150390625
"2401",2021-07-01,101.023,1.0854,128279,0.25,11942.7197265625
"2402",2021-07-01,0.67877925,1.0854,128279,0.25,11942.7197265625
"2403",2021-08-01,101.2711,1.07602,126355,0.25,12116.8203125
"2404",2021-08-01,0.88159616,1.07602,126355,0.25,12116.8203125
"2405",2021-09-01,101.2887,1.08595,120294,0.25,12411.1103515625
"2406",2021-09-01,0.94236674,1.08595,120294,0.25,12411.1103515625
"2407",2021-10-01,101.5954,1.07137,116733,0.25,11642.4501953125
"2408",2021-10-01,1.24186341,1.07137,116733,0.25,11642.4501953125
"2409",2021-11-01,101.6346,1.05217,116244,0.25,12108.169921875
"2410",2021-11-01,1.53286407,1.05217,116244,0.25,12108.169921875
"2411",2021-12-01,101.5311,1.04078,121728,0.25,12159.6904296875
"2412",2021-12-01,1.5311,1.04078,121728,0.25,12159.6904296875
"2413",2022-01-01,101.705,1.04018,122268,0.25,12875.66015625
"2414",2022-01-01,1.64878822,1.04018,122268,0.25,12875.66015625
"2415",2022-02-01,102.3754,1.04611,117970,0.25,12226.7001953125
"2416",2022-02-01,2.15087238,1.04611,117970,0.25,12226.7001953125
"2417",2022-03-01,102.9572,1.02458,109500,0.25,11986.7802734375
"2418",2022-03-01,2.38619221,1.02458,109500,0.25,11986.7802734375
"2419",2022-04-01,103.3351,1.02172,104391,0.25,12161.5302734375
"2420",2022-04-01,2.54804376,1.02172,104391,0.25,12161.5302734375
"2421",2022-05-01,104.0068,1.03591,98004,0.25,12128.759765625
"2422",2022-05-01,2.94247772,1.03591,98004,0.25,12128.759765625
"2423",2022-06-01,104.5312,1.02495,92511,0.25,11611.3798828125
"2424",2022-06-01,3.38497083,1.02495,92511,0.25,11611.3798828125
"2425",2022-07-01,104.4916,0.98765,91474,0.75,10741.2099609375
"2426",2022-07-01,3.43347555,0.98765,91474,0.75,10741.2099609375
"2427",2022-08-01,104.7671,0.96899,91372,0.75,11145.91015625
"2428",2022-08-01,3.4521201,0.96899,91372,0.75,11145.91015625
"2429",2022-09-01,104.5831,0.96419,89526,1.5,10855.0302734375
"2430",2022-09-01,3.25248522,0.96419,89526,1.5,10855.0302734375
"2431",2022-10-01,104.6392,0.97899,89636,2.25,10267.5498046875
"2432",2022-10-01,2.99600179,0.97899,89636,2.25,10267.5498046875
"2433",2022-11-01,104.6432,0.9843,91327,2.25,10827.9296875
"2434",2022-11-01,2.96021237,0.9843,91327,2.25,10827.9296875
"2435",2022-12-01,104.4149,0.98654,96941,2.75,11127.76953125
"2436",2022-12-01,2.84031198,0.98654,96941,2.75,11127.76953125
"2437",2023-01-01,105.0435,0.99615,100776,2.75,10729.400390625
"2438",2023-01-01,3.28253282,0.99615,100776,2.75,10729.400390625
"2439",2023-02-01,105.8273,0.99045,98452,3.25,11285.7802734375
"2440",2023-02-01,3.37180612,0.99045,98452,3.25,11285.7802734375
"2441",2023-03-01,105.9896,0.99051,92755,3.75,11098.349609375
"2442",2023-03-01,2.94530154,0.99051,92755,3.75,11098.349609375
"2443",2023-04-01,105.986,0.98479,90534,3.75,11106.240234375
"2444",2023-04-01,2.56534324,0.98479,90534,3.75,11106.240234375
"2445",2023-05-01,106.252,0.97533,88076,4,11437.1396484375
"2446",2023-05-01,2.15870501,0.97533,88076,4,11437.1396484375
"2447",2023-06-01,106.3196,0.97602,85099,4.25,11217.8896484375
"2448",2023-06-01,1.71087675,0.97602,85099,4.25,11217.8896484375
"2449",2023-07-01,106.1688,0.9661,87601,4.5,11280.2900390625
"2450",2023-07-01,1.6051051,0.9661,87601,4.5,11280.2900390625
"2451",2023-08-01,106.3955,0.95835,89881,4.5,11309.25
"2452",2023-08-01,1.55430474,0.95835,89881,4.5,11309.25
"2453",2023-09-01,106.3136,0.95969,90826,4.75,11125.9501953125
"2454",2023-09-01,1.65466505,0.95969,90826,4.75,11125.9501953125
"2455",2023-10-01,106.4112,0.95518,93563,4.75,10963.5
"2456",2023-10-01,1.69343802,0.95518,93563,4.75,10963.5
"2457",2023-11-01,106.1539,0.96324,98011,4.75,10391.16015625
"2458",2023-11-01,1.44366762,0.96324,98011,4.75,10391.16015625
"2459",2023-12-01,106.2055,0.94415,106859,4.75,10854.3203125
"2460",2023-12-01,1.71488935,0.94415,106859,4.75,10854.3203125
"2461",2024-01-01,106.3866,0.93645,113175,4.75,11137.7900390625
"2462",2024-01-01,1.27861315,0.93645,113175,4.75,11137.7900390625
"2463",2024-02-01,107.0638,0.946,111879,4.75,11333.3798828125
"2464",2024-02-01,1.16841307,0.946,111879,4.75,11333.3798828125
"2465",2024-03-01,107.0971,0.96527,108593,4.75,11438.8603515625
"2466",2024-03-01,1.04491384,0.96527,108593,4.75,11438.8603515625
"2467",2024-04-01,107.4357,0.97598,106957,4.75,11730.4296875
"2468",2024-04-01,1.36782217,0.97598,106957,4.75,11730.4296875
"2469",2024-05-01,107.729,0.9828,105465,4.75,11260.91015625
"2470",2024-05-01,1.39009148,0.9828,105465,4.75,11260.91015625
"2471",2024-06-01,107.7316,0.9619,104518,4.5,12000.8603515625
"2472",2024-06-01,1.32807121,0.9619,104518,4.5,12000.8603515625
"2473",2024-07-01,107.539,0.96782,107716,4.5,11993.830078125
"2474",2024-07-01,1.29058631,0.96782,107716,4.5,11993.830078125
"2475",2024-08-01,107.5237,0.94494,111354,4.5,12317.4404296875
"2476",2024-08-01,1.06038319,0.94494,111354,4.5,12317.4404296875
"2477",2024-09-01,107.2098,0.94101,113245,3.9,12436.58984375
"2478",2024-09-01,0.84297776,0.94101,113245,3.9,12436.58984375
"2479",2024-10-01,107.0741,0.93867,116447,3.65,12168.8701171875
"2480",2024-10-01,0.62296074,0.93867,116447,3.65,12168.8701171875
"2481",2024-11-01,106.9296,0.9354,121114,3.65,11792.919921875
"2482",2024-11-01,0.73073151,0.9354,121114,3.65,11792.919921875
"2483",2024-12-01,106.8708,0.93383,130293,3.4,11764.2001953125
"2484",2024-12-01,0.62642707,0.93383,130293,3.4,11764.2001953125
"2485",2025-01-01,106.8138,0.94162,135773,3.15,11600.900390625
"2486",2025-01-01,0.40155433,0.94162,135773,3.15,11600.900390625
"2487",2025-02-01,107.4115,0.94114,135446,3.15,12597.08984375
"2488",2025-02-01,0.32475963,0.94114,135446,3.15,12597.08984375
"2489",2025-03-01,107.4637,0.95488,132569,2.9,13004.48046875
"2490",2025-03-01,0.34230619,0.95488,132569,2.9,13004.48046875
"2491",2025-04-01,107.4725,0.93799,130101,2.65,12598.1201171875
"2492",2025-04-01,0.03425305,0.93799,130101,2.65,12598.1201171875
"2493",2025-05-01,107.6215,0.93578,127944,2.65,12116.98046875
"2494",2025-05-01,-0.09978743,0.93578,127944,2.65,12116.98046875
"2495",2025-06-01,107.8156,0.93766,126877,2.4,12227.080078125
"2496",2025-06-01,0.07797155,0.93766,126877,2.4,12227.080078125
"2497",2025-07-01,107.7734,0.93245,129154,2.4,11921.4599609375
"2498",2025-07-01,0.21796744,0.93245,129154,2.4,11921.4599609375
"2499",2025-08-01,107.6873,0.93875,132105,2.4,11836
"2500",2025-08-01,0.1521525,0.93875,132105,2.4,11836
"2501",2025-09-01,107.4504,0.93483,133233,2.4,12187.580078125
"2502",2025-09-01,0.22441978,0.93483,133233,2.4,12187.580078125
"2503",2025-10-01,NA,0.92857,NA,NA,12109.419921875
"2504",2025-11-01,NA,NA,NA,NA,12234.5
"2505",2025-12-01,NA,NA,NA,NA,12634.2998046875
