monthly_coverage,extra_months,fold,cutoff_quarter,forecast_quarter,variable,step_ahead,prediction,model,quarter_end,horizon,actual,error
Cutoff only,0,111,2019 Q3,2019 Q4,exch_rate,1,0.0846225119575073,AR(2),2019-12-31,1-step ahead,0.0918965867333566,-0.0072740747758493
Cutoff only,0,111,2019 Q3,2019 Q4,exch_rate,1,0.0880837061373879,MF-VAR,2019-12-31,1-step ahead,0.0918965867333566,-0.0038128805959687
Cutoff only,0,111,2019 Q3,2019 Q4,exch_rate,1,0.089720153728576,MF-VAR (manual),2019-12-31,1-step ahead,0.0918965867333566,-0.0021764330047806
Cutoff only,0,111,2019 Q3,2019 Q4,exch_rate,1,0.115661154326574,MIDAS,2019-12-31,1-step ahead,0.0918965867333566,0.0237645675932173
Cutoff only,0,111,2019 Q3,2019 Q4,exch_rate,1,0.1109828607668576,MIDAS (trend),2019-12-31,1-step ahead,0.0918965867333566,0.0190862740335009
Cutoff only,0,111,2019 Q3,2019 Q4,exch_rate,1,0.1157647545782341,MIDAS-Latent,2019-12-31,1-step ahead,0.0918965867333566,0.0238681678448774
Cutoff only,0,111,2019 Q3,2019 Q4,exch_rate,1,0.0950714982477546,MIDAS-Latent (trend),2019-12-31,1-step ahead,0.0918965867333566,0.0031749115143979
Cutoff only,0,111,2019 Q3,2020 Q1,exch_rate,2,0.0793145487334452,AR(2),2020-03-31,Other,0.0646818482575237,0.0146327004759214
Cutoff only,0,111,2019 Q3,2020 Q1,exch_rate,2,0.0657730319654692,MF-VAR,2020-03-31,Other,0.0646818482575237,0.0010911837079454
Cutoff only,0,111,2019 Q3,2020 Q1,exch_rate,2,0.0859994558479488,MF-VAR (manual),2020-03-31,Other,0.0646818482575237,0.0213176075904251
Cutoff only,0,111,2019 Q3,2020 Q1,exch_rate,2,0.0889586941906748,MIDAS,2020-03-31,Other,0.0646818482575237,0.024276845933151
Cutoff only,0,111,2019 Q3,2020 Q1,exch_rate,2,0.0858882813402294,MIDAS (trend),2020-03-31,Other,0.0646818482575237,0.0212064330827056
Cutoff only,0,111,2019 Q3,2020 Q1,exch_rate,2,0.0891234859614079,MIDAS-Latent,2020-03-31,Other,0.0646818482575237,0.0244416377038841
Cutoff only,0,111,2019 Q3,2020 Q1,exch_rate,2,0.0912661249985377,MIDAS-Latent (trend),2020-03-31,Other,0.0646818482575237,0.0265842767410139
Cutoff only,0,111,2019 Q3,2020 Q2,exch_rate,3,0.0777794718695779,AR(2),2020-06-30,Other,0.0591823910881712,0.0185970807814067
Cutoff only,0,111,2019 Q3,2020 Q2,exch_rate,3,0.0565889816756921,MF-VAR,2020-06-30,Other,0.0591823910881712,-0.002593409412479
Cutoff only,0,111,2019 Q3,2020 Q2,exch_rate,3,0.0852891284847467,MF-VAR (manual),2020-06-30,Other,0.0591823910881712,0.0261067373965755
Cutoff only,0,111,2019 Q3,2020 Q2,exch_rate,3,0.112468488671097,MIDAS,2020-06-30,Other,0.0591823910881712,0.0532860975829257
Cutoff only,0,111,2019 Q3,2020 Q2,exch_rate,3,0.1029743110649154,MIDAS (trend),2020-06-30,Other,0.0591823910881712,0.0437919199767441
Cutoff only,0,111,2019 Q3,2020 Q2,exch_rate,3,0.1126804667206094,MIDAS-Latent,2020-06-30,Other,0.0591823910881712,0.0534980756324382
Cutoff only,0,111,2019 Q3,2020 Q2,exch_rate,3,0.0862818038507177,MIDAS-Latent (trend),2020-06-30,Other,0.0591823910881712,0.0270994127625464
Cutoff only,0,111,2019 Q3,2020 Q3,exch_rate,4,0.070825228000029,AR(2),2020-09-30,1-year ahead,0.0725464417408555,-0.0017212137408264
Cutoff only,0,111,2019 Q3,2020 Q3,exch_rate,4,0.0442869225733712,MF-VAR,2020-09-30,1-year ahead,0.0725464417408555,-0.0282595191674842
Cutoff only,0,111,2019 Q3,2020 Q3,exch_rate,4,0.0828321778853086,MF-VAR (manual),2020-09-30,1-year ahead,0.0725464417408555,0.0102857361444531
Cutoff only,0,111,2019 Q3,2020 Q3,exch_rate,4,0.0863605590977823,MIDAS,2020-09-30,1-year ahead,0.0725464417408555,0.0138141173569268
Cutoff only,0,111,2019 Q3,2020 Q3,exch_rate,4,0.0798822023466575,MIDAS (trend),2020-09-30,1-year ahead,0.0725464417408555,0.007335760605802
Cutoff only,0,111,2019 Q3,2020 Q3,exch_rate,4,0.0866920582210756,MIDAS-Latent,2020-09-30,1-year ahead,0.0725464417408555,0.01414561648022
Cutoff only,0,111,2019 Q3,2020 Q3,exch_rate,4,0.0815757179895532,MIDAS-Latent (trend),2020-09-30,1-year ahead,0.0725464417408555,0.0090292762486977
Cutoff only,0,111,2019 Q3,2019 Q4,gdp_growth,1,1.604925184596289,AR(2),2019-12-31,1-step ahead,2.598755881032133,-0.993830696435844
Cutoff only,0,111,2019 Q3,2019 Q4,gdp_growth,1,1.2127967227840486,MF-VAR,2019-12-31,1-step ahead,2.598755881032133,-1.3859591582480846
Cutoff only,0,111,2019 Q3,2019 Q4,gdp_growth,1,1.1758160971438023,MF-VAR (manual),2019-12-31,1-step ahead,2.598755881032133,-1.4229397838883306
Cutoff only,0,111,2019 Q3,2019 Q4,gdp_growth,1,1.8102753088902808,MIDAS,2019-12-31,1-step ahead,2.598755881032133,-0.7884805721418524
Cutoff only,0,111,2019 Q3,2019 Q4,gdp_growth,1,1.6126943256042814,MIDAS (trend),2019-12-31,1-step ahead,2.598755881032133,-0.9860615554278518
Cutoff only,0,111,2019 Q3,2019 Q4,gdp_growth,1,1.6307534580593672,MIDAS-Latent,2019-12-31,1-step ahead,2.598755881032133,-0.968002422972766
Cutoff only,0,111,2019 Q3,2019 Q4,gdp_growth,1,1.5435755480705966,MIDAS-Latent (trend),2019-12-31,1-step ahead,2.598755881032133,-1.0551803329615366
Cutoff only,0,111,2019 Q3,2020 Q1,gdp_growth,2,1.7673480549081049,AR(2),2020-03-31,Other,-7.067810646740469,8.835158701648574
Cutoff only,0,111,2019 Q3,2020 Q1,gdp_growth,2,0.816796024773901,MF-VAR,2020-03-31,Other,-7.067810646740469,7.88460667151437
Cutoff only,0,111,2019 Q3,2020 Q1,gdp_growth,2,1.3604520597184493,MF-VAR (manual),2020-03-31,Other,-7.067810646740469,8.428262706458918
Cutoff only,0,111,2019 Q3,2020 Q1,gdp_growth,2,1.775642611330589,MIDAS,2020-03-31,Other,-7.067810646740469,8.843453258071058
Cutoff only,0,111,2019 Q3,2020 Q1,gdp_growth,2,1.5746009071036224,MIDAS (trend),2020-03-31,Other,-7.067810646740469,8.642411553844092
Cutoff only,0,111,2019 Q3,2020 Q1,gdp_growth,2,1.6355257631245328,MIDAS-Latent,2020-03-31,Other,-7.067810646740469,8.703336409865003
Cutoff only,0,111,2019 Q3,2020 Q1,gdp_growth,2,1.546685597783929,MIDAS-Latent (trend),2020-03-31,Other,-7.067810646740469,8.614496244524398
Cutoff only,0,111,2019 Q3,2020 Q2,gdp_growth,3,1.8183837164221917,AR(2),2020-06-30,Other,-27.833251932801065,29.65163564922325
Cutoff only,0,111,2019 Q3,2020 Q2,gdp_growth,3,0.7162845163683322,MF-VAR,2020-06-30,Other,-27.833251932801065,28.549536449169395
Cutoff only,0,111,2019 Q3,2020 Q2,gdp_growth,3,1.5068540634092156,MF-VAR (manual),2020-06-30,Other,-27.833251932801065,29.34010599621028
Cutoff only,0,111,2019 Q3,2020 Q2,gdp_growth,3,1.916477440502664,MIDAS,2020-06-30,Other,-27.833251932801065,29.74972937330373
Cutoff only,0,111,2019 Q3,2020 Q2,gdp_growth,3,1.664547801250313,MIDAS (trend),2020-06-30,Other,-27.833251932801065,29.497799734051377
Cutoff only,0,111,2019 Q3,2020 Q2,gdp_growth,3,1.6219501037574613,MIDAS-Latent,2020-06-30,Other,-27.833251932801065,29.455202036558525
Cutoff only,0,111,2019 Q3,2020 Q2,gdp_growth,3,1.5344925917243293,MIDAS-Latent (trend),2020-06-30,Other,-27.833251932801065,29.367744524525392
Cutoff only,0,111,2019 Q3,2020 Q3,gdp_growth,4,1.8330140385799525,AR(2),2020-09-30,1-year ahead,28.019705798225655,-26.186691759645704
Cutoff only,0,111,2019 Q3,2020 Q3,gdp_growth,4,0.7202920066590424,MF-VAR,2020-09-30,1-year ahead,28.019705798225655,-27.29941379156661
Cutoff only,0,111,2019 Q3,2020 Q3,gdp_growth,4,1.9921245955892608,MF-VAR (manual),2020-09-30,1-year ahead,28.019705798225655,-26.0275812026364
Cutoff only,0,111,2019 Q3,2020 Q3,gdp_growth,4,1.9083139846767845,MIDAS,2020-09-30,1-year ahead,28.019705798225655,-26.111391813548877
Cutoff only,0,111,2019 Q3,2020 Q3,gdp_growth,4,1.6519378394780218,MIDAS (trend),2020-09-30,1-year ahead,28.019705798225655,-26.367767958747635
Cutoff only,0,111,2019 Q3,2020 Q3,gdp_growth,4,1.621795094440725,MIDAS-Latent,2020-09-30,1-year ahead,28.019705798225655,-26.39791070378493
Cutoff only,0,111,2019 Q3,2020 Q3,gdp_growth,4,1.5327963056083818,MIDAS-Latent (trend),2020-09-30,1-year ahead,28.019705798225655,-26.48690949261728
Cutoff only,0,111,2019 Q3,2019 Q4,inflation,1,0.0058868224927746,AR(2),2019-12-31,1-step ahead,-0.6876495314639186,0.6935363539566932
Cutoff only,0,111,2019 Q3,2019 Q4,inflation,1,-0.8629354217656982,MF-VAR,2019-12-31,1-step ahead,-0.6876495314639186,-0.1752858903017795
Cutoff only,0,111,2019 Q3,2019 Q4,inflation,1,-1.5100447666710672,MF-VAR (manual),2019-12-31,1-step ahead,-0.6876495314639186,-0.8223952352071486
Cutoff only,0,111,2019 Q3,2019 Q4,inflation,1,0.9067703351796856,MIDAS,2019-12-31,1-step ahead,-0.6876495314639186,1.5944198666436042
Cutoff only,0,111,2019 Q3,2019 Q4,inflation,1,0.1997220877125795,MIDAS (trend),2019-12-31,1-step ahead,-0.6876495314639186,0.8873716191764981
Cutoff only,0,111,2019 Q3,2019 Q4,inflation,1,-0.485901001981428,MIDAS-Latent,2019-12-31,1-step ahead,-0.6876495314639186,0.2017485294824905
Cutoff only,0,111,2019 Q3,2019 Q4,inflation,1,-0.53189879861061,MIDAS-Latent (trend),2019-12-31,1-step ahead,-0.6876495314639186,0.1557507328533086
Cutoff only,0,111,2019 Q3,2020 Q1,inflation,2,0.2401875866903708,AR(2),2020-03-31,Other,-0.5383806198913987,0.7785682065817696
Cutoff only,0,111,2019 Q3,2020 Q1,inflation,2,0.0942728290396159,MF-VAR,2020-03-31,Other,-0.5383806198913987,0.6326534489310147
Cutoff only,0,111,2019 Q3,2020 Q1,inflation,2,-1.521327976281409,MF-VAR (manual),2020-03-31,Other,-0.5383806198913987,-0.9829473563900102
Cutoff only,0,111,2019 Q3,2020 Q1,inflation,2,0.1048686695316252,MIDAS,2020-03-31,Other,-0.5383806198913987,0.643249289423024
Cutoff only,0,111,2019 Q3,2020 Q1,inflation,2,-0.3413663207537046,MIDAS (trend),2020-03-31,Other,-0.5383806198913987,0.1970142991376941
Cutoff only,0,111,2019 Q3,2020 Q1,inflation,2,-0.503502137044441,MIDAS-Latent,2020-03-31,Other,-0.5383806198913987,0.0348784828469577
Cutoff only,0,111,2019 Q3,2020 Q1,inflation,2,-0.5363892092135062,MIDAS-Latent (trend),2020-03-31,Other,-0.5383806198913987,0.0019914106778925
Cutoff only,0,111,2019 Q3,2020 Q2,inflation,3,0.4209926222426714,AR(2),2020-06-30,Other,-2.654470813291354,3.075463435534026
Cutoff only,0,111,2019 Q3,2020 Q2,inflation,3,0.0859898285072903,MF-VAR,2020-06-30,Other,-2.654470813291354,2.740460641798645
Cutoff only,0,111,2019 Q3,2020 Q2,inflation,3,-1.5686735242132288,MF-VAR (manual),2020-06-30,Other,-2.654470813291354,1.0857972890781251
Cutoff only,0,111,2019 Q3,2020 Q2,inflation,3,0.7219993091700885,MIDAS,2020-06-30,Other,-2.654470813291354,3.376470122461442
Cutoff only,0,111,2019 Q3,2020 Q2,inflation,3,-0.1081319743378094,MIDAS (trend),2020-06-30,Other,-2.654470813291354,2.546338838953545
Cutoff only,0,111,2019 Q3,2020 Q2,inflation,3,-0.500616268101349,MIDAS-Latent,2020-06-30,Other,-2.654470813291354,2.153854545190005
Cutoff only,0,111,2019 Q3,2020 Q2,inflation,3,-0.5367935054885821,MIDAS-Latent (trend),2020-06-30,Other,-2.654470813291354,2.117677307802772
Cutoff only,0,111,2019 Q3,2020 Q3,inflation,4,0.5260625412368949,AR(2),2020-09-30,1-year ahead,0.3909466976683262,0.1351158435685686
Cutoff only,0,111,2019 Q3,2020 Q3,inflation,4,0.037668820830358,MF-VAR,2020-09-30,1-year ahead,0.3909466976683262,-0.3532778768379682
Cutoff only,0,111,2019 Q3,2020 Q3,inflation,4,-1.495000382195686,MF-VAR (manual),2020-09-30,1-year ahead,0.3909466976683262,-1.8859470798640123
Cutoff only,0,111,2019 Q3,2020 Q3,inflation,4,0.4423606822930841,MIDAS,2020-09-30,1-year ahead,0.3909466976683262,0.0514139846247578
Cutoff only,0,111,2019 Q3,2020 Q3,inflation,4,-0.2442420617990875,MIDAS (trend),2020-09-30,1-year ahead,0.3909466976683262,-0.6351887594674138
Cutoff only,0,111,2019 Q3,2020 Q3,inflation,4,-0.5007509894062913,MIDAS-Latent,2020-09-30,1-year ahead,0.3909466976683262,-0.8916976870746175
Cutoff only,0,111,2019 Q3,2020 Q3,inflation,4,-0.5377189766607604,MIDAS-Latent (trend),2020-09-30,1-year ahead,0.3909466976683262,-0.9286656743290866
Cutoff only,0,112,2019 Q4,2020 Q1,exch_rate,1,0.0876449570841164,AR(2),2020-03-31,1-step ahead,0.0646818482575237,0.0229631088265926
Cutoff only,0,112,2019 Q4,2020 Q1,exch_rate,1,0.0866342059819984,MF-VAR,2020-03-31,1-step ahead,0.0646818482575237,0.0219523577244746
Cutoff only,0,112,2019 Q4,2020 Q1,exch_rate,1,0.0900300164503377,MF-VAR (manual),2020-03-31,1-step ahead,0.0646818482575237,0.0253481681928139
Cutoff only,0,112,2019 Q4,2020 Q1,exch_rate,1,0.0945281968635845,MIDAS,2020-03-31,1-step ahead,0.0646818482575237,0.0298463486060607
Cutoff only,0,112,2019 Q4,2020 Q1,exch_rate,1,0.090928698929776,MIDAS (trend),2020-03-31,1-step ahead,0.0646818482575237,0.0262468506722522
Cutoff only,0,112,2019 Q4,2020 Q1,exch_rate,1,0.0877361761125656,MIDAS-Latent,2020-03-31,1-step ahead,0.0646818482575237,0.0230543278550419
Cutoff only,0,112,2019 Q4,2020 Q1,exch_rate,1,0.0881073108129732,MIDAS-Latent (trend),2020-03-31,1-step ahead,0.0646818482575237,0.0234254625554495
Cutoff only,0,112,2019 Q4,2020 Q2,exch_rate,2,0.0858613393649958,AR(2),2020-06-30,Other,0.0591823910881712,0.0266789482768246
Cutoff only,0,112,2019 Q4,2020 Q2,exch_rate,2,0.0677857771891477,MF-VAR,2020-06-30,Other,0.0591823910881712,0.0086033861009764
Cutoff only,0,112,2019 Q4,2020 Q2,exch_rate,2,0.0891799752322951,MF-VAR (manual),2020-06-30,Other,0.0591823910881712,0.0299975841441238
Cutoff only,0,112,2019 Q4,2020 Q2,exch_rate,2,0.0948031840352372,MIDAS,2020-06-30,Other,0.0591823910881712,0.0356207929470659
Cutoff only,0,112,2019 Q4,2020 Q2,exch_rate,2,0.0907584019333798,MIDAS (trend),2020-06-30,Other,0.0591823910881712,0.0315760108452086
Cutoff only,0,112,2019 Q4,2020 Q2,exch_rate,2,0.0880108985924686,MIDAS-Latent,2020-06-30,Other,0.0591823910881712,0.0288285075042974
Cutoff only,0,112,2019 Q4,2020 Q2,exch_rate,2,0.0832411569199424,MIDAS-Latent (trend),2020-06-30,Other,0.0591823910881712,0.0240587658317712
Cutoff only,0,112,2019 Q4,2020 Q3,exch_rate,3,0.0784105654172161,AR(2),2020-09-30,Other,0.0725464417408555,0.0058641236763606
Cutoff only,0,112,2019 Q4,2020 Q3,exch_rate,3,0.0495141878564822,MF-VAR,2020-09-30,Other,0.0725464417408555,-0.0230322538843733
Cutoff only,0,112,2019 Q4,2020 Q3,exch_rate,3,0.0875717662137334,MF-VAR (manual),2020-09-30,Other,0.0725464417408555,0.0150253244728779
Cutoff only,0,112,2019 Q4,2020 Q3,exch_rate,3,0.0973822218520898,MIDAS,2020-09-30,Other,0.0725464417408555,0.0248357801112343
Cutoff only,0,112,2019 Q4,2020 Q3,exch_rate,3,0.0894597273376286,MIDAS (trend),2020-09-30,Other,0.0725464417408555,0.016913285596773
Cutoff only,0,112,2019 Q4,2020 Q3,exch_rate,3,0.0839375261475121,MIDAS-Latent,2020-09-30,Other,0.0725464417408555,0.0113910844066566
Cutoff only,0,112,2019 Q4,2020 Q3,exch_rate,3,0.0785350583983666,MIDAS-Latent (trend),2020-09-30,Other,0.0725464417408555,0.005988616657511
Cutoff only,0,112,2019 Q4,2020 Q4,exch_rate,4,0.0750788674228951,AR(2),2020-12-31,1-year ahead,0.0749666427639009,0.0001122246589941589
Cutoff only,0,112,2019 Q4,2020 Q4,exch_rate,4,0.0388140996057923,MF-VAR,2020-12-31,1-year ahead,0.0749666427639009,-0.0361525431581086
Cutoff only,0,112,2019 Q4,2020 Q4,exch_rate,4,0.0858994629475486,MF-VAR (manual),2020-12-31,1-year ahead,0.0749666427639009,0.0109328201836476
Cutoff only,0,112,2019 Q4,2020 Q4,exch_rate,4,0.0976517155383678,MIDAS,2020-12-31,1-year ahead,0.0749666427639009,0.0226850727744668
Cutoff only,0,112,2019 Q4,2020 Q4,exch_rate,4,0.0888819159366264,MIDAS (trend),2020-12-31,1-year ahead,0.0749666427639009,0.0139152731727255
Cutoff only,0,112,2019 Q4,2020 Q4,exch_rate,4,0.0842065012756052,MIDAS-Latent,2020-12-31,1-year ahead,0.0749666427639009,0.0092398585117042
Cutoff only,0,112,2019 Q4,2020 Q4,exch_rate,4,0.0738713101643779,MIDAS-Latent (trend),2020-12-31,1-year ahead,0.0749666427639009,-0.0010953325995229
Cutoff only,0,112,2019 Q4,2020 Q1,gdp_growth,1,2.1690620781048686,AR(2),2020-03-31,1-step ahead,-7.067810646740469,9.236872724845336
Cutoff only,0,112,2019 Q4,2020 Q1,gdp_growth,1,2.598755881032133,MF-VAR,2020-03-31,1-step ahead,-7.067810646740469,9.666566527772602
Cutoff only,0,112,2019 Q4,2020 Q1,gdp_growth,1,2.8074306516087844,MF-VAR (manual),2020-03-31,1-step ahead,-7.067810646740469,9.875241298349254
Cutoff only,0,112,2019 Q4,2020 Q1,gdp_growth,1,2.348808935117043,MIDAS,2020-03-31,1-step ahead,-7.067810646740469,9.416619581857512
Cutoff only,0,112,2019 Q4,2020 Q1,gdp_growth,1,2.1665402725254577,MIDAS (trend),2020-03-31,1-step ahead,-7.067810646740469,9.234350919265928
Cutoff only,0,112,2019 Q4,2020 Q1,gdp_growth,1,2.4187474024501405,MIDAS-Latent,2020-03-31,1-step ahead,-7.067810646740469,9.48655804919061
Cutoff only,0,112,2019 Q4,2020 Q1,gdp_growth,1,2.340998298022323,MIDAS-Latent (trend),2020-03-31,1-step ahead,-7.067810646740469,9.408808944762791
Cutoff only,0,112,2019 Q4,2020 Q2,gdp_growth,2,1.947825025042797,AR(2),2020-06-30,Other,-27.833251932801065,29.781076957843855
Cutoff only,0,112,2019 Q4,2020 Q2,gdp_growth,2,0.9275521485879016,MF-VAR,2020-06-30,Other,-27.833251932801065,28.76080408138896
Cutoff only,0,112,2019 Q4,2020 Q2,gdp_growth,2,3.073920374451899,MF-VAR (manual),2020-06-30,Other,-27.833251932801065,30.90717230725296
Cutoff only,0,112,2019 Q4,2020 Q2,gdp_growth,2,2.6763544377514026,MIDAS,2020-06-30,Other,-27.833251932801065,30.509606370552465
Cutoff only,0,112,2019 Q4,2020 Q2,gdp_growth,2,2.489193569027228,MIDAS (trend),2020-06-30,Other,-27.833251932801065,30.32244550182829
Cutoff only,0,112,2019 Q4,2020 Q2,gdp_growth,2,2.370937334660254,MIDAS-Latent,2020-06-30,Other,-27.833251932801065,30.20418926746132
Cutoff only,0,112,2019 Q4,2020 Q2,gdp_growth,2,2.2923664003440423,MIDAS-Latent (trend),2020-06-30,Other,-27.833251932801065,30.125618333145106
Cutoff only,0,112,2019 Q4,2020 Q3,gdp_growth,3,1.8747620217184569,AR(2),2020-09-30,Other,28.019705798225655,-26.1449437765072
Cutoff only,0,112,2019 Q4,2020 Q3,gdp_growth,3,1.1889478345981792,MF-VAR,2020-09-30,Other,28.019705798225655,-26.83075796362748
Cutoff only,0,112,2019 Q4,2020 Q3,gdp_growth,3,3.4507347652595213,MF-VAR (manual),2020-09-30,Other,28.019705798225655,-24.568971032966136
Cutoff only,0,112,2019 Q4,2020 Q3,gdp_growth,3,2.6172841559581297,MIDAS,2020-09-30,Other,28.019705798225655,-25.402421642267527
Cutoff only,0,112,2019 Q4,2020 Q3,gdp_growth,3,2.38424510621067,MIDAS (trend),2020-09-30,Other,28.019705798225655,-25.635460692014988
Cutoff only,0,112,2019 Q4,2020 Q3,gdp_growth,3,2.3771469098216444,MIDAS-Latent,2020-09-30,Other,28.019705798225655,-25.64255888840401
Cutoff only,0,112,2019 Q4,2020 Q3,gdp_growth,3,2.2997498158785508,MIDAS-Latent (trend),2020-09-30,Other,28.019705798225655,-25.71995598234711
Cutoff only,0,112,2019 Q4,2020 Q4,gdp_growth,4,1.8534673905561143,AR(2),2020-12-31,1-year ahead,2.205063679566166,-0.3515962890100514
Cutoff only,0,112,2019 Q4,2020 Q4,gdp_growth,4,1.3068936698491025,MF-VAR,2020-12-31,1-year ahead,2.205063679566166,-0.8981700097170637
Cutoff only,0,112,2019 Q4,2020 Q4,gdp_growth,4,3.001607112662152,MF-VAR (manual),2020-12-31,1-year ahead,2.205063679566166,0.796543433095986
Cutoff only,0,112,2019 Q4,2020 Q4,gdp_growth,4,2.694693404028333,MIDAS,2020-12-31,1-year ahead,2.205063679566166,0.4896297244621665
Cutoff only,0,112,2019 Q4,2020 Q4,gdp_growth,4,2.4568281314217693,MIDAS (trend),2020-12-31,1-year ahead,2.205063679566166,0.2517644518556032
Cutoff only,0,112,2019 Q4,2020 Q4,gdp_growth,4,2.378796166633052,MIDAS-Latent,2020-12-31,1-year ahead,2.205063679566166,0.1737324870668861
Cutoff only,0,112,2019 Q4,2020 Q4,gdp_growth,4,2.300006552910217,MIDAS-Latent (trend),2020-12-31,1-year ahead,2.205063679566166,0.0949428733440509
Cutoff only,0,112,2019 Q4,2020 Q1,inflation,1,-0.0881384029401859,AR(2),2020-03-31,1-step ahead,-0.5383806198913987,0.4502422169512128
Cutoff only,0,112,2019 Q4,2020 Q1,inflation,1,-0.6876495314639186,MF-VAR,2020-03-31,1-step ahead,-0.5383806198913987,-0.1492689115725198
Cutoff only,0,112,2019 Q4,2020 Q1,inflation,1,-0.6250554475037937,MF-VAR (manual),2020-03-31,1-step ahead,-0.5383806198913987,-0.0866748276123949
Cutoff only,0,112,2019 Q4,2020 Q1,inflation,1,0.1403508572603616,MIDAS,2020-03-31,1-step ahead,-0.5383806198913987,0.6787314771517603
Cutoff only,0,112,2019 Q4,2020 Q1,inflation,1,-0.3633303796771218,MIDAS (trend),2020-03-31,1-step ahead,-0.5383806198913987,0.1750502402142769
Cutoff only,0,112,2019 Q4,2020 Q1,inflation,1,-0.7377685835695494,MIDAS-Latent,2020-03-31,1-step ahead,-0.5383806198913987,-0.1993879636781507
Cutoff only,0,112,2019 Q4,2020 Q1,inflation,1,-0.7721114707634403,MIDAS-Latent (trend),2020-03-31,1-step ahead,-0.5383806198913987,-0.2337308508720416
Cutoff only,0,112,2019 Q4,2020 Q2,inflation,2,0.2188489991362301,AR(2),2020-06-30,Other,-2.654470813291354,2.8733198124275843
Cutoff only,0,112,2019 Q4,2020 Q2,inflation,2,0.1834642335874592,MF-VAR,2020-06-30,Other,-2.654470813291354,2.8379350468788136
Cutoff only,0,112,2019 Q4,2020 Q2,inflation,2,-0.6653233350580524,MF-VAR (manual),2020-06-30,Other,-2.654470813291354,1.9891474782333016
Cutoff only,0,112,2019 Q4,2020 Q2,inflation,2,0.2002521358432651,MIDAS,2020-06-30,Other,-2.654470813291354,2.854722949134619
Cutoff only,0,112,2019 Q4,2020 Q2,inflation,2,-0.3368182182000915,MIDAS (trend),2020-06-30,Other,-2.654470813291354,2.3176525950912628
Cutoff only,0,112,2019 Q4,2020 Q2,inflation,2,-0.7363342602119365,MIDAS-Latent,2020-06-30,Other,-2.654470813291354,1.9181365530794177
Cutoff only,0,112,2019 Q4,2020 Q2,inflation,2,-0.7728139406515407,MIDAS-Latent (trend),2020-06-30,Other,-2.654470813291354,1.8816568726398133
Cutoff only,0,112,2019 Q4,2020 Q3,inflation,3,0.405980005906114,AR(2),2020-09-30,Other,0.3909466976683262,0.0150333082377878
Cutoff only,0,112,2019 Q4,2020 Q3,inflation,3,0.1231894838000305,MF-VAR,2020-09-30,Other,0.3909466976683262,-0.2677572138682956
Cutoff only,0,112,2019 Q4,2020 Q3,inflation,3,-0.6252369161708322,MF-VAR (manual),2020-09-30,Other,0.3909466976683262,-1.0161836138391585
Cutoff only,0,112,2019 Q4,2020 Q3,inflation,3,0.4832086354584655,MIDAS,2020-09-30,Other,0.3909466976683262,0.0922619377901392
Cutoff only,0,112,2019 Q4,2020 Q3,inflation,3,-0.2774577965068652,MIDAS (trend),2020-09-30,Other,0.3909466976683262,-0.6684044941751914
Cutoff only,0,112,2019 Q4,2020 Q3,inflation,3,-0.7367443726686366,MIDAS-Latent,2020-09-30,Other,0.3909466976683262,-1.127691070336963
Cutoff only,0,112,2019 Q4,2020 Q3,inflation,3,-0.7740074547745658,MIDAS-Latent (trend),2020-09-30,Other,0.3909466976683262,-1.164954152442892
Cutoff only,0,112,2019 Q4,2020 Q4,inflation,4,0.5166170650344435,AR(2),2020-12-31,1-year ahead,0.1723123898273115,0.3443046752071319
Cutoff only,0,112,2019 Q4,2020 Q4,inflation,4,-0.0007430732868565215,MF-VAR,2020-12-31,1-year ahead,0.1723123898273115,-0.173055463114168
Cutoff only,0,112,2019 Q4,2020 Q4,inflation,4,-0.5795588021418242,MF-VAR (manual),2020-12-31,1-year ahead,0.1723123898273115,-0.7518711919691358
Cutoff only,0,112,2019 Q4,2020 Q4,inflation,4,0.5036789834693013,MIDAS,2020-12-31,1-year ahead,0.1723123898273115,0.3313665936419897
Cutoff only,0,112,2019 Q4,2020 Q4,inflation,4,-0.2837366919326621,MIDAS (trend),2020-12-31,1-year ahead,0.1723123898273115,-0.4560490817599736
Cutoff only,0,112,2019 Q4,2020 Q4,inflation,4,-0.7367326359367716,MIDAS-Latent,2020-12-31,1-year ahead,0.1723123898273115,-0.9090450257640832
Cutoff only,0,112,2019 Q4,2020 Q4,inflation,4,-0.7750426245347605,MIDAS-Latent (trend),2020-12-31,1-year ahead,0.1723123898273115,-0.947355014362072
Cutoff only,0,113,2020 Q1,2020 Q2,exch_rate,1,0.0598648860953209,AR(2),2020-06-30,1-step ahead,0.0591823910881712,0.000682495007149668
Cutoff only,0,113,2020 Q1,2020 Q2,exch_rate,1,0.0625080364977126,MF-VAR,2020-06-30,1-step ahead,0.0591823910881712,0.0033256454095413
Cutoff only,0,113,2020 Q1,2020 Q2,exch_rate,1,0.0638546775756843,MF-VAR (manual),2020-06-30,1-step ahead,0.0591823910881712,0.0046722864875131
Cutoff only,0,113,2020 Q1,2020 Q2,exch_rate,1,0.0264190434390371,MIDAS,2020-06-30,1-step ahead,0.0591823910881712,-0.0327633476491341
Cutoff only,0,113,2020 Q1,2020 Q2,exch_rate,1,0.0283372511115216,MIDAS (trend),2020-06-30,1-step ahead,0.0591823910881712,-0.0308451399766496
Cutoff only,0,113,2020 Q1,2020 Q2,exch_rate,1,0.0871409414726181,MIDAS-Latent,2020-06-30,1-step ahead,0.0591823910881712,0.0279585503844468
Cutoff only,0,113,2020 Q1,2020 Q2,exch_rate,1,0.0687551237667199,MIDAS-Latent (trend),2020-06-30,1-step ahead,0.0591823910881712,0.0095727326785486
Cutoff only,0,113,2020 Q1,2020 Q3,exch_rate,2,0.0532747356507829,AR(2),2020-09-30,Other,0.0725464417408555,-0.0192717060900725
Cutoff only,0,113,2020 Q1,2020 Q3,exch_rate,2,0.0326340962861782,MF-VAR,2020-09-30,Other,0.0725464417408555,-0.0399123454546772
Cutoff only,0,113,2020 Q1,2020 Q3,exch_rate,2,0.062129524203026,MF-VAR (manual),2020-09-30,Other,0.0725464417408555,-0.0104169175378295
Cutoff only,0,113,2020 Q1,2020 Q3,exch_rate,2,-0.00034148813665275897,MIDAS,2020-09-30,Other,0.0725464417408555,-0.0728879298775082
Cutoff only,0,113,2020 Q1,2020 Q3,exch_rate,2,0.0032444088705181,MIDAS (trend),2020-09-30,Other,0.0725464417408555,-0.0693020328703373
Cutoff only,0,113,2020 Q1,2020 Q3,exch_rate,2,0.060499970530406,MIDAS-Latent,2020-09-30,Other,0.0725464417408555,-0.0120464712104494
Cutoff only,0,113,2020 Q1,2020 Q3,exch_rate,2,0.0649289400750087,MIDAS-Latent (trend),2020-09-30,Other,0.0725464417408555,-0.0076175016658468
Cutoff only,0,113,2020 Q1,2020 Q4,exch_rate,3,0.0514840734806302,AR(2),2020-12-31,Other,0.0749666427639009,-0.0234825692832707
Cutoff only,0,113,2020 Q1,2020 Q4,exch_rate,3,0.0221541413699608,MF-VAR,2020-12-31,Other,0.0749666427639009,-0.05281250139394
Cutoff only,0,113,2020 Q1,2020 Q4,exch_rate,3,0.0618636919423079,MF-VAR (manual),2020-12-31,Other,0.0749666427639009,-0.013102950821593
Cutoff only,0,113,2020 Q1,2020 Q4,exch_rate,3,-0.0379656967039641,MIDAS,2020-12-31,Other,0.0749666427639009,-0.1129323394678651
Cutoff only,0,113,2020 Q1,2020 Q4,exch_rate,3,-0.0301229227225382,MIDAS (trend),2020-12-31,Other,0.0749666427639009,-0.1050895654864391
Cutoff only,0,113,2020 Q1,2020 Q4,exch_rate,3,0.0824855593415235,MIDAS-Latent,2020-12-31,Other,0.0749666427639009,0.0075189165776225
Cutoff only,0,113,2020 Q1,2020 Q4,exch_rate,3,0.0599281571868439,MIDAS-Latent (trend),2020-12-31,Other,0.0749666427639009,-0.0150384855770569
Cutoff only,0,113,2020 Q1,2021 Q1,exch_rate,4,0.047985426756874,AR(2),2021-03-31,1-year ahead,0.0865120373644991,-0.0385266106076251
Cutoff only,0,113,2020 Q1,2021 Q1,exch_rate,4,0.0099412396132751,MF-VAR,2021-03-31,1-year ahead,0.0865120373644991,-0.076570797751224
Cutoff only,0,113,2020 Q1,2021 Q1,exch_rate,4,0.0599452996057388,MF-VAR (manual),2021-03-31,1-year ahead,0.0865120373644991,-0.0265667377587602
Cutoff only,0,113,2020 Q1,2021 Q1,exch_rate,4,-0.0642796019744272,MIDAS,2021-03-31,1-year ahead,0.0865120373644991,-0.1507916393389264
Cutoff only,0,113,2020 Q1,2021 Q1,exch_rate,4,-0.053292667527365,MIDAS (trend),2021-03-31,1-year ahead,0.0865120373644991,-0.1398047048918642
Cutoff only,0,113,2020 Q1,2021 Q1,exch_rate,4,0.0564062592088381,MIDAS-Latent,2021-03-31,1-year ahead,0.0865120373644991,-0.030105778155661
Cutoff only,0,113,2020 Q1,2021 Q1,exch_rate,4,0.0552239319016719,MIDAS-Latent (trend),2021-03-31,1-year ahead,0.0865120373644991,-0.0312881054628271
Cutoff only,0,113,2020 Q1,2020 Q2,gdp_growth,1,-1.2149317134500268,AR(2),2020-06-30,1-step ahead,-27.833251932801065,26.618320219351038
Cutoff only,0,113,2020 Q1,2020 Q2,gdp_growth,1,-7.067810646740468,MF-VAR,2020-06-30,1-step ahead,-27.833251932801065,20.765441286060597
Cutoff only,0,113,2020 Q1,2020 Q2,gdp_growth,1,-10.575689918242285,MF-VAR (manual),2020-06-30,1-step ahead,-27.833251932801065,17.25756201455878
Cutoff only,0,113,2020 Q1,2020 Q2,gdp_growth,1,-4.875122078627175,MIDAS,2020-06-30,1-step ahead,-27.833251932801065,22.958129854173887
Cutoff only,0,113,2020 Q1,2020 Q2,gdp_growth,1,-5.073387620300329,MIDAS (trend),2020-06-30,1-step ahead,-27.833251932801065,22.75986431250073
Cutoff only,0,113,2020 Q1,2020 Q2,gdp_growth,1,-4.157085871582796,MIDAS-Latent,2020-06-30,1-step ahead,-27.833251932801065,23.676166061218268
Cutoff only,0,113,2020 Q1,2020 Q2,gdp_growth,1,-4.299096404980267,MIDAS-Latent (trend),2020-06-30,1-step ahead,-27.833251932801065,23.534155527820797
Cutoff only,0,113,2020 Q1,2020 Q3,gdp_growth,2,0.7546040462730381,AR(2),2020-09-30,Other,28.019705798225655,-27.26510175195262
Cutoff only,0,113,2020 Q1,2020 Q3,gdp_growth,2,-1.361256751024266,MF-VAR,2020-09-30,Other,28.019705798225655,-29.38096254924993
Cutoff only,0,113,2020 Q1,2020 Q3,gdp_growth,2,-10.688479122797776,MF-VAR (manual),2020-09-30,Other,28.019705798225655,-38.70818492102343
Cutoff only,0,113,2020 Q1,2020 Q3,gdp_growth,2,-7.728841536113076,MIDAS,2020-09-30,Other,28.019705798225655,-35.74854733433873
Cutoff only,0,113,2020 Q1,2020 Q3,gdp_growth,2,-7.8997095561181885,MIDAS (trend),2020-09-30,Other,28.019705798225655,-35.91941535434385
Cutoff only,0,113,2020 Q1,2020 Q3,gdp_growth,2,-3.8622439533294064,MIDAS-Latent,2020-09-30,Other,28.019705798225655,-31.881949751555062
Cutoff only,0,113,2020 Q1,2020 Q3,gdp_growth,2,-4.01359325705356,MIDAS-Latent (trend),2020-09-30,Other,28.019705798225655,-32.033299055279215
Cutoff only,0,113,2020 Q1,2020 Q4,gdp_growth,3,1.4227698235122277,AR(2),2020-12-31,Other,2.205063679566166,-0.7822938560539385
Cutoff only,0,113,2020 Q1,2020 Q4,gdp_growth,3,0.600732771984962,MF-VAR,2020-12-31,Other,2.205063679566166,-1.604330907581204
Cutoff only,0,113,2020 Q1,2020 Q4,gdp_growth,3,-10.299680983749663,MF-VAR (manual),2020-12-31,Other,2.205063679566166,-12.504744663315831
Cutoff only,0,113,2020 Q1,2020 Q4,gdp_growth,3,-7.081526068614438,MIDAS,2020-12-31,Other,2.205063679566166,-9.286589748180605
Cutoff only,0,113,2020 Q1,2020 Q4,gdp_growth,3,-7.323363115422648,MIDAS (trend),2020-12-31,Other,2.205063679566166,-9.528426794988814
Cutoff only,0,113,2020 Q1,2020 Q4,gdp_growth,3,-3.9510245636680903,MIDAS-Latent,2020-12-31,Other,2.205063679566166,-6.156088243234256
Cutoff only,0,113,2020 Q1,2020 Q4,gdp_growth,3,-4.0989988135203,MIDAS-Latent (trend),2020-12-31,Other,2.205063679566166,-6.304062493086466
Cutoff only,0,113,2020 Q1,2021 Q1,gdp_growth,4,1.6494357983245598,AR(2),2021-03-31,1-year ahead,2.431814853272129,-0.7823790549475698
Cutoff only,0,113,2020 Q1,2021 Q1,gdp_growth,4,1.1231043376393737,MF-VAR,2021-03-31,1-year ahead,2.431814853272129,-1.308710515632756
Cutoff only,0,113,2020 Q1,2021 Q1,gdp_growth,4,-10.573188255949734,MF-VAR (manual),2021-03-31,1-year ahead,2.431814853272129,-13.005003109221864
Cutoff only,0,113,2020 Q1,2021 Q1,gdp_growth,4,-7.923988045019014,MIDAS,2021-03-31,1-year ahead,2.431814853272129,-10.355802898291143
Cutoff only,0,113,2020 Q1,2021 Q1,gdp_growth,4,-8.153706592255208,MIDAS (trend),2021-03-31,1-year ahead,2.431814853272129,-10.585521445527338
Cutoff only,0,113,2020 Q1,2021 Q1,gdp_growth,4,-3.960017597183101,MIDAS-Latent,2021-03-31,1-year ahead,2.431814853272129,-6.391832450455231
Cutoff only,0,113,2020 Q1,2021 Q1,gdp_growth,4,-4.110337316205204,MIDAS-Latent (trend),2021-03-31,1-year ahead,2.431814853272129,-6.542152169477333
Cutoff only,0,113,2020 Q1,2020 Q2,inflation,1,-0.0166473939283563,AR(2),2020-06-30,1-step ahead,-2.654470813291354,2.6378234193629977
Cutoff only,0,113,2020 Q1,2020 Q2,inflation,1,-0.5383806198913987,MF-VAR,2020-06-30,1-step ahead,-2.654470813291354,2.1160901933999554
Cutoff only,0,113,2020 Q1,2020 Q2,inflation,1,-0.6639251827240322,MF-VAR (manual),2020-06-30,1-step ahead,-2.654470813291354,1.990545630567322
Cutoff only,0,113,2020 Q1,2020 Q2,inflation,1,-0.3640390008467125,MIDAS,2020-06-30,1-step ahead,-2.654470813291354,2.2904318124446417
Cutoff only,0,113,2020 Q1,2020 Q2,inflation,1,-0.5228598381025495,MIDAS (trend),2020-06-30,1-step ahead,-2.654470813291354,2.1316109751888046
Cutoff only,0,113,2020 Q1,2020 Q2,inflation,1,-0.3761223875384068,MIDAS-Latent,2020-06-30,1-step ahead,-2.654470813291354,2.2783484257529474
Cutoff only,0,113,2020 Q1,2020 Q2,inflation,1,-0.4136546254930133,MIDAS-Latent (trend),2020-06-30,1-step ahead,-2.654470813291354,2.240816187798341
Cutoff only,0,113,2020 Q1,2020 Q3,inflation,2,0.2520453482830699,AR(2),2020-09-30,Other,0.3909466976683262,-0.1389013493852563
Cutoff only,0,113,2020 Q1,2020 Q3,inflation,2,-0.3212433011091982,MF-VAR,2020-09-30,Other,0.3909466976683262,-0.7121899987775244
Cutoff only,0,113,2020 Q1,2020 Q3,inflation,2,-0.635803185554366,MF-VAR (manual),2020-09-30,Other,0.3909466976683262,-1.0267498832226922
Cutoff only,0,113,2020 Q1,2020 Q3,inflation,2,-0.3122955666572339,MIDAS,2020-09-30,Other,0.3909466976683262,-0.7032422643255603
Cutoff only,0,113,2020 Q1,2020 Q3,inflation,2,-0.5019825570097817,MIDAS (trend),2020-09-30,Other,0.3909466976683262,-0.8929292546781079
Cutoff only,0,113,2020 Q1,2020 Q3,inflation,2,-0.3749008888558674,MIDAS-Latent,2020-09-30,Other,0.3909466976683262,-0.7658475865241936
Cutoff only,0,113,2020 Q1,2020 Q3,inflation,2,-0.4143684272004332,MIDAS-Latent (trend),2020-09-30,Other,0.3909466976683262,-0.8053151248687596
Cutoff only,0,113,2020 Q1,2020 Q4,inflation,3,0.4182355462829805,AR(2),2020-12-31,Other,0.1723123898273115,0.2459231564556689
Cutoff only,0,113,2020 Q1,2020 Q4,inflation,3,-0.157848440783598,MF-VAR,2020-12-31,Other,0.1723123898273115,-0.3301608306109096
Cutoff only,0,113,2020 Q1,2020 Q4,inflation,3,-0.5559268544322666,MF-VAR (manual),2020-12-31,Other,0.1723123898273115,-0.7282392442595782
Cutoff only,0,113,2020 Q1,2020 Q4,inflation,3,-0.2518607849167431,MIDAS,2020-12-31,Other,0.1723123898273115,-0.4241731747440547
Cutoff only,0,113,2020 Q1,2020 Q4,inflation,3,-0.510804709381706,MIDAS (trend),2020-12-31,Other,0.1723123898273115,-0.6831170992090175
Cutoff only,0,113,2020 Q1,2020 Q4,inflation,3,-0.3735730958481849,MIDAS-Latent,2020-12-31,Other,0.1723123898273115,-0.5458854856754964
Cutoff only,0,113,2020 Q1,2020 Q4,inflation,3,-0.4151283364479334,MIDAS-Latent (trend),2020-12-31,Other,0.1723123898273115,-0.587440726275245
Cutoff only,0,113,2020 Q1,2021 Q1,inflation,4,0.5176499179902554,AR(2),2021-03-31,1-year ahead,0.2776485073894719,0.2400014106007835
Cutoff only,0,113,2020 Q1,2021 Q1,inflation,4,-0.230455295805979,MF-VAR,2021-03-31,1-year ahead,0.2776485073894719,-0.5081038031954509
Cutoff only,0,113,2020 Q1,2021 Q1,inflation,4,-0.4816785001978998,MF-VAR (manual),2021-03-31,1-year ahead,0.2776485073894719,-0.7593270075873717
Cutoff only,0,113,2020 Q1,2021 Q1,inflation,4,-0.233924143230841,MIDAS,2021-03-31,1-year ahead,0.2776485073894719,-0.5115726506203129
Cutoff only,0,113,2020 Q1,2021 Q1,inflation,4,-0.5184374246008439,MIDAS (trend),2021-03-31,1-year ahead,0.2776485073894719,-0.7960859319903157
Cutoff only,0,113,2020 Q1,2021 Q1,inflation,4,-0.3735631000693203,MIDAS-Latent,2021-03-31,1-year ahead,0.2776485073894719,-0.6512116074587921
Cutoff only,0,113,2020 Q1,2021 Q1,inflation,4,-0.4161239031107909,MIDAS-Latent (trend),2021-03-31,1-year ahead,0.2776485073894719,-0.6937724105002627
Cutoff only,0,114,2020 Q2,2020 Q3,exch_rate,1,0.0524737288920444,AR(2),2020-09-30,1-step ahead,0.0725464417408555,-0.0200727128488111
Cutoff only,0,114,2020 Q2,2020 Q3,exch_rate,1,0.0514880331618085,MF-VAR,2020-09-30,1-step ahead,0.0725464417408555,-0.021058408579047
Cutoff only,0,114,2020 Q2,2020 Q3,exch_rate,1,0.0576748699130378,MF-VAR (manual),2020-09-30,1-step ahead,0.0725464417408555,-0.0148715718278177
Cutoff only,0,114,2020 Q2,2020 Q3,exch_rate,1,0.2076723679920337,MIDAS,2020-09-30,1-step ahead,0.0725464417408555,0.1351259262511782
Cutoff only,0,114,2020 Q2,2020 Q3,exch_rate,1,0.1960775006464513,MIDAS (trend),2020-09-30,1-step ahead,0.0725464417408555,0.1235310589055957
Cutoff only,0,114,2020 Q2,2020 Q3,exch_rate,1,0.0589688199776686,MIDAS-Latent,2020-09-30,1-step ahead,0.0725464417408555,-0.0135776217631868
Cutoff only,0,114,2020 Q2,2020 Q3,exch_rate,1,0.0513481022132873,MIDAS-Latent (trend),2020-09-30,1-step ahead,0.0725464417408555,-0.0211983395275681
Cutoff only,0,114,2020 Q2,2020 Q4,exch_rate,2,0.0507149251732037,AR(2),2020-12-31,Other,0.0749666427639009,-0.0242517175906972
Cutoff only,0,114,2020 Q2,2020 Q4,exch_rate,2,0.036323953647605,MF-VAR,2020-12-31,Other,0.0749666427639009,-0.0386426891162959
Cutoff only,0,114,2020 Q2,2020 Q4,exch_rate,2,0.0572337294469661,MF-VAR (manual),2020-12-31,Other,0.0749666427639009,-0.0177329133169348
Cutoff only,0,114,2020 Q2,2020 Q4,exch_rate,2,0.2022930249164222,MIDAS,2020-12-31,Other,0.0749666427639009,0.1273263821525212
Cutoff only,0,114,2020 Q2,2020 Q4,exch_rate,2,0.1906968915280293,MIDAS (trend),2020-12-31,Other,0.0749666427639009,0.1157302487641283
Cutoff only,0,114,2020 Q2,2020 Q4,exch_rate,2,0.0535730618845162,MIDAS-Latent,2020-12-31,Other,0.0749666427639009,-0.0213935808793847
Cutoff only,0,114,2020 Q2,2020 Q4,exch_rate,2,0.0467046417665443,MIDAS-Latent (trend),2020-12-31,Other,0.0749666427639009,-0.0282620009973566
Cutoff only,0,114,2020 Q2,2021 Q1,exch_rate,3,0.0472806167068731,AR(2),2021-03-31,Other,0.0865120373644991,-0.039231420657626
Cutoff only,0,114,2020 Q2,2021 Q1,exch_rate,3,0.0224771116815838,MF-VAR,2021-03-31,Other,0.0865120373644991,-0.0640349256829152
Cutoff only,0,114,2020 Q2,2021 Q1,exch_rate,3,0.0565725095609216,MF-VAR (manual),2021-03-31,Other,0.0865120373644991,-0.0299395278035775
Cutoff only,0,114,2020 Q2,2021 Q1,exch_rate,3,0.34753982009231,MIDAS,2021-03-31,Other,0.0865120373644991,0.2610277827278108
Cutoff only,0,114,2020 Q2,2021 Q1,exch_rate,3,0.3139648789512803,MIDAS (trend),2021-03-31,Other,0.0865120373644991,0.2274528415867811
Cutoff only,0,114,2020 Q2,2021 Q1,exch_rate,3,0.0533635179218175,MIDAS-Latent,2021-03-31,Other,0.0865120373644991,-0.0331485194426815
Cutoff only,0,114,2020 Q2,2021 Q1,exch_rate,3,0.0421484516747398,MIDAS-Latent (trend),2021-03-31,Other,0.0865120373644991,-0.0443635856897593
Cutoff only,0,114,2020 Q2,2021 Q2,exch_rate,4,0.0468430288685221,AR(2),2021-06-30,1-year ahead,0.0935012226033115,-0.0466581937347894
Cutoff only,0,114,2020 Q2,2021 Q2,exch_rate,4,0.0149050729442074,MF-VAR,2021-06-30,1-year ahead,0.0935012226033115,-0.0785961496591041
Cutoff only,0,114,2020 Q2,2021 Q2,exch_rate,4,0.0562352907895012,MF-VAR (manual),2021-06-30,1-year ahead,0.0935012226033115,-0.0372659318138102
Cutoff only,0,114,2020 Q2,2021 Q2,exch_rate,4,0.3422779676886959,MIDAS,2021-06-30,1-year ahead,0.0935012226033115,0.2487767450853843
Cutoff only,0,114,2020 Q2,2021 Q2,exch_rate,4,0.3086916449617364,MIDAS (trend),2021-06-30,1-year ahead,0.0935012226033115,0.2151904223584249
Cutoff only,0,114,2020 Q2,2021 Q2,exch_rate,4,0.0480695035303484,MIDAS-Latent,2021-06-30,1-year ahead,0.0935012226033115,-0.0454317190729631
Cutoff only,0,114,2020 Q2,2021 Q2,exch_rate,4,0.0374729961434554,MIDAS-Latent (trend),2021-06-30,1-year ahead,0.0935012226033115,-0.0560282264598561
Cutoff only,0,114,2020 Q2,2020 Q3,gdp_growth,1,-7.898939407183616,AR(2),2020-09-30,1-step ahead,28.019705798225655,-35.91864520540928
Cutoff only,0,114,2020 Q2,2020 Q3,gdp_growth,1,-27.833251932801065,MF-VAR,2020-09-30,1-step ahead,28.019705798225655,-55.85295773102672
Cutoff only,0,114,2020 Q2,2020 Q3,gdp_growth,1,-31.66428566000553,MF-VAR (manual),2020-09-30,1-step ahead,28.019705798225655,-59.68399145823119
Cutoff only,0,114,2020 Q2,2020 Q3,gdp_growth,1,8.023499333596718,MIDAS,2020-09-30,1-step ahead,28.019705798225655,-19.99620646462894
Cutoff only,0,114,2020 Q2,2020 Q3,gdp_growth,1,6.841453051598866,MIDAS (trend),2020-09-30,1-step ahead,28.019705798225655,-21.178252746626796
Cutoff only,0,114,2020 Q2,2020 Q3,gdp_growth,1,-26.397968347747145,MIDAS-Latent,2020-09-30,1-step ahead,28.019705798225655,-54.4176741459728
Cutoff only,0,114,2020 Q2,2020 Q3,gdp_growth,1,-26.46707910618881,MIDAS-Latent (trend),2020-09-30,1-step ahead,28.019705798225655,-54.48678490441447
Cutoff only,0,114,2020 Q2,2020 Q4,gdp_growth,2,0.2715451034528562,AR(2),2020-12-31,Other,2.205063679566166,-1.9335185761133096
Cutoff only,0,114,2020 Q2,2020 Q4,gdp_growth,2,-2.921982785675895,MF-VAR,2020-12-31,Other,2.205063679566166,-5.127046465242061
Cutoff only,0,114,2020 Q2,2020 Q4,gdp_growth,2,-31.808738797425136,MF-VAR (manual),2020-12-31,Other,2.205063679566166,-34.0138024769913
Cutoff only,0,114,2020 Q2,2020 Q4,gdp_growth,2,3.545115636636775,MIDAS,2020-12-31,Other,2.205063679566166,1.3400519570706089
Cutoff only,0,114,2020 Q2,2020 Q4,gdp_growth,2,2.44645221081802,MIDAS (trend),2020-12-31,Other,2.205063679566166,0.2413885312518537
Cutoff only,0,114,2020 Q2,2020 Q4,gdp_growth,2,-25.505405444013,MIDAS-Latent,2020-12-31,Other,2.205063679566166,-27.710469123579166
Cutoff only,0,114,2020 Q2,2020 Q4,gdp_growth,2,-25.582617775518894,MIDAS-Latent (trend),2020-12-31,Other,2.205063679566166,-27.787681455085064
Cutoff only,0,114,2020 Q2,2021 Q1,gdp_growth,3,1.7147079184341516,AR(2),2021-03-31,Other,2.431814853272129,-0.7171069348379779
Cutoff only,0,114,2020 Q2,2021 Q1,gdp_growth,3,-0.1549863679198697,MF-VAR,2021-03-31,Other,2.431814853272129,-2.5868012211919997
Cutoff only,0,114,2020 Q2,2021 Q1,gdp_growth,3,-32.14605395906247,MF-VAR (manual),2021-03-31,Other,2.431814853272129,-34.5778688123346
Cutoff only,0,114,2020 Q2,2021 Q1,gdp_growth,3,11.278170190366762,MIDAS,2021-03-31,Other,2.431814853272129,8.846355337094632
Cutoff only,0,114,2020 Q2,2021 Q1,gdp_growth,3,9.738966425717743,MIDAS (trend),2021-03-31,Other,2.431814853272129,7.307151572445615
Cutoff only,0,114,2020 Q2,2021 Q1,gdp_growth,3,-25.567098372504613,MIDAS-Latent,2021-03-31,Other,2.431814853272129,-27.998913225776743
Cutoff only,0,114,2020 Q2,2021 Q1,gdp_growth,3,-25.64347965425821,MIDAS-Latent (trend),2021-03-31,Other,2.431814853272129,-28.075294507530344
Cutoff only,0,114,2020 Q2,2021 Q2,gdp_growth,4,1.65812911868261,AR(2),2021-06-30,1-year ahead,11.771812260042935,-10.113683141360326
Cutoff only,0,114,2020 Q2,2021 Q2,gdp_growth,4,0.2869013878911319,MF-VAR,2021-06-30,1-year ahead,11.771812260042935,-11.484910872151804
Cutoff only,0,114,2020 Q2,2021 Q2,gdp_growth,4,-32.443020010437664,MF-VAR (manual),2021-06-30,1-year ahead,11.771812260042935,-44.2148322704806
Cutoff only,0,114,2020 Q2,2021 Q2,gdp_growth,4,10.312338534737092,MIDAS,2021-06-30,1-year ahead,11.771812260042935,-1.459473725305843
Cutoff only,0,114,2020 Q2,2021 Q2,gdp_growth,4,8.795070642252973,MIDAS (trend),2021-06-30,1-year ahead,11.771812260042935,-2.976741617789962
Cutoff only,0,114,2020 Q2,2021 Q2,gdp_growth,4,-25.605463487223226,MIDAS-Latent,2021-06-30,1-year ahead,11.771812260042935,-37.37727574726616
Cutoff only,0,114,2020 Q2,2021 Q2,gdp_growth,4,-25.683765850851835,MIDAS-Latent (trend),2021-06-30,1-year ahead,11.771812260042935,-37.45557811089477
Cutoff only,0,114,2020 Q2,2020 Q3,inflation,1,-1.033290157629257,AR(2),2020-09-30,1-step ahead,0.3909466976683262,-1.4242368552975833
Cutoff only,0,114,2020 Q2,2020 Q3,inflation,1,-2.654470813291354,MF-VAR,2020-09-30,1-step ahead,0.3909466976683262,-3.0454175109596804
Cutoff only,0,114,2020 Q2,2020 Q3,inflation,1,-3.0874760259011245,MF-VAR (manual),2020-09-30,1-step ahead,0.3909466976683262,-3.4784227235694507
Cutoff only,0,114,2020 Q2,2020 Q3,inflation,1,0.9600588673539016,MIDAS,2020-09-30,1-step ahead,0.3909466976683262,0.5691121696855754
Cutoff only,0,114,2020 Q2,2020 Q3,inflation,1,-0.1988262181278473,MIDAS (trend),2020-09-30,1-step ahead,0.3909466976683262,-0.5897729157961735
Cutoff only,0,114,2020 Q2,2020 Q3,inflation,1,-2.4144750286378414,MIDAS-Latent,2020-09-30,1-step ahead,0.3909466976683262,-2.805421726306168
Cutoff only,0,114,2020 Q2,2020 Q3,inflation,1,-2.4343845756982474,MIDAS-Latent (trend),2020-09-30,1-step ahead,0.3909466976683262,-2.8253312733665736
Cutoff only,0,114,2020 Q2,2020 Q4,inflation,2,-0.4282896309333956,AR(2),2020-12-31,Other,0.1723123898273115,-0.6006020207607072
Cutoff only,0,114,2020 Q2,2020 Q4,inflation,2,-0.6798690933691367,MF-VAR,2020-12-31,Other,0.1723123898273115,-0.8521814831964483
Cutoff only,0,114,2020 Q2,2020 Q4,inflation,2,-3.010282915471067,MF-VAR (manual),2020-12-31,Other,0.1723123898273115,-3.182595305298378
Cutoff only,0,114,2020 Q2,2020 Q4,inflation,2,0.1895001347946188,MIDAS,2020-12-31,Other,0.1723123898273115,0.0171877449673072
Cutoff only,0,114,2020 Q2,2020 Q4,inflation,2,-0.6933689145576241,MIDAS (trend),2020-12-31,Other,0.1723123898273115,-0.8656813043849356
Cutoff only,0,114,2020 Q2,2020 Q4,inflation,2,-2.4234954034917755,MIDAS-Latent,2020-12-31,Other,0.1723123898273115,-2.595807793319087
Cutoff only,0,114,2020 Q2,2020 Q4,inflation,2,-2.430637942578594,MIDAS-Latent (trend),2020-12-31,Other,0.1723123898273115,-2.6029503324059053
Cutoff only,0,114,2020 Q2,2021 Q1,inflation,3,-0.007548931294552,AR(2),2021-03-31,Other,0.2776485073894719,-0.2851974386840239
Cutoff only,0,114,2020 Q2,2021 Q1,inflation,3,-0.3342465747238718,MF-VAR,2021-03-31,Other,0.2776485073894719,-0.6118950821133438
Cutoff only,0,114,2020 Q2,2021 Q1,inflation,3,-3.145844492791234,MF-VAR (manual),2021-03-31,Other,0.2776485073894719,-3.423493000180706
Cutoff only,0,114,2020 Q2,2021 Q1,inflation,3,1.5057046227710418,MIDAS,2021-03-31,Other,0.2776485073894719,1.22805611538157
Cutoff only,0,114,2020 Q2,2021 Q1,inflation,3,-0.1467164845813509,MIDAS (trend),2021-03-31,Other,0.2776485073894719,-0.4243649919708228
Cutoff only,0,114,2020 Q2,2021 Q1,inflation,3,-2.4224723601698552,MIDAS-Latent,2021-03-31,Other,0.2776485073894719,-2.700120867559327
Cutoff only,0,114,2020 Q2,2021 Q1,inflation,3,-2.4321510575939653,MIDAS-Latent (trend),2021-03-31,Other,0.2776485073894719,-2.709799564983437
Cutoff only,0,114,2020 Q2,2021 Q2,inflation,4,0.2428022242811918,AR(2),2021-06-30,1-year ahead,1.0912758993917748,-0.848473675110583
Cutoff only,0,114,2020 Q2,2021 Q2,inflation,4,-0.3205540128784903,MF-VAR,2021-06-30,1-year ahead,1.0912758993917748,-1.411829912270265
Cutoff only,0,114,2020 Q2,2021 Q2,inflation,4,-3.1643682003674507,MF-VAR (manual),2021-06-30,1-year ahead,1.0912758993917748,-4.255644099759225
Cutoff only,0,114,2020 Q2,2021 Q2,inflation,4,1.2251113086602836,MIDAS,2021-06-30,1-year ahead,1.0912758993917748,0.1338354092685088
Cutoff only,0,114,2020 Q2,2021 Q2,inflation,4,-0.2719579356053778,MIDAS (trend),2021-06-30,1-year ahead,1.0912758993917748,-1.363233834997153
Cutoff only,0,114,2020 Q2,2021 Q2,inflation,4,-2.4225108118212826,MIDAS-Latent,2021-06-30,1-year ahead,1.0912758993917748,-3.5137867112130574
Cutoff only,0,114,2020 Q2,2021 Q2,inflation,4,-2.4331770981674987,MIDAS-Latent (trend),2021-06-30,1-year ahead,1.0912758993917748,-3.524452997559273
Cutoff only,0,115,2020 Q3,2020 Q4,exch_rate,1,0.0736723495746805,AR(2),2020-12-31,1-step ahead,0.0749666427639009,-0.0012942931892204
Cutoff only,0,115,2020 Q3,2020 Q4,exch_rate,1,0.0690141537836899,MF-VAR,2020-12-31,1-step ahead,0.0749666427639009,-0.005952488980211
Cutoff only,0,115,2020 Q3,2020 Q4,exch_rate,1,0.0715871819119631,MF-VAR (manual),2020-12-31,1-step ahead,0.0749666427639009,-0.0033794608519378
Cutoff only,0,115,2020 Q3,2020 Q4,exch_rate,1,0.0309763141536855,MIDAS,2020-12-31,1-step ahead,0.0749666427639009,-0.0439903286102154
Cutoff only,0,115,2020 Q3,2020 Q4,exch_rate,1,0.0311621077239759,MIDAS (trend),2020-12-31,1-step ahead,0.0749666427639009,-0.043804535039925
Cutoff only,0,115,2020 Q3,2020 Q4,exch_rate,1,0.054581845825664,MIDAS-Latent,2020-12-31,1-step ahead,0.0749666427639009,-0.0203847969382369
Cutoff only,0,115,2020 Q3,2020 Q4,exch_rate,1,0.0705860955818132,MIDAS-Latent (trend),2020-12-31,1-step ahead,0.0749666427639009,-0.0043805471820877
Cutoff only,0,115,2020 Q3,2021 Q1,exch_rate,2,0.0695301675919415,AR(2),2021-03-31,Other,0.0865120373644991,-0.0169818697725575
Cutoff only,0,115,2020 Q3,2021 Q1,exch_rate,2,0.0398132445054718,MF-VAR,2021-03-31,Other,0.0865120373644991,-0.0466987928590272
Cutoff only,0,115,2020 Q3,2021 Q1,exch_rate,2,0.0701010847389813,MF-VAR (manual),2021-03-31,Other,0.0865120373644991,-0.0164109526255177
Cutoff only,0,115,2020 Q3,2021 Q1,exch_rate,2,0.044096457099363,MIDAS,2021-03-31,Other,0.0865120373644991,-0.042415580265136
Cutoff only,0,115,2020 Q3,2021 Q1,exch_rate,2,0.0428288613068071,MIDAS (trend),2021-03-31,Other,0.0865120373644991,-0.0436831760576919
Cutoff only,0,115,2020 Q3,2021 Q1,exch_rate,2,0.0677058558836791,MIDAS-Latent,2021-03-31,Other,0.0865120373644991,-0.0188061814808199
Cutoff only,0,115,2020 Q3,2021 Q1,exch_rate,2,0.0652755928655772,MIDAS-Latent (trend),2021-03-31,Other,0.0865120373644991,-0.0212364444989219
Cutoff only,0,115,2020 Q3,2021 Q2,exch_rate,3,0.0677068567015147,AR(2),2021-06-30,Other,0.0935012226033115,-0.0257943659017968
Cutoff only,0,115,2020 Q3,2021 Q2,exch_rate,3,0.0269441730141391,MF-VAR,2021-06-30,Other,0.0935012226033115,-0.0665570495891724
Cutoff only,0,115,2020 Q3,2021 Q2,exch_rate,3,0.06945801493748,MF-VAR (manual),2021-06-30,Other,0.0935012226033115,-0.0240432076658315
Cutoff only,0,115,2020 Q3,2021 Q2,exch_rate,3,0.0032850272127087,MIDAS,2021-06-30,Other,0.0935012226033115,-0.0902161953906028
Cutoff only,0,115,2020 Q3,2021 Q2,exch_rate,3,0.0049666754134537,MIDAS (trend),2021-06-30,Other,0.0935012226033115,-0.0885345471898578
Cutoff only,0,115,2020 Q3,2021 Q2,exch_rate,3,0.0500639340138458,MIDAS-Latent,2021-06-30,Other,0.0935012226033115,-0.0434372885894657
Cutoff only,0,115,2020 Q3,2021 Q2,exch_rate,3,0.060507146785206,MIDAS-Latent (trend),2021-06-30,Other,0.0935012226033115,-0.0329940758181055
Cutoff only,0,115,2020 Q3,2021 Q3,exch_rate,4,0.0601895752536896,AR(2),2021-09-30,1-year ahead,0.079229789932838,-0.0190402146791483
Cutoff only,0,115,2020 Q3,2021 Q3,exch_rate,4,0.0140321665925587,MF-VAR,2021-09-30,1-year ahead,0.079229789932838,-0.0651976233402792
Cutoff only,0,115,2020 Q3,2021 Q3,exch_rate,4,0.0675391717990759,MF-VAR (manual),2021-09-30,1-year ahead,0.079229789932838,-0.0116906181337621
Cutoff only,0,115,2020 Q3,2021 Q3,exch_rate,4,0.0161657140185789,MIDAS,2021-09-30,1-year ahead,0.079229789932838,-0.0630640759142591
Cutoff only,0,115,2020 Q3,2021 Q3,exch_rate,4,0.0150979439887684,MIDAS (trend),2021-09-30,1-year ahead,0.079229789932838,-0.0641318459440696
Cutoff only,0,115,2020 Q3,2021 Q3,exch_rate,4,0.0629522150058284,MIDAS-Latent,2021-09-30,1-year ahead,0.079229789932838,-0.0162775749270096
Cutoff only,0,115,2020 Q3,2021 Q3,exch_rate,4,0.0558572028955131,MIDAS-Latent (trend),2021-09-30,1-year ahead,0.079229789932838,-0.0233725870373249
Cutoff only,0,115,2020 Q3,2020 Q4,gdp_growth,1,1.109496851463965,AR(2),2020-12-31,1-step ahead,2.205063679566166,-1.095566828102201
Cutoff only,0,115,2020 Q3,2020 Q4,gdp_growth,1,28.019705798225655,MF-VAR,2020-12-31,1-step ahead,2.205063679566166,25.81464211865949
Cutoff only,0,115,2020 Q3,2020 Q4,gdp_growth,1,40.47595349653079,MF-VAR (manual),2020-12-31,1-step ahead,2.205063679566166,38.27088981696463
Cutoff only,0,115,2020 Q3,2020 Q4,gdp_growth,1,-2.3713365883423987,MIDAS,2020-12-31,1-step ahead,2.205063679566166,-4.576400267908564
Cutoff only,0,115,2020 Q3,2020 Q4,gdp_growth,1,-2.687514073671076,MIDAS (trend),2020-12-31,1-step ahead,2.205063679566166,-4.892577753237242
Cutoff only,0,115,2020 Q3,2020 Q4,gdp_growth,1,25.65909954507693,MIDAS-Latent,2020-12-31,1-step ahead,2.205063679566166,23.454035865510765
Cutoff only,0,115,2020 Q3,2020 Q4,gdp_growth,1,25.55467781235667,MIDAS-Latent (trend),2020-12-31,1-step ahead,2.205063679566166,23.349614132790503
Cutoff only,0,115,2020 Q3,2021 Q1,gdp_growth,2,-0.4415103912774627,AR(2),2021-03-31,Other,2.431814853272129,-2.8733252445495925
Cutoff only,0,115,2020 Q3,2021 Q1,gdp_growth,2,0.90256880694514,MF-VAR,2021-03-31,Other,2.431814853272129,-1.5292460463269897
Cutoff only,0,115,2020 Q3,2021 Q1,gdp_growth,2,39.73519166592466,MF-VAR (manual),2021-03-31,Other,2.431814853272129,37.30337681265253
Cutoff only,0,115,2020 Q3,2021 Q1,gdp_growth,2,1.601237196743292,MIDAS,2021-03-31,Other,2.431814853272129,-0.8305776565288374
Cutoff only,0,115,2020 Q3,2021 Q1,gdp_growth,2,0.8710085894666126,MIDAS (trend),2021-03-31,Other,2.431814853272129,-1.560806263805517
Cutoff only,0,115,2020 Q3,2021 Q1,gdp_growth,2,24.415189325960394,MIDAS-Latent,2021-03-31,Other,2.431814853272129,21.983374472688265
Cutoff only,0,115,2020 Q3,2021 Q1,gdp_growth,2,24.326823729076963,MIDAS-Latent (trend),2021-03-31,Other,2.431814853272129,21.895008875804837
Cutoff only,0,115,2020 Q3,2021 Q2,gdp_growth,3,2.052247618932432,AR(2),2021-06-30,Other,11.771812260042935,-9.719564641110503
Cutoff only,0,115,2020 Q3,2021 Q2,gdp_growth,3,1.439188497744874,MF-VAR,2021-06-30,Other,11.771812260042935,-10.33262376229806
Cutoff only,0,115,2020 Q3,2021 Q2,gdp_growth,3,39.81362152483992,MF-VAR (manual),2021-06-30,Other,11.771812260042935,28.04180926479698
Cutoff only,0,115,2020 Q3,2021 Q2,gdp_growth,3,-0.5603431956097089,MIDAS,2021-06-30,Other,11.771812260042935,-12.332155455652645
Cutoff only,0,115,2020 Q3,2021 Q2,gdp_growth,3,-1.099986622944698,MIDAS (trend),2021-06-30,Other,11.771812260042935,-12.871798882987632
Cutoff only,0,115,2020 Q3,2021 Q2,gdp_growth,3,24.467762768100076,MIDAS-Latent,2021-06-30,Other,11.771812260042935,12.695950508057138
Cutoff only,0,115,2020 Q3,2021 Q2,gdp_growth,3,24.380089181533933,MIDAS-Latent (trend),2021-06-30,Other,11.771812260042935,12.608276921490996
Cutoff only,0,115,2020 Q3,2021 Q3,gdp_growth,4,1.885199861249323,AR(2),2021-09-30,1-year ahead,7.528200558540021,-5.643000697290699
Cutoff only,0,115,2020 Q3,2021 Q3,gdp_growth,4,1.3533717174518798,MF-VAR,2021-09-30,1-year ahead,7.528200558540021,-6.174828841088141
Cutoff only,0,115,2020 Q3,2021 Q3,gdp_growth,4,41.5365954103073,MF-VAR (manual),2021-09-30,1-year ahead,7.528200558540021,34.00839485176728
Cutoff only,0,115,2020 Q3,2021 Q3,gdp_growth,4,-0.2777915972870404,MIDAS,2021-09-30,1-year ahead,7.528200558540021,-7.805992155827062
Cutoff only,0,115,2020 Q3,2021 Q3,gdp_growth,4,-0.8820649325326331,MIDAS (trend),2021-09-30,1-year ahead,7.528200558540021,-8.410265491072654
Cutoff only,0,115,2020 Q3,2021 Q3,gdp_growth,4,24.495466092974542,MIDAS-Latent,2021-09-30,1-year ahead,7.528200558540021,16.96726553443452
Cutoff only,0,115,2020 Q3,2021 Q3,gdp_growth,4,24.406176609300456,MIDAS-Latent (trend),2021-09-30,1-year ahead,7.528200558540021,16.877976050760434
Cutoff only,0,115,2020 Q3,2020 Q4,inflation,1,0.2620923988963379,AR(2),2020-12-31,1-step ahead,0.1723123898273115,0.0897800090690263
Cutoff only,0,115,2020 Q3,2020 Q4,inflation,1,0.3909466976683262,MF-VAR,2020-12-31,1-step ahead,0.1723123898273115,0.2186343078410146
Cutoff only,0,115,2020 Q3,2020 Q4,inflation,1,0.934289994580356,MF-VAR (manual),2020-12-31,1-step ahead,0.1723123898273115,0.7619776047530444
Cutoff only,0,115,2020 Q3,2020 Q4,inflation,1,-0.6897341875397601,MIDAS,2020-12-31,1-step ahead,0.1723123898273115,-0.8620465773670717
Cutoff only,0,115,2020 Q3,2020 Q4,inflation,1,-0.8824105402913739,MIDAS (trend),2020-12-31,1-step ahead,0.1723123898273115,-1.0547229301186856
Cutoff only,0,115,2020 Q3,2020 Q4,inflation,1,-0.025758230043532,MIDAS-Latent,2020-12-31,1-step ahead,0.1723123898273115,-0.1980706198708435
Cutoff only,0,115,2020 Q3,2020 Q4,inflation,1,-0.0544662883365902,MIDAS-Latent (trend),2020-12-31,1-step ahead,0.1723123898273115,-0.2267786781639018
Cutoff only,0,115,2020 Q3,2021 Q1,inflation,2,0.436021140040907,AR(2),2021-03-31,Other,0.2776485073894719,0.158372632651435
Cutoff only,0,115,2020 Q3,2021 Q1,inflation,2,0.2086700395281567,MF-VAR,2021-03-31,Other,0.2776485073894719,-0.0689784678613151
Cutoff only,0,115,2020 Q3,2021 Q1,inflation,2,0.8373017847368737,MF-VAR (manual),2021-03-31,Other,0.2776485073894719,0.5596532773474018
Cutoff only,0,115,2020 Q3,2021 Q1,inflation,2,0.4238511240081703,MIDAS,2021-03-31,Other,0.2776485073894719,0.1462026166186984
Cutoff only,0,115,2020 Q3,2021 Q1,inflation,2,-0.2023580668516252,MIDAS (trend),2021-03-31,Other,0.2776485073894719,-0.480006574241097
Cutoff only,0,115,2020 Q3,2021 Q1,inflation,2,-0.0040468465202105,MIDAS-Latent,2021-03-31,Other,0.2776485073894719,-0.2816953539096824
Cutoff only,0,115,2020 Q3,2021 Q1,inflation,2,-0.0527999379863651,MIDAS-Latent (trend),2021-03-31,Other,0.2776485073894719,-0.330448445375837
Cutoff only,0,115,2020 Q3,2021 Q2,inflation,3,0.5102054799299794,AR(2),2021-06-30,Other,1.0912758993917748,-0.5810704194617954
Cutoff only,0,115,2020 Q3,2021 Q2,inflation,3,-0.1132065273585991,MF-VAR,2021-06-30,Other,1.0912758993917748,-1.204482426750374
Cutoff only,0,115,2020 Q3,2021 Q2,inflation,3,0.9103313438601937,MF-VAR (manual),2021-06-30,Other,1.0912758993917748,-0.1809445555315811
Cutoff only,0,115,2020 Q3,2021 Q2,inflation,3,0.0286900809303324,MIDAS,2021-06-30,Other,1.0912758993917748,-1.0625858184614425
Cutoff only,0,115,2020 Q3,2021 Q2,inflation,3,-0.5046436906296341,MIDAS (trend),2021-06-30,Other,1.0912758993917748,-1.595919590021409
Cutoff only,0,115,2020 Q3,2021 Q2,inflation,3,-0.0070176183336158,MIDAS-Latent,2021-06-30,Other,1.0912758993917748,-1.0982935177253907
Cutoff only,0,115,2020 Q3,2021 Q2,inflation,3,-0.0541651579457608,MIDAS-Latent (trend),2021-06-30,Other,1.0912758993917748,-1.1454410573375355
Cutoff only,0,115,2020 Q3,2021 Q3,inflation,4,0.5596061599233776,AR(2),2021-09-30,1-year ahead,1.6810527454161672,-1.1214465854927895
Cutoff only,0,115,2020 Q3,2021 Q3,inflation,4,-0.2287206942964506,MF-VAR,2021-09-30,1-year ahead,1.6810527454161672,-1.9097734397126176
Cutoff only,0,115,2020 Q3,2021 Q3,inflation,4,0.967409795677538,MF-VAR (manual),2021-09-30,1-year ahead,1.6810527454161672,-0.7136429497386292
Cutoff only,0,115,2020 Q3,2021 Q3,inflation,4,0.4358829343347007,MIDAS,2021-09-30,1-year ahead,1.6810527454161672,-1.2451698110814664
Cutoff only,0,115,2020 Q3,2021 Q3,inflation,4,-0.3626114486835827,MIDAS (trend),2021-09-30,1-year ahead,1.6810527454161672,-2.04366419409975
Cutoff only,0,115,2020 Q3,2021 Q3,inflation,4,-0.0068628335880759,MIDAS-Latent,2021-09-30,1-year ahead,1.6810527454161672,-1.6879155790042433
Cutoff only,0,115,2020 Q3,2021 Q3,inflation,4,-0.055142117162242,MIDAS-Latent (trend),2021-09-30,1-year ahead,1.6810527454161672,-1.7361948625784092
Cutoff only,0,116,2020 Q4,2021 Q1,exch_rate,1,0.071006537823465,AR(2),2021-03-31,1-step ahead,0.0865120373644991,-0.0155054995410341
Cutoff only,0,116,2020 Q4,2021 Q1,exch_rate,1,0.0697042620125428,MF-VAR,2021-03-31,1-step ahead,0.0865120373644991,-0.0168077753519563
Cutoff only,0,116,2020 Q4,2021 Q1,exch_rate,1,0.0727278532701371,MF-VAR (manual),2021-03-31,1-step ahead,0.0865120373644991,-0.013784184094362
Cutoff only,0,116,2020 Q4,2021 Q1,exch_rate,1,0.081966484357219,MIDAS,2021-03-31,1-step ahead,0.0865120373644991,-0.0045455530072801
Cutoff only,0,116,2020 Q4,2021 Q1,exch_rate,1,0.0781840525560328,MIDAS (trend),2021-03-31,1-step ahead,0.0865120373644991,-0.0083279848084663
Cutoff only,0,116,2020 Q4,2021 Q1,exch_rate,1,0.0688036651651148,MIDAS-Latent,2021-03-31,1-step ahead,0.0865120373644991,-0.0177083721993843
Cutoff only,0,116,2020 Q4,2021 Q1,exch_rate,1,0.0698755346387994,MIDAS-Latent (trend),2021-03-31,1-step ahead,0.0865120373644991,-0.0166365027256996
Cutoff only,0,116,2020 Q4,2021 Q2,exch_rate,2,0.0691352943943666,AR(2),2021-06-30,Other,0.0935012226033115,-0.0243659282089449
Cutoff only,0,116,2020 Q4,2021 Q2,exch_rate,2,0.0452420344213178,MF-VAR,2021-06-30,Other,0.0935012226033115,-0.0482591881819937
Cutoff only,0,116,2020 Q4,2021 Q2,exch_rate,2,0.0708900843289832,MF-VAR (manual),2021-06-30,Other,0.0935012226033115,-0.0226111382743283
Cutoff only,0,116,2020 Q4,2021 Q2,exch_rate,2,0.0843357359332576,MIDAS,2021-06-30,Other,0.0935012226033115,-0.0091654866700539
Cutoff only,0,116,2020 Q4,2021 Q2,exch_rate,2,0.0799421339879433,MIDAS (trend),2021-06-30,Other,0.0935012226033115,-0.0135590886153682
Cutoff only,0,116,2020 Q4,2021 Q2,exch_rate,2,0.0711740493909407,MIDAS-Latent,2021-06-30,Other,0.0935012226033115,-0.0223271732123708
Cutoff only,0,116,2020 Q4,2021 Q2,exch_rate,2,0.064959164799868,MIDAS-Latent (trend),2021-06-30,Other,0.0935012226033115,-0.0285420578034435
Cutoff only,0,116,2020 Q4,2021 Q3,exch_rate,3,0.0615273231397371,AR(2),2021-09-30,Other,0.079229789932838,-0.0177024667931009
Cutoff only,0,116,2020 Q4,2021 Q3,exch_rate,3,0.0246757181162579,MF-VAR,2021-09-30,Other,0.079229789932838,-0.0545540718165801
Cutoff only,0,116,2020 Q4,2021 Q3,exch_rate,3,0.0691932173541017,MF-VAR (manual),2021-09-30,Other,0.079229789932838,-0.0100365725787363
Cutoff only,0,116,2020 Q4,2021 Q3,exch_rate,3,0.0911882186688119,MIDAS,2021-09-30,Other,0.079229789932838,0.0119584287359738
Cutoff only,0,116,2020 Q4,2021 Q3,exch_rate,3,0.0824190693435164,MIDAS (trend),2021-09-30,Other,0.079229789932838,0.0031892794106783
Cutoff only,0,116,2020 Q4,2021 Q3,exch_rate,3,0.0651379289426076,MIDAS-Latent,2021-09-30,Other,0.079229789932838,-0.0140918609902304
Cutoff only,0,116,2020 Q4,2021 Q3,exch_rate,3,0.0603063017418873,MIDAS-Latent (trend),2021-09-30,Other,0.079229789932838,-0.0189234881909506
Cutoff only,0,116,2020 Q4,2021 Q4,exch_rate,4,0.0580335021342725,AR(2),2021-12-31,1-year ahead,0.0533352883414997,0.0046982137927728
Cutoff only,0,116,2020 Q4,2021 Q4,exch_rate,4,0.0120353769505571,MF-VAR,2021-12-31,1-year ahead,0.0533352883414997,-0.0412999113909425
Cutoff only,0,116,2020 Q4,2021 Q4,exch_rate,4,0.0691577842491297,MF-VAR (manual),2021-12-31,1-year ahead,0.0533352883414997,0.01582249590763
Cutoff only,0,116,2020 Q4,2021 Q4,exch_rate,4,0.0935075933724463,MIDAS,2021-12-31,1-year ahead,0.0533352883414997,0.0401723050309465
Cutoff only,0,116,2020 Q4,2021 Q4,exch_rate,4,0.0835801085896433,MIDAS (trend),2021-12-31,1-year ahead,0.0533352883414997,0.0302448202481435
Cutoff only,0,116,2020 Q4,2021 Q4,exch_rate,4,0.0674595217873929,MIDAS-Latent,2021-12-31,1-year ahead,0.0533352883414997,0.0141242334458931
Cutoff only,0,116,2020 Q4,2021 Q4,exch_rate,4,0.0556473086308908,MIDAS-Latent (trend),2021-12-31,1-year ahead,0.0533352883414997,0.002312020289391
Cutoff only,0,116,2020 Q4,2021 Q1,gdp_growth,1,-0.6900143719168625,AR(2),2021-03-31,1-step ahead,2.431814853272129,-3.121829225188992
Cutoff only,0,116,2020 Q4,2021 Q1,gdp_growth,1,2.205063679566166,MF-VAR,2021-03-31,1-step ahead,2.431814853272129,-0.2267511737059635
Cutoff only,0,116,2020 Q4,2021 Q1,gdp_growth,1,-6.155408679436459,MF-VAR (manual),2021-03-31,1-step ahead,2.431814853272129,-8.587223532708588
Cutoff only,0,116,2020 Q4,2021 Q1,gdp_growth,1,3.258889028031963,MIDAS,2021-03-31,1-step ahead,2.431814853272129,0.8270741747598334
Cutoff only,0,116,2020 Q4,2021 Q1,gdp_growth,1,2.436206097270137,MIDAS (trend),2021-03-31,1-step ahead,2.431814853272129,0.0043912439980076
Cutoff only,0,116,2020 Q4,2021 Q1,gdp_growth,1,2.593800876515902,MIDAS-Latent,2021-03-31,1-step ahead,2.431814853272129,0.1619860232437724
Cutoff only,0,116,2020 Q4,2021 Q1,gdp_growth,1,2.4726422932261665,MIDAS-Latent (trend),2021-03-31,1-step ahead,2.431814853272129,0.0408274399540369
Cutoff only,0,116,2020 Q4,2021 Q2,gdp_growth,2,1.9781880980283288,AR(2),2021-06-30,Other,11.771812260042935,-9.793624162014606
Cutoff only,0,116,2020 Q4,2021 Q2,gdp_growth,2,0.6269629977005706,MF-VAR,2021-06-30,Other,11.771812260042935,-11.144849262342364
Cutoff only,0,116,2020 Q4,2021 Q2,gdp_growth,2,-6.364491192283397,MF-VAR (manual),2021-06-30,Other,11.771812260042935,-18.13630345232633
Cutoff only,0,116,2020 Q4,2021 Q2,gdp_growth,2,3.2042854579591142,MIDAS,2021-06-30,Other,11.771812260042935,-8.56752680208382
Cutoff only,0,116,2020 Q4,2021 Q2,gdp_growth,2,2.660437285427349,MIDAS (trend),2021-06-30,Other,11.771812260042935,-9.111374974615586
Cutoff only,0,116,2020 Q4,2021 Q2,gdp_growth,2,3.014439905657153,MIDAS-Latent,2021-06-30,Other,11.771812260042935,-8.757372354385783
Cutoff only,0,116,2020 Q4,2021 Q2,gdp_growth,2,2.9381521789379224,MIDAS-Latent (trend),2021-06-30,Other,11.771812260042935,-8.833660081105013
Cutoff only,0,116,2020 Q4,2021 Q3,gdp_growth,3,1.9330496699726247,AR(2),2021-09-30,Other,7.528200558540021,-5.595150888567396
Cutoff only,0,116,2020 Q4,2021 Q3,gdp_growth,3,1.939387081680696,MF-VAR,2021-09-30,Other,7.528200558540021,-5.588813476859325
Cutoff only,0,116,2020 Q4,2021 Q3,gdp_growth,3,-6.733275981803853,MF-VAR (manual),2021-09-30,Other,7.528200558540021,-14.261476540343876
Cutoff only,0,116,2020 Q4,2021 Q3,gdp_growth,3,3.206514527259978,MIDAS,2021-09-30,Other,7.528200558540021,-4.321686031280043
Cutoff only,0,116,2020 Q4,2021 Q3,gdp_growth,3,2.6492183488379566,MIDAS (trend),2021-09-30,Other,7.528200558540021,-4.878982209702064
Cutoff only,0,116,2020 Q4,2021 Q3,gdp_growth,3,3.008105592116628,MIDAS-Latent,2021-09-30,Other,7.528200558540021,-4.520094966423393
Cutoff only,0,116,2020 Q4,2021 Q3,gdp_growth,3,2.932047449457537,MIDAS-Latent (trend),2021-09-30,Other,7.528200558540021,-4.5961531090824845
Cutoff only,0,116,2020 Q4,2021 Q4,gdp_growth,4,1.6968892828764723,AR(2),2021-12-31,1-year ahead,0.5744345999069367,1.1224546829695357
Cutoff only,0,116,2020 Q4,2021 Q4,gdp_growth,4,2.026801007153655,MF-VAR,2021-12-31,1-year ahead,0.5744345999069367,1.4523664072467182
Cutoff only,0,116,2020 Q4,2021 Q4,gdp_growth,4,-7.070838914384006,MF-VAR (manual),2021-12-31,1-year ahead,0.5744345999069367,-7.645273514290943
Cutoff only,0,116,2020 Q4,2021 Q4,gdp_growth,4,3.2063990288598454,MIDAS,2021-12-31,1-year ahead,0.5744345999069367,2.6319644289529087
Cutoff only,0,116,2020 Q4,2021 Q4,gdp_growth,4,2.638061888763974,MIDAS (trend),2021-12-31,1-year ahead,0.5744345999069367,2.0636272888570373
Cutoff only,0,116,2020 Q4,2021 Q4,gdp_growth,4,3.0012514512757997,MIDAS-Latent,2021-12-31,1-year ahead,0.5744345999069367,2.4268168513688626
Cutoff only,0,116,2020 Q4,2021 Q4,gdp_growth,4,2.9223637578304387,MIDAS-Latent (trend),2021-12-31,1-year ahead,0.5744345999069367,2.347929157923502
Cutoff only,0,116,2020 Q4,2021 Q1,inflation,1,0.390825128211814,AR(2),2021-03-31,1-step ahead,0.2776485073894719,0.1131766208223421
Cutoff only,0,116,2020 Q4,2021 Q1,inflation,1,0.1723123898273115,MF-VAR,2021-03-31,1-step ahead,0.2776485073894719,-0.1053361175621603
Cutoff only,0,116,2020 Q4,2021 Q1,inflation,1,-0.1060549241830786,MF-VAR (manual),2021-03-31,1-step ahead,0.2776485073894719,-0.3837034315725505
Cutoff only,0,116,2020 Q4,2021 Q1,inflation,1,0.5535685704821359,MIDAS,2021-03-31,1-step ahead,0.2776485073894719,0.275920063092664
Cutoff only,0,116,2020 Q4,2021 Q1,inflation,1,-0.1606822705840038,MIDAS (trend),2021-03-31,1-step ahead,0.2776485073894719,-0.4383307779734757
Cutoff only,0,116,2020 Q4,2021 Q1,inflation,1,0.3003847819461823,MIDAS-Latent,2021-03-31,1-step ahead,0.2776485073894719,0.0227362745567104
Cutoff only,0,116,2020 Q4,2021 Q1,inflation,1,0.2529569217899578,MIDAS-Latent (trend),2021-03-31,1-step ahead,0.2776485073894719,-0.024691585599514
Cutoff only,0,116,2020 Q4,2021 Q2,inflation,2,0.4763053420980394,AR(2),2021-06-30,Other,1.0912758993917748,-0.6149705572937354
Cutoff only,0,116,2020 Q4,2021 Q2,inflation,2,0.0110670841935436,MF-VAR,2021-06-30,Other,1.0912758993917748,-1.0802088151982312
Cutoff only,0,116,2020 Q4,2021 Q2,inflation,2,-0.2285520838193503,MF-VAR (manual),2021-06-30,Other,1.0912758993917748,-1.3198279832111253
Cutoff only,0,116,2020 Q4,2021 Q2,inflation,2,0.4772069003902602,MIDAS,2021-06-30,Other,1.0912758993917748,-0.6140689990015147
Cutoff only,0,116,2020 Q4,2021 Q2,inflation,2,-0.2191936765796072,MIDAS (trend),2021-06-30,Other,1.0912758993917748,-1.310469575971382
Cutoff only,0,116,2020 Q4,2021 Q2,inflation,2,0.2997284377368648,MIDAS-Latent,2021-06-30,Other,1.0912758993917748,-0.7915474616549101
Cutoff only,0,116,2020 Q4,2021 Q2,inflation,2,0.2527669028827748,MIDAS-Latent (trend),2021-06-30,Other,1.0912758993917748,-0.838508996509
Cutoff only,0,116,2020 Q4,2021 Q3,inflation,3,0.5363503872450526,AR(2),2021-09-30,Other,1.6810527454161672,-1.1447023581711149
Cutoff only,0,116,2020 Q4,2021 Q3,inflation,3,-0.0861243578535332,MF-VAR,2021-09-30,Other,1.6810527454161672,-1.7671771032697006
Cutoff only,0,116,2020 Q4,2021 Q3,inflation,3,-0.2090383776865641,MF-VAR (manual),2021-09-30,Other,1.6810527454161672,-1.8900911231027315
Cutoff only,0,116,2020 Q4,2021 Q3,inflation,3,0.6103669655929399,MIDAS,2021-09-30,Other,1.6810527454161672,-1.0706857798232274
Cutoff only,0,116,2020 Q4,2021 Q3,inflation,3,-0.3017407078173187,MIDAS (trend),2021-09-30,Other,1.6810527454161672,-1.9827934532334857
Cutoff only,0,116,2020 Q4,2021 Q3,inflation,3,0.3001129134112031,MIDAS-Latent,2021-09-30,Other,1.6810527454161672,-1.3809398320049642
Cutoff only,0,116,2020 Q4,2021 Q3,inflation,3,0.251602288461429,MIDAS-Latent (trend),2021-09-30,Other,1.6810527454161672,-1.4294504569547382
Cutoff only,0,116,2020 Q4,2021 Q4,inflation,4,0.5725770053529131,AR(2),2021-12-31,1-year ahead,2.905325805445002,-2.332748800092089
Cutoff only,0,116,2020 Q4,2021 Q4,inflation,4,-0.1845602458246544,MF-VAR,2021-12-31,1-year ahead,2.905325805445002,-3.089886051269657
Cutoff only,0,116,2020 Q4,2021 Q4,inflation,4,-0.233147499083229,MF-VAR (manual),2021-12-31,1-year ahead,2.905325805445002,-3.138473304528232
Cutoff only,0,116,2020 Q4,2021 Q4,inflation,4,0.583696381653933,MIDAS,2021-12-31,1-year ahead,2.905325805445002,-2.321629423791069
Cutoff only,0,116,2020 Q4,2021 Q4,inflation,4,-0.3265983695306171,MIDAS (trend),2021-12-31,1-year ahead,2.905325805445002,-3.23192417497562
Cutoff only,0,116,2020 Q4,2021 Q4,inflation,4,0.3001109430538271,MIDAS-Latent,2021-12-31,1-year ahead,2.905325805445002,-2.6052148623911755
Cutoff only,0,116,2020 Q4,2021 Q4,inflation,4,0.2507009101269338,MIDAS-Latent (trend),2021-12-31,1-year ahead,2.905325805445002,-2.6546248953180687
Cutoff only,0,117,2021 Q1,2021 Q2,exch_rate,1,0.0868014571179525,AR(2),2021-06-30,1-step ahead,0.0935012226033115,-0.0066997654853589
Cutoff only,0,117,2021 Q1,2021 Q2,exch_rate,1,0.0843382256046879,MF-VAR,2021-06-30,1-step ahead,0.0935012226033115,-0.0091629969986236
Cutoff only,0,117,2021 Q1,2021 Q2,exch_rate,1,0.0853960461125934,MF-VAR (manual),2021-06-30,1-step ahead,0.0935012226033115,-0.008105176490718
Cutoff only,0,117,2021 Q1,2021 Q2,exch_rate,1,0.0948449492763568,MIDAS,2021-06-30,1-step ahead,0.0935012226033115,0.0013437266730452
Cutoff only,0,117,2021 Q1,2021 Q2,exch_rate,1,0.0901358745857089,MIDAS (trend),2021-06-30,1-step ahead,0.0935012226033115,-0.0033653480176026
Cutoff only,0,117,2021 Q1,2021 Q2,exch_rate,1,0.0723812544421118,MIDAS-Latent,2021-06-30,1-step ahead,0.0935012226033115,-0.0211199681611997
Cutoff only,0,117,2021 Q1,2021 Q2,exch_rate,1,0.0790292282613079,MIDAS-Latent (trend),2021-06-30,1-step ahead,0.0935012226033115,-0.0144719943420036
Cutoff only,0,117,2021 Q1,2021 Q3,exch_rate,2,0.0786294321574942,AR(2),2021-09-30,Other,0.079229789932838,-0.000600357775343785
Cutoff only,0,117,2021 Q1,2021 Q3,exch_rate,2,0.0556088155276237,MF-VAR,2021-09-30,Other,0.079229789932838,-0.0236209744052143
Cutoff only,0,117,2021 Q1,2021 Q3,exch_rate,2,0.0835691794805608,MF-VAR (manual),2021-09-30,Other,0.079229789932838,0.0043393895477227
Cutoff only,0,117,2021 Q1,2021 Q3,exch_rate,2,0.1061358488094186,MIDAS,2021-09-30,Other,0.079229789932838,0.0269060588765806
Cutoff only,0,117,2021 Q1,2021 Q3,exch_rate,2,0.1001234146582292,MIDAS (trend),2021-09-30,Other,0.079229789932838,0.0208936247253911
Cutoff only,0,117,2021 Q1,2021 Q3,exch_rate,2,0.0836827267880714,MIDAS-Latent,2021-09-30,Other,0.079229789932838,0.0044529368552333
Cutoff only,0,117,2021 Q1,2021 Q3,exch_rate,2,0.073750393442438,MIDAS-Latent (trend),2021-09-30,Other,0.079229789932838,-0.0054793964904
Cutoff only,0,117,2021 Q1,2021 Q4,exch_rate,3,0.0740717320874872,AR(2),2021-12-31,Other,0.0533352883414997,0.0207364437459875
Cutoff only,0,117,2021 Q1,2021 Q4,exch_rate,3,0.0366102364813891,MF-VAR,2021-12-31,Other,0.0533352883414997,-0.0167250518601105
Cutoff only,0,117,2021 Q1,2021 Q4,exch_rate,3,0.0814446281026617,MF-VAR (manual),2021-12-31,Other,0.0533352883414997,0.028109339761162
Cutoff only,0,117,2021 Q1,2021 Q4,exch_rate,3,0.1142850783913824,MIDAS,2021-12-31,Other,0.0533352883414997,0.0609497900498827
Cutoff only,0,117,2021 Q1,2021 Q4,exch_rate,3,0.102970987418175,MIDAS (trend),2021-12-31,Other,0.0533352883414997,0.0496356990766752
Cutoff only,0,117,2021 Q1,2021 Q4,exch_rate,3,0.0698504882246666,MIDAS-Latent,2021-12-31,Other,0.0533352883414997,0.0165151998831669
Cutoff only,0,117,2021 Q1,2021 Q4,exch_rate,3,0.0691898996169214,MIDAS-Latent (trend),2021-12-31,Other,0.0533352883414997,0.0158546112754216
Cutoff only,0,117,2021 Q1,2022 Q1,exch_rate,4,0.0677345185194763,AR(2),2022-03-31,1-year ahead,0.0362913624238735,0.0314431560956028
Cutoff only,0,117,2021 Q1,2022 Q1,exch_rate,4,0.022816824667326,MF-VAR,2022-03-31,1-year ahead,0.0362913624238735,-0.0134745377565474
Cutoff only,0,117,2021 Q1,2022 Q1,exch_rate,4,0.0801856054042855,MF-VAR (manual),2022-03-31,1-year ahead,0.0362913624238735,0.0438942429804119
Cutoff only,0,117,2021 Q1,2022 Q1,exch_rate,4,0.1253270926902346,MIDAS,2022-03-31,1-year ahead,0.0362913624238735,0.0890357302663611
Cutoff only,0,117,2021 Q1,2022 Q1,exch_rate,4,0.1115543805691362,MIDAS (trend),2022-03-31,1-year ahead,0.0362913624238735,0.0752630181452627
Cutoff only,0,117,2021 Q1,2022 Q1,exch_rate,4,0.0809131917185665,MIDAS-Latent,2022-03-31,1-year ahead,0.0362913624238735,0.0446218292946929
Cutoff only,0,117,2021 Q1,2022 Q1,exch_rate,4,0.0645462027155196,MIDAS-Latent (trend),2022-03-31,1-year ahead,0.0362913624238735,0.0282548402916461
Cutoff only,0,117,2021 Q1,2021 Q2,gdp_growth,1,1.6304721464201817,AR(2),2021-06-30,1-step ahead,11.771812260042935,-10.141340113622752
Cutoff only,0,117,2021 Q1,2021 Q2,gdp_growth,1,2.431814853272129,MF-VAR,2021-06-30,1-step ahead,11.771812260042935,-9.339997406770806
Cutoff only,0,117,2021 Q1,2021 Q2,gdp_growth,1,5.113778509306615,MF-VAR (manual),2021-06-30,1-step ahead,11.771812260042935,-6.658033750736321
Cutoff only,0,117,2021 Q1,2021 Q2,gdp_growth,1,4.273646753946103,MIDAS,2021-06-30,1-step ahead,11.771812260042935,-7.498165506096832
Cutoff only,0,117,2021 Q1,2021 Q2,gdp_growth,1,3.886503954600826,MIDAS (trend),2021-06-30,1-step ahead,11.771812260042935,-7.885308305442109
Cutoff only,0,117,2021 Q1,2021 Q2,gdp_growth,1,0.9413043046043024,MIDAS-Latent,2021-06-30,1-step ahead,11.771812260042935,-10.830507955438634
Cutoff only,0,117,2021 Q1,2021 Q2,gdp_growth,1,0.9420332341055352,MIDAS-Latent (trend),2021-06-30,1-step ahead,11.771812260042935,-10.8297790259374
Cutoff only,0,117,2021 Q1,2021 Q3,gdp_growth,2,1.7031611258555237,AR(2),2021-09-30,Other,7.528200558540021,-5.825039432684498
Cutoff only,0,117,2021 Q1,2021 Q3,gdp_growth,2,3.222072891435574,MF-VAR,2021-09-30,Other,7.528200558540021,-4.306127667104447
Cutoff only,0,117,2021 Q1,2021 Q3,gdp_growth,2,5.156866236848107,MF-VAR (manual),2021-09-30,Other,7.528200558540021,-2.371334321691914
Cutoff only,0,117,2021 Q1,2021 Q3,gdp_growth,2,4.281544602823816,MIDAS,2021-09-30,Other,7.528200558540021,-3.2466559557162054
Cutoff only,0,117,2021 Q1,2021 Q3,gdp_growth,2,3.8869397797560223,MIDAS (trend),2021-09-30,Other,7.528200558540021,-3.641260778783999
Cutoff only,0,117,2021 Q1,2021 Q3,gdp_growth,2,0.942645565464357,MIDAS-Latent,2021-09-30,Other,7.528200558540021,-6.5855549930756645
Cutoff only,0,117,2021 Q1,2021 Q3,gdp_growth,2,0.9433882363795826,MIDAS-Latent (trend),2021-09-30,Other,7.528200558540021,-6.584812322160439
Cutoff only,0,117,2021 Q1,2021 Q4,gdp_growth,3,1.76101719556235,AR(2),2021-12-31,Other,0.5744345999069367,1.1865825956554132
Cutoff only,0,117,2021 Q1,2021 Q4,gdp_growth,3,2.03221869159655,MF-VAR,2021-12-31,Other,0.5744345999069367,1.4577840916896134
Cutoff only,0,117,2021 Q1,2021 Q4,gdp_growth,3,5.162148062689498,MF-VAR (manual),2021-12-31,Other,0.5744345999069367,4.5877134627825615
Cutoff only,0,117,2021 Q1,2021 Q4,gdp_growth,3,4.345696464849181,MIDAS,2021-12-31,Other,0.5744345999069367,3.771261864942244
Cutoff only,0,117,2021 Q1,2021 Q4,gdp_growth,3,3.9291906137334327,MIDAS (trend),2021-12-31,Other,0.5744345999069367,3.354756013826496
Cutoff only,0,117,2021 Q1,2021 Q4,gdp_growth,3,0.9338290137007964,MIDAS-Latent,2021-12-31,Other,0.5744345999069367,0.3593944137938597
Cutoff only,0,117,2021 Q1,2021 Q4,gdp_growth,3,0.9345825835046844,MIDAS-Latent (trend),2021-12-31,Other,0.5744345999069367,0.3601479835977478
Cutoff only,0,117,2021 Q1,2022 Q1,gdp_growth,4,1.748417591146895,AR(2),2022-03-31,1-year ahead,2.862969131881954,-1.1145515407350588
Cutoff only,0,117,2021 Q1,2022 Q1,gdp_growth,4,1.8372811335844728,MF-VAR,2022-03-31,1-year ahead,2.862969131881954,-1.0256879982974811
Cutoff only,0,117,2021 Q1,2022 Q1,gdp_growth,4,5.344326027371441,MF-VAR (manual),2022-03-31,1-year ahead,2.862969131881954,2.481356895489487
Cutoff only,0,117,2021 Q1,2022 Q1,gdp_growth,4,4.34597155060012,MIDAS,2022-03-31,1-year ahead,2.862969131881954,1.4830024187181658
Cutoff only,0,117,2021 Q1,2022 Q1,gdp_growth,4,3.921919715215248,MIDAS (trend),2022-03-31,1-year ahead,2.862969131881954,1.0589505833332935
Cutoff only,0,117,2021 Q1,2022 Q1,gdp_growth,4,0.9338369474224408,MIDAS-Latent,2022-03-31,1-year ahead,2.862969131881954,-1.929132184459513
Cutoff only,0,117,2021 Q1,2022 Q1,gdp_growth,4,0.9346034005075144,MIDAS-Latent (trend),2022-03-31,1-year ahead,2.862969131881954,-1.92836573137444
Cutoff only,0,117,2021 Q1,2021 Q2,inflation,1,0.4207594701535169,AR(2),2021-06-30,1-step ahead,1.0912758993917748,-0.6705164292382579
Cutoff only,0,117,2021 Q1,2021 Q2,inflation,1,0.2776485073894719,MF-VAR,2021-06-30,1-step ahead,1.0912758993917748,-0.8136273920023029
Cutoff only,0,117,2021 Q1,2021 Q2,inflation,1,0.6206290933912886,MF-VAR (manual),2021-06-30,1-step ahead,1.0912758993917748,-0.4706468060004862
Cutoff only,0,117,2021 Q1,2021 Q2,inflation,1,0.5004249407675017,MIDAS,2021-06-30,1-step ahead,1.0912758993917748,-0.5908509586242732
Cutoff only,0,117,2021 Q1,2021 Q2,inflation,1,-0.1616864033267985,MIDAS (trend),2021-06-30,1-step ahead,1.0912758993917748,-1.2529623027185737
Cutoff only,0,117,2021 Q1,2021 Q2,inflation,1,0.0659140922903548,MIDAS-Latent,2021-06-30,1-step ahead,1.0912758993917748,-1.02536180710142
Cutoff only,0,117,2021 Q1,2021 Q2,inflation,1,0.0252786118761636,MIDAS-Latent (trend),2021-06-30,1-step ahead,1.0912758993917748,-1.0659972875156112
Cutoff only,0,117,2021 Q1,2021 Q3,inflation,2,0.4985367059039199,AR(2),2021-09-30,Other,1.6810527454161672,-1.1825160395122474
Cutoff only,0,117,2021 Q1,2021 Q3,inflation,2,0.3509899970823281,MF-VAR,2021-09-30,Other,1.6810527454161672,-1.3300627483338392
Cutoff only,0,117,2021 Q1,2021 Q3,inflation,2,0.7072801807300753,MF-VAR (manual),2021-09-30,Other,1.6810527454161672,-0.973772564686092
Cutoff only,0,117,2021 Q1,2021 Q3,inflation,2,0.5372157321311981,MIDAS,2021-09-30,Other,1.6810527454161672,-1.1438370132849691
Cutoff only,0,117,2021 Q1,2021 Q3,inflation,2,-0.1511614765723042,MIDAS (trend),2021-09-30,Other,1.6810527454161672,-1.832214221988472
Cutoff only,0,117,2021 Q1,2021 Q3,inflation,2,0.0664059294710585,MIDAS-Latent,2021-09-30,Other,1.6810527454161672,-1.6146468159451088
Cutoff only,0,117,2021 Q1,2021 Q3,inflation,2,0.0243335939684542,MIDAS-Latent (trend),2021-09-30,Other,1.6810527454161672,-1.656719151447713
Cutoff only,0,117,2021 Q1,2021 Q4,inflation,3,0.5482884807509874,AR(2),2021-12-31,Other,2.905325805445002,-2.3570373246940157
Cutoff only,0,117,2021 Q1,2021 Q4,inflation,3,0.0524922679084314,MF-VAR,2021-12-31,Other,2.905325805445002,-2.852833537536571
Cutoff only,0,117,2021 Q1,2021 Q4,inflation,3,0.6265670233043339,MF-VAR (manual),2021-12-31,Other,2.905325805445002,-2.2787587821406685
Cutoff only,0,117,2021 Q1,2021 Q4,inflation,3,0.6150249534205899,MIDAS,2021-12-31,Other,2.905325805445002,-2.2903008520244126
Cutoff only,0,117,2021 Q1,2021 Q4,inflation,3,-0.2577205086618868,MIDAS (trend),2021-12-31,Other,2.905325805445002,-3.1630463141068894
Cutoff only,0,117,2021 Q1,2021 Q4,inflation,3,0.0654172955609579,MIDAS-Latent,2021-12-31,Other,2.905325805445002,-2.8399085098840446
Cutoff only,0,117,2021 Q1,2021 Q4,inflation,3,0.0237920367119618,MIDAS-Latent (trend),2021-12-31,Other,2.905325805445002,-2.881533768733041
Cutoff only,0,117,2021 Q1,2022 Q1,inflation,4,0.5789136420309507,AR(2),2022-03-31,1-year ahead,2.4487738699512818,-1.8698602279203311
Cutoff only,0,117,2021 Q1,2022 Q1,inflation,4,-0.0999023880968952,MF-VAR,2022-03-31,1-year ahead,2.4487738699512818,-2.548676258048177
Cutoff only,0,117,2021 Q1,2022 Q1,inflation,4,0.702141705765741,MF-VAR (manual),2022-03-31,1-year ahead,2.4487738699512818,-1.746632164185541
Cutoff only,0,117,2021 Q1,2022 Q1,inflation,4,0.6278748890408988,MIDAS,2022-03-31,1-year ahead,2.4487738699512818,-1.8208989809103828
Cutoff only,0,117,2021 Q1,2022 Q1,inflation,4,-0.2675764521687864,MIDAS (trend),2022-03-31,1-year ahead,2.4487738699512818,-2.716350322120068
Cutoff only,0,117,2021 Q1,2022 Q1,inflation,4,0.0654195920554361,MIDAS-Latent,2022-03-31,1-year ahead,2.4487738699512818,-2.3833542778958456
Cutoff only,0,117,2021 Q1,2022 Q1,inflation,4,0.0229668944970316,MIDAS-Latent (trend),2022-03-31,1-year ahead,2.4487738699512818,-2.42580697545425
Cutoff only,0,118,2021 Q2,2021 Q3,exch_rate,1,0.086283291723704,AR(2),2021-09-30,1-step ahead,0.079229789932838,0.0070535017908659
Cutoff only,0,118,2021 Q2,2021 Q3,exch_rate,1,0.0858068646769488,MF-VAR,2021-09-30,1-step ahead,0.079229789932838,0.0065770747441107
Cutoff only,0,118,2021 Q2,2021 Q3,exch_rate,1,0.0920562431359332,MF-VAR (manual),2021-09-30,1-step ahead,0.079229789932838,0.0128264532030951
Cutoff only,0,118,2021 Q2,2021 Q3,exch_rate,1,0.0413223085410377,MIDAS,2021-09-30,1-step ahead,0.079229789932838,-0.0379074813918003
Cutoff only,0,118,2021 Q2,2021 Q3,exch_rate,1,0.0394238917134059,MIDAS (trend),2021-09-30,1-step ahead,0.079229789932838,-0.0398058982194321
Cutoff only,0,118,2021 Q2,2021 Q3,exch_rate,1,0.0847385575327656,MIDAS-Latent,2021-09-30,1-step ahead,0.079229789932838,0.0055087675999275
Cutoff only,0,118,2021 Q2,2021 Q3,exch_rate,1,0.0922280252893738,MIDAS-Latent (trend),2021-09-30,1-step ahead,0.079229789932838,0.0129982353565357
Cutoff only,0,118,2021 Q2,2021 Q4,exch_rate,2,0.0814835089228037,AR(2),2021-12-31,Other,0.0533352883414997,0.0281482205813039
Cutoff only,0,118,2021 Q2,2021 Q4,exch_rate,2,0.0553017905894146,MF-VAR,2021-12-31,Other,0.0533352883414997,0.0019665022479149
Cutoff only,0,118,2021 Q2,2021 Q4,exch_rate,2,0.0920063585439519,MF-VAR (manual),2021-12-31,Other,0.0533352883414997,0.0386710702024521
Cutoff only,0,118,2021 Q2,2021 Q4,exch_rate,2,0.0481545118796656,MIDAS,2021-12-31,Other,0.0533352883414997,-0.005180776461834
Cutoff only,0,118,2021 Q2,2021 Q4,exch_rate,2,0.0453059516755961,MIDAS (trend),2021-12-31,Other,0.0533352883414997,-0.0080293366659035
Cutoff only,0,118,2021 Q2,2021 Q4,exch_rate,2,0.0915803336415113,MIDAS-Latent,2021-12-31,Other,0.0533352883414997,0.0382450453000116
Cutoff only,0,118,2021 Q2,2021 Q4,exch_rate,2,0.0870999484190457,MIDAS-Latent (trend),2021-12-31,Other,0.0533352883414997,0.0337646600775459
Cutoff only,0,118,2021 Q2,2022 Q1,exch_rate,3,0.0746807147466316,AR(2),2022-03-31,Other,0.0362913624238735,0.0383893523227581
Cutoff only,0,118,2021 Q2,2022 Q1,exch_rate,3,0.0368835590636885,MF-VAR,2022-03-31,Other,0.0362913624238735,0.0005921966398149958
Cutoff only,0,118,2021 Q2,2022 Q1,exch_rate,3,0.0887737097085363,MF-VAR (manual),2022-03-31,Other,0.0362913624238735,0.0524823472846628
Cutoff only,0,118,2021 Q2,2022 Q1,exch_rate,3,-0.0028524279396634,MIDAS,2022-03-31,Other,0.0362913624238735,-0.0391437903635369
Cutoff only,0,118,2021 Q2,2022 Q1,exch_rate,3,-0.003838807502699,MIDAS (trend),2022-03-31,Other,0.0362913624238735,-0.0401301699265725
Cutoff only,0,118,2021 Q2,2022 Q1,exch_rate,3,0.0830024822210518,MIDAS-Latent,2022-03-31,Other,0.0362913624238735,0.0467111197971783
Cutoff only,0,118,2021 Q2,2022 Q1,exch_rate,3,0.0822983270293032,MIDAS-Latent (trend),2022-03-31,Other,0.0362913624238735,0.0460069646054297
Cutoff only,0,118,2021 Q2,2022 Q2,exch_rate,4,0.0709997768203745,AR(2),2022-06-30,1-year ahead,0.0271537094047716,0.0438460674156029
Cutoff only,0,118,2021 Q2,2022 Q2,exch_rate,4,0.027253395724018,MF-VAR,2022-06-30,1-year ahead,0.0271537094047716,9.968631924642952e-05
Cutoff only,0,118,2021 Q2,2022 Q2,exch_rate,4,0.0868159463111707,MF-VAR (manual),2022-06-30,1-year ahead,0.0271537094047716,0.0596622369063991
Cutoff only,0,118,2021 Q2,2022 Q2,exch_rate,4,0.0038263194200632,MIDAS,2022-06-30,1-year ahead,0.0271537094047716,-0.0233273899847083
Cutoff only,0,118,2021 Q2,2022 Q2,exch_rate,4,0.0010456258348751,MIDAS (trend),2022-06-30,1-year ahead,0.0271537094047716,-0.0261080835698964
Cutoff only,0,118,2021 Q2,2022 Q2,exch_rate,4,0.0896999582104216,MIDAS-Latent,2022-06-30,1-year ahead,0.0271537094047716,0.06254624880565
Cutoff only,0,118,2021 Q2,2022 Q2,exch_rate,4,0.0776490160113145,MIDAS-Latent (trend),2022-06-30,1-year ahead,0.0271537094047716,0.0504953066065429
Cutoff only,0,118,2021 Q2,2021 Q3,gdp_growth,1,0.734105597547309,AR(2),2021-09-30,1-step ahead,7.528200558540021,-6.794094960992712
Cutoff only,0,118,2021 Q2,2021 Q3,gdp_growth,1,11.771812260042935,MF-VAR,2021-09-30,1-step ahead,7.528200558540021,4.243611701502914
Cutoff only,0,118,2021 Q2,2021 Q3,gdp_growth,1,13.291008355961266,MF-VAR (manual),2021-09-30,1-step ahead,7.528200558540021,5.762807797421244
Cutoff only,0,118,2021 Q2,2021 Q3,gdp_growth,1,-1.8112750731966736,MIDAS,2021-09-30,1-step ahead,7.528200558540021,-9.339475631736695
Cutoff only,0,118,2021 Q2,2021 Q3,gdp_growth,1,-2.232266493499757,MIDAS (trend),2021-09-30,1-step ahead,7.528200558540021,-9.76046705203978
Cutoff only,0,118,2021 Q2,2021 Q3,gdp_growth,1,10.525110805719493,MIDAS-Latent,2021-09-30,1-step ahead,7.528200558540021,2.9969102471794717
Cutoff only,0,118,2021 Q2,2021 Q3,gdp_growth,1,10.55674192367632,MIDAS-Latent (trend),2021-09-30,1-step ahead,7.528200558540021,3.0285413651362987
Cutoff only,0,118,2021 Q2,2021 Q4,gdp_growth,2,1.1883523936645863,AR(2),2021-12-31,Other,0.5744345999069367,0.6139177937576497
Cutoff only,0,118,2021 Q2,2021 Q4,gdp_growth,2,3.380701967474045,MF-VAR,2021-12-31,Other,0.5744345999069367,2.8062673675671084
Cutoff only,0,118,2021 Q2,2021 Q4,gdp_growth,2,13.937454612593806,MF-VAR (manual),2021-12-31,Other,0.5744345999069367,13.363020012686867
Cutoff only,0,118,2021 Q2,2021 Q4,gdp_growth,2,-1.475492094072803,MIDAS,2021-12-31,Other,0.5744345999069367,-2.04992669397974
Cutoff only,0,118,2021 Q2,2021 Q4,gdp_growth,2,-1.9064699523675623,MIDAS (trend),2021-12-31,Other,0.5744345999069367,-2.480904552274499
Cutoff only,0,118,2021 Q2,2021 Q4,gdp_growth,2,10.621398995388349,MIDAS-Latent,2021-12-31,Other,0.5744345999069367,10.046964395481412
Cutoff only,0,118,2021 Q2,2021 Q4,gdp_growth,2,10.654900740179915,MIDAS-Latent (trend),2021-12-31,Other,0.5744345999069367,10.080466140272978
Cutoff only,0,118,2021 Q2,2022 Q1,gdp_growth,3,1.9843091396666008,AR(2),2022-03-31,Other,2.862969131881954,-0.8786599922153531
Cutoff only,0,118,2021 Q2,2022 Q1,gdp_growth,3,1.5600633013052132,MF-VAR,2022-03-31,Other,2.862969131881954,-1.3029058305767407
Cutoff only,0,118,2021 Q2,2022 Q1,gdp_growth,3,14.06602769397358,MF-VAR (manual),2022-03-31,Other,2.862969131881954,11.203058562091629
Cutoff only,0,118,2021 Q2,2022 Q1,gdp_growth,3,-1.9638187318455864,MIDAS,2022-03-31,Other,2.862969131881954,-4.8267878637275405
Cutoff only,0,118,2021 Q2,2022 Q1,gdp_growth,3,-2.4110717051774606,MIDAS (trend),2022-03-31,Other,2.862969131881954,-5.274040837059415
Cutoff only,0,118,2021 Q2,2022 Q1,gdp_growth,3,10.60854646225945,MIDAS-Latent,2022-03-31,Other,2.862969131881954,7.745577330377497
Cutoff only,0,118,2021 Q2,2022 Q1,gdp_growth,3,10.642702063132008,MIDAS-Latent (trend),2022-03-31,Other,2.862969131881954,7.779732931250054
Cutoff only,0,118,2021 Q2,2022 Q2,gdp_growth,4,1.8653120828182523,AR(2),2022-06-30,1-year ahead,4.56849934844854,-2.703187265630288
Cutoff only,0,118,2021 Q2,2022 Q2,gdp_growth,4,1.2831753152998064,MF-VAR,2022-06-30,1-year ahead,4.56849934844854,-3.2853240331487337
Cutoff only,0,118,2021 Q2,2022 Q2,gdp_growth,4,13.20208877715236,MF-VAR (manual),2022-06-30,1-year ahead,4.56849934844854,8.63358942870382
Cutoff only,0,118,2021 Q2,2022 Q2,gdp_growth,4,-1.9517469716342228,MIDAS,2022-06-30,1-year ahead,4.56849934844854,-6.520246320082763
Cutoff only,0,118,2021 Q2,2022 Q2,gdp_growth,4,-2.4059294049187296,MIDAS (trend),2022-06-30,1-year ahead,4.56849934844854,-6.97442875336727
Cutoff only,0,118,2021 Q2,2022 Q2,gdp_growth,4,10.609539119437596,MIDAS-Latent,2022-06-30,1-year ahead,4.56849934844854,6.041039770989057
Cutoff only,0,118,2021 Q2,2022 Q2,gdp_growth,4,10.644233726930445,MIDAS-Latent (trend),2022-06-30,1-year ahead,4.56849934844854,6.075734378481903
Cutoff only,0,118,2021 Q2,2021 Q3,inflation,1,0.8211755496306228,AR(2),2021-09-30,1-step ahead,1.6810527454161672,-0.8598771957855444
Cutoff only,0,118,2021 Q2,2021 Q3,inflation,1,1.0912758993917748,MF-VAR,2021-09-30,1-step ahead,1.6810527454161672,-0.5897768460243924
Cutoff only,0,118,2021 Q2,2021 Q3,inflation,1,1.1023079116232737,MF-VAR (manual),2021-09-30,1-step ahead,1.6810527454161672,-0.5787448337928938
Cutoff only,0,118,2021 Q2,2021 Q3,inflation,1,0.3796578374373864,MIDAS,2021-09-30,1-step ahead,1.6810527454161672,-1.3013949079787808
Cutoff only,0,118,2021 Q2,2021 Q3,inflation,1,-0.1946931583930536,MIDAS (trend),2021-09-30,1-step ahead,1.6810527454161672,-1.875745903809221
Cutoff only,0,118,2021 Q2,2021 Q3,inflation,1,1.0986874504959707,MIDAS-Latent,2021-09-30,1-step ahead,1.6810527454161672,-0.5823652949201965
Cutoff only,0,118,2021 Q2,2021 Q3,inflation,1,1.050049838781198,MIDAS-Latent (trend),2021-09-30,1-step ahead,1.6810527454161672,-0.6310029066349692
Cutoff only,0,118,2021 Q2,2021 Q4,inflation,2,0.7628216879349282,AR(2),2021-12-31,Other,2.905325805445002,-2.1425041175100743
Cutoff only,0,118,2021 Q2,2021 Q4,inflation,2,0.4788409420892045,MF-VAR,2021-12-31,Other,2.905325805445002,-2.4264848633557983
Cutoff only,0,118,2021 Q2,2021 Q4,inflation,2,0.9625285482443272,MF-VAR (manual),2021-12-31,Other,2.905325805445002,-1.9427972572006755
Cutoff only,0,118,2021 Q2,2021 Q4,inflation,2,0.6638652881602238,MIDAS,2021-12-31,Other,2.905325805445002,-2.2414605172847786
Cutoff only,0,118,2021 Q2,2021 Q4,inflation,2,-0.0292922993577463,MIDAS (trend),2021-12-31,Other,2.905325805445002,-2.934618104802749
Cutoff only,0,118,2021 Q2,2021 Q4,inflation,2,1.103018353474633,MIDAS-Latent,2021-12-31,Other,2.905325805445002,-1.8023074519703697
Cutoff only,0,118,2021 Q2,2021 Q4,inflation,2,1.0488735680545178,MIDAS-Latent (trend),2021-12-31,Other,2.905325805445002,-1.8564522373904848
Cutoff only,0,118,2021 Q2,2022 Q1,inflation,3,0.7114086263020775,AR(2),2022-03-31,Other,2.4487738699512818,-1.7373652436492044
Cutoff only,0,118,2021 Q2,2022 Q1,inflation,3,0.0813646044884628,MF-VAR,2022-03-31,Other,2.4487738699512818,-2.367409265462819
Cutoff only,0,118,2021 Q2,2022 Q1,inflation,3,0.9657288704142304,MF-VAR (manual),2022-03-31,Other,2.4487738699512818,-1.4830449995370514
Cutoff only,0,118,2021 Q2,2022 Q1,inflation,3,0.4152906245434286,MIDAS,2022-03-31,Other,2.4487738699512818,-2.033483245407853
Cutoff only,0,118,2021 Q2,2022 Q1,inflation,3,-0.3210906321329809,MIDAS (trend),2022-03-31,Other,2.4487738699512818,-2.7698645020842627
Cutoff only,0,118,2021 Q2,2022 Q1,inflation,3,1.1030578048366069,MIDAS-Latent,2022-03-31,Other,2.4487738699512818,-1.345716065114675
Cutoff only,0,118,2021 Q2,2022 Q1,inflation,3,1.0480878701323784,MIDAS-Latent (trend),2022-03-31,Other,2.4487738699512818,-1.4006859998189034
Cutoff only,0,118,2021 Q2,2022 Q2,inflation,4,0.6817435261986919,AR(2),2022-06-30,1-year ahead,4.516735213599077,-3.834991687400385
Cutoff only,0,118,2021 Q2,2022 Q2,inflation,4,-0.0317970230476254,MF-VAR,2022-06-30,1-year ahead,4.516735213599077,-4.548532236646702
Cutoff only,0,118,2021 Q2,2022 Q2,inflation,4,0.9720551556746928,MF-VAR (manual),2022-06-30,1-year ahead,4.516735213599077,-3.544680057924384
Cutoff only,0,118,2021 Q2,2022 Q2,inflation,4,0.5145668729101323,MIDAS,2022-06-30,1-year ahead,4.516735213599077,-4.002168340688945
Cutoff only,0,118,2021 Q2,2022 Q2,inflation,4,-0.2968448255424934,MIDAS (trend),2022-06-30,1-year ahead,4.516735213599077,-4.81358003914157
Cutoff only,0,118,2021 Q2,2022 Q2,inflation,4,1.1030808580435107,MIDAS-Latent,2022-06-30,1-year ahead,4.516735213599077,-3.413654355555566
Cutoff only,0,118,2021 Q2,2022 Q2,inflation,4,1.0472838739174632,MIDAS-Latent (trend),2022-06-30,1-year ahead,4.516735213599077,-3.469451339681614
Cutoff only,0,119,2021 Q3,2021 Q4,exch_rate,1,0.07340839567018,AR(2),2021-12-31,1-step ahead,0.0533352883414997,0.0200731073286802
Cutoff only,0,119,2021 Q3,2021 Q4,exch_rate,1,0.0756975019756723,MF-VAR,2021-12-31,1-step ahead,0.0533352883414997,0.0223622136341726
Cutoff only,0,119,2021 Q3,2021 Q4,exch_rate,1,0.0771978769521751,MF-VAR (manual),2021-12-31,1-step ahead,0.0533352883414997,0.0238625886106754
Cutoff only,0,119,2021 Q3,2021 Q4,exch_rate,1,0.0873041873809204,MIDAS,2021-12-31,1-step ahead,0.0533352883414997,0.0339688990394206
Cutoff only,0,119,2021 Q3,2021 Q4,exch_rate,1,0.0821402726288003,MIDAS (trend),2021-12-31,1-step ahead,0.0533352883414997,0.0288049842873006
Cutoff only,0,119,2021 Q3,2021 Q4,exch_rate,1,0.0911132802000262,MIDAS-Latent,2021-12-31,1-step ahead,0.0533352883414997,0.0377779918585265
Cutoff only,0,119,2021 Q3,2021 Q4,exch_rate,1,0.0773210279290538,MIDAS-Latent (trend),2021-12-31,1-step ahead,0.0533352883414997,0.023985739587554
Cutoff only,0,119,2021 Q3,2022 Q1,exch_rate,2,0.0668569283562055,AR(2),2022-03-31,Other,0.0362913624238735,0.030565565932332
Cutoff only,0,119,2021 Q3,2022 Q1,exch_rate,2,0.0508607145001487,MF-VAR,2022-03-31,Other,0.0362913624238735,0.0145693520762752
Cutoff only,0,119,2021 Q3,2022 Q1,exch_rate,2,0.0769227952441124,MF-VAR (manual),2022-03-31,Other,0.0362913624238735,0.0406314328202389
Cutoff only,0,119,2021 Q3,2022 Q1,exch_rate,2,0.0733518039736912,MIDAS,2022-03-31,Other,0.0362913624238735,0.0370604415498177
Cutoff only,0,119,2021 Q3,2022 Q1,exch_rate,2,0.0688652651344515,MIDAS (trend),2022-03-31,Other,0.0362913624238735,0.0325739027105779
Cutoff only,0,119,2021 Q3,2022 Q1,exch_rate,2,0.0771496052483425,MIDAS-Latent,2022-03-31,Other,0.0362913624238735,0.040858242824469
Cutoff only,0,119,2021 Q3,2022 Q1,exch_rate,2,0.0730234827570152,MIDAS-Latent (trend),2022-03-31,Other,0.0362913624238735,0.0367321203331417
Cutoff only,0,119,2021 Q3,2022 Q2,exch_rate,3,0.0636700162851684,AR(2),2022-06-30,Other,0.0271537094047716,0.0365163068803968
Cutoff only,0,119,2021 Q3,2022 Q2,exch_rate,3,0.0372672749102933,MF-VAR,2022-06-30,Other,0.0271537094047716,0.0101135655055217
Cutoff only,0,119,2021 Q3,2022 Q2,exch_rate,3,0.0748278887824527,MF-VAR (manual),2022-06-30,Other,0.0271537094047716,0.047674179377681
Cutoff only,0,119,2021 Q3,2022 Q2,exch_rate,3,0.0812456918249843,MIDAS,2022-06-30,Other,0.0271537094047716,0.0540919824202127
Cutoff only,0,119,2021 Q3,2022 Q2,exch_rate,3,0.0710723088059428,MIDAS (trend),2022-06-30,Other,0.0271537094047716,0.0439185994011712
Cutoff only,0,119,2021 Q3,2022 Q2,exch_rate,3,0.0887768328164496,MIDAS-Latent,2022-06-30,Other,0.0271537094047716,0.061623123411678
Cutoff only,0,119,2021 Q3,2022 Q2,exch_rate,3,0.0682514954279399,MIDAS-Latent (trend),2022-06-30,Other,0.0271537094047716,0.0410977860231683
Cutoff only,0,119,2021 Q3,2022 Q3,exch_rate,4,0.0550759478545602,AR(2),2022-09-30,1-year ahead,-0.026739916121992,0.0818158639765523
Cutoff only,0,119,2021 Q3,2022 Q3,exch_rate,4,0.0227596139997658,MF-VAR,2022-09-30,1-year ahead,-0.026739916121992,0.0494995301217579
Cutoff only,0,119,2021 Q3,2022 Q3,exch_rate,4,0.0735854306882468,MF-VAR (manual),2022-09-30,1-year ahead,-0.026739916121992,0.1003253468102389
Cutoff only,0,119,2021 Q3,2022 Q3,exch_rate,4,0.0676052250801788,MIDAS,2022-09-30,1-year ahead,-0.026739916121992,0.0943451412021709
Cutoff only,0,119,2021 Q3,2022 Q3,exch_rate,4,0.0586951468212878,MIDAS (trend),2022-09-30,1-year ahead,-0.026739916121992,0.0854350629432798
Cutoff only,0,119,2021 Q3,2022 Q3,exch_rate,4,0.0751142789118449,MIDAS-Latent,2022-09-30,1-year ahead,-0.026739916121992,0.101854195033837
Cutoff only,0,119,2021 Q3,2022 Q3,exch_rate,4,0.0635711824198585,MIDAS-Latent (trend),2022-09-30,1-year ahead,-0.026739916121992,0.0903110985418506
Cutoff only,0,119,2021 Q3,2021 Q4,gdp_growth,1,0.7433393071286309,AR(2),2021-12-31,1-step ahead,0.5744345999069367,0.1689047072216942
Cutoff only,0,119,2021 Q3,2021 Q4,gdp_growth,1,7.528200558540021,MF-VAR,2021-12-31,1-step ahead,0.5744345999069367,6.953765958633085
Cutoff only,0,119,2021 Q3,2021 Q4,gdp_growth,1,6.930616559413172,MF-VAR (manual),2021-12-31,1-step ahead,0.5744345999069367,6.356181959506235
Cutoff only,0,119,2021 Q3,2021 Q4,gdp_growth,1,2.2656557513678326,MIDAS,2021-12-31,1-step ahead,0.5744345999069367,1.691221151460896
Cutoff only,0,119,2021 Q3,2021 Q4,gdp_growth,1,1.9536060046001065,MIDAS (trend),2021-12-31,1-step ahead,0.5744345999069367,1.3791714046931698
Cutoff only,0,119,2021 Q3,2021 Q4,gdp_growth,1,8.140324016311425,MIDAS-Latent,2021-12-31,1-step ahead,0.5744345999069367,7.565889416404488
Cutoff only,0,119,2021 Q3,2021 Q4,gdp_growth,1,8.172123087962907,MIDAS-Latent (trend),2021-12-31,1-step ahead,0.5744345999069367,7.59768848805597
Cutoff only,0,119,2021 Q3,2022 Q1,gdp_growth,2,1.577074467070752,AR(2),2022-03-31,Other,2.862969131881954,-1.285894664811202
Cutoff only,0,119,2021 Q3,2022 Q1,gdp_growth,2,1.951159360802996,MF-VAR,2022-03-31,Other,2.862969131881954,-0.911809771078958
Cutoff only,0,119,2021 Q3,2022 Q1,gdp_growth,2,6.810308687172671,MF-VAR (manual),2022-03-31,Other,2.862969131881954,3.947339555290717
Cutoff only,0,119,2021 Q3,2022 Q1,gdp_growth,2,2.1028715435643823,MIDAS,2022-03-31,Other,2.862969131881954,-0.7600975883175716
Cutoff only,0,119,2021 Q3,2022 Q1,gdp_growth,2,1.785998773663829,MIDAS (trend),2022-03-31,Other,2.862969131881954,-1.076970358218125
Cutoff only,0,119,2021 Q3,2022 Q1,gdp_growth,2,8.094813395146089,MIDAS-Latent,2022-03-31,Other,2.862969131881954,5.231844263264135
Cutoff only,0,119,2021 Q3,2022 Q1,gdp_growth,2,8.126640180644394,MIDAS-Latent (trend),2022-03-31,Other,2.862969131881954,5.26367104876244
Cutoff only,0,119,2021 Q3,2022 Q2,gdp_growth,3,1.9837495244646892,AR(2),2022-06-30,Other,4.56849934844854,-2.584749823983851
Cutoff only,0,119,2021 Q3,2022 Q2,gdp_growth,3,1.365430677009094,MF-VAR,2022-06-30,Other,4.56849934844854,-3.2030686714394463
Cutoff only,0,119,2021 Q3,2022 Q2,gdp_growth,3,6.840158752212419,MF-VAR (manual),2022-06-30,Other,4.56849934844854,2.271659403763879
Cutoff only,0,119,2021 Q3,2022 Q2,gdp_growth,3,1.901001238804338,MIDAS,2022-06-30,Other,4.56849934844854,-2.6674981096442023
Cutoff only,0,119,2021 Q3,2022 Q2,gdp_growth,3,1.567481784416613,MIDAS (trend),2022-06-30,Other,4.56849934844854,-3.001017564031928
Cutoff only,0,119,2021 Q3,2022 Q2,gdp_growth,3,8.101378114246845,MIDAS-Latent,2022-06-30,Other,4.56849934844854,3.532878765798305
Cutoff only,0,119,2021 Q3,2022 Q2,gdp_growth,3,8.134143262469209,MIDAS-Latent (trend),2022-06-30,Other,4.56849934844854,3.5656439140206686
Cutoff only,0,119,2021 Q3,2022 Q3,gdp_growth,4,1.8934037957040095,AR(2),2022-09-30,1-year ahead,-1.4984497864681146,3.391853582172124
Cutoff only,0,119,2021 Q3,2022 Q3,gdp_growth,4,1.2468933282083734,MF-VAR,2022-09-30,1-year ahead,-1.4984497864681146,2.745343114676488
Cutoff only,0,119,2021 Q3,2022 Q3,gdp_growth,4,6.487176361458831,MF-VAR (manual),2022-09-30,1-year ahead,-1.4984497864681146,7.985626147926945
Cutoff only,0,119,2021 Q3,2022 Q3,gdp_growth,4,1.894756864866729,MIDAS,2022-09-30,1-year ahead,-1.4984497864681146,3.393206651334844
Cutoff only,0,119,2021 Q3,2022 Q3,gdp_growth,4,1.5557806961409348,MIDAS (trend),2022-09-30,1-year ahead,-1.4984497864681146,3.054230482609049
Cutoff only,0,119,2021 Q3,2022 Q3,gdp_growth,4,8.10089003551002,MIDAS-Latent,2022-09-30,1-year ahead,-1.4984497864681146,9.599339821978134
Cutoff only,0,119,2021 Q3,2022 Q3,gdp_growth,4,8.134172467434935,MIDAS-Latent (trend),2022-09-30,1-year ahead,-1.4984497864681146,9.63262225390305
Cutoff only,0,119,2021 Q3,2021 Q4,inflation,1,1.1780110360168163,AR(2),2021-12-31,1-step ahead,2.905325805445002,-1.7273147694281863
Cutoff only,0,119,2021 Q3,2021 Q4,inflation,1,1.6810527454161672,MF-VAR,2021-12-31,1-step ahead,2.905325805445002,-1.2242730600288354
Cutoff only,0,119,2021 Q3,2021 Q4,inflation,1,1.9557738910365288,MF-VAR (manual),2021-12-31,1-step ahead,2.905325805445002,-0.949551914408474
Cutoff only,0,119,2021 Q3,2021 Q4,inflation,1,0.7704270669119427,MIDAS,2021-12-31,1-step ahead,2.905325805445002,-2.13489873853306
Cutoff only,0,119,2021 Q3,2021 Q4,inflation,1,0.0680062273901327,MIDAS (trend),2021-12-31,1-step ahead,2.905325805445002,-2.8373195780548697
Cutoff only,0,119,2021 Q3,2021 Q4,inflation,1,1.6484572716645882,MIDAS-Latent,2021-12-31,1-step ahead,2.905325805445002,-1.2568685337804144
Cutoff only,0,119,2021 Q3,2021 Q4,inflation,1,1.599093889795946,MIDAS-Latent (trend),2021-12-31,1-step ahead,2.905325805445002,-1.3062319156490565
Cutoff only,0,119,2021 Q3,2022 Q1,inflation,2,0.9852433527237509,AR(2),2022-03-31,Other,2.4487738699512818,-1.463530517227531
Cutoff only,0,119,2021 Q3,2022 Q1,inflation,2,0.5060716259569409,MF-VAR,2022-03-31,Other,2.4487738699512818,-1.9427022439943409
Cutoff only,0,119,2021 Q3,2022 Q1,inflation,2,1.8995681376443367,MF-VAR (manual),2022-03-31,Other,2.4487738699512818,-0.549205732306945
Cutoff only,0,119,2021 Q3,2022 Q1,inflation,2,0.9755975880675456,MIDAS,2022-03-31,Other,2.4487738699512818,-1.473176281883736
Cutoff only,0,119,2021 Q3,2022 Q1,inflation,2,0.1883032258985685,MIDAS (trend),2022-03-31,Other,2.4487738699512818,-2.260470644052713
Cutoff only,0,119,2021 Q3,2022 Q1,inflation,2,1.652261718804744,MIDAS-Latent,2022-03-31,Other,2.4487738699512818,-0.7965121511465378
Cutoff only,0,119,2021 Q3,2022 Q1,inflation,2,1.5992217290905375,MIDAS-Latent (trend),2022-03-31,Other,2.4487738699512818,-0.8495521408607443
Cutoff only,0,119,2021 Q3,2022 Q2,inflation,3,0.8510627825250323,AR(2),2022-06-30,Other,4.516735213599077,-3.6656724310740447
Cutoff only,0,119,2021 Q3,2022 Q2,inflation,3,0.175771490370509,MF-VAR,2022-06-30,Other,4.516735213599077,-4.340963723228568
Cutoff only,0,119,2021 Q3,2022 Q2,inflation,3,1.8479878898709927,MF-VAR (manual),2022-06-30,Other,4.516735213599077,-2.668747323728084
Cutoff only,0,119,2021 Q3,2022 Q2,inflation,3,0.6588107452204477,MIDAS,2022-06-30,Other,4.516735213599077,-3.857924468378629
Cutoff only,0,119,2021 Q3,2022 Q2,inflation,3,-0.1822781672914729,MIDAS (trend),2022-06-30,Other,4.516735213599077,-4.69901338089055
Cutoff only,0,119,2021 Q3,2022 Q2,inflation,3,1.6520514566390925,MIDAS-Latent,2022-06-30,Other,4.516735213599077,-2.8646837569599843
Cutoff only,0,119,2021 Q3,2022 Q2,inflation,3,1.5984206810415629,MIDAS-Latent (trend),2022-06-30,Other,4.516735213599077,-2.918314532557514
Cutoff only,0,119,2021 Q3,2022 Q3,inflation,4,0.7706831551051433,AR(2),2022-09-30,1-year ahead,3.320870259523545,-2.5501871044184017
Cutoff only,0,119,2021 Q3,2022 Q3,inflation,4,0.0245817302553423,MF-VAR,2022-09-30,1-year ahead,3.320870259523545,-3.2962885292682027
Cutoff only,0,119,2021 Q3,2022 Q3,inflation,4,1.822766368494202,MF-VAR (manual),2022-09-30,1-year ahead,3.320870259523545,-1.4981038910293432
Cutoff only,0,119,2021 Q3,2022 Q3,inflation,4,0.7301851015299878,MIDAS,2022-09-30,1-year ahead,3.320870259523545,-2.590685157993557
Cutoff only,0,119,2021 Q3,2022 Q3,inflation,4,-0.1666003208423864,MIDAS (trend),2022-09-30,1-year ahead,3.320870259523545,-3.4874705803659314
Cutoff only,0,119,2021 Q3,2022 Q3,inflation,4,1.652075997816217,MIDAS-Latent,2022-09-30,1-year ahead,3.320870259523545,-1.668794261707328
Cutoff only,0,119,2021 Q3,2022 Q3,inflation,4,1.59773314384484,MIDAS-Latent (trend),2022-09-30,1-year ahead,3.320870259523545,-1.7231371156787052
Cutoff only,0,120,2021 Q4,2022 Q1,exch_rate,1,0.0438925216795675,AR(2),2022-03-31,1-step ahead,0.0362913624238735,0.007601159255694
Cutoff only,0,120,2021 Q4,2022 Q1,exch_rate,1,0.0480729075901415,MF-VAR,2022-03-31,1-step ahead,0.0362913624238735,0.011781545166268
Cutoff only,0,120,2021 Q4,2022 Q1,exch_rate,1,0.0524593123211122,MF-VAR (manual),2022-03-31,1-step ahead,0.0362913624238735,0.0161679498972387
Cutoff only,0,120,2021 Q4,2022 Q1,exch_rate,1,0.0587063272744112,MIDAS,2022-03-31,1-step ahead,0.0362913624238735,0.0224149648505377
Cutoff only,0,120,2021 Q4,2022 Q1,exch_rate,1,0.0552401563258303,MIDAS (trend),2022-03-31,1-step ahead,0.0362913624238735,0.0189487939019568
Cutoff only,0,120,2021 Q4,2022 Q1,exch_rate,1,0.0754095441095907,MIDAS-Latent,2022-03-31,1-step ahead,0.0362913624238735,0.0391181816857172
Cutoff only,0,120,2021 Q4,2022 Q1,exch_rate,1,0.0562244680614129,MIDAS-Latent (trend),2022-03-31,1-step ahead,0.0362913624238735,0.0199331056375394
Cutoff only,0,120,2021 Q4,2022 Q2,exch_rate,2,0.0414268622406092,AR(2),2022-06-30,Other,0.0271537094047716,0.0142731528358376
Cutoff only,0,120,2021 Q4,2022 Q2,exch_rate,2,0.0296389648706973,MF-VAR,2022-06-30,Other,0.0271537094047716,0.0024852554659257
Cutoff only,0,120,2021 Q4,2022 Q2,exch_rate,2,0.0507258976002124,MF-VAR (manual),2022-06-30,Other,0.0271537094047716,0.0235721881954408
Cutoff only,0,120,2021 Q4,2022 Q2,exch_rate,2,0.0333248849425543,MIDAS,2022-06-30,Other,0.0271537094047716,0.0061711755377827
Cutoff only,0,120,2021 Q4,2022 Q2,exch_rate,2,0.0314791143844982,MIDAS (trend),2022-06-30,Other,0.0271537094047716,0.0043254049797266
Cutoff only,0,120,2021 Q4,2022 Q2,exch_rate,2,0.0500183328837319,MIDAS-Latent,2022-06-30,Other,0.0271537094047716,0.0228646234789603
Cutoff only,0,120,2021 Q4,2022 Q2,exch_rate,2,0.0524102037413416,MIDAS-Latent (trend),2022-06-30,Other,0.0271537094047716,0.02525649433657
Cutoff only,0,120,2021 Q4,2022 Q3,exch_rate,3,0.03423811342414,AR(2),2022-09-30,Other,-0.026739916121992,0.060978029546132
Cutoff only,0,120,2021 Q4,2022 Q3,exch_rate,3,0.014630113098964,MF-VAR,2022-09-30,Other,-0.026739916121992,0.0413700292209561
Cutoff only,0,120,2021 Q4,2022 Q3,exch_rate,3,0.0503415561262798,MF-VAR (manual),2022-09-30,Other,-0.026739916121992,0.0770814722482718
Cutoff only,0,120,2021 Q4,2022 Q3,exch_rate,3,0.038589505095871,MIDAS,2022-09-30,Other,-0.026739916121992,0.0653294212178631
Cutoff only,0,120,2021 Q4,2022 Q3,exch_rate,3,0.0327692909916204,MIDAS (trend),2022-09-30,Other,-0.026739916121992,0.0595092071136125
Cutoff only,0,120,2021 Q4,2022 Q3,exch_rate,3,0.0716635492971158,MIDAS-Latent,2022-09-30,Other,-0.026739916121992,0.0984034654191078
Cutoff only,0,120,2021 Q4,2022 Q3,exch_rate,3,0.0474393533484261,MIDAS-Latent (trend),2022-09-30,Other,-0.026739916121992,0.0741792694704181
Cutoff only,0,120,2021 Q4,2022 Q4,exch_rate,4,0.0313428790971408,AR(2),2022-12-31,1-year ahead,-0.0168636904646506,0.0482065695617915
Cutoff only,0,120,2021 Q4,2022 Q4,exch_rate,4,0.0055250579928368,MF-VAR,2022-12-31,1-year ahead,-0.0168636904646506,0.0223887484574875
Cutoff only,0,120,2021 Q4,2022 Q4,exch_rate,4,0.0489614414713962,MF-VAR (manual),2022-12-31,1-year ahead,-0.0168636904646506,0.0658251319360468
Cutoff only,0,120,2021 Q4,2022 Q4,exch_rate,4,0.0137109565525437,MIDAS,2022-12-31,1-year ahead,-0.0168636904646506,0.0305746470171943
Cutoff only,0,120,2021 Q4,2022 Q4,exch_rate,4,0.010930802143125,MIDAS (trend),2022-12-31,1-year ahead,-0.0168636904646506,0.0277944926077757
Cutoff only,0,120,2021 Q4,2022 Q4,exch_rate,4,0.0467658463912667,MIDAS-Latent,2022-12-31,1-year ahead,-0.0168636904646506,0.0636295368559174
Cutoff only,0,120,2021 Q4,2022 Q4,exch_rate,4,0.0427378607882665,MIDAS-Latent (trend),2022-12-31,1-year ahead,-0.0168636904646506,0.0596015512529171
Cutoff only,0,120,2021 Q4,2022 Q1,gdp_growth,1,1.5502948695152097,AR(2),2022-03-31,1-step ahead,2.862969131881954,-1.3126742623667442
Cutoff only,0,120,2021 Q4,2022 Q1,gdp_growth,1,0.5744345999069367,MF-VAR,2022-03-31,1-step ahead,2.862969131881954,-2.288534531975017
Cutoff only,0,120,2021 Q4,2022 Q1,gdp_growth,1,-2.2490533610108088,MF-VAR (manual),2022-03-31,1-step ahead,2.862969131881954,-5.112022492892763
Cutoff only,0,120,2021 Q4,2022 Q1,gdp_growth,1,0.8290850831668006,MIDAS,2022-03-31,1-step ahead,2.862969131881954,-2.0338840487151533
Cutoff only,0,120,2021 Q4,2022 Q1,gdp_growth,1,0.4869912319435509,MIDAS (trend),2022-03-31,1-step ahead,2.862969131881954,-2.375977899938403
Cutoff only,0,120,2021 Q4,2022 Q1,gdp_growth,1,1.7677066933064636,MIDAS-Latent,2022-03-31,1-step ahead,2.862969131881954,-1.0952624385754903
Cutoff only,0,120,2021 Q4,2022 Q1,gdp_growth,1,1.7972566278191069,MIDAS-Latent (trend),2022-03-31,1-step ahead,2.862969131881954,-1.0657125040628472
Cutoff only,0,120,2021 Q4,2022 Q2,gdp_growth,2,1.9935381835889772,AR(2),2022-06-30,Other,4.56849934844854,-2.574961164859563
Cutoff only,0,120,2021 Q4,2022 Q2,gdp_growth,2,0.6651047298569828,MF-VAR,2022-06-30,Other,4.56849934844854,-3.9033946185915576
Cutoff only,0,120,2021 Q4,2022 Q2,gdp_growth,2,-2.412422779669291,MF-VAR (manual),2022-06-30,Other,4.56849934844854,-6.980922128117832
Cutoff only,0,120,2021 Q4,2022 Q2,gdp_growth,2,0.6014662074550534,MIDAS,2022-06-30,Other,4.56849934844854,-3.967033140993487
Cutoff only,0,120,2021 Q4,2022 Q2,gdp_growth,2,0.2446571335389299,MIDAS (trend),2022-06-30,Other,4.56849934844854,-4.32384221490961
Cutoff only,0,120,2021 Q4,2022 Q2,gdp_growth,2,1.7159421074048842,MIDAS-Latent,2022-06-30,Other,4.56849934844854,-2.852557241043656
Cutoff only,0,120,2021 Q4,2022 Q2,gdp_growth,2,1.7461712829844631,MIDAS-Latent (trend),2022-06-30,Other,4.56849934844854,-2.822328065464077
Cutoff only,0,120,2021 Q4,2022 Q3,gdp_growth,3,1.8832562917888327,AR(2),2022-09-30,Other,-1.4984497864681146,3.381706078256947
Cutoff only,0,120,2021 Q4,2022 Q3,gdp_growth,3,1.2442919074391487,MF-VAR,2022-09-30,Other,-1.4984497864681146,2.7427416939072637
Cutoff only,0,120,2021 Q4,2022 Q3,gdp_growth,3,-3.2638501303342067,MF-VAR (manual),2022-09-30,Other,-1.4984497864681146,-1.765400343866092
Cutoff only,0,120,2021 Q4,2022 Q3,gdp_growth,3,0.6098017276672487,MIDAS,2022-09-30,Other,-1.4984497864681146,2.1082515141353637
Cutoff only,0,120,2021 Q4,2022 Q3,gdp_growth,3,0.2358731134795616,MIDAS (trend),2022-09-30,Other,-1.4984497864681146,1.734322899947676
Cutoff only,0,120,2021 Q4,2022 Q3,gdp_growth,3,1.7248249539300895,MIDAS-Latent,2022-09-30,Other,-1.4984497864681146,3.223274740398204
Cutoff only,0,120,2021 Q4,2022 Q3,gdp_growth,3,1.755746141110281,MIDAS-Latent (trend),2022-09-30,Other,-1.4984497864681146,3.254195927578396
Cutoff only,0,120,2021 Q4,2022 Q4,gdp_growth,4,1.8589875148336727,AR(2),2022-12-31,1-year ahead,-0.003299605891982,1.8622871207256548
Cutoff only,0,120,2021 Q4,2022 Q4,gdp_growth,4,1.4089175329233097,MF-VAR,2022-12-31,1-year ahead,-0.003299605891982,1.4122171388152918
Cutoff only,0,120,2021 Q4,2022 Q4,gdp_growth,4,-3.286506868352733,MF-VAR (manual),2022-12-31,1-year ahead,-0.003299605891982,-3.283207262460751
Cutoff only,0,120,2021 Q4,2022 Q4,gdp_growth,4,0.602351037941927,MIDAS,2022-12-31,1-year ahead,-0.003299605891982,0.6056506438339091
Cutoff only,0,120,2021 Q4,2022 Q4,gdp_growth,4,0.2218206630847677,MIDAS (trend),2022-12-31,1-year ahead,-0.003299605891982,0.2251202689767498
Cutoff only,0,120,2021 Q4,2022 Q4,gdp_growth,4,1.7244396127538837,MIDAS-Latent,2022-12-31,1-year ahead,-0.003299605891982,1.7277392186458658
Cutoff only,0,120,2021 Q4,2022 Q4,gdp_growth,4,1.7558701769724834,MIDAS-Latent (trend),2022-12-31,1-year ahead,-0.003299605891982,1.7591697828644657
Cutoff only,0,120,2021 Q4,2022 Q1,inflation,1,1.820911934939892,AR(2),2022-03-31,1-step ahead,2.4487738699512818,-0.6278619350113896
Cutoff only,0,120,2021 Q4,2022 Q1,inflation,1,2.905325805445002,MF-VAR,2022-03-31,1-step ahead,2.4487738699512818,0.4565519354937208
Cutoff only,0,120,2021 Q4,2022 Q1,inflation,1,3.0642054930289104,MF-VAR (manual),2022-03-31,1-step ahead,2.4487738699512818,0.6154316230776287
Cutoff only,0,120,2021 Q4,2022 Q1,inflation,1,1.0196970771961096,MIDAS,2022-03-31,1-step ahead,2.4487738699512818,-1.4290767927551722
Cutoff only,0,120,2021 Q4,2022 Q1,inflation,1,0.3893256830629665,MIDAS (trend),2022-03-31,1-step ahead,2.4487738699512818,-2.059448186888315
Cutoff only,0,120,2021 Q4,2022 Q1,inflation,1,2.847057985043986,MIDAS-Latent,2022-03-31,1-step ahead,2.4487738699512818,0.3982841150927041
Cutoff only,0,120,2021 Q4,2022 Q1,inflation,1,2.791889550253604,MIDAS-Latent (trend),2022-03-31,1-step ahead,2.4487738699512818,0.3431156803023221
Cutoff only,0,120,2021 Q4,2022 Q2,inflation,2,1.3986998636980137,AR(2),2022-06-30,Other,4.516735213599077,-3.118035349901063
Cutoff only,0,120,2021 Q4,2022 Q2,inflation,2,0.4797526247805956,MF-VAR,2022-06-30,Other,4.516735213599077,-4.036982588818481
Cutoff only,0,120,2021 Q4,2022 Q2,inflation,2,3.088396940842025,MF-VAR (manual),2022-06-30,Other,4.516735213599077,-1.4283382727570515
Cutoff only,0,120,2021 Q4,2022 Q2,inflation,2,1.4477565920716629,MIDAS,2022-06-30,Other,4.516735213599077,-3.068978621527414
Cutoff only,0,120,2021 Q4,2022 Q2,inflation,2,0.6786915113782706,MIDAS (trend),2022-06-30,Other,4.516735213599077,-3.8380437022208063
Cutoff only,0,120,2021 Q4,2022 Q2,inflation,2,2.849729554231654,MIDAS-Latent,2022-06-30,Other,4.516735213599077,-1.667005659367423
Cutoff only,0,120,2021 Q4,2022 Q2,inflation,2,2.7879863975889565,MIDAS-Latent (trend),2022-06-30,Other,4.516735213599077,-1.7287488160101203
Cutoff only,0,120,2021 Q4,2022 Q3,inflation,3,1.1086011569262284,AR(2),2022-09-30,Other,3.320870259523545,-2.2122691025973165
Cutoff only,0,120,2021 Q4,2022 Q3,inflation,3,0.109694951459716,MF-VAR,2022-09-30,Other,3.320870259523545,-3.211175308063829
Cutoff only,0,120,2021 Q4,2022 Q3,inflation,3,3.1854238459693622,MF-VAR (manual),2022-09-30,Other,3.320870259523545,-0.1354464135541828
Cutoff only,0,120,2021 Q4,2022 Q3,inflation,3,0.7884581520401419,MIDAS,2022-09-30,Other,3.320870259523545,-2.5324121074834034
Cutoff only,0,120,2021 Q4,2022 Q3,inflation,3,0.0551687133731794,MIDAS (trend),2022-09-30,Other,3.320870259523545,-3.265701546150366
Cutoff only,0,120,2021 Q4,2022 Q3,inflation,3,2.849602404073165,MIDAS-Latent,2022-09-30,Other,3.320870259523545,-0.4712678554503799
Cutoff only,0,120,2021 Q4,2022 Q3,inflation,3,2.7876432985544546,MIDAS-Latent (trend),2022-09-30,Other,3.320870259523545,-0.5332269609690905
Cutoff only,0,120,2021 Q4,2022 Q4,inflation,4,0.9352777804706236,AR(2),2022-12-31,1-year ahead,1.4337160386958203,-0.4984382582251967
Cutoff only,0,120,2021 Q4,2022 Q4,inflation,4,-0.0058466376081954,MF-VAR,2022-12-31,1-year ahead,1.4337160386958203,-1.439562676304016
Cutoff only,0,120,2021 Q4,2022 Q4,inflation,4,3.207070718827401,MF-VAR (manual),2022-12-31,1-year ahead,1.4337160386958203,1.7733546801315807
Cutoff only,0,120,2021 Q4,2022 Q4,inflation,4,0.938126517912032,MIDAS,2022-12-31,1-year ahead,1.4337160386958203,-0.4955895207837884
Cutoff only,0,120,2021 Q4,2022 Q4,inflation,4,0.1163516959783073,MIDAS (trend),2022-12-31,1-year ahead,1.4337160386958203,-1.317364342717513
Cutoff only,0,120,2021 Q4,2022 Q4,inflation,4,2.849608233885286,MIDAS-Latent,2022-12-31,1-year ahead,1.4337160386958203,1.415892195189466
Cutoff only,0,120,2021 Q4,2022 Q4,inflation,4,2.7870086984331057,MIDAS-Latent (trend),2022-12-31,1-year ahead,1.4337160386958203,1.3532926597372854
Cutoff only,0,121,2022 Q1,2022 Q2,exch_rate,1,0.0327058773575654,AR(2),2022-06-30,1-step ahead,0.0271537094047716,0.0055521679527937
Cutoff only,0,121,2022 Q1,2022 Q2,exch_rate,1,0.0341175506640623,MF-VAR,2022-06-30,1-step ahead,0.0271537094047716,0.0069638412592907
Cutoff only,0,121,2022 Q1,2022 Q2,exch_rate,1,0.0352373532811732,MF-VAR (manual),2022-06-30,1-step ahead,0.0271537094047716,0.0080836438764016
Cutoff only,0,121,2022 Q1,2022 Q2,exch_rate,1,0.0263170854440496,MIDAS,2022-06-30,1-step ahead,0.0271537094047716,-0.0008366239607219897
Cutoff only,0,121,2022 Q1,2022 Q2,exch_rate,1,0.0250409739550821,MIDAS (trend),2022-06-30,1-step ahead,0.0271537094047716,-0.0021127354496894
Cutoff only,0,121,2022 Q1,2022 Q2,exch_rate,1,0.0481994004280081,MIDAS-Latent,2022-06-30,1-step ahead,0.0271537094047716,0.0210456910232365
Cutoff only,0,121,2022 Q1,2022 Q2,exch_rate,1,0.037160403947794,MIDAS-Latent (trend),2022-06-30,1-step ahead,0.0271537094047716,0.0100066945430224
Cutoff only,0,121,2022 Q1,2022 Q3,exch_rate,2,0.0257848064224261,AR(2),2022-09-30,Other,-0.026739916121992,0.0525247225444181
Cutoff only,0,121,2022 Q1,2022 Q3,exch_rate,2,0.0144219486731394,MF-VAR,2022-09-30,Other,-0.026739916121992,0.0411618647951315
Cutoff only,0,121,2022 Q1,2022 Q3,exch_rate,2,0.0346881305700254,MF-VAR (manual),2022-09-30,Other,-0.026739916121992,0.0614280466920174
Cutoff only,0,121,2022 Q1,2022 Q3,exch_rate,2,0.0095592432272138,MIDAS,2022-09-30,Other,-0.026739916121992,0.0362991593492059
Cutoff only,0,121,2022 Q1,2022 Q3,exch_rate,2,0.0092360128651307,MIDAS (trend),2022-09-30,Other,-0.026739916121992,0.0359759289871227
Cutoff only,0,121,2022 Q1,2022 Q3,exch_rate,2,0.0314426707256373,MIDAS-Latent,2022-09-30,Other,-0.026739916121992,0.0581825868476293
Cutoff only,0,121,2022 Q1,2022 Q3,exch_rate,2,0.0330313480581291,MIDAS-Latent (trend),2022-09-30,Other,-0.026739916121992,0.0597712641801212
Cutoff only,0,121,2022 Q1,2022 Q4,exch_rate,3,0.0234249050981128,AR(2),2022-12-31,Other,-0.0168636904646506,0.0402885955627634
Cutoff only,0,121,2022 Q1,2022 Q4,exch_rate,3,0.005491805263248,MF-VAR,2022-12-31,Other,-0.0168636904646506,0.0223554957278987
Cutoff only,0,121,2022 Q1,2022 Q4,exch_rate,3,0.0336131940058213,MF-VAR (manual),2022-12-31,Other,-0.0168636904646506,0.0504768844704719
Cutoff only,0,121,2022 Q1,2022 Q4,exch_rate,3,-0.00024761469171480415,MIDAS,2022-12-31,Other,-0.0168636904646506,0.0166160757729358
Cutoff only,0,121,2022 Q1,2022 Q4,exch_rate,3,-0.0013454949015761,MIDAS (trend),2022-12-31,Other,-0.0168636904646506,0.0155181955630744
Cutoff only,0,121,2022 Q1,2022 Q4,exch_rate,3,0.0431500540530012,MIDAS-Latent,2022-12-31,Other,-0.0168636904646506,0.0600137445176518
Cutoff only,0,121,2022 Q1,2022 Q4,exch_rate,3,0.0281198388078652,MIDAS-Latent (trend),2022-12-31,Other,-0.0168636904646506,0.0449835292725158
Cutoff only,0,121,2022 Q1,2023 Q1,exch_rate,4,0.0193487978636888,AR(2),2023-03-31,1-year ahead,-0.0076462771143125,0.0269950749780013
Cutoff only,0,121,2022 Q1,2023 Q1,exch_rate,4,-0.0028793974797279,MF-VAR,2023-03-31,1-year ahead,-0.0076462771143125,0.0047668796345845
Cutoff only,0,121,2022 Q1,2023 Q1,exch_rate,4,0.0327645147939849,MF-VAR (manual),2023-03-31,1-year ahead,-0.0076462771143125,0.0404107919082975
Cutoff only,0,121,2022 Q1,2023 Q1,exch_rate,4,-0.0167241751462485,MIDAS,2023-03-31,1-year ahead,-0.0076462771143125,-0.0090778980319359
Cutoff only,0,121,2022 Q1,2023 Q1,exch_rate,4,-0.0160334053115837,MIDAS (trend),2023-03-31,1-year ahead,-0.0076462771143125,-0.0083871281972712
Cutoff only,0,121,2022 Q1,2023 Q1,exch_rate,4,0.0266756812074858,MIDAS-Latent,2023-03-31,1-year ahead,-0.0076462771143125,0.0343219583217984
Cutoff only,0,121,2022 Q1,2023 Q1,exch_rate,4,0.0234266506219711,MIDAS-Latent (trend),2023-03-31,1-year ahead,-0.0076462771143125,0.0310729277362837
Cutoff only,0,121,2022 Q1,2022 Q2,gdp_growth,1,1.8911162506488388,AR(2),2022-06-30,1-step ahead,4.56849934844854,-2.677383097799701
Cutoff only,0,121,2022 Q1,2022 Q2,gdp_growth,1,2.862969131881954,MF-VAR,2022-06-30,1-step ahead,4.56849934844854,-1.7055302165665864
Cutoff only,0,121,2022 Q1,2022 Q2,gdp_growth,1,3.0025590334266745,MF-VAR (manual),2022-06-30,1-step ahead,4.56849934844854,-1.5659403150218658
Cutoff only,0,121,2022 Q1,2022 Q2,gdp_growth,1,0.1444477259111753,MIDAS,2022-06-30,1-step ahead,4.56849934844854,-4.424051622537365
Cutoff only,0,121,2022 Q1,2022 Q2,gdp_growth,1,-0.209627112798779,MIDAS (trend),2022-06-30,1-step ahead,4.56849934844854,-4.77812646124732
Cutoff only,0,121,2022 Q1,2022 Q2,gdp_growth,1,2.634203551435009,MIDAS-Latent,2022-06-30,1-step ahead,4.56849934844854,-1.9342957970135315
Cutoff only,0,121,2022 Q1,2022 Q2,gdp_growth,1,2.635967558996693,MIDAS-Latent (trend),2022-06-30,1-step ahead,4.56849934844854,-1.9325317894518477
Cutoff only,0,121,2022 Q1,2022 Q3,gdp_growth,2,1.8045587546367536,AR(2),2022-09-30,Other,-1.4984497864681146,3.3030085411048686
Cutoff only,0,121,2022 Q1,2022 Q3,gdp_growth,2,1.4713824525227797,MF-VAR,2022-09-30,Other,-1.4984497864681146,2.969832238990894
Cutoff only,0,121,2022 Q1,2022 Q3,gdp_growth,2,2.978672707998533,MF-VAR (manual),2022-09-30,Other,-1.4984497864681146,4.477122494466648
Cutoff only,0,121,2022 Q1,2022 Q3,gdp_growth,2,0.2169409799811298,MIDAS,2022-09-30,Other,-1.4984497864681146,1.7153907664492445
Cutoff only,0,121,2022 Q1,2022 Q3,gdp_growth,2,-0.1383576825366508,MIDAS (trend),2022-09-30,Other,-1.4984497864681146,1.3600921039314635
Cutoff only,0,121,2022 Q1,2022 Q3,gdp_growth,2,2.6489347948011943,MIDAS-Latent,2022-09-30,Other,-1.4984497864681146,4.147384581269309
Cutoff only,0,121,2022 Q1,2022 Q3,gdp_growth,2,2.6507167753959107,MIDAS-Latent (trend),2022-09-30,Other,-1.4984497864681146,4.149166561864025
Cutoff only,0,121,2022 Q1,2022 Q4,gdp_growth,3,1.8828742578001312,AR(2),2022-12-31,Other,-0.003299605891982,1.8861738636921133
Cutoff only,0,121,2022 Q1,2022 Q4,gdp_growth,3,0.9508841587737308,MF-VAR,2022-12-31,Other,-0.003299605891982,0.9541837646657128
Cutoff only,0,121,2022 Q1,2022 Q4,gdp_growth,3,2.3063091957927924,MF-VAR (manual),2022-12-31,Other,-0.003299605891982,2.3096088016847744
Cutoff only,0,121,2022 Q1,2022 Q4,gdp_growth,3,0.1308271546382481,MIDAS,2022-12-31,Other,-0.003299605891982,0.1341267605302302
Cutoff only,0,121,2022 Q1,2022 Q4,gdp_growth,3,-0.2478148852448552,MIDAS (trend),2022-12-31,Other,-0.003299605891982,-0.2445152793528731
Cutoff only,0,121,2022 Q1,2022 Q4,gdp_growth,3,2.6474622360994204,MIDAS-Latent,2022-12-31,Other,-0.003299605891982,2.6507618419914025
Cutoff only,0,121,2022 Q1,2022 Q4,gdp_growth,3,2.6492863149401003,MIDAS-Latent (trend),2022-12-31,Other,-0.003299605891982,2.6525859208320823
Cutoff only,0,121,2022 Q1,2023 Q1,gdp_growth,4,1.8826888686712808,AR(2),2023-03-31,1-year ahead,-1.4211511197238735,3.303839988395154
Cutoff only,0,121,2022 Q1,2023 Q1,gdp_growth,4,0.8698661717531868,MF-VAR,2023-03-31,1-year ahead,-1.4211511197238735,2.2910172914770603
Cutoff only,0,121,2022 Q1,2023 Q1,gdp_growth,4,3.534843183102636,MF-VAR (manual),2023-03-31,1-year ahead,-1.4211511197238735,4.955994302826509
Cutoff only,0,121,2022 Q1,2023 Q1,gdp_growth,4,0.1331235027213667,MIDAS,2023-03-31,1-year ahead,-1.4211511197238735,1.5542746224452404
Cutoff only,0,121,2022 Q1,2023 Q1,gdp_growth,4,-0.2512906669406334,MIDAS (trend),2023-03-31,1-year ahead,-1.4211511197238735,1.16986045278324
Cutoff only,0,121,2022 Q1,2023 Q1,gdp_growth,4,2.64755706076913,MIDAS-Latent,2023-03-31,1-year ahead,-1.4211511197238735,4.068708180493004
Cutoff only,0,121,2022 Q1,2023 Q1,gdp_growth,4,2.6494107714033963,MIDAS-Latent (trend),2023-03-31,1-year ahead,-1.4211511197238735,4.070561891127269
Cutoff only,0,121,2022 Q1,2022 Q2,inflation,1,1.7129828466617631,AR(2),2022-06-30,1-step ahead,4.516735213599077,-2.8037523669373137
Cutoff only,0,121,2022 Q1,2022 Q2,inflation,1,2.4487738699512818,MF-VAR,2022-06-30,1-step ahead,4.516735213599077,-2.067961343647795
Cutoff only,0,121,2022 Q1,2022 Q2,inflation,1,2.209275475079741,MF-VAR (manual),2022-06-30,1-step ahead,4.516735213599077,-2.307459738519336
Cutoff only,0,121,2022 Q1,2022 Q2,inflation,1,1.50431437666788,MIDAS,2022-06-30,1-step ahead,4.516735213599077,-3.012420836931197
Cutoff only,0,121,2022 Q1,2022 Q2,inflation,1,0.8660868104666193,MIDAS (trend),2022-06-30,1-step ahead,4.516735213599077,-3.6506484031324575
Cutoff only,0,121,2022 Q1,2022 Q2,inflation,1,2.2114720080260604,MIDAS-Latent,2022-06-30,1-step ahead,4.516735213599077,-2.3052632055730164
Cutoff only,0,121,2022 Q1,2022 Q2,inflation,1,2.173922348750924,MIDAS-Latent (trend),2022-06-30,1-step ahead,4.516735213599077,-2.342812864848153
Cutoff only,0,121,2022 Q1,2022 Q3,inflation,2,1.3157488582003616,AR(2),2022-09-30,Other,3.320870259523545,-2.0051214013231835
Cutoff only,0,121,2022 Q1,2022 Q3,inflation,2,0.553026865747524,MF-VAR,2022-09-30,Other,3.320870259523545,-2.767843393776021
Cutoff only,0,121,2022 Q1,2022 Q3,inflation,2,2.285884832295681,MF-VAR (manual),2022-09-30,Other,3.320870259523545,-1.0349854272278636
Cutoff only,0,121,2022 Q1,2022 Q3,inflation,2,1.3422871589324814,MIDAS,2022-09-30,Other,3.320870259523545,-1.978583100591064
Cutoff only,0,121,2022 Q1,2022 Q3,inflation,2,0.7367682221755733,MIDAS (trend),2022-09-30,Other,3.320870259523545,-2.584102037347972
Cutoff only,0,121,2022 Q1,2022 Q3,inflation,2,2.212154283173439,MIDAS-Latent,2022-09-30,Other,3.320870259523545,-1.1087159763501062
Cutoff only,0,121,2022 Q1,2022 Q3,inflation,2,2.175658403372586,MIDAS-Latent (trend),2022-09-30,Other,3.320870259523545,-1.1452118561509592
Cutoff only,0,121,2022 Q1,2022 Q4,inflation,3,1.0666113090249585,AR(2),2022-12-31,Other,1.4337160386958203,-0.3671047296708618
Cutoff only,0,121,2022 Q1,2022 Q4,inflation,3,0.1022803322012753,MF-VAR,2022-12-31,Other,1.4337160386958203,-1.331435706494545
Cutoff only,0,121,2022 Q1,2022 Q4,inflation,3,2.299807630380694,MF-VAR (manual),2022-12-31,Other,1.4337160386958203,0.8660915916848735
Cutoff only,0,121,2022 Q1,2022 Q4,inflation,3,1.0071048235536868,MIDAS,2022-12-31,Other,1.4337160386958203,-0.4266112151421335
Cutoff only,0,121,2022 Q1,2022 Q4,inflation,3,0.3087873570195681,MIDAS (trend),2022-12-31,Other,1.4337160386958203,-1.124928681676252
Cutoff only,0,121,2022 Q1,2022 Q4,inflation,3,2.2125089091211816,MIDAS-Latent,2022-12-31,Other,1.4337160386958203,0.7787928704253613
Cutoff only,0,121,2022 Q1,2022 Q4,inflation,3,2.176533821388076,MIDAS-Latent (trend),2022-12-31,Other,1.4337160386958203,0.7428177826922555
Cutoff only,0,121,2022 Q1,2023 Q1,inflation,4,0.9149102322352438,AR(2),2023-03-31,1-year ahead,3.17581391503019,-2.2609036827949462
Cutoff only,0,121,2022 Q1,2023 Q1,inflation,4,0.0031285613849645,MF-VAR,2023-03-31,1-year ahead,3.17581391503019,-3.172685353645225
Cutoff only,0,121,2022 Q1,2023 Q1,inflation,4,2.2553950357362,MF-VAR (manual),2023-03-31,1-year ahead,3.17581391503019,-0.9204188792939902
Cutoff only,0,121,2022 Q1,2023 Q1,inflation,4,0.9496024514332309,MIDAS,2023-03-31,1-year ahead,3.17581391503019,-2.226211463596959
Cutoff only,0,121,2022 Q1,2023 Q1,inflation,4,0.2662543191119755,MIDAS (trend),2023-03-31,1-year ahead,3.17581391503019,-2.9095595959182146
Cutoff only,0,121,2022 Q1,2023 Q1,inflation,4,2.212507889523321,MIDAS-Latent,2023-03-31,1-year ahead,3.17581391503019,-0.9633060255068692
Cutoff only,0,121,2022 Q1,2023 Q1,inflation,4,2.1760991631800723,MIDAS-Latent (trend),2023-03-31,1-year ahead,3.17581391503019,-0.9997147518501176
Cutoff only,0,122,2022 Q2,2022 Q3,exch_rate,1,0.0194127032655174,AR(2),2022-09-30,1-step ahead,-0.026739916121992,0.0461526193875095
Cutoff only,0,122,2022 Q2,2022 Q3,exch_rate,1,0.0194593514784088,MF-VAR,2022-09-30,1-step ahead,-0.026739916121992,0.0461992676004009
Cutoff only,0,122,2022 Q2,2022 Q3,exch_rate,1,0.0263840841016671,MF-VAR (manual),2022-09-30,1-step ahead,-0.026739916121992,0.0531240002236591
Cutoff only,0,122,2022 Q2,2022 Q3,exch_rate,1,0.038476709966607,MIDAS,2022-09-30,1-step ahead,-0.026739916121992,0.065216626088599
Cutoff only,0,122,2022 Q2,2022 Q3,exch_rate,1,0.0360223365434256,MIDAS (trend),2022-09-30,1-step ahead,-0.026739916121992,0.0627622526654176
Cutoff only,0,122,2022 Q2,2022 Q3,exch_rate,1,0.0305501774351185,MIDAS-Latent,2022-09-30,1-step ahead,-0.026739916121992,0.0572900935571105
Cutoff only,0,122,2022 Q2,2022 Q3,exch_rate,1,0.0204414150141463,MIDAS-Latent (trend),2022-09-30,1-step ahead,-0.026739916121992,0.0471813311361384
Cutoff only,0,122,2022 Q2,2022 Q4,exch_rate,2,0.0172473387367826,AR(2),2022-12-31,Other,-0.0168636904646506,0.0341110292014333
Cutoff only,0,122,2022 Q2,2022 Q4,exch_rate,2,0.0173896273186302,MF-VAR,2022-12-31,Other,-0.0168636904646506,0.0342533177832809
Cutoff only,0,122,2022 Q2,2022 Q4,exch_rate,2,0.0252905648827395,MF-VAR (manual),2022-12-31,Other,-0.0168636904646506,0.0421542553473902
Cutoff only,0,122,2022 Q2,2022 Q4,exch_rate,2,0.0294827019419567,MIDAS,2022-12-31,Other,-0.0168636904646506,0.0463463924066074
Cutoff only,0,122,2022 Q2,2022 Q4,exch_rate,2,0.0273384155431475,MIDAS (trend),2022-12-31,Other,-0.0168636904646506,0.0442021060077982
Cutoff only,0,122,2022 Q2,2022 Q4,exch_rate,2,0.0215629515090153,MIDAS-Latent,2022-12-31,Other,-0.0168636904646506,0.0384266419736659
Cutoff only,0,122,2022 Q2,2022 Q4,exch_rate,2,0.0159537865075122,MIDAS-Latent (trend),2022-12-31,Other,-0.0168636904646506,0.0328174769721629
Cutoff only,0,122,2022 Q2,2023 Q1,exch_rate,3,0.0135615380615941,AR(2),2023-03-31,Other,-0.0076462771143125,0.0212078151759066
Cutoff only,0,122,2022 Q2,2023 Q1,exch_rate,3,0.0122063636782891,MF-VAR,2023-03-31,Other,-0.0076462771143125,0.0198526407926017
Cutoff only,0,122,2022 Q2,2023 Q1,exch_rate,3,0.0246530219095607,MF-VAR (manual),2023-03-31,Other,-0.0076462771143125,0.0322992990238733
Cutoff only,0,122,2022 Q2,2023 Q1,exch_rate,3,0.0406277035855271,MIDAS,2023-03-31,Other,-0.0076462771143125,0.0482739806998397
Cutoff only,0,122,2022 Q2,2023 Q1,exch_rate,3,0.0348998860305399,MIDAS (trend),2023-03-31,Other,-0.0076462771143125,0.0425461631448524
Cutoff only,0,122,2022 Q2,2023 Q1,exch_rate,3,0.0249035057493332,MIDAS-Latent,2023-03-31,Other,-0.0076462771143125,0.0325497828636458
Cutoff only,0,122,2022 Q2,2023 Q1,exch_rate,3,0.0113690702581535,MIDAS-Latent (trend),2023-03-31,Other,-0.0076462771143125,0.0190153473724661
Cutoff only,0,122,2022 Q2,2023 Q2,exch_rate,4,0.0129163369047498,AR(2),2023-06-30,1-year ahead,-0.0215096318847173,0.0344259687894672
Cutoff only,0,122,2022 Q2,2023 Q2,exch_rate,4,0.0104629600753271,MF-VAR,2023-06-30,1-year ahead,-0.0215096318847173,0.0319725919600445
Cutoff only,0,122,2022 Q2,2023 Q2,exch_rate,4,0.0236795776080609,MF-VAR (manual),2023-06-30,1-year ahead,-0.0215096318847173,0.0451892094927783
Cutoff only,0,122,2022 Q2,2023 Q2,exch_rate,4,0.0317750824388967,MIDAS,2023-06-30,1-year ahead,-0.0215096318847173,0.053284714323614
Cutoff only,0,122,2022 Q2,2023 Q2,exch_rate,4,0.0266253252208013,MIDAS (trend),2023-06-30,1-year ahead,-0.0215096318847173,0.0481349571055187
Cutoff only,0,122,2022 Q2,2023 Q2,exch_rate,4,0.0160642305352302,MIDAS-Latent,2023-06-30,1-year ahead,-0.0215096318847173,0.0375738624199475
Cutoff only,0,122,2022 Q2,2023 Q2,exch_rate,4,0.0066953000493278,MIDAS-Latent (trend),2023-06-30,1-year ahead,-0.0215096318847173,0.0282049319340452
Cutoff only,0,122,2022 Q2,2022 Q3,gdp_growth,1,1.609756570803674,AR(2),2022-09-30,1-step ahead,-1.4984497864681146,3.1082063572717886
Cutoff only,0,122,2022 Q2,2022 Q3,gdp_growth,1,4.56849934844854,MF-VAR,2022-09-30,1-step ahead,-1.4984497864681146,6.066949134916655
Cutoff only,0,122,2022 Q2,2022 Q3,gdp_growth,1,4.069937818319792,MF-VAR (manual),2022-09-30,1-step ahead,-1.4984497864681146,5.568387604787906
Cutoff only,0,122,2022 Q2,2022 Q3,gdp_growth,1,2.771080716180286,MIDAS,2022-09-30,1-step ahead,-1.4984497864681146,4.269530502648401
Cutoff only,0,122,2022 Q2,2022 Q3,gdp_growth,1,2.504742845072874,MIDAS (trend),2022-09-30,1-step ahead,-1.4984497864681146,4.003192631540989
Cutoff only,0,122,2022 Q2,2022 Q3,gdp_growth,1,5.082385892581375,MIDAS-Latent,2022-09-30,1-step ahead,-1.4984497864681146,6.58083567904949
Cutoff only,0,122,2022 Q2,2022 Q3,gdp_growth,1,5.116328856034812,MIDAS-Latent (trend),2022-09-30,1-step ahead,-1.4984497864681146,6.614778642502927
Cutoff only,0,122,2022 Q2,2022 Q4,gdp_growth,2,1.7255921566926302,AR(2),2022-12-31,Other,-0.003299605891982,1.7288917625846123
Cutoff only,0,122,2022 Q2,2022 Q4,gdp_growth,2,0.7711552827453767,MF-VAR,2022-12-31,Other,-0.003299605891982,0.7744548886373588
Cutoff only,0,122,2022 Q2,2022 Q4,gdp_growth,2,3.803849027877626,MF-VAR (manual),2022-12-31,Other,-0.003299605891982,3.807148633769608
Cutoff only,0,122,2022 Q2,2022 Q4,gdp_growth,2,2.8223167669593194,MIDAS,2022-12-31,Other,-0.003299605891982,2.825616372851301
Cutoff only,0,122,2022 Q2,2022 Q4,gdp_growth,2,2.553948830236178,MIDAS (trend),2022-12-31,Other,-0.003299605891982,2.55724843612816
Cutoff only,0,122,2022 Q2,2022 Q4,gdp_growth,2,5.098626025543328,MIDAS-Latent,2022-12-31,Other,-0.003299605891982,5.10192563143531
Cutoff only,0,122,2022 Q2,2022 Q4,gdp_growth,2,5.132987693525983,MIDAS-Latent (trend),2022-12-31,Other,-0.003299605891982,5.136287299417965
Cutoff only,0,122,2022 Q2,2023 Q1,gdp_growth,3,1.9358472703660807,AR(2),2023-03-31,Other,-1.4211511197238735,3.356998390089955
Cutoff only,0,122,2022 Q2,2023 Q1,gdp_growth,3,0.4341411165505044,MF-VAR,2023-03-31,Other,-1.4211511197238735,1.855292236274378
Cutoff only,0,122,2022 Q2,2023 Q1,gdp_growth,3,4.341833792554295,MF-VAR (manual),2023-03-31,Other,-1.4211511197238735,5.762984912278169
Cutoff only,0,122,2022 Q2,2023 Q1,gdp_growth,3,2.768320284563675,MIDAS,2023-03-31,Other,-1.4211511197238735,4.1894714042875485
Cutoff only,0,122,2022 Q2,2023 Q1,gdp_growth,3,2.484519768765709,MIDAS (trend),2023-03-31,Other,-1.4211511197238735,3.905670888489583
Cutoff only,0,122,2022 Q2,2023 Q1,gdp_growth,3,5.103519275585462,MIDAS-Latent,2023-03-31,Other,-1.4211511197238735,6.524670395309336
Cutoff only,0,122,2022 Q2,2023 Q1,gdp_growth,3,5.1387279670714685,MIDAS-Latent (trend),2023-03-31,Other,-1.4211511197238735,6.559879086795342
Cutoff only,0,122,2022 Q2,2023 Q2,gdp_growth,4,1.9100108904310045,AR(2),2023-06-30,1-year ahead,-1.9508697250607556,3.86088061549176
Cutoff only,0,122,2022 Q2,2023 Q2,gdp_growth,4,0.4860376765993233,MF-VAR,2023-06-30,1-year ahead,-1.9508697250607556,2.4369074016600787
Cutoff only,0,122,2022 Q2,2023 Q2,gdp_growth,4,3.388594793834145,MF-VAR (manual),2023-06-30,1-year ahead,-1.9508697250607556,5.3394645188949
Cutoff only,0,122,2022 Q2,2023 Q2,gdp_growth,4,2.76985947330037,MIDAS,2023-06-30,1-year ahead,-1.9508697250607556,4.720729198361125
Cutoff only,0,122,2022 Q2,2023 Q2,gdp_growth,4,2.4815943781454832,MIDAS (trend),2023-06-30,1-year ahead,-1.9508697250607556,4.432464103206239
Cutoff only,0,122,2022 Q2,2023 Q2,gdp_growth,4,5.10367391483844,MIDAS-Latent,2023-06-30,1-year ahead,-1.9508697250607556,7.054543639899196
Cutoff only,0,122,2022 Q2,2023 Q2,gdp_growth,4,5.139458637631901,MIDAS-Latent (trend),2023-06-30,1-year ahead,-1.9508697250607556,7.090328362692657
Cutoff only,0,122,2022 Q2,2022 Q3,inflation,1,2.6977163111225217,AR(2),2022-09-30,1-step ahead,3.320870259523545,-0.6231539484010233
Cutoff only,0,122,2022 Q2,2022 Q3,inflation,1,4.516735213599077,MF-VAR,2022-09-30,1-step ahead,3.320870259523545,1.1958649540755315
Cutoff only,0,122,2022 Q2,2022 Q3,inflation,1,5.210824983872378,MF-VAR (manual),2022-09-30,1-step ahead,3.320870259523545,1.8899547243488328
Cutoff only,0,122,2022 Q2,2022 Q3,inflation,1,1.3550760565260034,MIDAS,2022-09-30,1-step ahead,3.320870259523545,-1.9657942029975417
Cutoff only,0,122,2022 Q2,2022 Q3,inflation,1,0.885963304167362,MIDAS (trend),2022-09-30,1-step ahead,3.320870259523545,-2.4349069553561837
Cutoff only,0,122,2022 Q2,2022 Q3,inflation,1,4.465568417671493,MIDAS-Latent,2022-09-30,1-step ahead,3.320870259523545,1.144698158147948
Cutoff only,0,122,2022 Q2,2022 Q3,inflation,1,4.435940683394973,MIDAS-Latent (trend),2022-09-30,1-step ahead,3.320870259523545,1.115070423871428
Cutoff only,0,122,2022 Q2,2022 Q4,inflation,2,2.03764500038292,AR(2),2022-12-31,Other,1.4337160386958203,0.6039289616870995
Cutoff only,0,122,2022 Q2,2022 Q4,inflation,2,0.8883001098065851,MF-VAR,2022-12-31,Other,1.4337160386958203,-0.5454159288892352
Cutoff only,0,122,2022 Q2,2022 Q4,inflation,2,5.219582769327154,MF-VAR (manual),2022-12-31,Other,1.4337160386958203,3.7858667306313336
Cutoff only,0,122,2022 Q2,2022 Q4,inflation,2,2.158418109775046,MIDAS,2022-12-31,Other,1.4337160386958203,0.7247020710792258
Cutoff only,0,122,2022 Q2,2022 Q4,inflation,2,1.5613152745872916,MIDAS (trend),2022-12-31,Other,1.4337160386958203,0.1275992358914712
Cutoff only,0,122,2022 Q2,2022 Q4,inflation,2,4.459175044039492,MIDAS-Latent,2022-12-31,Other,1.4337160386958203,3.025459005343672
Cutoff only,0,122,2022 Q2,2022 Q4,inflation,2,4.424728474895028,MIDAS-Latent (trend),2022-12-31,Other,1.4337160386958203,2.991012436199208
Cutoff only,0,122,2022 Q2,2023 Q1,inflation,3,1.540843374629032,AR(2),2023-03-31,Other,3.17581391503019,-1.634970540401158
Cutoff only,0,122,2022 Q2,2023 Q1,inflation,3,0.1584299602498181,MF-VAR,2023-03-31,Other,3.17581391503019,-3.017383954780372
Cutoff only,0,122,2022 Q2,2023 Q1,inflation,3,5.335728529872845,MF-VAR (manual),2023-03-31,Other,3.17581391503019,2.1599146148426547
Cutoff only,0,122,2022 Q2,2023 Q1,inflation,3,0.9302066798474168,MIDAS,2023-03-31,Other,3.17581391503019,-2.2456072351827734
Cutoff only,0,122,2022 Q2,2023 Q1,inflation,3,0.3594147039235921,MIDAS (trend),2023-03-31,Other,3.17581391503019,-2.816399211106598
Cutoff only,0,122,2022 Q2,2023 Q1,inflation,3,4.459333232897771,MIDAS-Latent,2023-03-31,Other,3.17581391503019,1.2835193178675812
Cutoff only,0,122,2022 Q2,2023 Q1,inflation,3,4.4248421210056605,MIDAS-Latent (trend),2023-03-31,Other,3.17581391503019,1.2490282059754705
Cutoff only,0,122,2022 Q2,2023 Q2,inflation,4,1.2379206357623311,AR(2),2023-06-30,1-year ahead,0.5501119867577842,0.687808649004547
Cutoff only,0,122,2022 Q2,2023 Q2,inflation,4,0.0664391596660682,MF-VAR,2023-06-30,1-year ahead,0.5501119867577842,-0.4836728270917159
Cutoff only,0,122,2022 Q2,2023 Q2,inflation,4,5.290555129188974,MF-VAR (manual),2023-06-30,1-year ahead,0.5501119867577842,4.7404431424311895
Cutoff only,0,122,2022 Q2,2023 Q2,inflation,4,1.242281398507294,MIDAS,2023-06-30,1-year ahead,0.5501119867577842,0.6921694117495099
Cutoff only,0,122,2022 Q2,2023 Q2,inflation,4,0.5760192003823267,MIDAS (trend),2023-06-30,1-year ahead,0.5501119867577842,0.0259072136245425
Cutoff only,0,122,2022 Q2,2023 Q2,inflation,4,4.459352998850614,MIDAS-Latent,2023-06-30,1-year ahead,0.5501119867577842,3.9092410120928296
Cutoff only,0,122,2022 Q2,2023 Q2,inflation,4,4.424589006392714,MIDAS-Latent (trend),2023-06-30,1-year ahead,0.5501119867577842,3.87447701963493
Cutoff only,0,123,2022 Q3,2022 Q4,exch_rate,1,-0.0328508214938715,AR(2),2022-12-31,1-step ahead,-0.0168636904646506,-0.0159871310292209
Cutoff only,0,123,2022 Q3,2022 Q4,exch_rate,1,-0.0302722040791576,MF-VAR,2022-12-31,1-step ahead,-0.0168636904646506,-0.0134085136145069
Cutoff only,0,123,2022 Q3,2022 Q4,exch_rate,1,0.9680857612480708,MF-VAR (manual),2022-12-31,1-step ahead,-0.0168636904646506,0.9849494517127212
Cutoff only,0,123,2022 Q3,2022 Q4,exch_rate,1,0.0219552593561857,MIDAS,2022-12-31,1-step ahead,-0.0168636904646506,0.0388189498208363
Cutoff only,0,123,2022 Q3,2022 Q4,exch_rate,1,0.0202775807356806,MIDAS (trend),2022-12-31,1-step ahead,-0.0168636904646506,0.0371412712003313
Cutoff only,0,123,2022 Q3,2022 Q4,exch_rate,1,0.018977092498008,MIDAS-Latent,2022-12-31,1-step ahead,-0.0168636904646506,0.0358407829626586
Cutoff only,0,123,2022 Q3,2022 Q4,exch_rate,1,-0.0256455028676468,MIDAS-Latent (trend),2022-12-31,1-step ahead,-0.0168636904646506,-0.0087818124029962
Cutoff only,0,123,2022 Q3,2023 Q1,exch_rate,2,-0.0341474693559849,AR(2),2023-03-31,Other,-0.0076462771143125,-0.0265011922416724
Cutoff only,0,123,2022 Q3,2023 Q1,exch_rate,2,-0.0241995743896587,MF-VAR,2023-03-31,Other,-0.0076462771143125,-0.0165532972753462
Cutoff only,0,123,2022 Q3,2023 Q1,exch_rate,2,0.9618503504335773,MF-VAR (manual),2023-03-31,Other,-0.0076462771143125,0.9694966275478896
Cutoff only,0,123,2022 Q3,2023 Q1,exch_rate,2,-0.0313078513537958,MIDAS,2023-03-31,Other,-0.0076462771143125,-0.0236615742394832
Cutoff only,0,123,2022 Q3,2023 Q1,exch_rate,2,-0.0289661380656864,MIDAS (trend),2023-03-31,Other,-0.0076462771143125,-0.0213198609513739
Cutoff only,0,123,2022 Q3,2023 Q1,exch_rate,2,-0.0340513336496189,MIDAS-Latent,2023-03-31,Other,-0.0076462771143125,-0.0264050565353064
Cutoff only,0,123,2022 Q3,2023 Q1,exch_rate,2,-0.028288134015979,MIDAS-Latent (trend),2023-03-31,Other,-0.0076462771143125,-0.0206418569016664
Cutoff only,0,123,2022 Q3,2023 Q2,exch_rate,3,-0.0316360095078652,AR(2),2023-06-30,Other,-0.0215096318847173,-0.0101263776231478
Cutoff only,0,123,2022 Q3,2023 Q2,exch_rate,3,-0.0194131951585957,MF-VAR,2023-06-30,Other,-0.0215096318847173,0.0020964367261215
Cutoff only,0,123,2022 Q3,2023 Q2,exch_rate,3,0.9584034119697332,MF-VAR (manual),2023-06-30,Other,-0.0215096318847173,0.9799130438544508
Cutoff only,0,123,2022 Q3,2023 Q2,exch_rate,3,0.016817627256808,MIDAS,2023-06-30,Other,-0.0215096318847173,0.0383272591415253
Cutoff only,0,123,2022 Q3,2023 Q2,exch_rate,3,0.0131645841600785,MIDAS (trend),2023-06-30,Other,-0.0215096318847173,0.0346742160447958
Cutoff only,0,123,2022 Q3,2023 Q2,exch_rate,3,0.0109317416510432,MIDAS-Latent,2023-06-30,Other,-0.0215096318847173,0.0324413735357605
Cutoff only,0,123,2022 Q3,2023 Q2,exch_rate,3,-0.033195365053507,MIDAS-Latent (trend),2023-06-30,Other,-0.0215096318847173,-0.0116857331687897
Cutoff only,0,123,2022 Q3,2023 Q3,exch_rate,4,-0.0348220573424138,AR(2),2023-09-30,1-year ahead,-0.039378982531476,0.0045569251890621
Cutoff only,0,123,2022 Q3,2023 Q3,exch_rate,4,-0.0218839380828892,MF-VAR,2023-09-30,1-year ahead,-0.039378982531476,0.0174950444485867
Cutoff only,0,123,2022 Q3,2023 Q3,exch_rate,4,0.9516225996961803,MF-VAR (manual),2023-09-30,1-year ahead,-0.039378982531476,0.9910015822276564
Cutoff only,0,123,2022 Q3,2023 Q3,exch_rate,4,-0.0358223451847362,MIDAS,2023-09-30,1-year ahead,-0.039378982531476,0.0035566373467397
Cutoff only,0,123,2022 Q3,2023 Q3,exch_rate,4,-0.0318686708408489,MIDAS (trend),2023-09-30,1-year ahead,-0.039378982531476,0.007510311690627
Cutoff only,0,123,2022 Q3,2023 Q3,exch_rate,4,-0.0412453748856403,MIDAS-Latent,2023-09-30,1-year ahead,-0.039378982531476,-0.0018663923541643
Cutoff only,0,123,2022 Q3,2023 Q3,exch_rate,4,-0.0379486915232814,MIDAS-Latent (trend),2023-09-30,1-year ahead,-0.039378982531476,0.0014302910081945
Cutoff only,0,123,2022 Q3,2022 Q4,gdp_growth,1,1.9563541192703704,AR(2),2022-12-31,1-step ahead,-0.003299605891982,1.9596537251623525
Cutoff only,0,123,2022 Q3,2022 Q4,gdp_growth,1,-1.4984497864681148,MF-VAR,2022-12-31,1-step ahead,-0.003299605891982,-1.4951501805761327
Cutoff only,0,123,2022 Q3,2022 Q4,gdp_growth,1,-2.621147896981362,MF-VAR (manual),2022-12-31,1-step ahead,-0.003299605891982,-2.61784829108938
Cutoff only,0,123,2022 Q3,2022 Q4,gdp_growth,1,2.3085149429064167,MIDAS,2022-12-31,1-step ahead,-0.003299605891982,2.3118145487983988
Cutoff only,0,123,2022 Q3,2022 Q4,gdp_growth,1,2.0122862022136734,MIDAS (trend),2022-12-31,1-step ahead,-0.003299605891982,2.0155858081056555
Cutoff only,0,123,2022 Q3,2022 Q4,gdp_growth,1,-0.2288758355752664,MIDAS-Latent,2022-12-31,1-step ahead,-0.003299605891982,-0.2255762296832844
Cutoff only,0,123,2022 Q3,2022 Q4,gdp_growth,1,-0.2058626285763203,MIDAS-Latent (trend),2022-12-31,1-step ahead,-0.003299605891982,-0.2025630226843382
Cutoff only,0,123,2022 Q3,2023 Q1,gdp_growth,2,2.1202598013305365,AR(2),2023-03-31,Other,-1.4211511197238735,3.54141092105441
Cutoff only,0,123,2022 Q3,2023 Q1,gdp_growth,2,-0.4381444810166475,MF-VAR,2023-03-31,Other,-1.4211511197238735,0.983006638707226
Cutoff only,0,123,2022 Q3,2023 Q1,gdp_growth,2,-2.518452013622416,MF-VAR (manual),2023-03-31,Other,-1.4211511197238735,-1.0973008938985425
Cutoff only,0,123,2022 Q3,2023 Q1,gdp_growth,2,2.126984678656753,MIDAS,2023-03-31,Other,-1.4211511197238735,3.5481357983806263
Cutoff only,0,123,2022 Q3,2023 Q1,gdp_growth,2,1.815966060342703,MIDAS (trend),2023-03-31,Other,-1.4211511197238735,3.2371171800665763
Cutoff only,0,123,2022 Q3,2023 Q1,gdp_growth,2,-0.2835857555662255,MIDAS-Latent,2023-03-31,Other,-1.4211511197238735,1.137565364157648
Cutoff only,0,123,2022 Q3,2023 Q1,gdp_growth,2,-0.2598163560761586,MIDAS-Latent (trend),2023-03-31,Other,-1.4211511197238735,1.161334763647715
Cutoff only,0,123,2022 Q3,2023 Q2,gdp_growth,3,1.844525725192821,AR(2),2023-06-30,Other,-1.9508697250607556,3.7953954502535767
Cutoff only,0,123,2022 Q3,2023 Q2,gdp_growth,3,0.0032624828144431,MF-VAR,2023-06-30,Other,-1.9508697250607556,1.9541322078751984
Cutoff only,0,123,2022 Q3,2023 Q2,gdp_growth,3,-2.6427233543001765,MF-VAR (manual),2023-06-30,Other,-1.9508697250607556,-0.6918536292394211
Cutoff only,0,123,2022 Q3,2023 Q2,gdp_growth,3,2.240893547504061,MIDAS,2023-06-30,Other,-1.9508697250607556,4.191763272564817
Cutoff only,0,123,2022 Q3,2023 Q2,gdp_growth,3,1.921711277496889,MIDAS (trend),2023-06-30,Other,-1.9508697250607556,3.872581002557644
Cutoff only,0,123,2022 Q3,2023 Q2,gdp_growth,3,-0.2721371200607445,MIDAS-Latent,2023-06-30,Other,-1.9508697250607556,1.6787326050000109
Cutoff only,0,123,2022 Q3,2023 Q2,gdp_growth,3,-0.2478618118141194,MIDAS-Latent (trend),2023-06-30,Other,-1.9508697250607556,1.703007913246636
Cutoff only,0,123,2022 Q3,2023 Q3,gdp_growth,4,1.8557079464721025,AR(2),2023-09-30,1-year ahead,0.2820471274915803,1.573660818980522
Cutoff only,0,123,2022 Q3,2023 Q3,gdp_growth,4,0.0398469353503572,MF-VAR,2023-09-30,1-year ahead,0.2820471274915803,-0.2422001921412231
Cutoff only,0,123,2022 Q3,2023 Q3,gdp_growth,4,-2.0034281737768294,MF-VAR (manual),2023-09-30,1-year ahead,0.2820471274915803,-2.2854753012684097
Cutoff only,0,123,2022 Q3,2023 Q3,gdp_growth,4,2.2354619481769955,MIDAS,2023-09-30,1-year ahead,0.2820471274915803,1.9534148206854152
Cutoff only,0,123,2022 Q3,2023 Q3,gdp_growth,4,1.9105416841774236,MIDAS (trend),2023-09-30,1-year ahead,0.2820471274915803,1.628494556685843
Cutoff only,0,123,2022 Q3,2023 Q3,gdp_growth,4,-0.2726304776411123,MIDAS-Latent,2023-09-30,1-year ahead,0.2820471274915803,-0.5546776051326927
Cutoff only,0,123,2022 Q3,2023 Q3,gdp_growth,4,-0.247966204295091,MIDAS-Latent (trend),2023-09-30,1-year ahead,0.2820471274915803,-0.5300133317866713
Cutoff only,0,123,2022 Q3,2022 Q4,inflation,1,2.3505763656811207,AR(2),2022-12-31,1-step ahead,1.4337160386958203,0.9168603269853004
Cutoff only,0,123,2022 Q3,2022 Q4,inflation,1,3.320870259523545,MF-VAR,2022-12-31,1-step ahead,1.4337160386958203,1.8871542208277248
Cutoff only,0,123,2022 Q3,2022 Q4,inflation,1,3.0027962144646647,MF-VAR (manual),2022-12-31,1-step ahead,1.4337160386958203,1.5690801757688444
Cutoff only,0,123,2022 Q3,2022 Q4,inflation,1,2.2496859012183057,MIDAS,2022-12-31,1-step ahead,1.4337160386958203,0.8159698625224854
Cutoff only,0,123,2022 Q3,2022 Q4,inflation,1,1.8180661552361723,MIDAS (trend),2022-12-31,1-step ahead,1.4337160386958203,0.384350116540352
Cutoff only,0,123,2022 Q3,2022 Q4,inflation,1,3.855830900618306,MIDAS-Latent,2022-12-31,1-step ahead,1.4337160386958203,2.422114861922486
Cutoff only,0,123,2022 Q3,2022 Q4,inflation,1,3.825405914527204,MIDAS-Latent (trend),2022-12-31,1-step ahead,1.4337160386958203,2.391689875831384
Cutoff only,0,123,2022 Q3,2023 Q1,inflation,2,1.7602632357649248,AR(2),2023-03-31,Other,3.17581391503019,-1.4155506792652652
Cutoff only,0,123,2022 Q3,2023 Q1,inflation,2,0.3790446765219134,MF-VAR,2023-03-31,Other,3.17581391503019,-2.7967692385082765
Cutoff only,0,123,2022 Q3,2023 Q1,inflation,2,3.013048382857678,MF-VAR (manual),2023-03-31,Other,3.17581391503019,-0.1627655321725121
Cutoff only,0,123,2022 Q3,2023 Q1,inflation,2,1.767297085282595,MIDAS,2023-03-31,Other,3.17581391503019,-1.4085168297475947
Cutoff only,0,123,2022 Q3,2023 Q1,inflation,2,1.381773463729164,MIDAS (trend),2023-03-31,Other,3.17581391503019,-1.7940404513010262
Cutoff only,0,123,2022 Q3,2023 Q1,inflation,2,3.8572412755468166,MIDAS-Latent,2023-03-31,Other,3.17581391503019,0.6814273605166266
Cutoff only,0,123,2022 Q3,2023 Q1,inflation,2,3.829060875733531,MIDAS-Latent (trend),2023-03-31,Other,3.17581391503019,0.6532469607033411
Cutoff only,0,123,2022 Q3,2023 Q2,inflation,3,1.382804133243399,AR(2),2023-06-30,Other,0.5501119867577842,0.8326921464856145
Cutoff only,0,123,2022 Q3,2023 Q2,inflation,3,-0.0511984766757545,MF-VAR,2023-06-30,Other,0.5501119867577842,-0.6013104634335387
Cutoff only,0,123,2022 Q3,2023 Q2,inflation,3,2.9251476981275744,MF-VAR (manual),2023-06-30,Other,0.5501119867577842,2.37503571136979
Cutoff only,0,123,2022 Q3,2023 Q2,inflation,3,1.335202012598426,MIDAS,2023-06-30,Other,0.5501119867577842,0.7850900258406417
Cutoff only,0,123,2022 Q3,2023 Q2,inflation,3,0.8346369410136432,MIDAS (trend),2023-06-30,Other,0.5501119867577842,0.284524954255859
Cutoff only,0,123,2022 Q3,2023 Q2,inflation,3,3.856610355581005,MIDAS-Latent,2023-06-30,Other,0.5501119867577842,3.306498368823221
Cutoff only,0,123,2022 Q3,2023 Q2,inflation,3,3.827089008194851,MIDAS-Latent (trend),2023-06-30,Other,0.5501119867577842,3.276977021437067
Cutoff only,0,123,2022 Q3,2023 Q3,inflation,4,1.1437213474773356,AR(2),2023-09-30,1-year ahead,1.2606093578710895,-0.1168880103937541
Cutoff only,0,123,2022 Q3,2023 Q3,inflation,4,-0.0626256384349217,MF-VAR,2023-09-30,1-year ahead,1.2606093578710895,-1.3232349963060115
Cutoff only,0,123,2022 Q3,2023 Q3,inflation,4,3.060715297916011,MF-VAR (manual),2023-09-30,1-year ahead,1.2606093578710895,1.8001059400449213
Cutoff only,0,123,2022 Q3,2023 Q3,inflation,4,1.1406156849810694,MIDAS,2023-09-30,1-year ahead,1.2606093578710895,-0.1199936728900203
Cutoff only,0,123,2022 Q3,2023 Q3,inflation,4,0.6726458483893604,MIDAS (trend),2023-09-30,1-year ahead,1.2606093578710895,-0.5879635094817294
Cutoff only,0,123,2022 Q3,2023 Q3,inflation,4,3.856608692218072,MIDAS-Latent,2023-09-30,1-year ahead,1.2606093578710895,2.595999334346982
Cutoff only,0,123,2022 Q3,2023 Q3,inflation,4,3.826774614707068,MIDAS-Latent (trend),2023-09-30,1-year ahead,1.2606093578710895,2.566165256835978
Cutoff only,0,124,2022 Q4,2023 Q1,exch_rate,1,-0.0160079834769955,AR(2),2023-03-31,1-step ahead,-0.0076462771143125,-0.008361706362683
Cutoff only,0,124,2022 Q4,2023 Q1,exch_rate,1,-0.0221260712160087,MF-VAR,2023-03-31,1-step ahead,-0.0076462771143125,-0.0144797941016962
Cutoff only,0,124,2022 Q4,2023 Q1,exch_rate,1,0.9772749357368384,MF-VAR (manual),2023-03-31,1-step ahead,-0.0076462771143125,0.9849212128511512
Cutoff only,0,124,2022 Q4,2023 Q1,exch_rate,1,-0.0346109322901506,MIDAS,2023-03-31,1-step ahead,-0.0076462771143125,-0.0269646551758381
Cutoff only,0,124,2022 Q4,2023 Q1,exch_rate,1,-0.0320291775082772,MIDAS (trend),2023-03-31,1-step ahead,-0.0076462771143125,-0.0243829003939647
Cutoff only,0,124,2022 Q4,2023 Q1,exch_rate,1,-0.035883648489763,MIDAS-Latent,2023-03-31,1-step ahead,-0.0076462771143125,-0.0282373713754504
Cutoff only,0,124,2022 Q4,2023 Q1,exch_rate,1,-0.0280220863406366,MIDAS-Latent (trend),2023-03-31,1-step ahead,-0.0076462771143125,-0.0203758092263241
Cutoff only,0,124,2022 Q4,2023 Q2,exch_rate,2,-0.0139092071119218,AR(2),2023-06-30,Other,-0.0215096318847173,0.0076004247727954
Cutoff only,0,124,2022 Q4,2023 Q2,exch_rate,2,-0.0073150044552066,MF-VAR,2023-06-30,Other,-0.0215096318847173,0.0141946274295107
Cutoff only,0,124,2022 Q4,2023 Q2,exch_rate,2,0.972744341238868,MF-VAR (manual),2023-06-30,Other,-0.0215096318847173,0.9942539731235852
Cutoff only,0,124,2022 Q4,2023 Q2,exch_rate,2,-0.0248109055154754,MIDAS,2023-06-30,Other,-0.0215096318847173,-0.003301273630758
Cutoff only,0,124,2022 Q4,2023 Q2,exch_rate,2,-0.0235138187402108,MIDAS (trend),2023-06-30,Other,-0.0215096318847173,-0.0020041868554935
Cutoff only,0,124,2022 Q4,2023 Q2,exch_rate,2,-0.0261288301791573,MIDAS-Latent,2023-06-30,Other,-0.0215096318847173,-0.00461919829444
Cutoff only,0,124,2022 Q4,2023 Q2,exch_rate,2,-0.0331711877973616,MIDAS-Latent (trend),2023-06-30,Other,-0.0215096318847173,-0.0116615559126443
Cutoff only,0,124,2022 Q4,2023 Q3,exch_rate,3,-0.0179653310644757,AR(2),2023-09-30,Other,-0.039378982531476,0.0214136514670002
Cutoff only,0,124,2022 Q4,2023 Q3,exch_rate,3,-0.009960538237146,MF-VAR,2023-09-30,Other,-0.039378982531476,0.0294184442943299
Cutoff only,0,124,2022 Q4,2023 Q3,exch_rate,3,0.9667112508594412,MF-VAR (manual),2023-09-30,Other,-0.039378982531476,1.0060902333909172
Cutoff only,0,124,2022 Q4,2023 Q3,exch_rate,3,-0.0424212205387305,MIDAS,2023-09-30,Other,-0.039378982531476,-0.0030422380072545
Cutoff only,0,124,2022 Q4,2023 Q3,exch_rate,3,-0.0377329961941131,MIDAS (trend),2023-09-30,Other,-0.039378982531476,0.0016459863373628
Cutoff only,0,124,2022 Q4,2023 Q3,exch_rate,3,-0.0449149779695736,MIDAS-Latent,2023-09-30,Other,-0.039378982531476,-0.0055359954380976
Cutoff only,0,124,2022 Q4,2023 Q3,exch_rate,3,-0.0376233982229013,MIDAS-Latent (trend),2023-09-30,Other,-0.039378982531476,0.0017555843085746
Cutoff only,0,124,2022 Q4,2023 Q4,exch_rate,4,-0.0182105979562074,AR(2),2023-12-31,1-year ahead,-0.0468808158867381,0.0286702179305306
Cutoff only,0,124,2022 Q4,2023 Q4,exch_rate,4,-0.0112656612851521,MF-VAR,2023-12-31,1-year ahead,-0.0468808158867381,0.035615154601586
Cutoff only,0,124,2022 Q4,2023 Q4,exch_rate,4,0.9613011635167332,MF-VAR (manual),2023-12-31,1-year ahead,-0.0468808158867381,1.0081819794034714
Cutoff only,0,124,2022 Q4,2023 Q4,exch_rate,4,-0.0326968047430099,MIDAS,2023-12-31,1-year ahead,-0.0468808158867381,0.0141840111437282
Cutoff only,0,124,2022 Q4,2023 Q4,exch_rate,4,-0.0304531231117485,MIDAS (trend),2023-12-31,1-year ahead,-0.0468808158867381,0.0164276927749896
Cutoff only,0,124,2022 Q4,2023 Q4,exch_rate,4,-0.0352800745586543,MIDAS-Latent,2023-12-31,1-year ahead,-0.0468808158867381,0.0116007413280837
Cutoff only,0,124,2022 Q4,2023 Q4,exch_rate,4,-0.0422747005778061,MIDAS-Latent (trend),2023-12-31,1-year ahead,-0.0468808158867381,0.004606115308932
Cutoff only,0,124,2022 Q4,2023 Q1,gdp_growth,1,2.2698646945430863,AR(2),2023-03-31,1-step ahead,-1.4211511197238735,3.69101581426696
Cutoff only,0,124,2022 Q4,2023 Q1,gdp_growth,1,-0.003299605891982,MF-VAR,2023-03-31,1-step ahead,-1.4211511197238735,1.4178515138318917
Cutoff only,0,124,2022 Q4,2023 Q1,gdp_growth,1,0.4929436055706773,MF-VAR (manual),2023-03-31,1-step ahead,-1.4211511197238735,1.9140947252945508
Cutoff only,0,124,2022 Q4,2023 Q1,gdp_growth,1,1.9904795159842037,MIDAS,2023-03-31,1-step ahead,-1.4211511197238735,3.411630635708077
Cutoff only,0,124,2022 Q4,2023 Q1,gdp_growth,1,1.605498167646841,MIDAS (trend),2023-03-31,1-step ahead,-1.4211511197238735,3.0266492873707147
Cutoff only,0,124,2022 Q4,2023 Q1,gdp_growth,1,-0.0565456476789868,MIDAS-Latent,2023-03-31,1-step ahead,-1.4211511197238735,1.3646054720448866
Cutoff only,0,124,2022 Q4,2023 Q1,gdp_growth,1,-0.0517346139277711,MIDAS-Latent (trend),2023-03-31,1-step ahead,-1.4211511197238735,1.3694165057961023
Cutoff only,0,124,2022 Q4,2023 Q2,gdp_growth,2,1.9662360130858545,AR(2),2023-06-30,Other,-1.9508697250607556,3.91710573814661
Cutoff only,0,124,2022 Q4,2023 Q2,gdp_growth,2,0.0308582073158569,MF-VAR,2023-06-30,Other,-1.9508697250607556,1.9817279323766124
Cutoff only,0,124,2022 Q4,2023 Q2,gdp_growth,2,1.0198011697572449,MF-VAR (manual),2023-06-30,Other,-1.9508697250607556,2.9706708948180003
Cutoff only,0,124,2022 Q4,2023 Q2,gdp_growth,2,2.0290038497638587,MIDAS,2023-06-30,Other,-1.9508697250607556,3.979873574824614
Cutoff only,0,124,2022 Q4,2023 Q2,gdp_growth,2,1.6415708905456037,MIDAS (trend),2023-06-30,Other,-1.9508697250607556,3.592440615606358
Cutoff only,0,124,2022 Q4,2023 Q2,gdp_growth,2,-0.0415124646080961,MIDAS-Latent,2023-06-30,Other,-1.9508697250607556,1.9093572604526592
Cutoff only,0,124,2022 Q4,2023 Q2,gdp_growth,2,-0.0366496373531507,MIDAS-Latent (trend),2023-06-30,Other,-1.9508697250607556,1.9142200877076043
Cutoff only,0,124,2022 Q4,2023 Q3,gdp_growth,3,1.8159697227702227,AR(2),2023-09-30,Other,0.2820471274915803,1.5339225952786424
Cutoff only,0,124,2022 Q4,2023 Q3,gdp_growth,3,0.2388109827719755,MF-VAR,2023-09-30,Other,0.2820471274915803,-0.0432361447196048
Cutoff only,0,124,2022 Q4,2023 Q3,gdp_growth,3,1.08317886567849,MF-VAR (manual),2023-09-30,Other,0.2820471274915803,0.8011317381869096
Cutoff only,0,124,2022 Q4,2023 Q3,gdp_growth,3,2.080375954969015,MIDAS,2023-09-30,Other,0.2820471274915803,1.7983288274774347
Cutoff only,0,124,2022 Q4,2023 Q3,gdp_growth,3,1.6808563339421154,MIDAS (trend),2023-09-30,Other,0.2820471274915803,1.398809206450535
Cutoff only,0,124,2022 Q4,2023 Q3,gdp_growth,3,-0.0420478339003473,MIDAS-Latent,2023-09-30,Other,0.2820471274915803,-0.3240949613919276
Cutoff only,0,124,2022 Q4,2023 Q3,gdp_growth,3,-0.0370583732780699,MIDAS-Latent (trend),2023-09-30,Other,0.2820471274915803,-0.3191055007696503
Cutoff only,0,124,2022 Q4,2023 Q4,gdp_growth,4,1.8518440020687388,AR(2),2023-12-31,1-year ahead,0.930949540396142,0.9208944616725968
Cutoff only,0,124,2022 Q4,2023 Q4,gdp_growth,4,0.6951383136139544,MF-VAR,2023-12-31,1-year ahead,0.930949540396142,-0.2358112267821877
Cutoff only,0,124,2022 Q4,2023 Q4,gdp_growth,4,0.9818631046867892,MF-VAR (manual),2023-12-31,1-year ahead,0.930949540396142,0.050913564290647
Cutoff only,0,124,2022 Q4,2023 Q4,gdp_growth,4,2.0813685805342907,MIDAS,2023-12-31,1-year ahead,0.930949540396142,1.1504190401381489
Cutoff only,0,124,2022 Q4,2023 Q4,gdp_growth,4,1.6756821818839798,MIDAS (trend),2023-12-31,1-year ahead,0.930949540396142,0.7447326414878377
Cutoff only,0,124,2022 Q4,2023 Q4,gdp_growth,4,-0.0418966807946733,MIDAS-Latent,2023-12-31,1-year ahead,0.930949540396142,-0.9728462211908154
Cutoff only,0,124,2022 Q4,2023 Q4,gdp_growth,4,-0.036829528338136,MIDAS-Latent (trend),2023-12-31,1-year ahead,0.930949540396142,-0.967779068734278
Cutoff only,0,124,2022 Q4,2023 Q1,inflation,1,1.306932490252874,AR(2),2023-03-31,1-step ahead,3.17581391503019,-1.868881424777316
Cutoff only,0,124,2022 Q4,2023 Q1,inflation,1,1.4337160386958203,MF-VAR,2023-03-31,1-step ahead,3.17581391503019,-1.7420978763343695
Cutoff only,0,124,2022 Q4,2023 Q1,inflation,1,1.2177579295989664,MF-VAR (manual),2023-03-31,1-step ahead,3.17581391503019,-1.958055985431224
Cutoff only,0,124,2022 Q4,2023 Q1,inflation,1,1.728031067157748,MIDAS,2023-03-31,1-step ahead,3.17581391503019,-1.4477828478724422
Cutoff only,0,124,2022 Q4,2023 Q1,inflation,1,1.3464005649661224,MIDAS (trend),2023-03-31,1-step ahead,3.17581391503019,-1.829413350064068
Cutoff only,0,124,2022 Q4,2023 Q1,inflation,1,1.4920518111628711,MIDAS-Latent,2023-03-31,1-step ahead,3.17581391503019,-1.6837621038673187
Cutoff only,0,124,2022 Q4,2023 Q1,inflation,1,1.4686342292313013,MIDAS-Latent (trend),2023-03-31,1-step ahead,3.17581391503019,-1.7071796857988888
Cutoff only,0,124,2022 Q4,2023 Q2,inflation,2,1.088029835307776,AR(2),2023-06-30,Other,0.5501119867577842,0.5379178485499918
Cutoff only,0,124,2022 Q4,2023 Q2,inflation,2,0.2062706918764998,MF-VAR,2023-06-30,Other,0.5501119867577842,-0.3438412948812843
Cutoff only,0,124,2022 Q4,2023 Q2,inflation,2,1.1918537588698084,MF-VAR (manual),2023-06-30,Other,0.5501119867577842,0.6417417721120242
Cutoff only,0,124,2022 Q4,2023 Q2,inflation,2,0.995435478068834,MIDAS,2023-06-30,Other,0.5501119867577842,0.44532349131105
Cutoff only,0,124,2022 Q4,2023 Q2,inflation,2,0.6779104384201656,MIDAS (trend),2023-06-30,Other,0.5501119867577842,0.1277984516623814
Cutoff only,0,124,2022 Q4,2023 Q2,inflation,2,1.4877402607562331,MIDAS-Latent,2023-06-30,Other,0.5501119867577842,0.9376282739984492
Cutoff only,0,124,2022 Q4,2023 Q2,inflation,2,1.4671299624438503,MIDAS-Latent (trend),2023-06-30,Other,0.5501119867577842,0.917017975686066
Cutoff only,0,124,2022 Q4,2023 Q3,inflation,3,0.9642625786779898,AR(2),2023-09-30,Other,1.2606093578710895,-0.2963467791930999
Cutoff only,0,124,2022 Q4,2023 Q3,inflation,3,0.0057976757255642,MF-VAR,2023-09-30,Other,1.2606093578710895,-1.2548116821455255
Cutoff only,0,124,2022 Q4,2023 Q3,inflation,3,1.022414290889641,MF-VAR (manual),2023-09-30,Other,1.2606093578710895,-0.2381950669814487
Cutoff only,0,124,2022 Q4,2023 Q3,inflation,3,1.109688934026035,MIDAS,2023-09-30,Other,1.2606093578710895,-0.1509204238450547
Cutoff only,0,124,2022 Q4,2023 Q3,inflation,3,0.6424823727634332,MIDAS (trend),2023-09-30,Other,1.2606093578710895,-0.6181269851076565
Cutoff only,0,124,2022 Q4,2023 Q3,inflation,3,1.4878735395422096,MIDAS-Latent,2023-09-30,Other,1.2606093578710895,0.2272641816711198
Cutoff only,0,124,2022 Q4,2023 Q3,inflation,3,1.4668553550854824,MIDAS-Latent (trend),2023-09-30,Other,1.2606093578710895,0.2062459972143926
Cutoff only,0,124,2022 Q4,2023 Q4,inflation,4,0.8823349900270006,AR(2),2023-12-31,1-year ahead,1.5459954544169818,-0.6636604643899813
Cutoff only,0,124,2022 Q4,2023 Q4,inflation,4,-0.0056902913198192,MF-VAR,2023-12-31,1-year ahead,1.5459954544169818,-1.5516857457368012
Cutoff only,0,124,2022 Q4,2023 Q4,inflation,4,0.9458380381858288,MF-VAR (manual),2023-12-31,1-year ahead,1.5459954544169818,-0.6001574162311529
Cutoff only,0,124,2022 Q4,2023 Q4,inflation,4,0.8252944254960791,MIDAS,2023-12-31,1-year ahead,1.5459954544169818,-0.7207010289209027
Cutoff only,0,124,2022 Q4,2023 Q4,inflation,4,0.4026362035173343,MIDAS (trend),2023-12-31,1-year ahead,1.5459954544169818,-1.1433592508996475
Cutoff only,0,124,2022 Q4,2023 Q4,inflation,4,1.487863689013459,MIDAS-Latent,2023-12-31,1-year ahead,1.5459954544169818,-0.0581317654035229
Cutoff only,0,124,2022 Q4,2023 Q4,inflation,4,1.466557446202254,MIDAS-Latent (trend),2023-12-31,1-year ahead,1.5459954544169818,-0.0794380082147279
Cutoff only,0,125,2023 Q1,2023 Q2,exch_rate,1,-0.0043966165402512,AR(2),2023-06-30,1-step ahead,-0.0215096318847173,0.017113015344466
Cutoff only,0,125,2023 Q1,2023 Q2,exch_rate,1,-0.0098200888741238,MF-VAR,2023-06-30,1-step ahead,-0.0215096318847173,0.0116895430105934
Cutoff only,0,125,2023 Q1,2023 Q2,exch_rate,1,0.9880808595892222,MF-VAR (manual),2023-06-30,1-step ahead,-0.0215096318847173,1.0095904914739395
Cutoff only,0,125,2023 Q1,2023 Q2,exch_rate,1,0.00010898020346991183,MIDAS,2023-06-30,1-step ahead,-0.0215096318847173,0.0216186120881872
Cutoff only,0,125,2023 Q1,2023 Q2,exch_rate,1,-0.000526771309035691,MIDAS (trend),2023-06-30,1-step ahead,-0.0215096318847173,0.0209828605756816
Cutoff only,0,125,2023 Q1,2023 Q2,exch_rate,1,-0.0241135067171666,MIDAS-Latent,2023-06-30,1-step ahead,-0.0215096318847173,-0.0026038748324493
Cutoff only,0,125,2023 Q1,2023 Q2,exch_rate,1,-0.012840706173417,MIDAS-Latent (trend),2023-06-30,1-step ahead,-0.0215096318847173,0.0086689257113002
Cutoff only,0,125,2023 Q1,2023 Q3,exch_rate,2,-0.008848744618829,AR(2),2023-09-30,Other,-0.039378982531476,0.0305302379126469
Cutoff only,0,125,2023 Q1,2023 Q3,exch_rate,2,-0.0060595215995089,MF-VAR,2023-09-30,Other,-0.039378982531476,0.033319460931967
Cutoff only,0,125,2023 Q1,2023 Q3,exch_rate,2,0.9800368148855626,MF-VAR (manual),2023-09-30,Other,-0.039378982531476,1.0194157974170386
Cutoff only,0,125,2023 Q1,2023 Q3,exch_rate,2,0.0092391355926428,MIDAS,2023-09-30,Other,-0.039378982531476,0.0486181181241188
Cutoff only,0,125,2023 Q1,2023 Q3,exch_rate,2,0.0073670020277886,MIDAS (trend),2023-09-30,Other,-0.039378982531476,0.0467459845592646
Cutoff only,0,125,2023 Q1,2023 Q3,exch_rate,2,-0.0150262199703405,MIDAS-Latent,2023-09-30,Other,-0.039378982531476,0.0243527625611354
Cutoff only,0,125,2023 Q1,2023 Q3,exch_rate,2,-0.0180155759940321,MIDAS-Latent (trend),2023-09-30,Other,-0.039378982531476,0.0213634065374438
Cutoff only,0,125,2023 Q1,2023 Q4,exch_rate,3,-0.0097807473072989,AR(2),2023-12-31,Other,-0.0468808158867381,0.0371000685794392
Cutoff only,0,125,2023 Q1,2023 Q4,exch_rate,3,-0.0033620944480728,MF-VAR,2023-12-31,Other,-0.0468808158867381,0.0435187214386653
Cutoff only,0,125,2023 Q1,2023 Q4,exch_rate,3,0.976205348228888,MF-VAR (manual),2023-12-31,Other,-0.0468808158867381,1.023086164115626
Cutoff only,0,125,2023 Q1,2023 Q4,exch_rate,3,0.0169209766583662,MIDAS,2023-12-31,Other,-0.0468808158867381,0.0638017925451044
Cutoff only,0,125,2023 Q1,2023 Q4,exch_rate,3,0.0133607079073997,MIDAS (trend),2023-12-31,Other,-0.0468808158867381,0.0602415237941379
Cutoff only,0,125,2023 Q1,2023 Q4,exch_rate,3,-0.031260973869217,MIDAS-Latent,2023-12-31,Other,-0.0468808158867381,0.015619842017521
Cutoff only,0,125,2023 Q1,2023 Q4,exch_rate,3,-0.0226631699746859,MIDAS-Latent (trend),2023-12-31,Other,-0.0468808158867381,0.0242176459120522
Cutoff only,0,125,2023 Q1,2024 Q1,exch_rate,4,-0.012730897416489,AR(2),2024-03-31,1-year ahead,-0.0520926948589058,0.0393617974424168
Cutoff only,0,125,2023 Q1,2024 Q1,exch_rate,4,-0.0042540727248215,MF-VAR,2024-03-31,1-year ahead,-0.0520926948589058,0.0478386221340842
Cutoff only,0,125,2023 Q1,2024 Q1,exch_rate,4,0.9729793044223688,MF-VAR (manual),2024-03-31,1-year ahead,-0.0520926948589058,1.025071999281275
Cutoff only,0,125,2023 Q1,2024 Q1,exch_rate,4,0.0259647001263373,MIDAS,2024-03-31,1-year ahead,-0.0520926948589058,0.0780573949852432
Cutoff only,0,125,2023 Q1,2024 Q1,exch_rate,4,0.0200556651568977,MIDAS (trend),2024-03-31,1-year ahead,-0.0520926948589058,0.0721483600158036
Cutoff only,0,125,2023 Q1,2024 Q1,exch_rate,4,-0.0223019766668174,MIDAS-Latent,2024-03-31,1-year ahead,-0.0520926948589058,0.0297907181920884
Cutoff only,0,125,2023 Q1,2024 Q1,exch_rate,4,-0.0273114795553032,MIDAS-Latent (trend),2024-03-31,1-year ahead,-0.0520926948589058,0.0247812153036026
Cutoff only,0,125,2023 Q1,2023 Q2,gdp_growth,1,2.220398207959896,AR(2),2023-06-30,1-step ahead,-1.9508697250607556,4.171267933020651
Cutoff only,0,125,2023 Q1,2023 Q2,gdp_growth,1,-1.4211511197238738,MF-VAR,2023-06-30,1-step ahead,-1.9508697250607556,0.5297186053368816
Cutoff only,0,125,2023 Q1,2023 Q2,gdp_growth,1,-0.7756465692760633,MF-VAR (manual),2023-06-30,1-step ahead,-1.9508697250607556,1.1752231557846922
Cutoff only,0,125,2023 Q1,2023 Q2,gdp_growth,1,3.830105719082616,MIDAS,2023-06-30,1-step ahead,-1.9508697250607556,5.780975444143372
Cutoff only,0,125,2023 Q1,2023 Q2,gdp_growth,1,3.3750581219406586,MIDAS (trend),2023-06-30,1-step ahead,-1.9508697250607556,5.325927847001414
Cutoff only,0,125,2023 Q1,2023 Q2,gdp_growth,1,-0.8468441379058792,MIDAS-Latent,2023-06-30,1-step ahead,-1.9508697250607556,1.1040255871548763
Cutoff only,0,125,2023 Q1,2023 Q2,gdp_growth,1,-0.8376571513049945,MIDAS-Latent (trend),2023-06-30,1-step ahead,-1.9508697250607556,1.113212573755761
Cutoff only,0,125,2023 Q1,2023 Q3,gdp_growth,2,2.0331361113952604,AR(2),2023-09-30,Other,0.2820471274915803,1.75108898390368
Cutoff only,0,125,2023 Q1,2023 Q3,gdp_growth,2,0.5681290001372823,MF-VAR,2023-09-30,Other,0.2820471274915803,0.2860818726457019
Cutoff only,0,125,2023 Q1,2023 Q3,gdp_growth,2,-0.1855967314831231,MF-VAR (manual),2023-09-30,Other,0.2820471274915803,-0.4676438589747035
Cutoff only,0,125,2023 Q1,2023 Q3,gdp_growth,2,3.7893738983417258,MIDAS,2023-09-30,Other,0.2820471274915803,3.507326770850145
Cutoff only,0,125,2023 Q1,2023 Q3,gdp_growth,2,3.3231395981960943,MIDAS (trend),2023-09-30,Other,0.2820471274915803,3.041092470704514
Cutoff only,0,125,2023 Q1,2023 Q3,gdp_growth,2,-0.8626068414345905,MIDAS-Latent,2023-09-30,Other,0.2820471274915803,-1.1446539689261708
Cutoff only,0,125,2023 Q1,2023 Q3,gdp_growth,2,-0.8532448382757841,MIDAS-Latent (trend),2023-09-30,Other,0.2820471274915803,-1.1352919657673644
Cutoff only,0,125,2023 Q1,2023 Q4,gdp_growth,3,1.7863450824827494,AR(2),2023-12-31,Other,0.930949540396142,0.8553955420866073
Cutoff only,0,125,2023 Q1,2023 Q4,gdp_growth,3,0.2236835217666055,MF-VAR,2023-12-31,Other,0.930949540396142,-0.7072660186295365
Cutoff only,0,125,2023 Q1,2023 Q4,gdp_growth,3,-0.5449805378461607,MF-VAR (manual),2023-12-31,Other,0.930949540396142,-1.4759300782423028
Cutoff only,0,125,2023 Q1,2023 Q4,gdp_growth,3,3.94023119907879,MIDAS,2023-12-31,Other,0.930949540396142,3.009281658682648
Cutoff only,0,125,2023 Q1,2023 Q4,gdp_growth,3,3.4662724136705254,MIDAS (trend),2023-12-31,Other,0.930949540396142,2.5353228732743838
Cutoff only,0,125,2023 Q1,2023 Q4,gdp_growth,3,-0.8562220891523148,MIDAS-Latent,2023-12-31,Other,0.930949540396142,-1.7871716295484568
Cutoff only,0,125,2023 Q1,2023 Q4,gdp_growth,3,-0.8466197032463748,MIDAS-Latent (trend),2023-12-31,Other,0.930949540396142,-1.777569243642517
Cutoff only,0,125,2023 Q1,2024 Q1,gdp_growth,4,1.8193959006783564,AR(2),2024-03-31,1-year ahead,4.097725749483772,-2.278329848805415
Cutoff only,0,125,2023 Q1,2024 Q1,gdp_growth,4,0.2385262614041827,MF-VAR,2024-03-31,1-year ahead,4.097725749483772,-3.859199488079589
Cutoff only,0,125,2023 Q1,2024 Q1,gdp_growth,4,-1.4332821037016952,MF-VAR (manual),2024-03-31,1-year ahead,4.097725749483772,-5.531007853185467
Cutoff only,0,125,2023 Q1,2024 Q1,gdp_growth,4,3.939061061582245,MIDAS,2024-03-31,1-year ahead,4.097725749483772,-0.1586646879015267
Cutoff only,0,125,2023 Q1,2024 Q1,gdp_growth,4,3.457228761846755,MIDAS (trend),2024-03-31,1-year ahead,4.097725749483772,-0.6404969876370163
Cutoff only,0,125,2023 Q1,2024 Q1,gdp_growth,4,-0.8563973281107743,MIDAS-Latent,2024-03-31,1-year ahead,4.097725749483772,-4.954123077594546
Cutoff only,0,125,2023 Q1,2024 Q1,gdp_growth,4,-0.8466437421316012,MIDAS-Latent (trend),2024-03-31,1-year ahead,4.097725749483772,-4.944369491615372
Cutoff only,0,125,2023 Q1,2023 Q2,inflation,1,2.02638517481206,AR(2),2023-06-30,1-step ahead,0.5501119867577842,1.4762731880542752
Cutoff only,0,125,2023 Q1,2023 Q2,inflation,1,3.17581391503019,MF-VAR,2023-06-30,1-step ahead,0.5501119867577842,2.625701928272406
Cutoff only,0,125,2023 Q1,2023 Q2,inflation,1,3.808580579648132,MF-VAR (manual),2023-06-30,1-step ahead,0.5501119867577842,3.258468592890348
Cutoff only,0,125,2023 Q1,2023 Q2,inflation,1,0.9405592835744908,MIDAS,2023-06-30,1-step ahead,0.5501119867577842,0.3904472968167066
Cutoff only,0,125,2023 Q1,2023 Q2,inflation,1,0.6825813105416746,MIDAS (trend),2023-06-30,1-step ahead,0.5501119867577842,0.1324693237838904
Cutoff only,0,125,2023 Q1,2023 Q2,inflation,1,2.525939630701145,MIDAS-Latent,2023-06-30,1-step ahead,0.5501119867577842,1.9758276439433609
Cutoff only,0,125,2023 Q1,2023 Q2,inflation,1,2.5384981356374445,MIDAS-Latent (trend),2023-06-30,1-step ahead,0.5501119867577842,1.9883861488796604
Cutoff only,0,125,2023 Q1,2023 Q3,inflation,2,1.6632155787944432,AR(2),2023-09-30,Other,1.2606093578710895,0.4026062209233534
Cutoff only,0,125,2023 Q1,2023 Q3,inflation,2,0.8401027643554957,MF-VAR,2023-09-30,Other,1.2606093578710895,-0.420506593515594
Cutoff only,0,125,2023 Q1,2023 Q3,inflation,2,3.825589256086937,MF-VAR (manual),2023-09-30,Other,1.2606093578710895,2.564979898215848
Cutoff only,0,125,2023 Q1,2023 Q3,inflation,2,1.6504052623665642,MIDAS,2023-09-30,Other,1.2606093578710895,0.3897959044954744
Cutoff only,0,125,2023 Q1,2023 Q3,inflation,2,1.345119172179088,MIDAS (trend),2023-09-30,Other,1.2606093578710895,0.0845098143079983
Cutoff only,0,125,2023 Q1,2023 Q3,inflation,2,2.536252467359176,MIDAS-Latent,2023-09-30,Other,1.2606093578710895,1.2756431094880862
Cutoff only,0,125,2023 Q1,2023 Q3,inflation,2,2.5503472905646825,MIDAS-Latent (trend),2023-09-30,Other,1.2606093578710895,1.2897379326935927
Cutoff only,0,125,2023 Q1,2023 Q4,inflation,3,1.3503250037683312,AR(2),2023-12-31,Other,1.5459954544169818,-0.1956704506486506
Cutoff only,0,125,2023 Q1,2023 Q4,inflation,3,0.254982138539802,MF-VAR,2023-12-31,Other,1.5459954544169818,-1.29101331587718
Cutoff only,0,125,2023 Q1,2023 Q4,inflation,3,3.81614335355426,MF-VAR (manual),2023-12-31,Other,1.5459954544169818,2.270147899137278
Cutoff only,0,125,2023 Q1,2023 Q4,inflation,3,0.7396145810451403,MIDAS,2023-12-31,Other,1.5459954544169818,-0.8063808733718415
Cutoff only,0,125,2023 Q1,2023 Q4,inflation,3,0.3879233238921811,MIDAS (trend),2023-12-31,Other,1.5459954544169818,-1.1580721305248007
Cutoff only,0,125,2023 Q1,2023 Q4,inflation,3,2.5324053543848795,MIDAS-Latent,2023-12-31,Other,1.5459954544169818,0.9864098999678976
Cutoff only,0,125,2023 Q1,2023 Q4,inflation,3,2.5462494184625086,MIDAS-Latent (trend),2023-12-31,Other,1.5459954544169818,1.0002539640455268
Cutoff only,0,125,2023 Q1,2024 Q1,inflation,4,1.153853943201059,AR(2),2024-03-31,1-year ahead,1.20167733791412,-0.0478233947130608
Cutoff only,0,125,2023 Q1,2024 Q1,inflation,4,0.1605765885049743,MF-VAR,2024-03-31,1-year ahead,1.20167733791412,-1.0411007494091455
Cutoff only,0,125,2023 Q1,2024 Q1,inflation,4,3.95470957339936,MF-VAR (manual),2024-03-31,1-year ahead,1.20167733791412,2.75303223548524
Cutoff only,0,125,2023 Q1,2024 Q1,inflation,4,1.028852815275422,MIDAS,2024-03-31,1-year ahead,1.20167733791412,-0.1728245226386979
Cutoff only,0,125,2023 Q1,2024 Q1,inflation,4,0.6376009009287766,MIDAS (trend),2024-03-31,1-year ahead,1.20167733791412,-0.5640764369853433
Cutoff only,0,125,2023 Q1,2024 Q1,inflation,4,2.532466404111981,MIDAS-Latent,2024-03-31,1-year ahead,1.20167733791412,1.3307890661978616
Cutoff only,0,125,2023 Q1,2024 Q1,inflation,4,2.546502303417322,MIDAS-Latent (trend),2024-03-31,1-year ahead,1.20167733791412,1.3448249655032027
Cutoff only,0,126,2023 Q2,2023 Q3,exch_rate,1,-0.0281886218179446,AR(2),2023-09-30,1-step ahead,-0.039378982531476,0.0111903607135313
Cutoff only,0,126,2023 Q2,2023 Q3,exch_rate,1,-0.02920398981108,MF-VAR,2023-09-30,1-step ahead,-0.039378982531476,0.0101749927203959
Cutoff only,0,126,2023 Q2,2023 Q3,exch_rate,1,0.9736305985066114,MF-VAR (manual),2023-09-30,1-step ahead,-0.039378982531476,1.0130095810380877
Cutoff only,0,126,2023 Q2,2023 Q3,exch_rate,1,-0.0177168569955557,MIDAS,2023-09-30,1-step ahead,-0.039378982531476,0.0216621255359202
Cutoff only,0,126,2023 Q2,2023 Q3,exch_rate,1,-0.0175603061237242,MIDAS (trend),2023-09-30,1-step ahead,-0.039378982531476,0.0218186764077517
Cutoff only,0,126,2023 Q2,2023 Q3,exch_rate,1,-0.0151276404692314,MIDAS-Latent,2023-09-30,1-step ahead,-0.039378982531476,0.0242513420622445
Cutoff only,0,126,2023 Q2,2023 Q3,exch_rate,1,-0.0268922950138606,MIDAS-Latent (trend),2023-09-30,1-step ahead,-0.039378982531476,0.0124866875176153
Cutoff only,0,126,2023 Q2,2023 Q4,exch_rate,2,-0.0284823806183497,AR(2),2023-12-31,Other,-0.0468808158867381,0.0183984352683884
Cutoff only,0,126,2023 Q2,2023 Q4,exch_rate,2,-0.0162337319166074,MF-VAR,2023-12-31,Other,-0.0468808158867381,0.0306470839701307
Cutoff only,0,126,2023 Q2,2023 Q4,exch_rate,2,0.967417205472337,MF-VAR (manual),2023-12-31,Other,-0.0468808158867381,1.014298021359075
Cutoff only,0,126,2023 Q2,2023 Q4,exch_rate,2,-0.0314283549612041,MIDAS,2023-12-31,Other,-0.0468808158867381,0.0154524609255339
Cutoff only,0,126,2023 Q2,2023 Q4,exch_rate,2,-0.0305494911682882,MIDAS (trend),2023-12-31,Other,-0.0468808158867381,0.0163313247184498
Cutoff only,0,126,2023 Q2,2023 Q4,exch_rate,2,-0.0287813893279447,MIDAS-Latent,2023-12-31,Other,-0.0468808158867381,0.0180994265587934
Cutoff only,0,126,2023 Q2,2023 Q4,exch_rate,2,-0.0312319380616164,MIDAS-Latent (trend),2023-12-31,Other,-0.0468808158867381,0.0156488778251217
Cutoff only,0,126,2023 Q2,2024 Q1,exch_rate,3,-0.0303003616450171,AR(2),2024-03-31,Other,-0.0520926948589058,0.0217923332138886
Cutoff only,0,126,2023 Q2,2024 Q1,exch_rate,3,-0.0134259244136864,MF-VAR,2024-03-31,Other,-0.0520926948589058,0.0386667704452193
Cutoff only,0,126,2023 Q2,2024 Q1,exch_rate,3,0.9623997159488308,MF-VAR (manual),2024-03-31,Other,-0.0520926948589058,1.0144924108077369
Cutoff only,0,126,2023 Q2,2024 Q1,exch_rate,3,-0.0276771254761217,MIDAS,2024-03-31,Other,-0.0520926948589058,0.0244155693827841
Cutoff only,0,126,2023 Q2,2024 Q1,exch_rate,3,-0.0274355280811266,MIDAS (trend),2024-03-31,Other,-0.0520926948589058,0.0246571667777791
Cutoff only,0,126,2023 Q2,2024 Q1,exch_rate,3,-0.0224958899341378,MIDAS-Latent,2024-03-31,Other,-0.0520926948589058,0.0295968049247679
Cutoff only,0,126,2023 Q2,2024 Q1,exch_rate,3,-0.035875335545812,MIDAS-Latent (trend),2024-03-31,Other,-0.0520926948589058,0.0162173593130937
Cutoff only,0,126,2023 Q2,2024 Q2,exch_rate,4,-0.029198862578961,AR(2),2024-06-30,1-year ahead,-0.0267972086362981,-0.0024016539426629
Cutoff only,0,126,2023 Q2,2024 Q2,exch_rate,4,-0.0094557203695505,MF-VAR,2024-06-30,1-year ahead,-0.0267972086362981,0.0173414882667475
Cutoff only,0,126,2023 Q2,2024 Q2,exch_rate,4,0.9557765889448878,MF-VAR (manual),2024-06-30,1-year ahead,-0.0267972086362981,0.982573797581186
Cutoff only,0,126,2023 Q2,2024 Q2,exch_rate,4,-0.0412384300503457,MIDAS,2024-06-30,1-year ahead,-0.0267972086362981,-0.0144412214140475
Cutoff only,0,126,2023 Q2,2024 Q2,exch_rate,4,-0.0396344398951867,MIDAS (trend),2024-06-30,1-year ahead,-0.0267972086362981,-0.0128372312588886
Cutoff only,0,126,2023 Q2,2024 Q2,exch_rate,4,-0.035943202001401,MIDAS-Latent,2024-06-30,1-year ahead,-0.0267972086362981,-0.0091459933651029
Cutoff only,0,126,2023 Q2,2024 Q2,exch_rate,4,-0.0405560910652269,MIDAS-Latent (trend),2024-06-30,1-year ahead,-0.0267972086362981,-0.0137588824289288
Cutoff only,0,126,2023 Q2,2023 Q3,gdp_growth,1,2.2936311035770065,AR(2),2023-09-30,1-step ahead,0.2820471274915803,2.011583976085426
Cutoff only,0,126,2023 Q2,2023 Q3,gdp_growth,1,-1.950869725060756,MF-VAR,2023-09-30,1-step ahead,0.2820471274915803,-2.232916852552336
Cutoff only,0,126,2023 Q2,2023 Q3,gdp_growth,1,-0.3552154443124992,MF-VAR (manual),2023-09-30,1-step ahead,0.2820471274915803,-0.6372625718040795
Cutoff only,0,126,2023 Q2,2023 Q3,gdp_growth,1,1.665595526988804,MIDAS,2023-09-30,1-step ahead,0.2820471274915803,1.3835483994972235
Cutoff only,0,126,2023 Q2,2023 Q3,gdp_growth,1,1.17063974147386,MIDAS (trend),2023-09-30,1-step ahead,0.2820471274915803,0.8885926139822797
Cutoff only,0,126,2023 Q2,2023 Q3,gdp_growth,1,-1.5314484160694304,MIDAS-Latent,2023-09-30,1-step ahead,0.2820471274915803,-1.8134955435610107
Cutoff only,0,126,2023 Q2,2023 Q3,gdp_growth,1,-1.5193673901672815,MIDAS-Latent (trend),2023-09-30,1-step ahead,0.2820471274915803,-1.8014145176588618
Cutoff only,0,126,2023 Q2,2023 Q4,gdp_growth,2,2.01805189978506,AR(2),2023-12-31,Other,0.930949540396142,1.0871023593889175
Cutoff only,0,126,2023 Q2,2023 Q4,gdp_growth,2,0.3066665652458555,MF-VAR,2023-12-31,Other,0.930949540396142,-0.6242829751502865
Cutoff only,0,126,2023 Q2,2023 Q4,gdp_growth,2,-0.2483337477193633,MF-VAR (manual),2023-12-31,Other,0.930949540396142,-1.1792832881155055
Cutoff only,0,126,2023 Q2,2023 Q4,gdp_growth,2,1.6492508792405818,MIDAS,2023-12-31,Other,0.930949540396142,0.7183013388444397
Cutoff only,0,126,2023 Q2,2023 Q4,gdp_growth,2,1.1452309653096586,MIDAS (trend),2023-12-31,Other,0.930949540396142,0.2142814249135165
Cutoff only,0,126,2023 Q2,2023 Q4,gdp_growth,2,-1.537586606243335,MIDAS-Latent,2023-12-31,Other,0.930949540396142,-2.468536146639477
Cutoff only,0,126,2023 Q2,2023 Q4,gdp_growth,2,-1.5253019391559417,MIDAS-Latent (trend),2023-12-31,Other,0.930949540396142,-2.456251479552084
Cutoff only,0,126,2023 Q2,2024 Q1,gdp_growth,3,1.7508022214626329,AR(2),2024-03-31,Other,4.097725749483772,-2.3469235280211387
Cutoff only,0,126,2023 Q2,2024 Q1,gdp_growth,3,-0.1968211055467328,MF-VAR,2024-03-31,Other,4.097725749483772,-4.294546855030505
Cutoff only,0,126,2023 Q2,2024 Q1,gdp_growth,3,-0.1754901229537837,MF-VAR (manual),2024-03-31,Other,4.097725749483772,-4.273215872437556
Cutoff only,0,126,2023 Q2,2024 Q1,gdp_growth,3,1.760838144711171,MIDAS,2024-03-31,Other,4.097725749483772,-2.336887604772601
Cutoff only,0,126,2023 Q2,2024 Q1,gdp_growth,3,1.2404407137485394,MIDAS (trend),2024-03-31,Other,4.097725749483772,-2.857285035735232
Cutoff only,0,126,2023 Q2,2024 Q1,gdp_growth,3,-1.5327265017810054,MIDAS-Latent,2024-03-31,Other,4.097725749483772,-5.630452251264777
Cutoff only,0,126,2023 Q2,2024 Q1,gdp_growth,3,-1.5201105881958876,MIDAS-Latent (trend),2024-03-31,Other,4.097725749483772,-5.617836337679659
Cutoff only,0,126,2023 Q2,2024 Q2,gdp_growth,4,1.7890770690687845,AR(2),2024-06-30,1-year ahead,1.9600339339092443,-0.17095686484046
Cutoff only,0,126,2023 Q2,2024 Q2,gdp_growth,4,0.0095825066294505,MF-VAR,2024-06-30,1-year ahead,1.9600339339092443,-1.9504514272797937
Cutoff only,0,126,2023 Q2,2024 Q2,gdp_growth,4,-0.9436853454266184,MF-VAR (manual),2024-06-30,1-year ahead,1.9600339339092443,-2.9037192793358626
Cutoff only,0,126,2023 Q2,2024 Q2,gdp_growth,4,1.7603338250453675,MIDAS,2024-06-30,1-year ahead,1.9600339339092443,-0.1997001088638768
Cutoff only,0,126,2023 Q2,2024 Q2,gdp_growth,4,1.2316918411401463,MIDAS (trend),2024-06-30,1-year ahead,1.9600339339092443,-0.7283420927690978
Cutoff only,0,126,2023 Q2,2024 Q2,gdp_growth,4,-1.5327976289383896,MIDAS-Latent,2024-06-30,1-year ahead,1.9600339339092443,-3.492831562847634
Cutoff only,0,126,2023 Q2,2024 Q2,gdp_growth,4,-1.5199824633894208,MIDAS-Latent (trend),2024-06-30,1-year ahead,1.9600339339092443,-3.480016397298665
Cutoff only,0,126,2023 Q2,2023 Q3,inflation,1,0.9410505896358649,AR(2),2023-09-30,1-step ahead,1.2606093578710895,-0.319558768235225
Cutoff only,0,126,2023 Q2,2023 Q3,inflation,1,0.5501119867577842,MF-VAR,2023-09-30,1-step ahead,1.2606093578710895,-0.7104973711133056
Cutoff only,0,126,2023 Q2,2023 Q3,inflation,1,-0.1120754740833631,MF-VAR (manual),2023-09-30,1-step ahead,1.2606093578710895,-1.372684831954453
Cutoff only,0,126,2023 Q2,2023 Q3,inflation,1,1.735640349257907,MIDAS,2023-09-30,1-step ahead,1.2606093578710895,0.4750309913868169
Cutoff only,0,126,2023 Q2,2023 Q3,inflation,1,1.4456200851044327,MIDAS (trend),2023-09-30,1-step ahead,1.2606093578710895,0.185010727233343
Cutoff only,0,126,2023 Q2,2023 Q3,inflation,1,0.9759536413221132,MIDAS-Latent,2023-09-30,1-step ahead,1.2606093578710895,-0.2846557165489765
Cutoff only,0,126,2023 Q2,2023 Q3,inflation,1,0.9864279707552563,MIDAS-Latent (trend),2023-09-30,1-step ahead,1.2606093578710895,-0.2741813871158333
Cutoff only,0,126,2023 Q2,2023 Q4,inflation,2,0.8208368016683515,AR(2),2023-12-31,Other,1.5459954544169818,-0.7251586527486303
Cutoff only,0,126,2023 Q2,2023 Q4,inflation,2,0.0863743459135591,MF-VAR,2023-12-31,Other,1.5459954544169818,-1.4596211085034223
Cutoff only,0,126,2023 Q2,2023 Q4,inflation,2,0.0778195500892599,MF-VAR (manual),2023-12-31,Other,1.5459954544169818,-1.4681759043277218
Cutoff only,0,126,2023 Q2,2023 Q4,inflation,2,0.6676074874325314,MIDAS,2023-12-31,Other,1.5459954544169818,-0.8783879669844504
Cutoff only,0,126,2023 Q2,2023 Q4,inflation,2,0.4392843895999935,MIDAS (trend),2023-12-31,Other,1.5459954544169818,-1.1067110648169882
Cutoff only,0,126,2023 Q2,2023 Q4,inflation,2,0.9585905170986188,MIDAS-Latent,2023-12-31,Other,1.5459954544169818,-0.5874049373183631
Cutoff only,0,126,2023 Q2,2023 Q4,inflation,2,0.9674913966458606,MIDAS-Latent (trend),2023-12-31,Other,1.5459954544169818,-0.5785040577711212
Cutoff only,0,126,2023 Q2,2024 Q1,inflation,3,0.8083812261854484,AR(2),2024-03-31,Other,1.20167733791412,-0.3932961117286715
Cutoff only,0,126,2023 Q2,2024 Q1,inflation,3,0.0037615248395361,MF-VAR,2024-03-31,Other,1.20167733791412,-1.1979158130745835
Cutoff only,0,126,2023 Q2,2024 Q1,inflation,3,-0.0543499239229462,MF-VAR (manual),2024-03-31,Other,1.20167733791412,-1.2560272618370665
Cutoff only,0,126,2023 Q2,2024 Q1,inflation,3,1.1498340631692712,MIDAS,2024-03-31,Other,1.20167733791412,-0.0518432747448487
Cutoff only,0,126,2023 Q2,2024 Q1,inflation,3,0.7774641703978861,MIDAS (trend),2024-03-31,Other,1.20167733791412,-0.4242131675162338
Cutoff only,0,126,2023 Q2,2024 Q1,inflation,3,0.961406503737515,MIDAS-Latent,2024-03-31,Other,1.20167733791412,-0.2402708341766048
Cutoff only,0,126,2023 Q2,2024 Q1,inflation,3,0.9708023254494084,MIDAS-Latent (trend),2024-03-31,Other,1.20167733791412,-0.2308750124647115
Cutoff only,0,126,2023 Q2,2024 Q2,inflation,4,0.7880183237045139,AR(2),2024-06-30,1-year ahead,1.3948747405589046,-0.6068564168543907
Cutoff only,0,126,2023 Q2,2024 Q2,inflation,4,0.0541662118374492,MF-VAR,2024-06-30,1-year ahead,1.3948747405589046,-1.3407085287214553
Cutoff only,0,126,2023 Q2,2024 Q2,inflation,4,-0.1142628272919949,MF-VAR (manual),2024-06-30,1-year ahead,1.3948747405589046,-1.5091375678508996
Cutoff only,0,126,2023 Q2,2024 Q2,inflation,4,0.7154000622431161,MIDAS,2024-06-30,1-year ahead,1.3948747405589046,-0.6794746783157884
Cutoff only,0,126,2023 Q2,2024 Q2,inflation,4,0.3894565340829378,MIDAS (trend),2024-06-30,1-year ahead,1.3948747405589046,-1.0054182064759667
Cutoff only,0,126,2023 Q2,2024 Q2,inflation,4,0.961291685646568,MIDAS-Latent,2024-06-30,1-year ahead,1.3948747405589046,-0.4335830549123367
Cutoff only,0,126,2023 Q2,2024 Q2,inflation,4,0.9708055555709784,MIDAS-Latent (trend),2024-06-30,1-year ahead,1.3948747405589046,-0.4240691849879262
Cutoff only,0,127,2023 Q3,2023 Q4,exch_rate,1,-0.040988269233458,AR(2),2023-12-31,1-step ahead,-0.0468808158867381,0.0058925466532801
Cutoff only,0,127,2023 Q3,2023 Q4,exch_rate,1,-0.0429112704886415,MF-VAR,2023-12-31,1-step ahead,-0.0468808158867381,0.0039695453980965
Cutoff only,0,127,2023 Q3,2023 Q4,exch_rate,1,0.9562771395408836,MF-VAR (manual),2023-12-31,1-step ahead,-0.0468808158867381,1.0031579554276218
Cutoff only,0,127,2023 Q3,2023 Q4,exch_rate,1,-0.0075915887021859,MIDAS,2023-12-31,1-step ahead,-0.0468808158867381,0.0392892271845522
Cutoff only,0,127,2023 Q3,2023 Q4,exch_rate,1,-0.0086048882205825,MIDAS (trend),2023-12-31,1-step ahead,-0.0468808158867381,0.0382759276661556
Cutoff only,0,127,2023 Q3,2023 Q4,exch_rate,1,-0.03028206863199,MIDAS-Latent,2023-12-31,1-step ahead,-0.0468808158867381,0.016598747254748
Cutoff only,0,127,2023 Q3,2023 Q4,exch_rate,1,-0.0439388308361102,MIDAS-Latent (trend),2023-12-31,1-step ahead,-0.0468808158867381,0.0029419850506278
Cutoff only,0,127,2023 Q3,2024 Q1,exch_rate,2,-0.0422834351292462,AR(2),2024-03-31,Other,-0.0520926948589058,0.0098092597296595
Cutoff only,0,127,2023 Q3,2024 Q1,exch_rate,2,-0.0286300094304421,MF-VAR,2024-03-31,Other,-0.0520926948589058,0.0234626854284636
Cutoff only,0,127,2023 Q3,2024 Q1,exch_rate,2,0.9522080943365346,MF-VAR (manual),2024-03-31,Other,-0.0520926948589058,1.0043007891954403
Cutoff only,0,127,2023 Q3,2024 Q1,exch_rate,2,-0.025307977103916,MIDAS,2024-03-31,Other,-0.0520926948589058,0.0267847177549898
Cutoff only,0,127,2023 Q3,2024 Q1,exch_rate,2,-0.025254676576113,MIDAS (trend),2024-03-31,Other,-0.0520926948589058,0.0268380182827928
Cutoff only,0,127,2023 Q3,2024 Q1,exch_rate,2,-0.0479088939347884,MIDAS-Latent,2024-03-31,Other,-0.0520926948589058,0.0041838009241174
Cutoff only,0,127,2023 Q3,2024 Q1,exch_rate,2,-0.0481552099071995,MIDAS-Latent (trend),2024-03-31,Other,-0.0520926948589058,0.0039374849517063
Cutoff only,0,127,2023 Q3,2024 Q2,exch_rate,3,-0.0403651629384255,AR(2),2024-06-30,Other,-0.0267972086362981,-0.0135679543021274
Cutoff only,0,127,2023 Q3,2024 Q2,exch_rate,3,-0.0207146242294607,MF-VAR,2024-06-30,Other,-0.0267972086362981,0.0060825844068373
Cutoff only,0,127,2023 Q3,2024 Q2,exch_rate,3,0.9456878644231576,MF-VAR (manual),2024-06-30,Other,-0.0267972086362981,0.9724850730594556
Cutoff only,0,127,2023 Q3,2024 Q2,exch_rate,3,0.0062073155606559,MIDAS,2024-06-30,Other,-0.0267972086362981,0.0330045241969541
Cutoff only,0,127,2023 Q3,2024 Q2,exch_rate,3,0.0021735806996784,MIDAS (trend),2024-06-30,Other,-0.0267972086362981,0.0289707893359765
Cutoff only,0,127,2023 Q3,2024 Q2,exch_rate,3,-0.0389354446320897,MIDAS-Latent,2024-06-30,Other,-0.0267972086362981,-0.0121382359957915
Cutoff only,0,127,2023 Q3,2024 Q2,exch_rate,3,-0.0528278974171319,MIDAS-Latent (trend),2024-06-30,Other,-0.0267972086362981,-0.0260306887808338
Cutoff only,0,127,2023 Q3,2024 Q3,exch_rate,4,-0.0441929160573436,AR(2),2024-09-30,1-year ahead,-0.0499588177936345,0.0057659017362909
Cutoff only,0,127,2023 Q3,2024 Q3,exch_rate,4,-0.0228479566150967,MF-VAR,2024-09-30,1-year ahead,-0.0499588177936345,0.0271108611785378
Cutoff only,0,127,2023 Q3,2024 Q3,exch_rate,4,0.9371338304349672,MF-VAR (manual),2024-09-30,1-year ahead,-0.0499588177936345,0.9870926482286017
Cutoff only,0,127,2023 Q3,2024 Q3,exch_rate,4,-0.0113574199580288,MIDAS,2024-09-30,1-year ahead,-0.0499588177936345,0.0386013978356057
Cutoff only,0,127,2023 Q3,2024 Q3,exch_rate,4,-0.0133711066012331,MIDAS (trend),2024-09-30,1-year ahead,-0.0499588177936345,0.0365877111924014
Cutoff only,0,127,2023 Q3,2024 Q3,exch_rate,4,-0.0563230361790567,MIDAS-Latent,2024-09-30,1-year ahead,-0.0499588177936345,-0.0063642183854222
Cutoff only,0,127,2023 Q3,2024 Q3,exch_rate,4,-0.0575123605671838,MIDAS-Latent (trend),2024-09-30,1-year ahead,-0.0499588177936345,-0.0075535427735492
Cutoff only,0,127,2023 Q3,2023 Q4,gdp_growth,1,2.1388726269284764,AR(2),2023-12-31,1-step ahead,0.930949540396142,1.2079230865323345
Cutoff only,0,127,2023 Q3,2023 Q4,gdp_growth,1,0.2820471274915803,MF-VAR,2023-12-31,1-step ahead,0.930949540396142,-0.6489024129045617
Cutoff only,0,127,2023 Q3,2023 Q4,gdp_growth,1,0.1614816229181777,MF-VAR (manual),2023-12-31,1-step ahead,0.930949540396142,-0.7694679174779644
Cutoff only,0,127,2023 Q3,2023 Q4,gdp_growth,1,3.6494693752773313,MIDAS,2023-12-31,1-step ahead,0.930949540396142,2.718519834881189
Cutoff only,0,127,2023 Q3,2023 Q4,gdp_growth,1,3.1656662844697308,MIDAS (trend),2023-12-31,1-step ahead,0.930949540396142,2.2347167440735887
Cutoff only,0,127,2023 Q3,2023 Q4,gdp_growth,1,0.9611424068543292,MIDAS-Latent,2023-12-31,1-step ahead,0.930949540396142,0.0301928664581871
Cutoff only,0,127,2023 Q3,2023 Q4,gdp_growth,1,0.9432414926460718,MIDAS-Latent (trend),2023-12-31,1-step ahead,0.930949540396142,0.0122919522499297
Cutoff only,0,127,2023 Q3,2024 Q1,gdp_growth,2,1.8617253193530436,AR(2),2024-03-31,Other,4.097725749483772,-2.236000430130728
Cutoff only,0,127,2023 Q3,2024 Q1,gdp_growth,2,-0.3247578661983212,MF-VAR,2024-03-31,Other,4.097725749483772,-4.422483615682093
Cutoff only,0,127,2023 Q3,2024 Q1,gdp_growth,2,-0.4590498463842704,MF-VAR (manual),2024-03-31,Other,4.097725749483772,-4.556775595868042
Cutoff only,0,127,2023 Q3,2024 Q1,gdp_growth,2,3.7179457996184255,MIDAS,2024-03-31,Other,4.097725749483772,-0.3797799498653451
Cutoff only,0,127,2023 Q3,2024 Q1,gdp_growth,2,3.229911273605851,MIDAS (trend),2024-03-31,Other,4.097725749483772,-0.8678144758779207
Cutoff only,0,127,2023 Q3,2024 Q1,gdp_growth,2,0.9881923916322148,MIDAS-Latent,2024-03-31,Other,4.097725749483772,-3.1095333578515567
Cutoff only,0,127,2023 Q3,2024 Q1,gdp_growth,2,0.9699811699159292,MIDAS-Latent (trend),2024-03-31,Other,4.097725749483772,-3.1277445795678425
Cutoff only,0,127,2023 Q3,2024 Q2,gdp_growth,3,1.7600483316546218,AR(2),2024-06-30,Other,1.9600339339092443,-0.1999856022546224
Cutoff only,0,127,2023 Q3,2024 Q2,gdp_growth,3,-0.0658078656662266,MF-VAR,2024-06-30,Other,1.9600339339092443,-2.025841799575471
Cutoff only,0,127,2023 Q3,2024 Q2,gdp_growth,3,-0.327441349771308,MF-VAR (manual),2024-06-30,Other,1.9600339339092443,-2.2874752836805525
Cutoff only,0,127,2023 Q3,2024 Q2,gdp_growth,3,3.821213878996951,MIDAS,2024-06-30,Other,1.9600339339092443,1.861179945087707
Cutoff only,0,127,2023 Q3,2024 Q2,gdp_growth,3,3.3151066170406898,MIDAS (trend),2024-06-30,Other,1.9600339339092443,1.3550726831314457
Cutoff only,0,127,2023 Q3,2024 Q2,gdp_growth,3,0.9964190826299107,MIDAS-Latent,2024-06-30,Other,1.9600339339092443,-0.9636148512793334
Cutoff only,0,127,2023 Q3,2024 Q2,gdp_growth,3,0.9776961091111186,MIDAS-Latent (trend),2024-06-30,Other,1.9600339339092443,-0.9823378247981256
Cutoff only,0,127,2023 Q3,2024 Q3,gdp_growth,4,1.7853400071535297,AR(2),2024-09-30,1-year ahead,1.7249375962080649,0.0604024109454646
Cutoff only,0,127,2023 Q3,2024 Q3,gdp_growth,4,0.2311298805632222,MF-VAR,2024-09-30,1-year ahead,1.7249375962080649,-1.4938077156448426
Cutoff only,0,127,2023 Q3,2024 Q3,gdp_growth,4,-0.2419445732242968,MF-VAR (manual),2024-09-30,1-year ahead,1.7249375962080649,-1.9668821694323615
Cutoff only,0,127,2023 Q3,2024 Q3,gdp_growth,4,3.8233138321076914,MIDAS,2024-09-30,1-year ahead,1.7249375962080649,2.0983762358996265
Cutoff only,0,127,2023 Q3,2024 Q3,gdp_growth,4,3.3095279040211474,MIDAS (trend),2024-09-30,1-year ahead,1.7249375962080649,1.5845903078130823
Cutoff only,0,127,2023 Q3,2024 Q3,gdp_growth,4,0.9967467713549288,MIDAS-Latent,2024-09-30,1-year ahead,1.7249375962080649,-0.7281908248531361
Cutoff only,0,127,2023 Q3,2024 Q3,gdp_growth,4,0.9777313628949004,MIDAS-Latent (trend),2024-09-30,1-year ahead,1.7249375962080649,-0.7472062333131645
Cutoff only,0,127,2023 Q3,2023 Q4,inflation,1,0.974378848507337,AR(2),2023-12-31,1-step ahead,1.5459954544169818,-0.5716166059096448
Cutoff only,0,127,2023 Q3,2023 Q4,inflation,1,1.2606093578710895,MF-VAR,2023-12-31,1-step ahead,1.5459954544169818,-0.2853860965458921
Cutoff only,0,127,2023 Q3,2023 Q4,inflation,1,1.6068586646126577,MF-VAR (manual),2023-12-31,1-step ahead,1.5459954544169818,0.0608632101956758
Cutoff only,0,127,2023 Q3,2023 Q4,inflation,1,0.5854739345344222,MIDAS,2023-12-31,1-step ahead,1.5459954544169818,-0.9605215198825596
Cutoff only,0,127,2023 Q3,2023 Q4,inflation,1,0.3455898201391666,MIDAS (trend),2023-12-31,1-step ahead,1.5459954544169818,-1.200405634277815
Cutoff only,0,127,2023 Q3,2023 Q4,inflation,1,1.333845197520004,MIDAS-Latent,2023-12-31,1-step ahead,1.5459954544169818,-0.2121502568969779
Cutoff only,0,127,2023 Q3,2023 Q4,inflation,1,1.3397484070783958,MIDAS-Latent (trend),2023-12-31,1-step ahead,1.5459954544169818,-0.206247047338586
Cutoff only,0,127,2023 Q3,2024 Q1,inflation,2,0.9260431532902356,AR(2),2024-03-31,Other,1.20167733791412,-0.2756341846238844
Cutoff only,0,127,2023 Q3,2024 Q1,inflation,2,0.1633667935403208,MF-VAR,2024-03-31,Other,1.20167733791412,-1.038310544373799
Cutoff only,0,127,2023 Q3,2024 Q1,inflation,2,1.5615996042557565,MF-VAR (manual),2024-03-31,Other,1.20167733791412,0.3599222663416366
Cutoff only,0,127,2023 Q3,2024 Q1,inflation,2,0.8725708079117078,MIDAS,2024-03-31,Other,1.20167733791412,-0.3291065300024121
Cutoff only,0,127,2023 Q3,2024 Q1,inflation,2,0.6136184047622133,MIDAS (trend),2024-03-31,Other,1.20167733791412,-0.5880589331519066
Cutoff only,0,127,2023 Q3,2024 Q1,inflation,2,1.3346374076477403,MIDAS-Latent,2024-03-31,Other,1.20167733791412,0.1329600697336206
Cutoff only,0,127,2023 Q3,2024 Q1,inflation,2,1.3408657516656548,MIDAS-Latent (trend),2024-03-31,Other,1.20167733791412,0.1391884137515349
Cutoff only,0,127,2023 Q3,2024 Q2,inflation,3,0.8663007031449192,AR(2),2024-06-30,Other,1.3948747405589046,-0.5285740374139853
Cutoff only,0,127,2023 Q3,2024 Q2,inflation,3,0.0302094539264777,MF-VAR,2024-06-30,Other,1.3948747405589046,-1.3646652866324267
Cutoff only,0,127,2023 Q3,2024 Q2,inflation,3,1.641849063681755,MF-VAR (manual),2024-06-30,Other,1.3948747405589046,0.2469743231228505
Cutoff only,0,127,2023 Q3,2024 Q2,inflation,3,0.5997629453822675,MIDAS,2024-06-30,Other,1.3948747405589046,-0.7951117951766371
Cutoff only,0,127,2023 Q3,2024 Q2,inflation,3,0.2599011835328227,MIDAS (trend),2024-06-30,Other,1.3948747405589046,-1.1349735570260815
Cutoff only,0,127,2023 Q3,2024 Q2,inflation,3,1.3347190661819477,MIDAS-Latent,2024-06-30,Other,1.3948747405589046,-0.0601556743769569
Cutoff only,0,127,2023 Q3,2024 Q2,inflation,3,1.3410715369332151,MIDAS-Latent (trend),2024-06-30,Other,1.3948747405589046,-0.0538032036256892
Cutoff only,0,127,2023 Q3,2024 Q3,inflation,4,0.8312440941737294,AR(2),2024-09-30,1-year ahead,0.0458441151209854,0.785399979052744
Cutoff only,0,127,2023 Q3,2024 Q3,inflation,4,0.0651779230675344,MF-VAR,2024-09-30,1-year ahead,0.0458441151209854,0.019333807946549
Cutoff only,0,127,2023 Q3,2024 Q3,inflation,4,1.6416515777974636,MF-VAR (manual),2024-09-30,1-year ahead,0.0458441151209854,1.5958074626764782
Cutoff only,0,127,2023 Q3,2024 Q3,inflation,4,0.7157726845511245,MIDAS,2024-09-30,1-year ahead,0.0458441151209854,0.6699285694301391
Cutoff only,0,127,2023 Q3,2024 Q3,inflation,4,0.358689380237438,MIDAS (trend),2024-09-30,1-year ahead,0.0458441151209854,0.3128452651164526
Cutoff only,0,127,2023 Q3,2024 Q3,inflation,4,1.3347199495024384,MIDAS-Latent,2024-09-30,1-year ahead,0.0458441151209854,1.288875834381453
Cutoff only,0,127,2023 Q3,2024 Q3,inflation,4,1.3411646739477674,MIDAS-Latent (trend),2024-09-30,1-year ahead,0.0458441151209854,1.295320558826782
Cutoff only,0,128,2023 Q4,2024 Q1,exch_rate,1,-0.0489038857540905,AR(2),2024-03-31,1-step ahead,-0.0520926948589058,0.0031888091048152
Cutoff only,0,128,2023 Q4,2024 Q1,exch_rate,1,-0.0521431966380963,MF-VAR,2024-03-31,1-step ahead,-0.0520926948589058,-5.050177919045662e-05
Cutoff only,0,128,2023 Q4,2024 Q1,exch_rate,1,0.9475630759422058,MF-VAR (manual),2024-03-31,1-step ahead,-0.0520926948589058,0.9996557708011116
Cutoff only,0,128,2023 Q4,2024 Q1,exch_rate,1,-0.0351311507816291,MIDAS,2024-03-31,1-step ahead,-0.0520926948589058,0.0169615440772767
Cutoff only,0,128,2023 Q4,2024 Q1,exch_rate,1,-0.0343883338494115,MIDAS (trend),2024-03-31,1-step ahead,-0.0520926948589058,0.0177043610094942
Cutoff only,0,128,2023 Q4,2024 Q1,exch_rate,1,-0.048688760999322,MIDAS-Latent,2024-03-31,1-step ahead,-0.0520926948589058,0.0034039338595837
Cutoff only,0,128,2023 Q4,2024 Q1,exch_rate,1,-0.0525401742980604,MIDAS-Latent (trend),2024-03-31,1-step ahead,-0.0520926948589058,-0.0004474794391545675
Cutoff only,0,128,2023 Q4,2024 Q2,exch_rate,2,-0.0467115520635319,AR(2),2024-06-30,Other,-0.0267972086362981,-0.0199143434272338
Cutoff only,0,128,2023 Q4,2024 Q2,exch_rate,2,-0.0369417082180806,MF-VAR,2024-06-30,Other,-0.0267972086362981,-0.0101444995817825
Cutoff only,0,128,2023 Q4,2024 Q2,exch_rate,2,0.9435618340253452,MF-VAR (manual),2024-06-30,Other,-0.0267972086362981,0.9703590426616432
Cutoff only,0,128,2023 Q4,2024 Q2,exch_rate,2,-0.0425848107057746,MIDAS,2024-06-30,Other,-0.0267972086362981,-0.0157876020694765
Cutoff only,0,128,2023 Q4,2024 Q2,exch_rate,2,-0.0416591392083076,MIDAS (trend),2024-06-30,Other,-0.0267972086362981,-0.0148619305720095
Cutoff only,0,128,2023 Q4,2024 Q2,exch_rate,2,-0.0560962006118347,MIDAS-Latent,2024-06-30,Other,-0.0267972086362981,-0.0292989919755365
Cutoff only,0,128,2023 Q4,2024 Q2,exch_rate,2,-0.0571101496799998,MIDAS-Latent (trend),2024-06-30,Other,-0.0267972086362981,-0.0303129410437017
Cutoff only,0,128,2023 Q4,2024 Q3,exch_rate,3,-0.0500984716128013,AR(2),2024-09-30,Other,-0.0499588177936345,-0.00013965381916679342
Cutoff only,0,128,2023 Q4,2024 Q3,exch_rate,3,-0.0359738894263299,MF-VAR,2024-09-30,Other,-0.0499588177936345,0.0139849283673046
Cutoff only,0,128,2023 Q4,2024 Q3,exch_rate,3,0.937981450220059,MF-VAR (manual),2024-09-30,Other,-0.0499588177936345,0.9879402680136936
Cutoff only,0,128,2023 Q4,2024 Q3,exch_rate,3,-0.0309105967145173,MIDAS,2024-09-30,Other,-0.0499588177936345,0.0190482210791172
Cutoff only,0,128,2023 Q4,2024 Q3,exch_rate,3,-0.030772779982489,MIDAS (trend),2024-09-30,Other,-0.0499588177936345,0.0191860378111455
Cutoff only,0,128,2023 Q4,2024 Q3,exch_rate,3,-0.0578813967912204,MIDAS-Latent,2024-09-30,Other,-0.0499588177936345,-0.0079225789975858
Cutoff only,0,128,2023 Q4,2024 Q3,exch_rate,3,-0.061744590747887,MIDAS-Latent (trend),2024-09-30,Other,-0.0499588177936345,-0.0117857729542524
Cutoff only,0,128,2023 Q4,2024 Q4,exch_rate,4,-0.0495961843930009,AR(2),2024-12-31,1-year ahead,-0.0661682155181257,0.0165720311251247
Cutoff only,0,128,2023 Q4,2024 Q4,exch_rate,4,-0.0347207615727638,MF-VAR,2024-12-31,1-year ahead,-0.0661682155181257,0.0314474539453618
Cutoff only,0,128,2023 Q4,2024 Q4,exch_rate,4,0.9317205218991812,MF-VAR (manual),2024-12-31,1-year ahead,-0.0661682155181257,0.997888737417307
Cutoff only,0,128,2023 Q4,2024 Q4,exch_rate,4,-0.0383163925558555,MIDAS,2024-12-31,1-year ahead,-0.0661682155181257,0.0278518229622701
Cutoff only,0,128,2023 Q4,2024 Q4,exch_rate,4,-0.0378337850420835,MIDAS (trend),2024-12-31,1-year ahead,-0.0661682155181257,0.0283344304760421
Cutoff only,0,128,2023 Q4,2024 Q4,exch_rate,4,-0.0651956303944678,MIDAS-Latent,2024-12-31,1-year ahead,-0.0661682155181257,0.000972585123657832
Cutoff only,0,128,2023 Q4,2024 Q4,exch_rate,4,-0.066417147842524,MIDAS-Latent (trend),2024-12-31,1-year ahead,-0.0661682155181257,-0.00024893232439829327
Cutoff only,0,128,2023 Q4,2024 Q1,gdp_growth,1,1.93680300815554,AR(2),2024-03-31,1-step ahead,4.097725749483772,-2.1609227413282315
Cutoff only,0,128,2023 Q4,2024 Q1,gdp_growth,1,0.930949540396142,MF-VAR,2024-03-31,1-step ahead,4.097725749483772,-3.166776209087629
Cutoff only,0,128,2023 Q4,2024 Q1,gdp_growth,1,-0.4574939864435662,MF-VAR (manual),2024-03-31,1-step ahead,4.097725749483772,-4.555219735927338
Cutoff only,0,128,2023 Q4,2024 Q1,gdp_growth,1,3.019938031928369,MIDAS,2024-03-31,1-step ahead,4.097725749483772,-1.0777877175554025
Cutoff only,0,128,2023 Q4,2024 Q1,gdp_growth,1,2.5572704531079062,MIDAS (trend),2024-03-31,1-step ahead,4.097725749483772,-1.540455296375865
Cutoff only,0,128,2023 Q4,2024 Q1,gdp_growth,1,1.495838415292045,MIDAS-Latent,2024-03-31,1-step ahead,4.097725749483772,-2.6018873341917264
Cutoff only,0,128,2023 Q4,2024 Q1,gdp_growth,1,1.4768504400138645,MIDAS-Latent (trend),2024-03-31,1-step ahead,4.097725749483772,-2.6208753094699078
Cutoff only,0,128,2023 Q4,2024 Q2,gdp_growth,2,1.824875056582622,AR(2),2024-06-30,Other,1.9600339339092443,-0.1351588773266223
Cutoff only,0,128,2023 Q4,2024 Q2,gdp_growth,2,-0.6743887259493853,MF-VAR,2024-06-30,Other,1.9600339339092443,-2.63442265985863
Cutoff only,0,128,2023 Q4,2024 Q2,gdp_growth,2,-0.8408117080340722,MF-VAR (manual),2024-06-30,Other,1.9600339339092443,-2.8008456419433165
Cutoff only,0,128,2023 Q4,2024 Q2,gdp_growth,2,3.039757700459365,MIDAS,2024-06-30,Other,1.9600339339092443,1.0797237665501211
Cutoff only,0,128,2023 Q4,2024 Q2,gdp_growth,2,2.570168244476464,MIDAS (trend),2024-06-30,Other,1.9600339339092443,0.6101343105672199
Cutoff only,0,128,2023 Q4,2024 Q2,gdp_growth,2,1.5052977539354395,MIDAS-Latent,2024-06-30,Other,1.9600339339092443,-0.4547361799738045
Cutoff only,0,128,2023 Q4,2024 Q2,gdp_growth,2,1.4859782494855878,MIDAS-Latent (trend),2024-06-30,Other,1.9600339339092443,-0.4740556844236565
Cutoff only,0,128,2023 Q4,2024 Q3,gdp_growth,3,1.768431553178856,AR(2),2024-09-30,Other,1.7249375962080649,0.0434939569707912
Cutoff only,0,128,2023 Q4,2024 Q3,gdp_growth,3,0.3890082809880775,MF-VAR,2024-09-30,Other,1.7249375962080649,-1.3359293152199874
Cutoff only,0,128,2023 Q4,2024 Q3,gdp_growth,3,-0.8582620986233933,MF-VAR (manual),2024-09-30,Other,1.7249375962080649,-2.583199694831458
Cutoff only,0,128,2023 Q4,2024 Q3,gdp_growth,3,3.103562455448501,MIDAS,2024-09-30,Other,1.7249375962080649,1.378624859240436
Cutoff only,0,128,2023 Q4,2024 Q3,gdp_growth,3,2.613635935815927,MIDAS (trend),2024-09-30,Other,1.7249375962080649,0.888698339607862
Cutoff only,0,128,2023 Q4,2024 Q3,gdp_growth,3,1.5135323899257864,MIDAS-Latent,2024-09-30,Other,1.7249375962080649,-0.2114052062822784
Cutoff only,0,128,2023 Q4,2024 Q3,gdp_growth,3,1.4936090523018903,MIDAS-Latent (trend),2024-09-30,Other,1.7249375962080649,-0.2313285439061745
Cutoff only,0,128,2023 Q4,2024 Q4,gdp_growth,4,1.7795385136049149,AR(2),2024-12-31,1-year ahead,1.3156274812899935,0.4639110323149211
Cutoff only,0,128,2023 Q4,2024 Q4,gdp_growth,4,0.880314851574531,MF-VAR,2024-12-31,1-year ahead,1.3156274812899935,-0.4353126297154627
Cutoff only,0,128,2023 Q4,2024 Q4,gdp_growth,4,-0.7412758637698215,MF-VAR (manual),2024-12-31,1-year ahead,1.3156274812899935,-2.056903345059815
Cutoff only,0,128,2023 Q4,2024 Q4,gdp_growth,4,3.1041678149800216,MIDAS,2024-12-31,1-year ahead,1.3156274812899935,1.788540333690028
Cutoff only,0,128,2023 Q4,2024 Q4,gdp_growth,4,2.6066419431991976,MIDAS (trend),2024-12-31,1-year ahead,1.3156274812899935,1.291014461909204
Cutoff only,0,128,2023 Q4,2024 Q4,gdp_growth,4,1.5136702829059805,MIDAS-Latent,2024-12-31,1-year ahead,1.3156274812899935,0.1980428016159865
Cutoff only,0,128,2023 Q4,2024 Q4,gdp_growth,4,1.4934384853833464,MIDAS-Latent (trend),2024-12-31,1-year ahead,1.3156274812899935,0.1778110040933527
Cutoff only,0,128,2023 Q4,2024 Q1,inflation,1,1.2052009593604454,AR(2),2024-03-31,1-step ahead,1.20167733791412,0.0035236214463254
Cutoff only,0,128,2023 Q4,2024 Q1,inflation,1,1.5459954544169818,MF-VAR,2024-03-31,1-step ahead,1.20167733791412,0.3443181165028619
Cutoff only,0,128,2023 Q4,2024 Q1,inflation,1,1.533038308102647,MF-VAR (manual),2024-03-31,1-step ahead,1.20167733791412,0.3313609701885271
Cutoff only,0,128,2023 Q4,2024 Q1,inflation,1,0.919783544155508,MIDAS,2024-03-31,1-step ahead,1.20167733791412,-0.2818937937586118
Cutoff only,0,128,2023 Q4,2024 Q1,inflation,1,0.7083264607571866,MIDAS (trend),2024-03-31,1-step ahead,1.20167733791412,-0.4933508771569332
Cutoff only,0,128,2023 Q4,2024 Q1,inflation,1,1.648161036054541,MIDAS-Latent,2024-03-31,1-step ahead,1.20167733791412,0.446483698140421
Cutoff only,0,128,2023 Q4,2024 Q1,inflation,1,1.64980513087973,MIDAS-Latent (trend),2024-03-31,1-step ahead,1.20167733791412,0.44812779296561
Cutoff only,0,128,2023 Q4,2024 Q2,inflation,2,1.075100988423929,AR(2),2024-06-30,Other,1.3948747405589046,-0.3197737521349755
Cutoff only,0,128,2023 Q4,2024 Q2,inflation,2,0.1409817444939132,MF-VAR,2024-06-30,Other,1.3948747405589046,-1.2538929960649914
Cutoff only,0,128,2023 Q4,2024 Q2,inflation,2,1.5627628050447882,MF-VAR (manual),2024-06-30,Other,1.3948747405589046,0.1678880644858835
Cutoff only,0,128,2023 Q4,2024 Q2,inflation,2,1.034994160961021,MIDAS,2024-06-30,Other,1.3948747405589046,-0.3598805795978836
Cutoff only,0,128,2023 Q4,2024 Q2,inflation,2,0.815147793728173,MIDAS (trend),2024-06-30,Other,1.3948747405589046,-0.5797269468307316
Cutoff only,0,128,2023 Q4,2024 Q2,inflation,2,1.6486217379037054,MIDAS-Latent,2024-06-30,Other,1.3948747405589046,0.2537469973448008
Cutoff only,0,128,2023 Q4,2024 Q2,inflation,2,1.6503153748288553,MIDAS-Latent (trend),2024-06-30,Other,1.3948747405589046,0.2554406342699507
Cutoff only,0,128,2023 Q4,2024 Q3,inflation,3,0.9695400567796272,AR(2),2024-09-30,Other,0.0458441151209854,0.9236959416586416
Cutoff only,0,128,2023 Q4,2024 Q3,inflation,3,-0.0409928678407596,MF-VAR,2024-09-30,Other,0.0458441151209854,-0.086836982961745
Cutoff only,0,128,2023 Q4,2024 Q3,inflation,3,1.54505720248885,MF-VAR (manual),2024-09-30,Other,0.0458441151209854,1.4992130873678646
Cutoff only,0,128,2023 Q4,2024 Q3,inflation,3,0.7821918650349431,MIDAS,2024-09-30,Other,0.0458441151209854,0.7363477499139577
Cutoff only,0,128,2023 Q4,2024 Q3,inflation,3,0.489184713188267,MIDAS (trend),2024-09-30,Other,0.0458441151209854,0.4433405980672816
Cutoff only,0,128,2023 Q4,2024 Q3,inflation,3,1.648786664902431,MIDAS-Latent,2024-09-30,Other,0.0458441151209854,1.6029425497814456
Cutoff only,0,128,2023 Q4,2024 Q3,inflation,3,1.650516219897263,MIDAS-Latent (trend),2024-09-30,Other,0.0458441151209854,1.6046721047762775
Cutoff only,0,128,2023 Q4,2024 Q4,inflation,4,0.902086364923916,AR(2),2024-12-31,1-year ahead,-0.0252750777541166,0.9273614426780328
Cutoff only,0,128,2023 Q4,2024 Q4,inflation,4,-0.0005025946826119343,MF-VAR,2024-12-31,1-year ahead,-0.0252750777541166,0.0247724830715047
Cutoff only,0,128,2023 Q4,2024 Q4,inflation,4,1.6084710662157646,MF-VAR (manual),2024-12-31,1-year ahead,-0.0252750777541166,1.6337461439698813
Cutoff only,0,128,2023 Q4,2024 Q4,inflation,4,0.8287024918151522,MIDAS,2024-12-31,1-year ahead,-0.0252750777541166,0.8539775695692688
Cutoff only,0,128,2023 Q4,2024 Q4,inflation,4,0.5271937081435618,MIDAS (trend),2024-12-31,1-year ahead,-0.0252750777541166,0.5524687858976784
Cutoff only,0,128,2023 Q4,2024 Q4,inflation,4,1.6487874086183878,MIDAS-Latent,2024-12-31,1-year ahead,-0.0252750777541166,1.6740624863725044
Cutoff only,0,128,2023 Q4,2024 Q4,inflation,4,1.6505410469079085,MIDAS-Latent (trend),2024-12-31,1-year ahead,-0.0252750777541166,1.675816124662025
Cutoff only,0,129,2024 Q1,2024 Q2,exch_rate,1,-0.0503391687370321,AR(2),2024-06-30,1-step ahead,-0.0267972086362981,-0.023541960100734
Cutoff only,0,129,2024 Q1,2024 Q2,exch_rate,1,-0.054266506618717,MF-VAR,2024-06-30,1-step ahead,-0.0267972086362981,-0.0274692979824189
Cutoff only,0,129,2024 Q1,2024 Q2,exch_rate,1,0.9446906513337738,MF-VAR (manual),2024-06-30,1-step ahead,-0.0267972086362981,0.971487859970072
Cutoff only,0,129,2024 Q1,2024 Q2,exch_rate,1,-0.0536488698312205,MIDAS,2024-06-30,1-step ahead,-0.0267972086362981,-0.0268516611949224
Cutoff only,0,129,2024 Q1,2024 Q2,exch_rate,1,-0.0519143387354737,MIDAS (trend),2024-06-30,1-step ahead,-0.0267972086362981,-0.0251171300991756
Cutoff only,0,129,2024 Q1,2024 Q2,exch_rate,1,-0.0563163600346567,MIDAS-Latent,2024-06-30,1-step ahead,-0.0267972086362981,-0.0295191513983586
Cutoff only,0,129,2024 Q1,2024 Q2,exch_rate,1,-0.0662926915340777,MIDAS-Latent (trend),2024-06-30,1-step ahead,-0.0267972086362981,-0.0394954828977796
Cutoff only,0,129,2024 Q1,2024 Q3,exch_rate,2,-0.0536176865375309,AR(2),2024-09-30,Other,-0.0499588177936345,-0.0036588687438964
Cutoff only,0,129,2024 Q1,2024 Q3,exch_rate,2,-0.0345432967831059,MF-VAR,2024-09-30,Other,-0.0499588177936345,0.0154155210105285
Cutoff only,0,129,2024 Q1,2024 Q3,exch_rate,2,0.9391656773238808,MF-VAR (manual),2024-09-30,Other,-0.0499588177936345,0.9891244951175152
Cutoff only,0,129,2024 Q1,2024 Q3,exch_rate,2,-0.0588256414986299,MIDAS,2024-09-30,Other,-0.0499588177936345,-0.0088668237049954
Cutoff only,0,129,2024 Q1,2024 Q3,exch_rate,2,-0.0571048002367861,MIDAS (trend),2024-09-30,Other,-0.0499588177936345,-0.0071459824431516
Cutoff only,0,129,2024 Q1,2024 Q3,exch_rate,2,-0.0614598024763659,MIDAS-Latent,2024-09-30,Other,-0.0499588177936345,-0.0115009846827313
Cutoff only,0,129,2024 Q1,2024 Q3,exch_rate,2,-0.0709392628232578,MIDAS-Latent (trend),2024-09-30,Other,-0.0499588177936345,-0.0209804450296232
Cutoff only,0,129,2024 Q1,2024 Q4,exch_rate,3,-0.0529101532783102,AR(2),2024-12-31,Other,-0.0661682155181257,0.0132580622398154
Cutoff only,0,129,2024 Q1,2024 Q4,exch_rate,3,-0.0291080054754873,MF-VAR,2024-12-31,Other,-0.0661682155181257,0.0370602100426383
Cutoff only,0,129,2024 Q1,2024 Q4,exch_rate,3,0.933049490163948,MF-VAR (manual),2024-12-31,Other,-0.0661682155181257,0.9992177056820738
Cutoff only,0,129,2024 Q1,2024 Q4,exch_rate,3,-0.0603713340500554,MIDAS,2024-12-31,Other,-0.0661682155181257,0.0057968814680703
Cutoff only,0,129,2024 Q1,2024 Q4,exch_rate,3,-0.057401360384903,MIDAS (trend),2024-12-31,Other,-0.0661682155181257,0.0087668551332226
Cutoff only,0,129,2024 Q1,2024 Q4,exch_rate,3,-0.065628007233333,MIDAS-Latent,2024-12-31,Other,-0.0661682155181257,0.0005402082847927037
Cutoff only,0,129,2024 Q1,2024 Q4,exch_rate,3,-0.07524349413923,MIDAS-Latent (trend),2024-12-31,Other,-0.0661682155181257,-0.0090752786211043
Cutoff only,0,129,2024 Q1,2025 Q1,exch_rate,4,-0.0542225879380386,AR(2),2025-03-31,1-year ahead,-0.0556309255821735,0.0014083376441349
Cutoff only,0,129,2024 Q1,2025 Q1,exch_rate,4,-0.0279842414051572,MF-VAR,2025-03-31,1-year ahead,-0.0556309255821735,0.0276466841770162
Cutoff only,0,129,2024 Q1,2025 Q1,exch_rate,4,0.930917853425061,MF-VAR (manual),2025-03-31,1-year ahead,-0.0556309255821735,0.9865487790072344
Cutoff only,0,129,2024 Q1,2025 Q1,exch_rate,4,-0.0655132348961042,MIDAS,2025-03-31,1-year ahead,-0.0556309255821735,-0.0098823093139306
Cutoff only,0,129,2024 Q1,2025 Q1,exch_rate,4,-0.0625723765396319,MIDAS (trend),2025-03-31,1-year ahead,-0.0556309255821735,-0.0069414509574583
Cutoff only,0,129,2024 Q1,2025 Q1,exch_rate,4,-0.0707039117760995,MIDAS-Latent,2025-03-31,1-year ahead,-0.0556309255821735,-0.015072986193926
Cutoff only,0,129,2024 Q1,2025 Q1,exch_rate,4,-0.079911596901789,MIDAS-Latent (trend),2025-03-31,1-year ahead,-0.0556309255821735,-0.0242806713196154
Cutoff only,0,129,2024 Q1,2024 Q2,gdp_growth,1,1.6934210761901496,AR(2),2024-06-30,1-step ahead,1.9600339339092443,-0.2666128577190947
Cutoff only,0,129,2024 Q1,2024 Q2,gdp_growth,1,4.097725749483772,MF-VAR,2024-06-30,1-step ahead,1.9600339339092443,2.1376918155745277
Cutoff only,0,129,2024 Q1,2024 Q2,gdp_growth,1,5.143046415646634,MF-VAR (manual),2024-06-30,1-step ahead,1.9600339339092443,3.1830124817373893
Cutoff only,0,129,2024 Q1,2024 Q2,gdp_growth,1,2.155603501856251,MIDAS,2024-06-30,1-step ahead,1.9600339339092443,0.1955695679470066
Cutoff only,0,129,2024 Q1,2024 Q2,gdp_growth,1,1.8139058952346552,MIDAS (trend),2024-06-30,1-step ahead,1.9600339339092443,-0.1461280386745891
Cutoff only,0,129,2024 Q1,2024 Q2,gdp_growth,1,2.861962753338138,MIDAS-Latent,2024-06-30,1-step ahead,1.9600339339092443,0.901928819428894
Cutoff only,0,129,2024 Q1,2024 Q2,gdp_growth,1,2.8432989717335464,MIDAS-Latent (trend),2024-06-30,1-step ahead,1.9600339339092443,0.8832650378243021
Cutoff only,0,129,2024 Q1,2024 Q3,gdp_growth,2,1.656860338626977,AR(2),2024-09-30,Other,1.7249375962080649,-0.0680772575810881
Cutoff only,0,129,2024 Q1,2024 Q3,gdp_growth,2,1.3305751082332091,MF-VAR,2024-09-30,Other,1.7249375962080649,-0.3943624879748557
Cutoff only,0,129,2024 Q1,2024 Q3,gdp_growth,2,4.909952868404825,MF-VAR (manual),2024-09-30,Other,1.7249375962080649,3.18501527219676
Cutoff only,0,129,2024 Q1,2024 Q3,gdp_growth,2,2.2377267124301508,MIDAS,2024-09-30,Other,1.7249375962080649,0.5127891162220859
Cutoff only,0,129,2024 Q1,2024 Q3,gdp_growth,2,1.8911444430209003,MIDAS (trend),2024-09-30,Other,1.7249375962080649,0.1662068468128354
Cutoff only,0,129,2024 Q1,2024 Q3,gdp_growth,2,2.8996264931437388,MIDAS-Latent,2024-09-30,Other,1.7249375962080649,1.174688896935674
Cutoff only,0,129,2024 Q1,2024 Q3,gdp_growth,2,2.880507270069142,MIDAS-Latent (trend),2024-09-30,Other,1.7249375962080649,1.155569673861077
Cutoff only,0,129,2024 Q1,2024 Q4,gdp_growth,3,1.8165414227443968,AR(2),2024-12-31,Other,1.3156274812899935,0.5009139414544028
Cutoff only,0,129,2024 Q1,2024 Q4,gdp_growth,3,0.7724817989456734,MF-VAR,2024-12-31,Other,1.3156274812899935,-0.5431456823443204
Cutoff only,0,129,2024 Q1,2024 Q4,gdp_growth,3,3.710222020774834,MF-VAR (manual),2024-12-31,Other,1.3156274812899935,2.3945945394848405
Cutoff only,0,129,2024 Q1,2024 Q4,gdp_growth,3,2.187362144878937,MIDAS,2024-12-31,Other,1.3156274812899935,0.8717346635889434
Cutoff only,0,129,2024 Q1,2024 Q4,gdp_growth,3,1.8261661951668136,MIDAS (trend),2024-12-31,Other,1.3156274812899935,0.5105387138768198
Cutoff only,0,129,2024 Q1,2024 Q4,gdp_growth,3,2.884929068104781,MIDAS-Latent,2024-12-31,Other,1.3156274812899935,1.5693015868147877
Cutoff only,0,129,2024 Q1,2024 Q4,gdp_growth,3,2.865359557131507,MIDAS-Latent (trend),2024-12-31,Other,1.3156274812899935,1.5497320758415132
Cutoff only,0,129,2024 Q1,2025 Q1,gdp_growth,4,1.8076166108181853,AR(2),2025-03-31,1-year ahead,2.243007314440604,-0.4353907036224185
Cutoff only,0,129,2024 Q1,2025 Q1,gdp_growth,4,0.9973271131179676,MF-VAR,2025-03-31,1-year ahead,2.243007314440604,-1.245680201322636
Cutoff only,0,129,2024 Q1,2025 Q1,gdp_growth,4,4.243206990618934,MF-VAR (manual),2025-03-31,1-year ahead,2.243007314440604,2.0001996761783305
Cutoff only,0,129,2024 Q1,2025 Q1,gdp_growth,4,2.1894918254340743,MIDAS,2025-03-31,1-year ahead,2.243007314440604,-0.0535154890065294
Cutoff only,0,129,2024 Q1,2025 Q1,gdp_growth,4,1.8227926151977272,MIDAS (trend),2025-03-31,1-year ahead,2.243007314440604,-0.4202146992428766
Cutoff only,0,129,2024 Q1,2025 Q1,gdp_growth,4,2.8853770180710825,MIDAS-Latent,2025-03-31,1-year ahead,2.243007314440604,0.6423697036304787
Cutoff only,0,129,2024 Q1,2025 Q1,gdp_growth,4,2.8655074234300595,MIDAS-Latent (trend),2025-03-31,1-year ahead,2.243007314440604,0.6225001089894557
Cutoff only,0,129,2024 Q1,2024 Q2,inflation,1,1.074861853522473,AR(2),2024-06-30,1-step ahead,1.3948747405589046,-0.3200128870364316
Cutoff only,0,129,2024 Q1,2024 Q2,inflation,1,1.20167733791412,MF-VAR,2024-06-30,1-step ahead,1.3948747405589046,-0.1931974026447847
Cutoff only,0,129,2024 Q1,2024 Q2,inflation,1,1.146714889664482,MF-VAR (manual),2024-06-30,1-step ahead,1.3948747405589046,-0.2481598508944227
Cutoff only,0,129,2024 Q1,2024 Q2,inflation,1,1.0660919271594256,MIDAS,2024-06-30,1-step ahead,1.3948747405589046,-0.328782813399479
Cutoff only,0,129,2024 Q1,2024 Q2,inflation,1,0.8702821370692962,MIDAS (trend),2024-06-30,1-step ahead,1.3948747405589046,-0.5245926034896083
Cutoff only,0,129,2024 Q1,2024 Q2,inflation,1,0.8645753791374979,MIDAS-Latent,2024-06-30,1-step ahead,1.3948747405589046,-0.5302993614214067
Cutoff only,0,129,2024 Q1,2024 Q2,inflation,1,0.8827990684608017,MIDAS-Latent (trend),2024-06-30,1-step ahead,1.3948747405589046,-0.5120756720981029
Cutoff only,0,129,2024 Q1,2024 Q3,inflation,2,0.970475422528216,AR(2),2024-09-30,Other,0.0458441151209854,0.9246313074072304
Cutoff only,0,129,2024 Q1,2024 Q3,inflation,2,0.4256709684345121,MF-VAR,2024-09-30,Other,0.0458441151209854,0.3798268533135266
Cutoff only,0,129,2024 Q1,2024 Q3,inflation,2,1.141042211261617,MF-VAR (manual),2024-09-30,Other,0.0458441151209854,1.0951980961406316
Cutoff only,0,129,2024 Q1,2024 Q3,inflation,2,0.926879175595858,MIDAS,2024-09-30,Other,0.0458441151209854,0.8810350604748726
Cutoff only,0,129,2024 Q1,2024 Q3,inflation,2,0.7338488631524208,MIDAS (trend),2024-09-30,Other,0.0458441151209854,0.6880047480314354
Cutoff only,0,129,2024 Q1,2024 Q3,inflation,2,0.8637897929563142,MIDAS-Latent,2024-09-30,Other,0.0458441151209854,0.8179456778353288
Cutoff only,0,129,2024 Q1,2024 Q3,inflation,2,0.8819331716003818,MIDAS-Latent (trend),2024-09-30,Other,0.0458441151209854,0.8360890564793964
Cutoff only,0,129,2024 Q1,2024 Q4,inflation,3,0.9039389621192032,AR(2),2024-12-31,Other,-0.0252750777541166,0.92921403987332
Cutoff only,0,129,2024 Q1,2024 Q4,inflation,3,0.0566444190787058,MF-VAR,2024-12-31,Other,-0.0252750777541166,0.0819194968328225
Cutoff only,0,129,2024 Q1,2024 Q4,inflation,3,1.0971978720990108,MF-VAR (manual),2024-12-31,Other,-0.0252750777541166,1.1224729498531274
Cutoff only,0,129,2024 Q1,2024 Q4,inflation,3,0.8720600499142134,MIDAS,2024-12-31,Other,-0.0252750777541166,0.89733512766833
Cutoff only,0,129,2024 Q1,2024 Q4,inflation,3,0.6024281590644698,MIDAS (trend),2024-12-31,Other,-0.0252750777541166,0.6277032368185864
Cutoff only,0,129,2024 Q1,2024 Q4,inflation,3,0.8630206709503198,MIDAS-Latent,2024-12-31,Other,-0.0252750777541166,0.8882957487044364
Cutoff only,0,129,2024 Q1,2024 Q4,inflation,3,0.881151313794643,MIDAS-Latent (trend),2024-12-31,Other,-0.0252750777541166,0.9064263915487596
Cutoff only,0,129,2024 Q1,2025 Q1,inflation,4,0.8586123290565986,AR(2),2025-03-31,1-year ahead,0.0204794402812069,0.8381328887753916
Cutoff only,0,129,2024 Q1,2025 Q1,inflation,4,0.0327599468877568,MF-VAR,2025-03-31,1-year ahead,0.0204794402812069,0.0122805066065498
Cutoff only,0,129,2024 Q1,2025 Q1,inflation,4,1.0176350321034433,MF-VAR (manual),2025-03-31,1-year ahead,0.0204794402812069,0.9971555918222365
Cutoff only,0,129,2024 Q1,2025 Q1,inflation,4,0.8157743383323236,MIDAS,2025-03-31,1-year ahead,0.0204794402812069,0.7952948980511166
Cutoff only,0,129,2024 Q1,2025 Q1,inflation,4,0.5466297292811679,MIDAS (trend),2025-03-31,1-year ahead,0.0204794402812069,0.526150288999961
Cutoff only,0,129,2024 Q1,2025 Q1,inflation,4,0.8630188785797808,MIDAS-Latent,2025-03-31,1-year ahead,0.0204794402812069,0.8425394382985738
Cutoff only,0,129,2024 Q1,2025 Q1,inflation,4,0.8814199913603443,MIDAS-Latent (trend),2025-03-31,1-year ahead,0.0204794402812069,0.8609405510791374
Cutoff only,0,130,2024 Q2,2024 Q3,exch_rate,1,-0.0265882633177475,AR(2),2024-09-30,1-step ahead,-0.0499588177936345,0.023370554475887
Cutoff only,0,130,2024 Q2,2024 Q3,exch_rate,1,-0.0344915665626608,MF-VAR,2024-09-30,1-step ahead,-0.0499588177936345,0.0154672512309737
Cutoff only,0,130,2024 Q2,2024 Q3,exch_rate,1,0.968257953798313,MF-VAR (manual),2024-09-30,1-step ahead,-0.0499588177936345,1.0182167715919477
Cutoff only,0,130,2024 Q2,2024 Q3,exch_rate,1,-0.0619787444648048,MIDAS,2024-09-30,1-step ahead,-0.0499588177936345,-0.0120199266711703
Cutoff only,0,130,2024 Q2,2024 Q3,exch_rate,1,-0.0599986725379324,MIDAS (trend),2024-09-30,1-step ahead,-0.0499588177936345,-0.0100398547442978
Cutoff only,0,130,2024 Q2,2024 Q3,exch_rate,1,-0.0595693609663103,MIDAS-Latent,2024-09-30,1-step ahead,-0.0499588177936345,-0.0096105431726757
Cutoff only,0,130,2024 Q2,2024 Q3,exch_rate,1,-0.0352833470853273,MIDAS-Latent (trend),2024-09-30,1-step ahead,-0.0499588177936345,0.0146754707083072
Cutoff only,0,130,2024 Q2,2024 Q4,exch_rate,2,-0.0267514677692005,AR(2),2024-12-31,Other,-0.0661682155181257,0.0394167477489251
Cutoff only,0,130,2024 Q2,2024 Q4,exch_rate,2,-0.0258851061253802,MF-VAR,2024-12-31,Other,-0.0661682155181257,0.0402831093927454
Cutoff only,0,130,2024 Q2,2024 Q4,exch_rate,2,0.965237845545984,MF-VAR (manual),2024-12-31,Other,-0.0661682155181257,1.0314060610641096
Cutoff only,0,130,2024 Q2,2024 Q4,exch_rate,2,-0.0368861348409365,MIDAS,2024-12-31,Other,-0.0661682155181257,0.0292820806771891
Cutoff only,0,130,2024 Q2,2024 Q4,exch_rate,2,-0.0375270427741382,MIDAS (trend),2024-12-31,Other,-0.0661682155181257,0.0286411727439874
Cutoff only,0,130,2024 Q2,2024 Q4,exch_rate,2,-0.0345916497049403,MIDAS-Latent,2024-12-31,Other,-0.0661682155181257,0.0315765658131853
Cutoff only,0,130,2024 Q2,2024 Q4,exch_rate,2,-0.0411891127406575,MIDAS-Latent (trend),2024-12-31,Other,-0.0661682155181257,0.0249791027774681
Cutoff only,0,130,2024 Q2,2025 Q1,exch_rate,3,-0.0297871270725484,AR(2),2025-03-31,Other,-0.0556309255821735,0.025843798509625
Cutoff only,0,130,2024 Q2,2025 Q1,exch_rate,3,-0.0221723293364553,MF-VAR,2025-03-31,Other,-0.0556309255821735,0.0334585962457181
Cutoff only,0,130,2024 Q2,2025 Q1,exch_rate,3,0.9583360191808612,MF-VAR (manual),2025-03-31,Other,-0.0556309255821735,1.0139669447630346
Cutoff only,0,130,2024 Q2,2025 Q1,exch_rate,3,-0.0717855052955697,MIDAS,2025-03-31,Other,-0.0556309255821735,-0.0161545797133962
Cutoff only,0,130,2024 Q2,2025 Q1,exch_rate,3,-0.06808460601632,MIDAS (trend),2025-03-31,Other,-0.0556309255821735,-0.0124536804341465
Cutoff only,0,130,2024 Q2,2025 Q1,exch_rate,3,-0.0669521013329103,MIDAS-Latent,2025-03-31,Other,-0.0556309255821735,-0.0113211757507368
Cutoff only,0,130,2024 Q2,2025 Q1,exch_rate,3,-0.045696598857545,MIDAS-Latent (trend),2025-03-31,Other,-0.0556309255821735,0.0099343267246285
Cutoff only,0,130,2024 Q2,2025 Q2,exch_rate,4,-0.0301041172986884,AR(2),2025-06-30,1-year ahead,-0.0649137026204541,0.0348095853217656
Cutoff only,0,130,2024 Q2,2025 Q2,exch_rate,4,-0.0200233238491914,MF-VAR,2025-06-30,1-year ahead,-0.0649137026204541,0.0448903787712626
Cutoff only,0,130,2024 Q2,2025 Q2,exch_rate,4,0.9529740909853206,MF-VAR (manual),2025-06-30,1-year ahead,-0.0649137026204541,1.0178877936057749
Cutoff only,0,130,2024 Q2,2025 Q2,exch_rate,4,-0.0468941451455872,MIDAS,2025-06-30,1-year ahead,-0.0649137026204541,0.0180195574748669
Cutoff only,0,130,2024 Q2,2025 Q2,exch_rate,4,-0.048172884570097,MIDAS (trend),2025-06-30,1-year ahead,-0.0649137026204541,0.0167408180503571
Cutoff only,0,130,2024 Q2,2025 Q2,exch_rate,4,-0.042288172979607,MIDAS-Latent,2025-06-30,1-year ahead,-0.0649137026204541,0.0226255296408471
Cutoff only,0,130,2024 Q2,2025 Q2,exch_rate,4,-0.0503108910417562,MIDAS-Latent (trend),2025-06-30,1-year ahead,-0.0649137026204541,0.0146028115786979
Cutoff only,0,130,2024 Q2,2024 Q3,gdp_growth,1,1.639321662007699,AR(2),2024-09-30,1-step ahead,1.7249375962080649,-0.0856159342003661
Cutoff only,0,130,2024 Q2,2024 Q3,gdp_growth,1,1.9600339339092443,MF-VAR,2024-09-30,1-step ahead,1.7249375962080649,0.2350963377011794
Cutoff only,0,130,2024 Q2,2024 Q3,gdp_growth,1,1.682967383829896,MF-VAR (manual),2024-09-30,1-step ahead,1.7249375962080649,-0.0419702123781688
Cutoff only,0,130,2024 Q2,2024 Q3,gdp_growth,1,1.929836695132113,MIDAS,2024-09-30,1-step ahead,1.7249375962080649,0.2048990989240482
Cutoff only,0,130,2024 Q2,2024 Q3,gdp_growth,1,1.5321073741932614,MIDAS (trend),2024-09-30,1-step ahead,1.7249375962080649,-0.1928302220148035
Cutoff only,0,130,2024 Q2,2024 Q3,gdp_growth,1,2.371548112588487,MIDAS-Latent,2024-09-30,1-step ahead,1.7249375962080649,0.6466105163804223
Cutoff only,0,130,2024 Q2,2024 Q3,gdp_growth,1,2.3558816776733904,MIDAS-Latent (trend),2024-09-30,1-step ahead,1.7249375962080649,0.6309440814653255
Cutoff only,0,130,2024 Q2,2024 Q4,gdp_growth,2,1.8017475659958448,AR(2),2024-12-31,Other,1.3156274812899935,0.4861200847058509
Cutoff only,0,130,2024 Q2,2024 Q4,gdp_growth,2,1.0440276604575327,MF-VAR,2024-12-31,Other,1.3156274812899935,-0.271599820832461
Cutoff only,0,130,2024 Q2,2024 Q4,gdp_growth,2,1.085041387754078,MF-VAR (manual),2024-12-31,Other,1.3156274812899935,-0.2305860935359156
Cutoff only,0,130,2024 Q2,2024 Q4,gdp_growth,2,1.8743857290961337,MIDAS,2024-12-31,Other,1.3156274812899935,0.5587582478061401
Cutoff only,0,130,2024 Q2,2024 Q4,gdp_growth,2,1.4700465644196008,MIDAS (trend),2024-12-31,Other,1.3156274812899935,0.154419083129607
Cutoff only,0,130,2024 Q2,2024 Q4,gdp_growth,2,2.3417005222095484,MIDAS-Latent,2024-12-31,Other,1.3156274812899935,1.0260730409195546
Cutoff only,0,130,2024 Q2,2024 Q4,gdp_growth,2,2.325884092010016,MIDAS-Latent (trend),2024-12-31,Other,1.3156274812899935,1.0102566107200222
Cutoff only,0,130,2024 Q2,2025 Q1,gdp_growth,3,1.8112308644141004,AR(2),2025-03-31,Other,2.243007314440604,-0.4317764500265033
Cutoff only,0,130,2024 Q2,2025 Q1,gdp_growth,3,0.9240212948916204,MF-VAR,2025-03-31,Other,2.243007314440604,-1.318986019548983
Cutoff only,0,130,2024 Q2,2025 Q1,gdp_growth,3,1.147485482612142,MF-VAR (manual),2025-03-31,Other,2.243007314440604,-1.095521831828462
Cutoff only,0,130,2024 Q2,2025 Q1,gdp_growth,3,1.873602423453285,MIDAS,2025-03-31,Other,2.243007314440604,-0.3694048909873184
Cutoff only,0,130,2024 Q2,2025 Q1,gdp_growth,3,1.4526487423573196,MIDAS (trend),2025-03-31,Other,2.243007314440604,-0.7903585720832842
Cutoff only,0,130,2024 Q2,2025 Q1,gdp_growth,3,2.347446302097396,MIDAS-Latent,2025-03-31,Other,2.243007314440604,0.1044389876567919
Cutoff only,0,130,2024 Q2,2025 Q1,gdp_growth,3,2.3311514546323213,MIDAS-Latent (trend),2025-03-31,Other,2.243007314440604,0.0881441401917175
Cutoff only,0,130,2024 Q2,2025 Q2,gdp_growth,4,1.7999417880837747,AR(2),2025-06-30,1-year ahead,-0.09620412701139,1.8961459150951647
Cutoff only,0,130,2024 Q2,2025 Q2,gdp_growth,4,0.7919044652452069,MF-VAR,2025-06-30,1-year ahead,-0.09620412701139,0.8881085922565969
Cutoff only,0,130,2024 Q2,2025 Q2,gdp_growth,4,2.2765565023863896,MF-VAR (manual),2025-06-30,1-year ahead,-0.09620412701139,2.37276062939778
Cutoff only,0,130,2024 Q2,2025 Q2,gdp_growth,4,1.8721640450996229,MIDAS,2025-06-30,1-year ahead,-0.09620412701139,1.968368172111013
Cutoff only,0,130,2024 Q2,2025 Q2,gdp_growth,4,1.4448081723433517,MIDAS (trend),2025-06-30,1-year ahead,-0.09620412701139,1.5410122993547417
Cutoff only,0,130,2024 Q2,2025 Q2,gdp_growth,4,2.347029554161637,MIDAS-Latent,2025-06-30,1-year ahead,-0.09620412701139,2.443233681173027
Cutoff only,0,130,2024 Q2,2025 Q2,gdp_growth,4,2.330491373388749,MIDAS-Latent (trend),2025-06-30,1-year ahead,-0.09620412701139,2.426695500400139
Cutoff only,0,130,2024 Q2,2024 Q3,inflation,1,1.1285279579742802,AR(2),2024-09-30,1-step ahead,0.0458441151209854,1.0826838428532948
Cutoff only,0,130,2024 Q2,2024 Q3,inflation,1,1.3948747405589046,MF-VAR,2024-09-30,1-step ahead,0.0458441151209854,1.3490306254379192
Cutoff only,0,130,2024 Q2,2024 Q3,inflation,1,1.6503146029704725,MF-VAR (manual),2024-09-30,1-step ahead,0.0458441151209854,1.604470487849487
Cutoff only,0,130,2024 Q2,2024 Q3,inflation,1,0.9384129102894234,MIDAS,2024-09-30,1-step ahead,0.0458441151209854,0.892568795168438
Cutoff only,0,130,2024 Q2,2024 Q3,inflation,1,0.7604765622241254,MIDAS (trend),2024-09-30,1-step ahead,0.0458441151209854,0.71463244710314
Cutoff only,0,130,2024 Q2,2024 Q3,inflation,1,1.4339989909876334,MIDAS-Latent,2024-09-30,1-step ahead,0.0458441151209854,1.388154875866648
Cutoff only,0,130,2024 Q2,2024 Q3,inflation,1,1.4508527574855392,MIDAS-Latent (trend),2024-09-30,1-step ahead,0.0458441151209854,1.4050086423645538
Cutoff only,0,130,2024 Q2,2024 Q4,inflation,2,1.0232629667027502,AR(2),2024-12-31,Other,-0.0252750777541166,1.0485380444568668
Cutoff only,0,130,2024 Q2,2024 Q4,inflation,2,0.3010012231669442,MF-VAR,2024-12-31,Other,-0.0252750777541166,0.3262763009210608
Cutoff only,0,130,2024 Q2,2024 Q4,inflation,2,1.7606628142048115,MF-VAR (manual),2024-12-31,Other,-0.0252750777541166,1.7859378919589282
Cutoff only,0,130,2024 Q2,2024 Q4,inflation,2,1.0167097935740692,MIDAS,2024-12-31,Other,-0.0252750777541166,1.0419848713281858
Cutoff only,0,130,2024 Q2,2024 Q4,inflation,2,0.8332696135834012,MIDAS (trend),2024-12-31,Other,-0.0252750777541166,0.8585446913375179
Cutoff only,0,130,2024 Q2,2024 Q4,inflation,2,1.4350277695504698,MIDAS-Latent,2024-12-31,Other,-0.0252750777541166,1.4603028473045865
Cutoff only,0,130,2024 Q2,2024 Q4,inflation,2,1.4522907503685072,MIDAS-Latent (trend),2024-12-31,Other,-0.0252750777541166,1.4775658281226238
Cutoff only,0,130,2024 Q2,2025 Q1,inflation,3,0.9386330491124244,AR(2),2025-03-31,Other,0.0204794402812069,0.9181536088312175
Cutoff only,0,130,2024 Q2,2025 Q1,inflation,3,0.0716463656103933,MF-VAR,2025-03-31,Other,0.0204794402812069,0.0511669253291864
Cutoff only,0,130,2024 Q2,2025 Q1,inflation,3,1.69613150602276,MF-VAR (manual),2025-03-31,Other,0.0204794402812069,1.675652065741553
Cutoff only,0,130,2024 Q2,2025 Q1,inflation,3,0.8317200465109755,MIDAS,2025-03-31,Other,0.0204794402812069,0.8112406062297686
Cutoff only,0,130,2024 Q2,2025 Q1,inflation,3,0.5827047414220013,MIDAS (trend),2025-03-31,Other,0.0204794402812069,0.5622253011407944
Cutoff only,0,130,2024 Q2,2025 Q1,inflation,3,1.4352361066687598,MIDAS-Latent,2025-03-31,Other,0.0204794402812069,1.4147566663875528
Cutoff only,0,130,2024 Q2,2025 Q1,inflation,3,1.4528825364532982,MIDAS-Latent (trend),2025-03-31,Other,0.0204794402812069,1.4324030961720913
Cutoff only,0,130,2024 Q2,2025 Q2,inflation,4,0.8842620810634031,AR(2),2025-06-30,1-year ahead,0.0822912331411629,0.8019708479222402
Cutoff only,0,130,2024 Q2,2025 Q2,inflation,4,0.0650637411400867,MF-VAR,2025-06-30,1-year ahead,0.0822912331411629,-0.0172274920010762
Cutoff only,0,130,2024 Q2,2025 Q2,inflation,4,1.7451226728278044,MF-VAR (manual),2025-06-30,1-year ahead,0.0822912331411629,1.6628314396866417
Cutoff only,0,130,2024 Q2,2025 Q2,inflation,4,0.8634513319639218,MIDAS,2025-06-30,1-year ahead,0.0822912331411629,0.7811600988227588
Cutoff only,0,130,2024 Q2,2025 Q2,inflation,4,0.6084534369275966,MIDAS (trend),2025-06-30,1-year ahead,0.0822912331411629,0.5261622037864336
Cutoff only,0,130,2024 Q2,2025 Q2,inflation,4,1.4352415849273537,MIDAS-Latent,2025-06-30,1-year ahead,0.0822912331411629,1.3529503517861907
Cutoff only,0,130,2024 Q2,2025 Q2,inflation,4,1.4531379842074883,MIDAS-Latent (trend),2025-06-30,1-year ahead,0.0822912331411629,1.3708467510663256
Cutoff +1m,1,111,2019 Q3,2019 Q4,exch_rate,1,0.0846225119575073,AR(2),2019-12-31,1-step ahead,0.0918965867333566,-0.0072740747758493
Cutoff +1m,1,111,2019 Q3,2019 Q4,exch_rate,1,0.072116904185063,MF-VAR,2019-12-31,1-step ahead,0.0918965867333566,-0.0197796825482936
Cutoff +1m,1,111,2019 Q3,2019 Q4,exch_rate,1,0.0937933905790155,MF-VAR (manual),2019-12-31,1-step ahead,0.0918965867333566,0.0018968038456588
Cutoff +1m,1,111,2019 Q3,2019 Q4,exch_rate,1,0.1134033979542284,MIDAS,2019-12-31,1-step ahead,0.0918965867333566,0.0215068112208717
Cutoff +1m,1,111,2019 Q3,2019 Q4,exch_rate,1,0.1087499945928975,MIDAS (trend),2019-12-31,1-step ahead,0.0918965867333566,0.0168534078595408
Cutoff +1m,1,111,2019 Q3,2019 Q4,exch_rate,1,0.1159081898902384,MIDAS-Latent,2019-12-31,1-step ahead,0.0918965867333566,0.0240116031568817
Cutoff +1m,1,111,2019 Q3,2019 Q4,exch_rate,1,0.0955114218419818,MIDAS-Latent (trend),2019-12-31,1-step ahead,0.0918965867333566,0.0036148351086251
Cutoff +1m,1,111,2019 Q3,2020 Q1,exch_rate,2,0.0793145487334452,AR(2),2020-03-31,Other,0.0646818482575237,0.0146327004759214
Cutoff +1m,1,111,2019 Q3,2020 Q1,exch_rate,2,0.067113334415123,MF-VAR,2020-03-31,Other,0.0646818482575237,0.0024314861575992
Cutoff +1m,1,111,2019 Q3,2020 Q1,exch_rate,2,0.0938479656786728,MF-VAR (manual),2020-03-31,Other,0.0646818482575237,0.029166117421149
Cutoff +1m,1,111,2019 Q3,2020 Q1,exch_rate,2,0.0889586941906748,MIDAS,2020-03-31,Other,0.0646818482575237,0.024276845933151
Cutoff +1m,1,111,2019 Q3,2020 Q1,exch_rate,2,0.0858882813402294,MIDAS (trend),2020-03-31,Other,0.0646818482575237,0.0212064330827056
Cutoff +1m,1,111,2019 Q3,2020 Q1,exch_rate,2,0.0892706057810287,MIDAS-Latent,2020-03-31,Other,0.0646818482575237,0.0245887575235049
Cutoff +1m,1,111,2019 Q3,2020 Q1,exch_rate,2,0.0917359255764757,MIDAS-Latent (trend),2020-03-31,Other,0.0646818482575237,0.0270540773189519
Cutoff +1m,1,111,2019 Q3,2020 Q2,exch_rate,3,0.0777794718695779,AR(2),2020-06-30,Other,0.0591823910881712,0.0185970807814067
Cutoff +1m,1,111,2019 Q3,2020 Q2,exch_rate,3,0.0577894502782814,MF-VAR,2020-06-30,Other,0.0591823910881712,-0.0013929408098897
Cutoff +1m,1,111,2019 Q3,2020 Q2,exch_rate,3,0.0910847172194821,MF-VAR (manual),2020-06-30,Other,0.0591823910881712,0.0319023261313109
Cutoff +1m,1,111,2019 Q3,2020 Q2,exch_rate,3,0.1102610012687039,MIDAS,2020-06-30,Other,0.0591823910881712,0.0510786101805326
Cutoff +1m,1,111,2019 Q3,2020 Q2,exch_rate,3,0.100956553791292,MIDAS (trend),2020-06-30,Other,0.0591823910881712,0.0417741627031207
Cutoff +1m,1,111,2019 Q3,2020 Q2,exch_rate,3,0.1129642295853262,MIDAS-Latent,2020-06-30,Other,0.0591823910881712,0.0537818384971549
Cutoff +1m,1,111,2019 Q3,2020 Q2,exch_rate,3,0.0867224905717452,MIDAS-Latent (trend),2020-06-30,Other,0.0591823910881712,0.0275400994835739
Cutoff +1m,1,111,2019 Q3,2020 Q3,exch_rate,4,0.070825228000029,AR(2),2020-09-30,1-year ahead,0.0725464417408555,-0.0017212137408264
Cutoff +1m,1,111,2019 Q3,2020 Q3,exch_rate,4,0.0447681616404621,MF-VAR,2020-09-30,1-year ahead,0.0725464417408555,-0.0277782801003933
Cutoff +1m,1,111,2019 Q3,2020 Q3,exch_rate,4,0.0886189630387977,MF-VAR (manual),2020-09-30,1-year ahead,0.0725464417408555,0.0160725212979422
Cutoff +1m,1,111,2019 Q3,2020 Q3,exch_rate,4,0.0863605590977823,MIDAS,2020-09-30,1-year ahead,0.0725464417408555,0.0138141173569268
Cutoff +1m,1,111,2019 Q3,2020 Q3,exch_rate,4,0.0798822023466575,MIDAS (trend),2020-09-30,1-year ahead,0.0725464417408555,0.007335760605802
Cutoff +1m,1,111,2019 Q3,2020 Q3,exch_rate,4,0.0869830090218455,MIDAS-Latent,2020-09-30,1-year ahead,0.0725464417408555,0.01443656728099
Cutoff +1m,1,111,2019 Q3,2020 Q3,exch_rate,4,0.0820133607343455,MIDAS-Latent (trend),2020-09-30,1-year ahead,0.0725464417408555,0.0094669189934899
Cutoff +1m,1,111,2019 Q3,2019 Q4,gdp_growth,1,1.604925184596289,AR(2),2019-12-31,1-step ahead,2.598755881032133,-0.993830696435844
Cutoff +1m,1,111,2019 Q3,2019 Q4,gdp_growth,1,0.7088719822883438,MF-VAR,2019-12-31,1-step ahead,2.598755881032133,-1.8898838987437891
Cutoff +1m,1,111,2019 Q3,2019 Q4,gdp_growth,1,0.9599696542290104,MF-VAR (manual),2019-12-31,1-step ahead,2.598755881032133,-1.6387862268031228
Cutoff +1m,1,111,2019 Q3,2019 Q4,gdp_growth,1,1.698394193956248,MIDAS,2019-12-31,1-step ahead,2.598755881032133,-0.9003616870758853
Cutoff +1m,1,111,2019 Q3,2019 Q4,gdp_growth,1,1.49867259007867,MIDAS (trend),2019-12-31,1-step ahead,2.598755881032133,-1.1000832909534632
Cutoff +1m,1,111,2019 Q3,2019 Q4,gdp_growth,1,1.7154907370379815,MIDAS-Latent,2019-12-31,1-step ahead,2.598755881032133,-0.8832651439941515
Cutoff +1m,1,111,2019 Q3,2019 Q4,gdp_growth,1,1.6319943006532636,MIDAS-Latent (trend),2019-12-31,1-step ahead,2.598755881032133,-0.9667615803788696
Cutoff +1m,1,111,2019 Q3,2020 Q1,gdp_growth,2,1.7673480549081049,AR(2),2020-03-31,Other,-7.067810646740469,8.835158701648574
Cutoff +1m,1,111,2019 Q3,2020 Q1,gdp_growth,2,0.7491563237346937,MF-VAR,2020-03-31,Other,-7.067810646740469,7.816966970475162
Cutoff +1m,1,111,2019 Q3,2020 Q1,gdp_growth,2,1.097041789956502,MF-VAR (manual),2020-03-31,Other,-7.067810646740469,8.164852436696972
Cutoff +1m,1,111,2019 Q3,2020 Q1,gdp_growth,2,1.775642611330589,MIDAS,2020-03-31,Other,-7.067810646740469,8.843453258071058
Cutoff +1m,1,111,2019 Q3,2020 Q1,gdp_growth,2,1.5746009071036224,MIDAS (trend),2020-03-31,Other,-7.067810646740469,8.642411553844092
Cutoff +1m,1,111,2019 Q3,2020 Q1,gdp_growth,2,1.7205433972081452,MIDAS-Latent,2020-03-31,Other,-7.067810646740469,8.788354043948614
Cutoff +1m,1,111,2019 Q3,2020 Q1,gdp_growth,2,1.6354573371807477,MIDAS-Latent (trend),2020-03-31,Other,-7.067810646740469,8.703267983921217
Cutoff +1m,1,111,2019 Q3,2020 Q2,gdp_growth,3,1.8183837164221917,AR(2),2020-06-30,Other,-27.833251932801065,29.65163564922325
Cutoff +1m,1,111,2019 Q3,2020 Q2,gdp_growth,3,0.7650507745592023,MF-VAR,2020-06-30,Other,-27.833251932801065,28.598302707360265
Cutoff +1m,1,111,2019 Q3,2020 Q2,gdp_growth,3,0.9715570770741312,MF-VAR (manual),2020-06-30,Other,-27.833251932801065,28.804809009875196
Cutoff +1m,1,111,2019 Q3,2020 Q2,gdp_growth,3,1.890105352739649,MIDAS,2020-06-30,Other,-27.833251932801065,29.72335728554071
Cutoff +1m,1,111,2019 Q3,2020 Q2,gdp_growth,3,1.6378492843111607,MIDAS (trend),2020-06-30,Other,-27.833251932801065,29.471101217112224
Cutoff +1m,1,111,2019 Q3,2020 Q2,gdp_growth,3,1.7032561751748008,MIDAS-Latent,2020-06-30,Other,-27.833251932801065,29.536508107975862
Cutoff +1m,1,111,2019 Q3,2020 Q2,gdp_growth,3,1.6196884824068716,MIDAS-Latent (trend),2020-06-30,Other,-27.833251932801065,29.452940415207934
Cutoff +1m,1,111,2019 Q3,2020 Q3,gdp_growth,4,1.8330140385799525,AR(2),2020-09-30,1-year ahead,28.019705798225655,-26.186691759645704
Cutoff +1m,1,111,2019 Q3,2020 Q3,gdp_growth,4,0.747285370480846,MF-VAR,2020-09-30,1-year ahead,28.019705798225655,-27.27242042774481
Cutoff +1m,1,111,2019 Q3,2020 Q3,gdp_growth,4,1.2428851456900467,MF-VAR (manual),2020-09-30,1-year ahead,28.019705798225655,-26.77682065253561
Cutoff +1m,1,111,2019 Q3,2020 Q3,gdp_growth,4,1.9083139846767845,MIDAS,2020-09-30,1-year ahead,28.019705798225655,-26.111391813548877
Cutoff +1m,1,111,2019 Q3,2020 Q3,gdp_growth,4,1.6519378394780218,MIDAS (trend),2020-09-30,1-year ahead,28.019705798225655,-26.367767958747635
Cutoff +1m,1,111,2019 Q3,2020 Q3,gdp_growth,4,1.7030824184644682,MIDAS-Latent,2020-09-30,1-year ahead,28.019705798225655,-26.31662337976119
Cutoff +1m,1,111,2019 Q3,2020 Q3,gdp_growth,4,1.618042625007907,MIDAS-Latent (trend),2020-09-30,1-year ahead,28.019705798225655,-26.401663173217752
Cutoff +1m,1,111,2019 Q3,2019 Q4,inflation,1,0.0058868224927746,AR(2),2019-12-31,1-step ahead,-0.6876495314639186,0.6935363539566932
Cutoff +1m,1,111,2019 Q3,2019 Q4,inflation,1,0.0087137458575482,MF-VAR,2019-12-31,1-step ahead,-0.6876495314639186,0.6963632773214669
Cutoff +1m,1,111,2019 Q3,2019 Q4,inflation,1,-1.4961536350444318,MF-VAR (manual),2019-12-31,1-step ahead,-0.6876495314639186,-0.8085041035805132
Cutoff +1m,1,111,2019 Q3,2019 Q4,inflation,1,0.8914017280690458,MIDAS,2019-12-31,1-step ahead,-0.6876495314639186,1.5790512595329644
Cutoff +1m,1,111,2019 Q3,2019 Q4,inflation,1,0.1836123986419639,MIDAS (trend),2019-12-31,1-step ahead,-0.6876495314639186,0.8712619301058826
Cutoff +1m,1,111,2019 Q3,2019 Q4,inflation,1,-0.4485726725118571,MIDAS-Latent,2019-12-31,1-step ahead,-0.6876495314639186,0.2390768589520615
Cutoff +1m,1,111,2019 Q3,2019 Q4,inflation,1,-0.4963051046421323,MIDAS-Latent (trend),2019-12-31,1-step ahead,-0.6876495314639186,0.1913444268217862
Cutoff +1m,1,111,2019 Q3,2020 Q1,inflation,2,0.2401875866903708,AR(2),2020-03-31,Other,-0.5383806198913987,0.7785682065817696
Cutoff +1m,1,111,2019 Q3,2020 Q1,inflation,2,0.0193543666509592,MF-VAR,2020-03-31,Other,-0.5383806198913987,0.557734986542358
Cutoff +1m,1,111,2019 Q3,2020 Q1,inflation,2,-1.5505619791345993,MF-VAR (manual),2020-03-31,Other,-0.5383806198913987,-1.0121813592432003
Cutoff +1m,1,111,2019 Q3,2020 Q1,inflation,2,0.1048686695316252,MIDAS,2020-03-31,Other,-0.5383806198913987,0.643249289423024
Cutoff +1m,1,111,2019 Q3,2020 Q1,inflation,2,-0.3413663207537046,MIDAS (trend),2020-03-31,Other,-0.5383806198913987,0.1970142991376941
Cutoff +1m,1,111,2019 Q3,2020 Q1,inflation,2,-0.4634603581500561,MIDAS-Latent,2020-03-31,Other,-0.5383806198913987,0.0749202617413426
Cutoff +1m,1,111,2019 Q3,2020 Q1,inflation,2,-0.4976131322113097,MIDAS-Latent (trend),2020-03-31,Other,-0.5383806198913987,0.040767487680089
Cutoff +1m,1,111,2019 Q3,2020 Q2,inflation,3,0.4209926222426714,AR(2),2020-06-30,Other,-2.654470813291354,3.075463435534026
Cutoff +1m,1,111,2019 Q3,2020 Q2,inflation,3,0.1081499289855505,MF-VAR,2020-06-30,Other,-2.654470813291354,2.762620742276905
Cutoff +1m,1,111,2019 Q3,2020 Q2,inflation,3,-1.7106690306163526,MF-VAR (manual),2020-06-30,Other,-2.654470813291354,0.9438017826750016
Cutoff +1m,1,111,2019 Q3,2020 Q2,inflation,3,0.716639978502084,MIDAS,2020-06-30,Other,-2.654470813291354,3.371110791793438
Cutoff +1m,1,111,2019 Q3,2020 Q2,inflation,3,-0.1118420532992883,MIDAS (trend),2020-06-30,Other,-2.654470813291354,2.542628759992066
Cutoff +1m,1,111,2019 Q3,2020 Q2,inflation,3,-0.4607777154962195,MIDAS-Latent,2020-06-30,Other,-2.654470813291354,2.1936930977951348
Cutoff +1m,1,111,2019 Q3,2020 Q2,inflation,3,-0.4985016043835883,MIDAS-Latent (trend),2020-06-30,Other,-2.654470813291354,2.155969208907766
Cutoff +1m,1,111,2019 Q3,2020 Q3,inflation,4,0.5260625412368949,AR(2),2020-09-30,1-year ahead,0.3909466976683262,0.1351158435685686
Cutoff +1m,1,111,2019 Q3,2020 Q3,inflation,4,0.0557524421793993,MF-VAR,2020-09-30,1-year ahead,0.3909466976683262,-0.3351942554889269
Cutoff +1m,1,111,2019 Q3,2020 Q3,inflation,4,-1.6862974957353312,MF-VAR (manual),2020-09-30,1-year ahead,0.3909466976683262,-2.0772441934036574
Cutoff +1m,1,111,2019 Q3,2020 Q3,inflation,4,0.4423606822930841,MIDAS,2020-09-30,1-year ahead,0.3909466976683262,0.0514139846247578
Cutoff +1m,1,111,2019 Q3,2020 Q3,inflation,4,-0.2442420617990875,MIDAS (trend),2020-09-30,1-year ahead,0.3909466976683262,-0.6351887594674138
Cutoff +1m,1,111,2019 Q3,2020 Q3,inflation,4,-0.4608741004646605,MIDAS-Latent,2020-09-30,1-year ahead,0.3909466976683262,-0.8518207981329868
Cutoff +1m,1,111,2019 Q3,2020 Q3,inflation,4,-0.4994479758055014,MIDAS-Latent (trend),2020-09-30,1-year ahead,0.3909466976683262,-0.8903946734738277
Cutoff +1m,1,112,2019 Q4,2020 Q1,exch_rate,1,0.0876449570841164,AR(2),2020-03-31,1-step ahead,0.0646818482575237,0.0229631088265926
Cutoff +1m,1,112,2019 Q4,2020 Q1,exch_rate,1,0.0610843282008439,MF-VAR,2020-03-31,1-step ahead,0.0646818482575237,-0.0035975200566798
Cutoff +1m,1,112,2019 Q4,2020 Q1,exch_rate,1,0.0846493620882648,MF-VAR (manual),2020-03-31,1-step ahead,0.0646818482575237,0.019967513830741
Cutoff +1m,1,112,2019 Q4,2020 Q1,exch_rate,1,0.0972844863824563,MIDAS,2020-03-31,1-step ahead,0.0646818482575237,0.0326026381249325
Cutoff +1m,1,112,2019 Q4,2020 Q1,exch_rate,1,0.0936474978049545,MIDAS (trend),2020-03-31,1-step ahead,0.0646818482575237,0.0289656495474307
Cutoff +1m,1,112,2019 Q4,2020 Q1,exch_rate,1,0.0877421936172315,MIDAS-Latent,2020-03-31,1-step ahead,0.0646818482575237,0.0230603453597077
Cutoff +1m,1,112,2019 Q4,2020 Q1,exch_rate,1,0.0894585283919898,MIDAS-Latent (trend),2020-03-31,1-step ahead,0.0646818482575237,0.0247766801344661
Cutoff +1m,1,112,2019 Q4,2020 Q2,exch_rate,2,0.0858613393649958,AR(2),2020-06-30,Other,0.0591823910881712,0.0266789482768246
Cutoff +1m,1,112,2019 Q4,2020 Q2,exch_rate,2,0.0589933117611275,MF-VAR,2020-06-30,Other,0.0591823910881712,-0.00018907932704372715
Cutoff +1m,1,112,2019 Q4,2020 Q2,exch_rate,2,0.0824056150030467,MF-VAR (manual),2020-06-30,Other,0.0591823910881712,0.0232232239148754
Cutoff +1m,1,112,2019 Q4,2020 Q2,exch_rate,2,0.0948031840352372,MIDAS,2020-06-30,Other,0.0591823910881712,0.0356207929470659
Cutoff +1m,1,112,2019 Q4,2020 Q2,exch_rate,2,0.0907584019333798,MIDAS (trend),2020-06-30,Other,0.0591823910881712,0.0315760108452086
Cutoff +1m,1,112,2019 Q4,2020 Q2,exch_rate,2,0.0880169349706207,MIDAS-Latent,2020-06-30,Other,0.0591823910881712,0.0288345438824495
Cutoff +1m,1,112,2019 Q4,2020 Q2,exch_rate,2,0.0845856702844143,MIDAS-Latent (trend),2020-06-30,Other,0.0591823910881712,0.025403279196243
Cutoff +1m,1,112,2019 Q4,2020 Q3,exch_rate,3,0.0784105654172161,AR(2),2020-09-30,Other,0.0725464417408555,0.0058641236763606
Cutoff +1m,1,112,2019 Q4,2020 Q3,exch_rate,3,0.0415565587700206,MF-VAR,2020-09-30,Other,0.0725464417408555,-0.0309898829708348
Cutoff +1m,1,112,2019 Q4,2020 Q3,exch_rate,3,0.0795180368020579,MF-VAR (manual),2020-09-30,Other,0.0725464417408555,0.0069715950612024
Cutoff +1m,1,112,2019 Q4,2020 Q3,exch_rate,3,0.1000834483072218,MIDAS,2020-09-30,Other,0.0725464417408555,0.0275370065663663
Cutoff +1m,1,112,2019 Q4,2020 Q3,exch_rate,3,0.0919169798854102,MIDAS (trend),2020-09-30,Other,0.0725464417408555,0.0193705381445547
Cutoff +1m,1,112,2019 Q4,2020 Q3,exch_rate,3,0.0839491747039808,MIDAS-Latent,2020-09-30,Other,0.0725464417408555,0.0114027329631253
Cutoff +1m,1,112,2019 Q4,2020 Q3,exch_rate,3,0.0798226209444475,MIDAS-Latent (trend),2020-09-30,Other,0.0725464417408555,0.0072761792035919
Cutoff +1m,1,112,2019 Q4,2020 Q4,exch_rate,4,0.0750788674228951,AR(2),2020-12-31,1-year ahead,0.0749666427639009,0.0001122246589941589
Cutoff +1m,1,112,2019 Q4,2020 Q4,exch_rate,4,0.0310119448151829,MF-VAR,2020-12-31,1-year ahead,0.0749666427639009,-0.043954697948718
Cutoff +1m,1,112,2019 Q4,2020 Q4,exch_rate,4,0.0795762259155741,MF-VAR (manual),2020-12-31,1-year ahead,0.0749666427639009,0.0046095831516732
Cutoff +1m,1,112,2019 Q4,2020 Q4,exch_rate,4,0.0976517155383678,MIDAS,2020-12-31,1-year ahead,0.0749666427639009,0.0226850727744668
Cutoff +1m,1,112,2019 Q4,2020 Q4,exch_rate,4,0.0888819159366264,MIDAS (trend),2020-12-31,1-year ahead,0.0749666427639009,0.0139152731727255
Cutoff +1m,1,112,2019 Q4,2020 Q4,exch_rate,4,0.0842181867906275,MIDAS-Latent,2020-12-31,1-year ahead,0.0749666427639009,0.0092515440267266
Cutoff +1m,1,112,2019 Q4,2020 Q4,exch_rate,4,0.075157915365284,MIDAS-Latent (trend),2020-12-31,1-year ahead,0.0749666427639009,0.0001912726013830468
Cutoff +1m,1,112,2019 Q4,2020 Q1,gdp_growth,1,2.1690620781048686,AR(2),2020-03-31,1-step ahead,-7.067810646740469,9.236872724845336
Cutoff +1m,1,112,2019 Q4,2020 Q1,gdp_growth,1,0.9121084753082856,MF-VAR,2020-03-31,1-step ahead,-7.067810646740469,7.979919122048755
Cutoff +1m,1,112,2019 Q4,2020 Q1,gdp_growth,1,2.412451029220541,MF-VAR (manual),2020-03-31,1-step ahead,-7.067810646740469,9.48026167596101
Cutoff +1m,1,112,2019 Q4,2020 Q1,gdp_growth,1,2.483751034759083,MIDAS,2020-03-31,1-step ahead,-7.067810646740469,9.551561681499551
Cutoff +1m,1,112,2019 Q4,2020 Q1,gdp_growth,1,2.303670350755277,MIDAS (trend),2020-03-31,1-step ahead,-7.067810646740469,9.371480997495746
Cutoff +1m,1,112,2019 Q4,2020 Q1,gdp_growth,1,2.4587193136134182,MIDAS-Latent,2020-03-31,1-step ahead,-7.067810646740469,9.526529960353889
Cutoff +1m,1,112,2019 Q4,2020 Q1,gdp_growth,1,2.3899126757061,MIDAS-Latent (trend),2020-03-31,1-step ahead,-7.067810646740469,9.457723322446569
Cutoff +1m,1,112,2019 Q4,2020 Q2,gdp_growth,2,1.947825025042797,AR(2),2020-06-30,Other,-27.833251932801065,29.781076957843855
Cutoff +1m,1,112,2019 Q4,2020 Q2,gdp_growth,2,0.9101405665177936,MF-VAR,2020-06-30,Other,-27.833251932801065,28.74339249931885
Cutoff +1m,1,112,2019 Q4,2020 Q2,gdp_growth,2,2.4606338384621225,MF-VAR (manual),2020-06-30,Other,-27.833251932801065,30.293885771263184
Cutoff +1m,1,112,2019 Q4,2020 Q2,gdp_growth,2,2.6763544377514026,MIDAS,2020-06-30,Other,-27.833251932801065,30.509606370552465
Cutoff +1m,1,112,2019 Q4,2020 Q2,gdp_growth,2,2.489193569027228,MIDAS (trend),2020-06-30,Other,-27.833251932801065,30.32244550182829
Cutoff +1m,1,112,2019 Q4,2020 Q2,gdp_growth,2,2.4112057768702635,MIDAS-Latent,2020-06-30,Other,-27.833251932801065,30.244457709671327
Cutoff +1m,1,112,2019 Q4,2020 Q2,gdp_growth,2,2.3416599361081163,MIDAS-Latent (trend),2020-06-30,Other,-27.833251932801065,30.174911868909177
Cutoff +1m,1,112,2019 Q4,2020 Q3,gdp_growth,3,1.8747620217184569,AR(2),2020-09-30,Other,28.019705798225655,-26.1449437765072
Cutoff +1m,1,112,2019 Q4,2020 Q3,gdp_growth,3,1.1331160900771595,MF-VAR,2020-09-30,Other,28.019705798225655,-26.8865897081485
Cutoff +1m,1,112,2019 Q4,2020 Q3,gdp_growth,3,2.517882750465787,MF-VAR (manual),2020-09-30,Other,28.019705798225655,-25.50182304775987
Cutoff +1m,1,112,2019 Q4,2020 Q3,gdp_growth,3,2.649175195164262,MIDAS,2020-09-30,Other,28.019705798225655,-25.3705306030614
Cutoff +1m,1,112,2019 Q4,2020 Q3,gdp_growth,3,2.4164956157759256,MIDAS (trend),2020-09-30,Other,28.019705798225655,-25.60321018244973
Cutoff +1m,1,112,2019 Q4,2020 Q3,gdp_growth,3,2.416006519050751,MIDAS-Latent,2020-09-30,Other,28.019705798225655,-25.603699279174908
Cutoff +1m,1,112,2019 Q4,2020 Q3,gdp_growth,3,2.3475052219491,MIDAS-Latent (trend),2020-09-30,Other,28.019705798225655,-25.67220057627656
Cutoff +1m,1,112,2019 Q4,2020 Q4,gdp_growth,4,1.8534673905561143,AR(2),2020-12-31,1-year ahead,2.205063679566166,-0.3515962890100514
Cutoff +1m,1,112,2019 Q4,2020 Q4,gdp_growth,4,1.2485785082765766,MF-VAR,2020-12-31,1-year ahead,2.205063679566166,-0.9564851712895894
Cutoff +1m,1,112,2019 Q4,2020 Q4,gdp_growth,4,2.8188660945018578,MF-VAR (manual),2020-12-31,1-year ahead,2.205063679566166,0.6138024149356918
Cutoff +1m,1,112,2019 Q4,2020 Q4,gdp_growth,4,2.694693404028333,MIDAS,2020-12-31,1-year ahead,2.205063679566166,0.4896297244621665
Cutoff +1m,1,112,2019 Q4,2020 Q4,gdp_growth,4,2.4568281314217693,MIDAS (trend),2020-12-31,1-year ahead,2.205063679566166,0.2517644518556032
Cutoff +1m,1,112,2019 Q4,2020 Q4,gdp_growth,4,2.417635381027244,MIDAS-Latent,2020-12-31,1-year ahead,2.205063679566166,0.2125717014610781
Cutoff +1m,1,112,2019 Q4,2020 Q4,gdp_growth,4,2.347903044644404,MIDAS-Latent (trend),2020-12-31,1-year ahead,2.205063679566166,0.1428393650782382
Cutoff +1m,1,112,2019 Q4,2020 Q1,inflation,1,-0.0881384029401859,AR(2),2020-03-31,1-step ahead,-0.5383806198913987,0.4502422169512128
Cutoff +1m,1,112,2019 Q4,2020 Q1,inflation,1,0.1472491830029521,MF-VAR,2020-03-31,1-step ahead,-0.5383806198913987,0.6856298028943508
Cutoff +1m,1,112,2019 Q4,2020 Q1,inflation,1,-0.7187100684028256,MF-VAR (manual),2020-03-31,1-step ahead,-0.5383806198913987,-0.1803294485114268
Cutoff +1m,1,112,2019 Q4,2020 Q1,inflation,1,0.1596794910573356,MIDAS,2020-03-31,1-step ahead,-0.5383806198913987,0.6980601109487343
Cutoff +1m,1,112,2019 Q4,2020 Q1,inflation,1,-0.3434364143383529,MIDAS (trend),2020-03-31,1-step ahead,-0.5383806198913987,0.1949442055530458
Cutoff +1m,1,112,2019 Q4,2020 Q1,inflation,1,-0.7732694052493297,MIDAS-Latent,2020-03-31,1-step ahead,-0.5383806198913987,-0.234888785357931
Cutoff +1m,1,112,2019 Q4,2020 Q1,inflation,1,-0.8035195734802209,MIDAS-Latent (trend),2020-03-31,1-step ahead,-0.5383806198913987,-0.2651389535888221
Cutoff +1m,1,112,2019 Q4,2020 Q2,inflation,2,0.2188489991362301,AR(2),2020-06-30,Other,-2.654470813291354,2.8733198124275843
Cutoff +1m,1,112,2019 Q4,2020 Q2,inflation,2,0.1437130026247184,MF-VAR,2020-06-30,Other,-2.654470813291354,2.7981838159160723
Cutoff +1m,1,112,2019 Q4,2020 Q2,inflation,2,-1.034314813315116,MF-VAR (manual),2020-06-30,Other,-2.654470813291354,1.620155999976238
Cutoff +1m,1,112,2019 Q4,2020 Q2,inflation,2,0.2002521358432651,MIDAS,2020-06-30,Other,-2.654470813291354,2.854722949134619
Cutoff +1m,1,112,2019 Q4,2020 Q2,inflation,2,-0.3368182182000915,MIDAS (trend),2020-06-30,Other,-2.654470813291354,2.3176525950912628
Cutoff +1m,1,112,2019 Q4,2020 Q2,inflation,2,-0.771672477710409,MIDAS-Latent,2020-06-30,Other,-2.654470813291354,1.882798335580945
Cutoff +1m,1,112,2019 Q4,2020 Q2,inflation,2,-0.8038197883573729,MIDAS-Latent (trend),2020-06-30,Other,-2.654470813291354,1.8506510249339807
Cutoff +1m,1,112,2019 Q4,2020 Q3,inflation,3,0.405980005906114,AR(2),2020-09-30,Other,0.3909466976683262,0.0150333082377878
Cutoff +1m,1,112,2019 Q4,2020 Q3,inflation,3,0.0576798920262298,MF-VAR,2020-09-30,Other,0.3909466976683262,-0.3332668056420964
Cutoff +1m,1,112,2019 Q4,2020 Q3,inflation,3,-1.2204916352177355,MF-VAR (manual),2020-09-30,Other,0.3909466976683262,-1.611438332886062
Cutoff +1m,1,112,2019 Q4,2020 Q3,inflation,3,0.4898139011515919,MIDAS,2020-09-30,Other,0.3909466976683262,0.0988672034832656
Cutoff +1m,1,112,2019 Q4,2020 Q3,inflation,3,-0.2730729890909344,MIDAS (trend),2020-09-30,Other,0.3909466976683262,-0.6640196867592607
Cutoff +1m,1,112,2019 Q4,2020 Q3,inflation,3,-0.7724525104562933,MIDAS-Latent,2020-09-30,Other,0.3909466976683262,-1.1633992081246194
Cutoff +1m,1,112,2019 Q4,2020 Q3,inflation,3,-0.8051486451164397,MIDAS-Latent (trend),2020-09-30,Other,0.3909466976683262,-1.196095342784766
Cutoff +1m,1,112,2019 Q4,2020 Q4,inflation,4,0.5166170650344435,AR(2),2020-12-31,1-year ahead,0.1723123898273115,0.3443046752071319
Cutoff +1m,1,112,2019 Q4,2020 Q4,inflation,4,-0.0491432356684082,MF-VAR,2020-12-31,1-year ahead,0.1723123898273115,-0.2214556254957198
Cutoff +1m,1,112,2019 Q4,2020 Q4,inflation,4,-1.282024164306001,MF-VAR (manual),2020-12-31,1-year ahead,0.1723123898273115,-1.4543365541333126
Cutoff +1m,1,112,2019 Q4,2020 Q4,inflation,4,0.5036789834693013,MIDAS,2020-12-31,1-year ahead,0.1723123898273115,0.3313665936419897
Cutoff +1m,1,112,2019 Q4,2020 Q4,inflation,4,-0.2837366919326621,MIDAS (trend),2020-12-31,1-year ahead,0.1723123898273115,-0.4560490817599736
Cutoff +1m,1,112,2019 Q4,2020 Q4,inflation,4,-0.7724379617806402,MIDAS-Latent,2020-12-31,1-year ahead,0.1723123898273115,-0.9447503516079516
Cutoff +1m,1,112,2019 Q4,2020 Q4,inflation,4,-0.8060691984501408,MIDAS-Latent (trend),2020-12-31,1-year ahead,0.1723123898273115,-0.9783815882774524
Cutoff +1m,1,113,2020 Q1,2020 Q2,exch_rate,1,0.0598648860953209,AR(2),2020-06-30,1-step ahead,0.0591823910881712,0.000682495007149668
Cutoff +1m,1,113,2020 Q1,2020 Q2,exch_rate,1,0.0429161247069977,MF-VAR,2020-06-30,1-step ahead,0.0591823910881712,-0.0162662663811734
Cutoff +1m,1,113,2020 Q1,2020 Q2,exch_rate,1,0.0596105299195026,MF-VAR (manual),2020-06-30,1-step ahead,0.0591823910881712,0.0004281388313313733
Cutoff +1m,1,113,2020 Q1,2020 Q2,exch_rate,1,-0.0089532090944717,MIDAS,2020-06-30,1-step ahead,0.0591823910881712,-0.0681356001826429
Cutoff +1m,1,113,2020 Q1,2020 Q2,exch_rate,1,-0.0065738121197552,MIDAS (trend),2020-06-30,1-step ahead,0.0591823910881712,-0.0657562032079265
Cutoff +1m,1,113,2020 Q1,2020 Q2,exch_rate,1,0.086980103762828,MIDAS-Latent,2020-06-30,1-step ahead,0.0591823910881712,0.0277977126746568
Cutoff +1m,1,113,2020 Q1,2020 Q2,exch_rate,1,0.0689003504762661,MIDAS-Latent (trend),2020-06-30,1-step ahead,0.0591823910881712,0.0097179593880949
Cutoff +1m,1,113,2020 Q1,2020 Q3,exch_rate,2,0.0532747356507829,AR(2),2020-09-30,Other,0.0725464417408555,-0.0192717060900725
Cutoff +1m,1,113,2020 Q1,2020 Q3,exch_rate,2,0.0349915981524054,MF-VAR,2020-09-30,Other,0.0725464417408555,-0.0375548435884501
Cutoff +1m,1,113,2020 Q1,2020 Q3,exch_rate,2,0.0577388421792994,MF-VAR (manual),2020-09-30,Other,0.0725464417408555,-0.014807599561556
Cutoff +1m,1,113,2020 Q1,2020 Q3,exch_rate,2,-0.00034148813665275897,MIDAS,2020-09-30,Other,0.0725464417408555,-0.0728879298775082
Cutoff +1m,1,113,2020 Q1,2020 Q3,exch_rate,2,0.0032444088705181,MIDAS (trend),2020-09-30,Other,0.0725464417408555,-0.0693020328703373
Cutoff +1m,1,113,2020 Q1,2020 Q3,exch_rate,2,0.0603227828820545,MIDAS-Latent,2020-09-30,Other,0.0725464417408555,-0.012223658858801
Cutoff +1m,1,113,2020 Q1,2020 Q3,exch_rate,2,0.0650568655157863,MIDAS-Latent (trend),2020-09-30,Other,0.0725464417408555,-0.0074895762250691
Cutoff +1m,1,113,2020 Q1,2020 Q4,exch_rate,3,0.0514840734806302,AR(2),2020-12-31,Other,0.0749666427639009,-0.0234825692832707
Cutoff +1m,1,113,2020 Q1,2020 Q4,exch_rate,3,0.0240159327448004,MF-VAR,2020-12-31,Other,0.0749666427639009,-0.0509507100191005
Cutoff +1m,1,113,2020 Q1,2020 Q4,exch_rate,3,0.0568295852432465,MF-VAR (manual),2020-12-31,Other,0.0749666427639009,-0.0181370575206543
Cutoff +1m,1,113,2020 Q1,2020 Q4,exch_rate,3,-0.0727475955514146,MIDAS,2020-12-31,Other,0.0749666427639009,-0.1477142383153156
Cutoff +1m,1,113,2020 Q1,2020 Q4,exch_rate,3,-0.0617631957444963,MIDAS (trend),2020-12-31,Other,0.0749666427639009,-0.1367298385083973
Cutoff +1m,1,113,2020 Q1,2020 Q4,exch_rate,3,0.0821643211578758,MIDAS-Latent,2020-12-31,Other,0.0749666427639009,0.0071976783939748
Cutoff +1m,1,113,2020 Q1,2020 Q4,exch_rate,3,0.0600518329600964,MIDAS-Latent (trend),2020-12-31,Other,0.0749666427639009,-0.0149148098038045
Cutoff +1m,1,113,2020 Q1,2021 Q1,exch_rate,4,0.047985426756874,AR(2),2021-03-31,1-year ahead,0.0865120373644991,-0.0385266106076251
Cutoff +1m,1,113,2020 Q1,2021 Q1,exch_rate,4,0.0113216960596851,MF-VAR,2021-03-31,1-year ahead,0.0865120373644991,-0.075190341304814
Cutoff +1m,1,113,2020 Q1,2021 Q1,exch_rate,4,0.0556346014630792,MF-VAR (manual),2021-03-31,1-year ahead,0.0865120373644991,-0.0308774359014198
Cutoff +1m,1,113,2020 Q1,2021 Q1,exch_rate,4,-0.0642796019744272,MIDAS,2021-03-31,1-year ahead,0.0865120373644991,-0.1507916393389264
Cutoff +1m,1,113,2020 Q1,2021 Q1,exch_rate,4,-0.053292667527365,MIDAS (trend),2021-03-31,1-year ahead,0.0865120373644991,-0.1398047048918642
Cutoff +1m,1,113,2020 Q1,2021 Q1,exch_rate,4,0.0560530007359816,MIDAS-Latent,2021-03-31,1-year ahead,0.0865120373644991,-0.0304590366285174
Cutoff +1m,1,113,2020 Q1,2021 Q1,exch_rate,4,0.0553447137475336,MIDAS-Latent (trend),2021-03-31,1-year ahead,0.0865120373644991,-0.0311673236169655
Cutoff +1m,1,113,2020 Q1,2020 Q2,gdp_growth,1,-1.2149317134500268,AR(2),2020-06-30,1-step ahead,-27.833251932801065,26.618320219351038
Cutoff +1m,1,113,2020 Q1,2020 Q2,gdp_growth,1,-1.3236985388458915,MF-VAR,2020-06-30,1-step ahead,-27.833251932801065,26.50955339395517
Cutoff +1m,1,113,2020 Q1,2020 Q2,gdp_growth,1,-8.686055698553506,MF-VAR (manual),2020-06-30,1-step ahead,-27.833251932801065,19.14719623424756
Cutoff +1m,1,113,2020 Q1,2020 Q2,gdp_growth,1,-6.262789908431429,MIDAS,2020-06-30,1-step ahead,-27.833251932801065,21.570462024369636
Cutoff +1m,1,113,2020 Q1,2020 Q2,gdp_growth,1,-6.52570048990399,MIDAS (trend),2020-06-30,1-step ahead,-27.833251932801065,21.307551442897072
Cutoff +1m,1,113,2020 Q1,2020 Q2,gdp_growth,1,-4.038306807983071,MIDAS-Latent,2020-06-30,1-step ahead,-27.833251932801065,23.794945124817996
Cutoff +1m,1,113,2020 Q1,2020 Q2,gdp_growth,1,-4.191654442004046,MIDAS-Latent (trend),2020-06-30,1-step ahead,-27.833251932801065,23.641597490797015
Cutoff +1m,1,113,2020 Q1,2020 Q3,gdp_growth,2,0.7546040462730381,AR(2),2020-09-30,Other,28.019705798225655,-27.26510175195262
Cutoff +1m,1,113,2020 Q1,2020 Q3,gdp_growth,2,-1.3238257110762122,MF-VAR,2020-09-30,Other,28.019705798225655,-29.34353150930187
Cutoff +1m,1,113,2020 Q1,2020 Q3,gdp_growth,2,-8.788578186654501,MF-VAR (manual),2020-09-30,Other,28.019705798225655,-36.80828398488016
Cutoff +1m,1,113,2020 Q1,2020 Q3,gdp_growth,2,-7.728841536113076,MIDAS,2020-09-30,Other,28.019705798225655,-35.74854733433873
Cutoff +1m,1,113,2020 Q1,2020 Q3,gdp_growth,2,-7.8997095561181885,MIDAS (trend),2020-09-30,Other,28.019705798225655,-35.91941535434385
Cutoff +1m,1,113,2020 Q1,2020 Q3,gdp_growth,2,-3.820067767720444,MIDAS-Latent,2020-09-30,Other,28.019705798225655,-31.839773565946103
Cutoff +1m,1,113,2020 Q1,2020 Q3,gdp_growth,2,-3.9839406734868414,MIDAS-Latent (trend),2020-09-30,Other,28.019705798225655,-32.0036464717125
Cutoff +1m,1,113,2020 Q1,2020 Q4,gdp_growth,3,1.4227698235122277,AR(2),2020-12-31,Other,2.205063679566166,-0.7822938560539385
Cutoff +1m,1,113,2020 Q1,2020 Q4,gdp_growth,3,0.7997184401824141,MF-VAR,2020-12-31,Other,2.205063679566166,-1.405345239383752
Cutoff +1m,1,113,2020 Q1,2020 Q4,gdp_growth,3,-8.734767524997995,MF-VAR (manual),2020-12-31,Other,2.205063679566166,-10.93983120456416
Cutoff +1m,1,113,2020 Q1,2020 Q4,gdp_growth,3,-7.491187004072988,MIDAS,2020-12-31,Other,2.205063679566166,-9.696250683639152
Cutoff +1m,1,113,2020 Q1,2020 Q4,gdp_growth,3,-7.747146967661716,MIDAS (trend),2020-12-31,Other,2.205063679566166,-9.952210647227885
Cutoff +1m,1,113,2020 Q1,2020 Q4,gdp_growth,3,-3.888463925585061,MIDAS-Latent,2020-12-31,Other,2.205063679566166,-6.093527605151227
Cutoff +1m,1,113,2020 Q1,2020 Q4,gdp_growth,3,-4.049699510838536,MIDAS-Latent (trend),2020-12-31,Other,2.205063679566166,-6.254763190404702
Cutoff +1m,1,113,2020 Q1,2021 Q1,gdp_growth,4,1.6494357983245598,AR(2),2021-03-31,1-year ahead,2.431814853272129,-0.7823790549475698
Cutoff +1m,1,113,2020 Q1,2021 Q1,gdp_growth,4,1.5705364884537052,MF-VAR,2021-03-31,1-year ahead,2.431814853272129,-0.8612783648184243
Cutoff +1m,1,113,2020 Q1,2021 Q1,gdp_growth,4,-8.610288673866172,MF-VAR (manual),2021-03-31,1-year ahead,2.431814853272129,-11.042103527138302
Cutoff +1m,1,113,2020 Q1,2021 Q1,gdp_growth,4,-7.923988045019014,MIDAS,2021-03-31,1-year ahead,2.431814853272129,-10.355802898291143
Cutoff +1m,1,113,2020 Q1,2021 Q1,gdp_growth,4,-8.153706592255208,MIDAS (trend),2021-03-31,1-year ahead,2.431814853272129,-10.585521445527338
Cutoff +1m,1,113,2020 Q1,2021 Q1,gdp_growth,4,-3.8933910399392544,MIDAS-Latent,2021-03-31,1-year ahead,2.431814853272129,-6.325205893211384
Cutoff +1m,1,113,2020 Q1,2021 Q1,gdp_growth,4,-4.0572775271510615,MIDAS-Latent (trend),2021-03-31,1-year ahead,2.431814853272129,-6.489092380423191
Cutoff +1m,1,113,2020 Q1,2020 Q2,inflation,1,-0.0166473939283563,AR(2),2020-06-30,1-step ahead,-2.654470813291354,2.6378234193629977
Cutoff +1m,1,113,2020 Q1,2020 Q2,inflation,1,-0.1403351409649254,MF-VAR,2020-06-30,1-step ahead,-2.654470813291354,2.5141356723264288
Cutoff +1m,1,113,2020 Q1,2020 Q2,inflation,1,-0.259880220633651,MF-VAR (manual),2020-06-30,1-step ahead,-2.654470813291354,2.394590592657704
Cutoff +1m,1,113,2020 Q1,2020 Q2,inflation,1,-0.5761302945076294,MIDAS,2020-06-30,1-step ahead,-2.654470813291354,2.0783405187837247
Cutoff +1m,1,113,2020 Q1,2020 Q2,inflation,1,-0.7644437028840113,MIDAS (trend),2020-06-30,1-step ahead,-2.654470813291354,1.8900271104073427
Cutoff +1m,1,113,2020 Q1,2020 Q2,inflation,1,-0.4490074634888729,MIDAS-Latent,2020-06-30,1-step ahead,-2.654470813291354,2.205463349802481
Cutoff +1m,1,113,2020 Q1,2020 Q2,inflation,1,-0.4868761786685181,MIDAS-Latent (trend),2020-06-30,1-step ahead,-2.654470813291354,2.167594634622836
Cutoff +1m,1,113,2020 Q1,2020 Q3,inflation,2,0.2520453482830699,AR(2),2020-09-30,Other,0.3909466976683262,-0.1389013493852563
Cutoff +1m,1,113,2020 Q1,2020 Q3,inflation,2,-0.1353475696477366,MF-VAR,2020-09-30,Other,0.3909466976683262,-0.5262942673160629
Cutoff +1m,1,113,2020 Q1,2020 Q3,inflation,2,-0.3242254255845593,MF-VAR (manual),2020-09-30,Other,0.3909466976683262,-0.7151721232528856
Cutoff +1m,1,113,2020 Q1,2020 Q3,inflation,2,-0.3122955666572339,MIDAS,2020-09-30,Other,0.3909466976683262,-0.7032422643255603
Cutoff +1m,1,113,2020 Q1,2020 Q3,inflation,2,-0.5019825570097817,MIDAS (trend),2020-09-30,Other,0.3909466976683262,-0.8929292546781079
Cutoff +1m,1,113,2020 Q1,2020 Q3,inflation,2,-0.4477604760479018,MIDAS-Latent,2020-09-30,Other,0.3909466976683262,-0.838707173716228
Cutoff +1m,1,113,2020 Q1,2020 Q3,inflation,2,-0.4876019062320526,MIDAS-Latent (trend),2020-09-30,Other,0.3909466976683262,-0.8785486039003789
Cutoff +1m,1,113,2020 Q1,2020 Q4,inflation,3,0.4182355462829805,AR(2),2020-12-31,Other,0.1723123898273115,0.2459231564556689
Cutoff +1m,1,113,2020 Q1,2020 Q4,inflation,3,-0.1457401015974202,MF-VAR,2020-12-31,Other,0.1723123898273115,-0.3180524914247318
Cutoff +1m,1,113,2020 Q1,2020 Q4,inflation,3,-0.2613414230180629,MF-VAR (manual),2020-12-31,Other,0.1723123898273115,-0.4336538128453745
Cutoff +1m,1,113,2020 Q1,2020 Q4,inflation,3,-0.3253813310243854,MIDAS,2020-12-31,Other,0.1723123898273115,-0.497693720851697
Cutoff +1m,1,113,2020 Q1,2020 Q4,inflation,3,-0.5644496009388829,MIDAS (trend),2020-12-31,Other,0.1723123898273115,-0.7367619907661944
Cutoff +1m,1,113,2020 Q1,2020 Q4,inflation,3,-0.4470138557207365,MIDAS-Latent,2020-12-31,Other,0.1723123898273115,-0.619326245548048
Cutoff +1m,1,113,2020 Q1,2020 Q4,inflation,3,-0.4885202957140158,MIDAS-Latent (trend),2020-12-31,Other,0.1723123898273115,-0.6608326855413273
Cutoff +1m,1,113,2020 Q1,2021 Q1,inflation,4,0.5176499179902554,AR(2),2021-03-31,1-year ahead,0.2776485073894719,0.2400014106007835
Cutoff +1m,1,113,2020 Q1,2021 Q1,inflation,4,-0.2995561965329572,MF-VAR,2021-03-31,1-year ahead,0.2776485073894719,-0.5772047039224291
Cutoff +1m,1,113,2020 Q1,2021 Q1,inflation,4,-0.4073370887546303,MF-VAR (manual),2021-03-31,1-year ahead,0.2776485073894719,-0.6849855961441023
Cutoff +1m,1,113,2020 Q1,2021 Q1,inflation,4,-0.233924143230841,MIDAS,2021-03-31,1-year ahead,0.2776485073894719,-0.5115726506203129
Cutoff +1m,1,113,2020 Q1,2021 Q1,inflation,4,-0.5184374246008439,MIDAS (trend),2021-03-31,1-year ahead,0.2776485073894719,-0.7960859319903157
Cutoff +1m,1,113,2020 Q1,2021 Q1,inflation,4,-0.4470034384298113,MIDAS-Latent,2021-03-31,1-year ahead,0.2776485073894719,-0.7246519458192832
Cutoff +1m,1,113,2020 Q1,2021 Q1,inflation,4,-0.4895416138415521,MIDAS-Latent (trend),2021-03-31,1-year ahead,0.2776485073894719,-0.7671901212310239
Cutoff +1m,1,114,2020 Q2,2020 Q3,exch_rate,1,0.0524737288920444,AR(2),2020-09-30,1-step ahead,0.0725464417408555,-0.0200727128488111
Cutoff +1m,1,114,2020 Q2,2020 Q3,exch_rate,1,0.0394971670284536,MF-VAR,2020-09-30,1-step ahead,0.0725464417408555,-0.0330492747124018
Cutoff +1m,1,114,2020 Q2,2020 Q3,exch_rate,1,0.0581450289194268,MF-VAR (manual),2020-09-30,1-step ahead,0.0725464417408555,-0.0144014128214286
Cutoff +1m,1,114,2020 Q2,2020 Q3,exch_rate,1,0.1667357984261528,MIDAS,2020-09-30,1-step ahead,0.0725464417408555,0.0941893566852973
Cutoff +1m,1,114,2020 Q2,2020 Q3,exch_rate,1,0.1568689813190093,MIDAS (trend),2020-09-30,1-step ahead,0.0725464417408555,0.0843225395781537
Cutoff +1m,1,114,2020 Q2,2020 Q3,exch_rate,1,0.0591411208158678,MIDAS-Latent,2020-09-30,1-step ahead,0.0725464417408555,-0.0134053209249876
Cutoff +1m,1,114,2020 Q2,2020 Q3,exch_rate,1,0.0520123788101955,MIDAS-Latent (trend),2020-09-30,1-step ahead,0.0725464417408555,-0.0205340629306599
Cutoff +1m,1,114,2020 Q2,2020 Q4,exch_rate,2,0.0507149251732037,AR(2),2020-12-31,Other,0.0749666427639009,-0.0242517175906972
Cutoff +1m,1,114,2020 Q2,2020 Q4,exch_rate,2,0.0360885878434588,MF-VAR,2020-12-31,Other,0.0749666427639009,-0.038878054920442
Cutoff +1m,1,114,2020 Q2,2020 Q4,exch_rate,2,0.0568417168761695,MF-VAR (manual),2020-12-31,Other,0.0749666427639009,-0.0181249258877314
Cutoff +1m,1,114,2020 Q2,2020 Q4,exch_rate,2,0.2022930249164222,MIDAS,2020-12-31,Other,0.0749666427639009,0.1273263821525212
Cutoff +1m,1,114,2020 Q2,2020 Q4,exch_rate,2,0.1906968915280293,MIDAS (trend),2020-12-31,Other,0.0749666427639009,0.1157302487641283
Cutoff +1m,1,114,2020 Q2,2020 Q4,exch_rate,2,0.053748178177185,MIDAS-Latent,2020-12-31,Other,0.0749666427639009,-0.0212184645867159
Cutoff +1m,1,114,2020 Q2,2020 Q4,exch_rate,2,0.0473691228183614,MIDAS-Latent (trend),2020-12-31,Other,0.0749666427639009,-0.0275975199455395
Cutoff +1m,1,114,2020 Q2,2021 Q1,exch_rate,3,0.0472806167068731,AR(2),2021-03-31,Other,0.0865120373644991,-0.039231420657626
Cutoff +1m,1,114,2020 Q2,2021 Q1,exch_rate,3,0.0221856536518802,MF-VAR,2021-03-31,Other,0.0865120373644991,-0.0643263837126188
Cutoff +1m,1,114,2020 Q2,2021 Q1,exch_rate,3,0.0552721853895254,MF-VAR (manual),2021-03-31,Other,0.0865120373644991,-0.0312398519749736
Cutoff +1m,1,114,2020 Q2,2021 Q1,exch_rate,3,0.3074973494898089,MIDAS,2021-03-31,Other,0.0865120373644991,0.2209853121253097
Cutoff +1m,1,114,2020 Q2,2021 Q1,exch_rate,3,0.2785413294446429,MIDAS (trend),2021-03-31,Other,0.0865120373644991,0.1920292920801438
Cutoff +1m,1,114,2020 Q2,2021 Q1,exch_rate,3,0.0537077072353518,MIDAS-Latent,2021-03-31,Other,0.0865120373644991,-0.0328043301291472
Cutoff +1m,1,114,2020 Q2,2021 Q1,exch_rate,3,0.0427868892352898,MIDAS-Latent (trend),2021-03-31,Other,0.0865120373644991,-0.0437251481292092
Cutoff +1m,1,114,2020 Q2,2021 Q2,exch_rate,4,0.0468430288685221,AR(2),2021-06-30,1-year ahead,0.0935012226033115,-0.0466581937347894
Cutoff +1m,1,114,2020 Q2,2021 Q2,exch_rate,4,0.0148396154548357,MF-VAR,2021-06-30,1-year ahead,0.0935012226033115,-0.0786616071484758
Cutoff +1m,1,114,2020 Q2,2021 Q2,exch_rate,4,0.0529875856386744,MF-VAR (manual),2021-06-30,1-year ahead,0.0935012226033115,-0.040513636964637
Cutoff +1m,1,114,2020 Q2,2021 Q2,exch_rate,4,0.3422779676886959,MIDAS,2021-06-30,1-year ahead,0.0935012226033115,0.2487767450853843
Cutoff +1m,1,114,2020 Q2,2021 Q2,exch_rate,4,0.3086916449617364,MIDAS (trend),2021-06-30,1-year ahead,0.0935012226033115,0.2151904223584249
Cutoff +1m,1,114,2020 Q2,2021 Q2,exch_rate,4,0.0484192161336842,MIDAS-Latent,2021-06-30,1-year ahead,0.0935012226033115,-0.0450820064696273
Cutoff +1m,1,114,2020 Q2,2021 Q2,exch_rate,4,0.0381123577363098,MIDAS-Latent (trend),2021-06-30,1-year ahead,0.0935012226033115,-0.0553888648670017
Cutoff +1m,1,114,2020 Q2,2020 Q3,gdp_growth,1,-7.898939407183616,AR(2),2020-09-30,1-step ahead,28.019705798225655,-35.91864520540928
Cutoff +1m,1,114,2020 Q2,2020 Q3,gdp_growth,1,-2.5218333763414744,MF-VAR,2020-09-30,1-step ahead,28.019705798225655,-30.54153917456713
Cutoff +1m,1,114,2020 Q2,2020 Q3,gdp_growth,1,-31.49221243706048,MF-VAR (manual),2020-09-30,1-step ahead,28.019705798225655,-59.51191823528613
Cutoff +1m,1,114,2020 Q2,2020 Q3,gdp_growth,1,1.356031571191754,MIDAS,2020-09-30,1-step ahead,28.019705798225655,-26.663674227033905
Cutoff +1m,1,114,2020 Q2,2020 Q3,gdp_growth,1,0.2174964546816865,MIDAS (trend),2020-09-30,1-step ahead,28.019705798225655,-27.80220934354397
Cutoff +1m,1,114,2020 Q2,2020 Q3,gdp_growth,1,-26.5476784294223,MIDAS-Latent,2020-09-30,1-step ahead,28.019705798225655,-54.56738422764796
Cutoff +1m,1,114,2020 Q2,2020 Q3,gdp_growth,1,-26.61100598255459,MIDAS-Latent (trend),2020-09-30,1-step ahead,28.019705798225655,-54.630711780780246
Cutoff +1m,1,114,2020 Q2,2020 Q4,gdp_growth,2,0.2715451034528562,AR(2),2020-12-31,Other,2.205063679566166,-1.9335185761133096
Cutoff +1m,1,114,2020 Q2,2020 Q4,gdp_growth,2,-2.464729863270993,MF-VAR,2020-12-31,Other,2.205063679566166,-4.66979354283716
Cutoff +1m,1,114,2020 Q2,2020 Q4,gdp_growth,2,-31.54152922030156,MF-VAR (manual),2020-12-31,Other,2.205063679566166,-33.74659289986773
Cutoff +1m,1,114,2020 Q2,2020 Q4,gdp_growth,2,3.545115636636775,MIDAS,2020-12-31,Other,2.205063679566166,1.3400519570706089
Cutoff +1m,1,114,2020 Q2,2020 Q4,gdp_growth,2,2.44645221081802,MIDAS (trend),2020-12-31,Other,2.205063679566166,0.2413885312518537
Cutoff +1m,1,114,2020 Q2,2020 Q4,gdp_growth,2,-25.6354520118026,MIDAS-Latent,2020-12-31,Other,2.205063679566166,-27.840515691368765
Cutoff +1m,1,114,2020 Q2,2020 Q4,gdp_growth,2,-25.70740095391634,MIDAS-Latent (trend),2020-12-31,Other,2.205063679566166,-27.912464633482507
Cutoff +1m,1,114,2020 Q2,2021 Q1,gdp_growth,3,1.7147079184341516,AR(2),2021-03-31,Other,2.431814853272129,-0.7171069348379779
Cutoff +1m,1,114,2020 Q2,2021 Q1,gdp_growth,3,-0.1231272848605524,MF-VAR,2021-03-31,Other,2.431814853272129,-2.554942138132682
Cutoff +1m,1,114,2020 Q2,2021 Q1,gdp_growth,3,-31.38280677552066,MF-VAR (manual),2021-03-31,Other,2.431814853272129,-33.81462162879279
Cutoff +1m,1,114,2020 Q2,2021 Q1,gdp_growth,3,9.8402292135379,MIDAS,2021-03-31,Other,2.431814853272129,7.40841436026577
Cutoff +1m,1,114,2020 Q2,2021 Q1,gdp_growth,3,8.342548889642563,MIDAS (trend),2021-03-31,Other,2.431814853272129,5.9107340363704335
Cutoff +1m,1,114,2020 Q2,2021 Q1,gdp_growth,3,-25.691927291832464,MIDAS-Latent,2021-03-31,Other,2.431814853272129,-28.123742145104597
Cutoff +1m,1,114,2020 Q2,2021 Q1,gdp_growth,3,-25.763053874719585,MIDAS-Latent (trend),2021-03-31,Other,2.431814853272129,-28.194868727991715
Cutoff +1m,1,114,2020 Q2,2021 Q2,gdp_growth,4,1.65812911868261,AR(2),2021-06-30,1-year ahead,11.771812260042935,-10.113683141360326
Cutoff +1m,1,114,2020 Q2,2021 Q2,gdp_growth,4,0.13079610162121,MF-VAR,2021-06-30,1-year ahead,11.771812260042935,-11.641016158421726
Cutoff +1m,1,114,2020 Q2,2021 Q2,gdp_growth,4,-31.743494446555687,MF-VAR (manual),2021-06-30,1-year ahead,11.771812260042935,-43.51530670659862
Cutoff +1m,1,114,2020 Q2,2021 Q2,gdp_growth,4,10.312338534737092,MIDAS,2021-06-30,1-year ahead,11.771812260042935,-1.459473725305843
Cutoff +1m,1,114,2020 Q2,2021 Q2,gdp_growth,4,8.795070642252973,MIDAS (trend),2021-06-30,1-year ahead,11.771812260042935,-2.976741617789962
Cutoff +1m,1,114,2020 Q2,2021 Q2,gdp_growth,4,-25.732001423922394,MIDAS-Latent,2021-06-30,1-year ahead,11.771812260042935,-37.50381368396533
Cutoff +1m,1,114,2020 Q2,2021 Q2,gdp_growth,4,-25.804805431828456,MIDAS-Latent (trend),2021-06-30,1-year ahead,11.771812260042935,-37.57661769187139
Cutoff +1m,1,114,2020 Q2,2020 Q3,inflation,1,-1.033290157629257,AR(2),2020-09-30,1-step ahead,0.3909466976683262,-1.4242368552975833
Cutoff +1m,1,114,2020 Q2,2020 Q3,inflation,1,-0.6304985645121703,MF-VAR,2020-09-30,1-step ahead,0.3909466976683262,-1.0214452621804966
Cutoff +1m,1,114,2020 Q2,2020 Q3,inflation,1,-3.1489690046678183,MF-VAR (manual),2020-09-30,1-step ahead,0.3909466976683262,-3.5399157023361445
Cutoff +1m,1,114,2020 Q2,2020 Q3,inflation,1,0.3010185554470788,MIDAS,2020-09-30,1-step ahead,0.3909466976683262,-0.0899281422212474
Cutoff +1m,1,114,2020 Q2,2020 Q3,inflation,1,-0.7347595158250616,MIDAS (trend),2020-09-30,1-step ahead,0.3909466976683262,-1.125706213493388
Cutoff +1m,1,114,2020 Q2,2020 Q3,inflation,1,-2.4333936778782768,MIDAS-Latent,2020-09-30,1-step ahead,0.3909466976683262,-2.824340375546603
Cutoff +1m,1,114,2020 Q2,2020 Q3,inflation,1,-2.453365136727649,MIDAS-Latent (trend),2020-09-30,1-step ahead,0.3909466976683262,-2.844311834395975
Cutoff +1m,1,114,2020 Q2,2020 Q4,inflation,2,-0.4282896309333956,AR(2),2020-12-31,Other,0.1723123898273115,-0.6006020207607072
Cutoff +1m,1,114,2020 Q2,2020 Q4,inflation,2,-0.6288395031082974,MF-VAR,2020-12-31,Other,0.1723123898273115,-0.801151892935609
Cutoff +1m,1,114,2020 Q2,2020 Q4,inflation,2,-3.1076956274698304,MF-VAR (manual),2020-12-31,Other,0.1723123898273115,-3.280008017297142
Cutoff +1m,1,114,2020 Q2,2020 Q4,inflation,2,0.1895001347946188,MIDAS,2020-12-31,Other,0.1723123898273115,0.0171877449673072
Cutoff +1m,1,114,2020 Q2,2020 Q4,inflation,2,-0.6933689145576241,MIDAS (trend),2020-12-31,Other,0.1723123898273115,-0.8656813043849356
Cutoff +1m,1,114,2020 Q2,2020 Q4,inflation,2,-2.440870876709837,MIDAS-Latent,2020-12-31,Other,0.1723123898273115,-2.613183266537149
Cutoff +1m,1,114,2020 Q2,2020 Q4,inflation,2,-2.4479343371045257,MIDAS-Latent (trend),2020-12-31,Other,0.1723123898273115,-2.620246726931837
Cutoff +1m,1,114,2020 Q2,2021 Q1,inflation,3,-0.007548931294552,AR(2),2021-03-31,Other,0.2776485073894719,-0.2851974386840239
Cutoff +1m,1,114,2020 Q2,2021 Q1,inflation,3,-0.3667163465584957,MF-VAR,2021-03-31,Other,0.2776485073894719,-0.6443648539479676
Cutoff +1m,1,114,2020 Q2,2021 Q1,inflation,3,-3.208978022029118,MF-VAR (manual),2021-03-31,Other,0.2776485073894719,-3.4866265294185905
Cutoff +1m,1,114,2020 Q2,2021 Q1,inflation,3,1.2657199240883932,MIDAS,2021-03-31,Other,0.2776485073894719,0.9880714166989212
Cutoff +1m,1,114,2020 Q2,2021 Q1,inflation,3,-0.2687732449684514,MIDAS (trend),2021-03-31,Other,0.2776485073894719,-0.5464217523579233
Cutoff +1m,1,114,2020 Q2,2021 Q1,inflation,3,-2.4400897012647875,MIDAS-Latent,2021-03-31,Other,0.2776485073894719,-2.7177382086542594
Cutoff +1m,1,114,2020 Q2,2021 Q1,inflation,3,-2.449574687529221,MIDAS-Latent (trend),2021-03-31,Other,0.2776485073894719,-2.7272231949186927
Cutoff +1m,1,114,2020 Q2,2021 Q2,inflation,4,0.2428022242811918,AR(2),2021-06-30,1-year ahead,1.0912758993917748,-0.848473675110583
Cutoff +1m,1,114,2020 Q2,2021 Q2,inflation,4,-0.3065854811556676,MF-VAR,2021-06-30,1-year ahead,1.0912758993917748,-1.3978613805474425
Cutoff +1m,1,114,2020 Q2,2021 Q2,inflation,4,-3.259762481756092,MF-VAR (manual),2021-06-30,1-year ahead,1.0912758993917748,-4.351038381147867
Cutoff +1m,1,114,2020 Q2,2021 Q2,inflation,4,1.2251113086602836,MIDAS,2021-06-30,1-year ahead,1.0912758993917748,0.1338354092685088
Cutoff +1m,1,114,2020 Q2,2021 Q2,inflation,4,-0.2719579356053778,MIDAS (trend),2021-06-30,1-year ahead,1.0912758993917748,-1.363233834997153
Cutoff +1m,1,114,2020 Q2,2021 Q2,inflation,4,-2.4401161219261285,MIDAS-Latent,2021-06-30,1-year ahead,1.0912758993917748,-3.5313920213179038
Cutoff +1m,1,114,2020 Q2,2021 Q2,inflation,4,-2.450617916910603,MIDAS-Latent (trend),2021-06-30,1-year ahead,1.0912758993917748,-3.5418938163023777
Cutoff +1m,1,115,2020 Q3,2020 Q4,exch_rate,1,0.0736723495746805,AR(2),2020-12-31,1-step ahead,0.0749666427639009,-0.0012942931892204
Cutoff +1m,1,115,2020 Q3,2020 Q4,exch_rate,1,0.0385607388373842,MF-VAR,2020-12-31,1-step ahead,0.0749666427639009,-0.0364059039265166
Cutoff +1m,1,115,2020 Q3,2020 Q4,exch_rate,1,0.0705373452700524,MF-VAR (manual),2020-12-31,1-step ahead,0.0749666427639009,-0.0044292974938484
Cutoff +1m,1,115,2020 Q3,2020 Q4,exch_rate,1,0.0486069124788486,MIDAS,2020-12-31,1-step ahead,0.0749666427639009,-0.0263597302850523
Cutoff +1m,1,115,2020 Q3,2020 Q4,exch_rate,1,0.048190637520165,MIDAS (trend),2020-12-31,1-step ahead,0.0749666427639009,-0.0267760052437359
Cutoff +1m,1,115,2020 Q3,2020 Q4,exch_rate,1,0.0547237091736781,MIDAS-Latent,2020-12-31,1-step ahead,0.0749666427639009,-0.0202429335902228
Cutoff +1m,1,115,2020 Q3,2020 Q4,exch_rate,1,0.0715927505936946,MIDAS-Latent (trend),2020-12-31,1-step ahead,0.0749666427639009,-0.0033738921702063
Cutoff +1m,1,115,2020 Q3,2021 Q1,exch_rate,2,0.0695301675919415,AR(2),2021-03-31,Other,0.0865120373644991,-0.0169818697725575
Cutoff +1m,1,115,2020 Q3,2021 Q1,exch_rate,2,0.0330028070860524,MF-VAR,2021-03-31,Other,0.0865120373644991,-0.0535092302784466
Cutoff +1m,1,115,2020 Q3,2021 Q1,exch_rate,2,0.0691438166218825,MF-VAR (manual),2021-03-31,Other,0.0865120373644991,-0.0173682207426166
Cutoff +1m,1,115,2020 Q3,2021 Q1,exch_rate,2,0.044096457099363,MIDAS,2021-03-31,Other,0.0865120373644991,-0.042415580265136
Cutoff +1m,1,115,2020 Q3,2021 Q1,exch_rate,2,0.0428288613068071,MIDAS (trend),2021-03-31,Other,0.0865120373644991,-0.0436831760576919
Cutoff +1m,1,115,2020 Q3,2021 Q1,exch_rate,2,0.067845010404548,MIDAS-Latent,2021-03-31,Other,0.0865120373644991,-0.0186670269599511
Cutoff +1m,1,115,2020 Q3,2021 Q1,exch_rate,2,0.0662179160388503,MIDAS-Latent (trend),2021-03-31,Other,0.0865120373644991,-0.0202941213256487
Cutoff +1m,1,115,2020 Q3,2021 Q2,exch_rate,3,0.0677068567015147,AR(2),2021-06-30,Other,0.0935012226033115,-0.0257943659017968
Cutoff +1m,1,115,2020 Q3,2021 Q2,exch_rate,3,0.0207797654766103,MF-VAR,2021-06-30,Other,0.0935012226033115,-0.0727214571267012
Cutoff +1m,1,115,2020 Q3,2021 Q2,exch_rate,3,0.0681511005843377,MF-VAR (manual),2021-06-30,Other,0.0935012226033115,-0.0253501220189738
Cutoff +1m,1,115,2020 Q3,2021 Q2,exch_rate,3,0.0205938489356719,MIDAS,2021-06-30,Other,0.0935012226033115,-0.0729073736676396
Cutoff +1m,1,115,2020 Q3,2021 Q2,exch_rate,3,0.0203717878516427,MIDAS (trend),2021-06-30,Other,0.0935012226033115,-0.0731294347516688
Cutoff +1m,1,115,2020 Q3,2021 Q2,exch_rate,3,0.0503460163608374,MIDAS-Latent,2021-06-30,Other,0.0935012226033115,-0.0431552062424741
Cutoff +1m,1,115,2020 Q3,2021 Q2,exch_rate,3,0.0613996145594785,MIDAS-Latent (trend),2021-06-30,Other,0.0935012226033115,-0.032101608043833
Cutoff +1m,1,115,2020 Q3,2021 Q3,exch_rate,4,0.0601895752536896,AR(2),2021-09-30,1-year ahead,0.079229789932838,-0.0190402146791483
Cutoff +1m,1,115,2020 Q3,2021 Q3,exch_rate,4,0.0067368800067406,MF-VAR,2021-09-30,1-year ahead,0.079229789932838,-0.0724929099260973
Cutoff +1m,1,115,2020 Q3,2021 Q3,exch_rate,4,0.0652075516239818,MF-VAR (manual),2021-09-30,1-year ahead,0.079229789932838,-0.0140222383088561
Cutoff +1m,1,115,2020 Q3,2021 Q3,exch_rate,4,0.0161657140185789,MIDAS,2021-09-30,1-year ahead,0.079229789932838,-0.0630640759142591
Cutoff +1m,1,115,2020 Q3,2021 Q3,exch_rate,4,0.0150979439887684,MIDAS (trend),2021-09-30,1-year ahead,0.079229789932838,-0.0641318459440696
Cutoff +1m,1,115,2020 Q3,2021 Q3,exch_rate,4,0.0632289775576842,MIDAS-Latent,2021-09-30,1-year ahead,0.079229789932838,-0.0160008123751538
Cutoff +1m,1,115,2020 Q3,2021 Q3,exch_rate,4,0.0567531636814222,MIDAS-Latent (trend),2021-09-30,1-year ahead,0.079229789932838,-0.0224766262514158
Cutoff +1m,1,115,2020 Q3,2020 Q4,gdp_growth,1,1.109496851463965,AR(2),2020-12-31,1-step ahead,2.205063679566166,-1.095566828102201
Cutoff +1m,1,115,2020 Q3,2020 Q4,gdp_growth,1,0.0825792762828467,MF-VAR,2020-12-31,1-step ahead,2.205063679566166,-2.122484403283319
Cutoff +1m,1,115,2020 Q3,2020 Q4,gdp_growth,1,42.00753399154508,MF-VAR (manual),2020-12-31,1-step ahead,2.205063679566166,39.80247031197892
Cutoff +1m,1,115,2020 Q3,2020 Q4,gdp_growth,1,2.00470968930149,MIDAS,2020-12-31,1-step ahead,2.205063679566166,-0.2003539902646753
Cutoff +1m,1,115,2020 Q3,2020 Q4,gdp_growth,1,1.710103834501378,MIDAS (trend),2020-12-31,1-step ahead,2.205063679566166,-0.4949598450647881
Cutoff +1m,1,115,2020 Q3,2020 Q4,gdp_growth,1,26.280742932487623,MIDAS-Latent,2020-12-31,1-step ahead,2.205063679566166,24.075679252921457
Cutoff +1m,1,115,2020 Q3,2020 Q4,gdp_growth,1,26.122760537206567,MIDAS-Latent (trend),2020-12-31,1-step ahead,2.205063679566166,23.9176968576404
Cutoff +1m,1,115,2020 Q3,2021 Q1,gdp_growth,2,-0.4415103912774627,AR(2),2021-03-31,Other,2.431814853272129,-2.8733252445495925
Cutoff +1m,1,115,2020 Q3,2021 Q1,gdp_growth,2,0.1604239975031172,MF-VAR,2021-03-31,Other,2.431814853272129,-2.2713908557690123
Cutoff +1m,1,115,2020 Q3,2021 Q1,gdp_growth,2,41.996382198768686,MF-VAR (manual),2021-03-31,Other,2.431814853272129,39.56456734549656
Cutoff +1m,1,115,2020 Q3,2021 Q1,gdp_growth,2,1.601237196743292,MIDAS,2021-03-31,Other,2.431814853272129,-0.8305776565288374
Cutoff +1m,1,115,2020 Q3,2021 Q1,gdp_growth,2,0.8710085894666126,MIDAS (trend),2021-03-31,Other,2.431814853272129,-1.560806263805517
Cutoff +1m,1,115,2020 Q3,2021 Q1,gdp_growth,2,25.03690694469997,MIDAS-Latent,2021-03-31,Other,2.431814853272129,22.60509209142785
Cutoff +1m,1,115,2020 Q3,2021 Q1,gdp_growth,2,24.903216457433786,MIDAS-Latent (trend),2021-03-31,Other,2.431814853272129,22.47140160416165
Cutoff +1m,1,115,2020 Q3,2021 Q2,gdp_growth,3,2.052247618932432,AR(2),2021-06-30,Other,11.771812260042935,-9.719564641110503
Cutoff +1m,1,115,2020 Q3,2021 Q2,gdp_growth,3,1.229892059374471,MF-VAR,2021-06-30,Other,11.771812260042935,-10.541920200668464
Cutoff +1m,1,115,2020 Q3,2021 Q2,gdp_growth,3,42.34057056059852,MF-VAR (manual),2021-06-30,Other,11.771812260042935,30.568758300555587
Cutoff +1m,1,115,2020 Q3,2021 Q2,gdp_growth,3,-0.2490943838886266,MIDAS,2021-06-30,Other,11.771812260042935,-12.020906643931562
Cutoff +1m,1,115,2020 Q3,2021 Q2,gdp_growth,3,-0.8190640612486977,MIDAS (trend),2021-06-30,Other,11.771812260042935,-12.590876321291631
Cutoff +1m,1,115,2020 Q3,2021 Q2,gdp_growth,3,25.075633355649376,MIDAS-Latent,2021-06-30,Other,11.771812260042935,13.30382109560644
Cutoff +1m,1,115,2020 Q3,2021 Q2,gdp_growth,3,24.943238789499805,MIDAS-Latent (trend),2021-06-30,Other,11.771812260042935,13.17142652945687
Cutoff +1m,1,115,2020 Q3,2021 Q3,gdp_growth,4,1.885199861249323,AR(2),2021-09-30,1-year ahead,7.528200558540021,-5.643000697290699
Cutoff +1m,1,115,2020 Q3,2021 Q3,gdp_growth,4,1.3586637404892845,MF-VAR,2021-09-30,1-year ahead,7.528200558540021,-6.169536818050737
Cutoff +1m,1,115,2020 Q3,2021 Q3,gdp_growth,4,42.72098522203767,MF-VAR (manual),2021-09-30,1-year ahead,7.528200558540021,35.19278466349765
Cutoff +1m,1,115,2020 Q3,2021 Q3,gdp_growth,4,-0.2777915972870404,MIDAS,2021-09-30,1-year ahead,7.528200558540021,-7.805992155827062
Cutoff +1m,1,115,2020 Q3,2021 Q3,gdp_growth,4,-0.8820649325326331,MIDAS (trend),2021-09-30,1-year ahead,7.528200558540021,-8.410265491072654
Cutoff +1m,1,115,2020 Q3,2021 Q3,gdp_growth,4,25.10333337418673,MIDAS-Latent,2021-09-30,1-year ahead,7.528200558540021,17.57513281564671
Cutoff +1m,1,115,2020 Q3,2021 Q3,gdp_growth,4,24.96848652055299,MIDAS-Latent (trend),2021-09-30,1-year ahead,7.528200558540021,17.440285962012968
Cutoff +1m,1,115,2020 Q3,2020 Q4,inflation,1,0.2620923988963379,AR(2),2020-12-31,1-step ahead,0.1723123898273115,0.0897800090690263
Cutoff +1m,1,115,2020 Q3,2020 Q4,inflation,1,0.0190658826165212,MF-VAR,2020-12-31,1-step ahead,0.1723123898273115,-0.1532465072107903
Cutoff +1m,1,115,2020 Q3,2020 Q4,inflation,1,1.081105682040362,MF-VAR (manual),2020-12-31,1-step ahead,0.1723123898273115,0.9087932922130504
Cutoff +1m,1,115,2020 Q3,2020 Q4,inflation,1,-0.4185906583610693,MIDAS,2020-12-31,1-step ahead,0.1723123898273115,-0.5909030481883809
Cutoff +1m,1,115,2020 Q3,2020 Q4,inflation,1,-0.6200768521256622,MIDAS (trend),2020-12-31,1-step ahead,0.1723123898273115,-0.7923892419529738
Cutoff +1m,1,115,2020 Q3,2020 Q4,inflation,1,0.0138362581814579,MIDAS-Latent,2020-12-31,1-step ahead,0.1723123898273115,-0.1584761316458535
Cutoff +1m,1,115,2020 Q3,2020 Q4,inflation,1,-0.0151837908992377,MIDAS-Latent (trend),2020-12-31,1-step ahead,0.1723123898273115,-0.1874961807265492
Cutoff +1m,1,115,2020 Q3,2021 Q1,inflation,2,0.436021140040907,AR(2),2021-03-31,Other,0.2776485073894719,0.158372632651435
Cutoff +1m,1,115,2020 Q3,2021 Q1,inflation,2,0.0107451178654474,MF-VAR,2021-03-31,Other,0.2776485073894719,-0.2669033895240245
Cutoff +1m,1,115,2020 Q3,2021 Q1,inflation,2,1.0895377625830296,MF-VAR (manual),2021-03-31,Other,0.2776485073894719,0.8118892551935577
Cutoff +1m,1,115,2020 Q3,2021 Q1,inflation,2,0.4238511240081703,MIDAS,2021-03-31,Other,0.2776485073894719,0.1462026166186984
Cutoff +1m,1,115,2020 Q3,2021 Q1,inflation,2,-0.2023580668516252,MIDAS (trend),2021-03-31,Other,0.2776485073894719,-0.480006574241097
Cutoff +1m,1,115,2020 Q3,2021 Q1,inflation,2,0.0319002831887588,MIDAS-Latent,2021-03-31,Other,0.2776485073894719,-0.245748224200713
Cutoff +1m,1,115,2020 Q3,2021 Q1,inflation,2,-0.0169432495489796,MIDAS-Latent (trend),2021-03-31,Other,0.2776485073894719,-0.2945917569384515
Cutoff +1m,1,115,2020 Q3,2021 Q2,inflation,3,0.5102054799299794,AR(2),2021-06-30,Other,1.0912758993917748,-0.5810704194617954
Cutoff +1m,1,115,2020 Q3,2021 Q2,inflation,3,-0.1711625141194334,MF-VAR,2021-06-30,Other,1.0912758993917748,-1.2624384135112083
Cutoff +1m,1,115,2020 Q3,2021 Q2,inflation,3,1.1753323116447172,MF-VAR (manual),2021-06-30,Other,1.0912758993917748,0.0840564122529423
Cutoff +1m,1,115,2020 Q3,2021 Q2,inflation,3,0.1278362408010389,MIDAS,2021-06-30,Other,1.0912758993917748,-0.963439658590736
Cutoff +1m,1,115,2020 Q3,2021 Q2,inflation,3,-0.444973902078309,MIDAS (trend),2021-06-30,Other,1.0912758993917748,-1.5362498014700838
Cutoff +1m,1,115,2020 Q3,2021 Q2,inflation,3,0.0296634363902854,MIDAS-Latent,2021-06-30,Other,1.0912758993917748,-1.0616124630014894
Cutoff +1m,1,115,2020 Q3,2021 Q2,inflation,3,-0.0178116981598356,MIDAS-Latent (trend),2021-06-30,Other,1.0912758993917748,-1.1090875975516106
Cutoff +1m,1,115,2020 Q3,2021 Q3,inflation,4,0.5596061599233776,AR(2),2021-09-30,1-year ahead,1.6810527454161672,-1.1214465854927895
Cutoff +1m,1,115,2020 Q3,2021 Q3,inflation,4,-0.2283622650707684,MF-VAR,2021-09-30,1-year ahead,1.6810527454161672,-1.909415010486936
Cutoff +1m,1,115,2020 Q3,2021 Q3,inflation,4,1.0862423252955904,MF-VAR (manual),2021-09-30,1-year ahead,1.6810527454161672,-0.5948104201205768
Cutoff +1m,1,115,2020 Q3,2021 Q3,inflation,4,0.4358829343347007,MIDAS,2021-09-30,1-year ahead,1.6810527454161672,-1.2451698110814664
Cutoff +1m,1,115,2020 Q3,2021 Q3,inflation,4,-0.3626114486835827,MIDAS (trend),2021-09-30,1-year ahead,1.6810527454161672,-2.04366419409975
Cutoff +1m,1,115,2020 Q3,2021 Q3,inflation,4,0.0297705839318918,MIDAS-Latent,2021-09-30,1-year ahead,1.6810527454161672,-1.6512821614842754
Cutoff +1m,1,115,2020 Q3,2021 Q3,inflation,4,-0.0187845343229263,MIDAS-Latent (trend),2021-09-30,1-year ahead,1.6810527454161672,-1.6998372797390937
Cutoff +1m,1,116,2020 Q4,2021 Q1,exch_rate,1,0.071006537823465,AR(2),2021-03-31,1-step ahead,0.0865120373644991,-0.0155054995410341
Cutoff +1m,1,116,2020 Q4,2021 Q1,exch_rate,1,0.0467485324609243,MF-VAR,2021-03-31,1-step ahead,0.0865120373644991,-0.0397635049035747
Cutoff +1m,1,116,2020 Q4,2021 Q1,exch_rate,1,0.0719200906596839,MF-VAR (manual),2021-03-31,1-step ahead,0.0865120373644991,-0.0145919467048151
Cutoff +1m,1,116,2020 Q4,2021 Q1,exch_rate,1,0.0684482486687553,MIDAS,2021-03-31,1-step ahead,0.0865120373644991,-0.0180637886957438
Cutoff +1m,1,116,2020 Q4,2021 Q1,exch_rate,1,0.0651283534800147,MIDAS (trend),2021-03-31,1-step ahead,0.0865120373644991,-0.0213836838844843
Cutoff +1m,1,116,2020 Q4,2021 Q1,exch_rate,1,0.0688527020344737,MIDAS-Latent,2021-03-31,1-step ahead,0.0865120373644991,-0.0176593353300253
Cutoff +1m,1,116,2020 Q4,2021 Q1,exch_rate,1,0.0702840794732135,MIDAS-Latent (trend),2021-03-31,1-step ahead,0.0865120373644991,-0.0162279578912855
Cutoff +1m,1,116,2020 Q4,2021 Q2,exch_rate,2,0.0691352943943666,AR(2),2021-06-30,Other,0.0935012226033115,-0.0243659282089449
Cutoff +1m,1,116,2020 Q4,2021 Q2,exch_rate,2,0.0442776807379388,MF-VAR,2021-06-30,Other,0.0935012226033115,-0.0492235418653727
Cutoff +1m,1,116,2020 Q4,2021 Q2,exch_rate,2,0.0710296428167525,MF-VAR (manual),2021-06-30,Other,0.0935012226033115,-0.022471579786559
Cutoff +1m,1,116,2020 Q4,2021 Q2,exch_rate,2,0.0843357359332576,MIDAS,2021-06-30,Other,0.0935012226033115,-0.0091654866700539
Cutoff +1m,1,116,2020 Q4,2021 Q2,exch_rate,2,0.0799421339879433,MIDAS (trend),2021-06-30,Other,0.0935012226033115,-0.0135590886153682
Cutoff +1m,1,116,2020 Q4,2021 Q2,exch_rate,2,0.0712232435360125,MIDAS-Latent,2021-06-30,Other,0.0935012226033115,-0.022277979067299
Cutoff +1m,1,116,2020 Q4,2021 Q2,exch_rate,2,0.0653689339561,MIDAS-Latent (trend),2021-06-30,Other,0.0935012226033115,-0.0281322886472115
Cutoff +1m,1,116,2020 Q4,2021 Q3,exch_rate,3,0.0615273231397371,AR(2),2021-09-30,Other,0.079229789932838,-0.0177024667931009
Cutoff +1m,1,116,2020 Q4,2021 Q3,exch_rate,3,0.0233224842398481,MF-VAR,2021-09-30,Other,0.079229789932838,-0.0559073056929899
Cutoff +1m,1,116,2020 Q4,2021 Q3,exch_rate,3,0.0704031154607885,MF-VAR (manual),2021-09-30,Other,0.079229789932838,-0.0088266744720495
Cutoff +1m,1,116,2020 Q4,2021 Q3,exch_rate,3,0.0779545653874608,MIDAS,2021-09-30,Other,0.079229789932838,-0.0012752245453772
Cutoff +1m,1,116,2020 Q4,2021 Q3,exch_rate,3,0.0706465690012181,MIDAS (trend),2021-09-30,Other,0.079229789932838,-0.0085832209316199
Cutoff +1m,1,116,2020 Q4,2021 Q3,exch_rate,3,0.0652347532829105,MIDAS-Latent,2021-09-30,Other,0.079229789932838,-0.0139950366499275
Cutoff +1m,1,116,2020 Q4,2021 Q3,exch_rate,3,0.0607015743958635,MIDAS-Latent (trend),2021-09-30,Other,0.079229789932838,-0.0185282155369745
Cutoff +1m,1,116,2020 Q4,2021 Q4,exch_rate,4,0.0580335021342725,AR(2),2021-12-31,1-year ahead,0.0533352883414997,0.0046982137927728
Cutoff +1m,1,116,2020 Q4,2021 Q4,exch_rate,4,0.0106566855974916,MF-VAR,2021-12-31,1-year ahead,0.0533352883414997,-0.042678602744008
Cutoff +1m,1,116,2020 Q4,2021 Q4,exch_rate,4,0.0676556882228096,MF-VAR (manual),2021-12-31,1-year ahead,0.0533352883414997,0.0143203998813098
Cutoff +1m,1,116,2020 Q4,2021 Q4,exch_rate,4,0.0935075933724463,MIDAS,2021-12-31,1-year ahead,0.0533352883414997,0.0401723050309465
Cutoff +1m,1,116,2020 Q4,2021 Q4,exch_rate,4,0.0835801085896433,MIDAS (trend),2021-12-31,1-year ahead,0.0533352883414997,0.0302448202481435
Cutoff +1m,1,116,2020 Q4,2021 Q4,exch_rate,4,0.067556654214696,MIDAS-Latent,2021-12-31,1-year ahead,0.0533352883414997,0.0142213658731962
Cutoff +1m,1,116,2020 Q4,2021 Q4,exch_rate,4,0.0560423286638468,MIDAS-Latent (trend),2021-12-31,1-year ahead,0.0533352883414997,0.0027070403223471
Cutoff +1m,1,116,2020 Q4,2021 Q1,gdp_growth,1,-0.6900143719168625,AR(2),2021-03-31,1-step ahead,2.431814853272129,-3.121829225188992
Cutoff +1m,1,116,2020 Q4,2021 Q1,gdp_growth,1,0.2018820844452391,MF-VAR,2021-03-31,1-step ahead,2.431814853272129,-2.2299327688268904
Cutoff +1m,1,116,2020 Q4,2021 Q1,gdp_growth,1,-7.545507510375716,MF-VAR (manual),2021-03-31,1-step ahead,2.431814853272129,-9.977322363647843
Cutoff +1m,1,116,2020 Q4,2021 Q1,gdp_growth,1,-0.0011636167490965,MIDAS,2021-03-31,1-step ahead,2.431814853272129,-2.4329784700212262
Cutoff +1m,1,116,2020 Q4,2021 Q1,gdp_growth,1,-0.8343526585432725,MIDAS (trend),2021-03-31,1-step ahead,2.431814853272129,-3.266167511815402
Cutoff +1m,1,116,2020 Q4,2021 Q1,gdp_growth,1,2.7694887040235248,MIDAS-Latent,2021-03-31,1-step ahead,2.431814853272129,0.3376738507513952
Cutoff +1m,1,116,2020 Q4,2021 Q1,gdp_growth,1,2.630988643471493,MIDAS-Latent (trend),2021-03-31,1-step ahead,2.431814853272129,0.1991737901993633
Cutoff +1m,1,116,2020 Q4,2021 Q2,gdp_growth,2,1.9781880980283288,AR(2),2021-06-30,Other,11.771812260042935,-9.793624162014606
Cutoff +1m,1,116,2020 Q4,2021 Q2,gdp_growth,2,0.200114099857805,MF-VAR,2021-06-30,Other,11.771812260042935,-11.57169816018513
Cutoff +1m,1,116,2020 Q4,2021 Q2,gdp_growth,2,-7.066230637186246,MF-VAR (manual),2021-06-30,Other,11.771812260042935,-18.83804289722918
Cutoff +1m,1,116,2020 Q4,2021 Q2,gdp_growth,2,3.2042854579591142,MIDAS,2021-06-30,Other,11.771812260042935,-8.56752680208382
Cutoff +1m,1,116,2020 Q4,2021 Q2,gdp_growth,2,2.660437285427349,MIDAS (trend),2021-06-30,Other,11.771812260042935,-9.111374974615586
Cutoff +1m,1,116,2020 Q4,2021 Q2,gdp_growth,2,3.1279014885207506,MIDAS-Latent,2021-06-30,Other,11.771812260042935,-8.643910771522185
Cutoff +1m,1,116,2020 Q4,2021 Q2,gdp_growth,2,3.040673136771574,MIDAS-Latent (trend),2021-06-30,Other,11.771812260042935,-8.731139123271362
Cutoff +1m,1,116,2020 Q4,2021 Q3,gdp_growth,3,1.9330496699726247,AR(2),2021-09-30,Other,7.528200558540021,-5.595150888567396
Cutoff +1m,1,116,2020 Q4,2021 Q3,gdp_growth,3,1.93666504853498,MF-VAR,2021-09-30,Other,7.528200558540021,-5.591535510005041
Cutoff +1m,1,116,2020 Q4,2021 Q3,gdp_growth,3,-8.066349872418293,MF-VAR (manual),2021-09-30,Other,7.528200558540021,-15.594550430958314
Cutoff +1m,1,116,2020 Q4,2021 Q3,gdp_growth,3,3.1996188084577484,MIDAS,2021-09-30,Other,7.528200558540021,-4.328581750082273
Cutoff +1m,1,116,2020 Q4,2021 Q3,gdp_growth,3,2.6787837269117967,MIDAS (trend),2021-09-30,Other,7.528200558540021,-4.849416831628225
Cutoff +1m,1,116,2020 Q4,2021 Q3,gdp_growth,3,3.1200649613387816,MIDAS-Latent,2021-09-30,Other,7.528200558540021,-4.408135597201239
Cutoff +1m,1,116,2020 Q4,2021 Q3,gdp_growth,3,3.032443496854492,MIDAS-Latent (trend),2021-09-30,Other,7.528200558540021,-4.495757061685529
Cutoff +1m,1,116,2020 Q4,2021 Q4,gdp_growth,4,1.6968892828764723,AR(2),2021-12-31,1-year ahead,0.5744345999069367,1.1224546829695357
Cutoff +1m,1,116,2020 Q4,2021 Q4,gdp_growth,4,2.1362137010340185,MF-VAR,2021-12-31,1-year ahead,0.5744345999069367,1.5617791011270818
Cutoff +1m,1,116,2020 Q4,2021 Q4,gdp_growth,4,-7.717884442573208,MF-VAR (manual),2021-12-31,1-year ahead,0.5744345999069367,-8.292319042480145
Cutoff +1m,1,116,2020 Q4,2021 Q4,gdp_growth,4,3.2063990288598454,MIDAS,2021-12-31,1-year ahead,0.5744345999069367,2.6319644289529087
Cutoff +1m,1,116,2020 Q4,2021 Q4,gdp_growth,4,2.638061888763974,MIDAS (trend),2021-12-31,1-year ahead,0.5744345999069367,2.0636272888570373
Cutoff +1m,1,116,2020 Q4,2021 Q4,gdp_growth,4,3.115088726398139,MIDAS-Latent,2021-12-31,1-year ahead,0.5744345999069367,2.5406541264912024
Cutoff +1m,1,116,2020 Q4,2021 Q4,gdp_growth,4,3.0244725069191225,MIDAS-Latent (trend),2021-12-31,1-year ahead,0.5744345999069367,2.450037907012186
Cutoff +1m,1,116,2020 Q4,2021 Q1,inflation,1,0.390825128211814,AR(2),2021-03-31,1-step ahead,0.2776485073894719,0.1131766208223421
Cutoff +1m,1,116,2020 Q4,2021 Q1,inflation,1,-0.0668663232708937,MF-VAR,2021-03-31,1-step ahead,0.2776485073894719,-0.3445148306603656
Cutoff +1m,1,116,2020 Q4,2021 Q1,inflation,1,-0.2396907112036564,MF-VAR (manual),2021-03-31,1-step ahead,0.2776485073894719,-0.5173392185931283
Cutoff +1m,1,116,2020 Q4,2021 Q1,inflation,1,0.3487903784281768,MIDAS,2021-03-31,1-step ahead,0.2776485073894719,0.0711418710387049
Cutoff +1m,1,116,2020 Q4,2021 Q1,inflation,1,-0.3584164903057257,MIDAS (trend),2021-03-31,1-step ahead,0.2776485073894719,-0.6360649976951976
Cutoff +1m,1,116,2020 Q4,2021 Q1,inflation,1,0.3661263344171066,MIDAS-Latent,2021-03-31,1-step ahead,0.2776485073894719,0.0884778270276347
Cutoff +1m,1,116,2020 Q4,2021 Q1,inflation,1,0.3133536405294397,MIDAS-Latent (trend),2021-03-31,1-step ahead,0.2776485073894719,0.0357051331399678
Cutoff +1m,1,116,2020 Q4,2021 Q2,inflation,2,0.4763053420980394,AR(2),2021-06-30,Other,1.0912758993917748,-0.6149705572937354
Cutoff +1m,1,116,2020 Q4,2021 Q2,inflation,2,-0.0723981618527938,MF-VAR,2021-06-30,Other,1.0912758993917748,-1.1636740612445686
Cutoff +1m,1,116,2020 Q4,2021 Q2,inflation,2,-0.3075601774975714,MF-VAR (manual),2021-06-30,Other,1.0912758993917748,-1.3988360768893462
Cutoff +1m,1,116,2020 Q4,2021 Q2,inflation,2,0.4772069003902602,MIDAS,2021-06-30,Other,1.0912758993917748,-0.6140689990015147
Cutoff +1m,1,116,2020 Q4,2021 Q2,inflation,2,-0.2191936765796072,MIDAS (trend),2021-06-30,Other,1.0912758993917748,-1.310469575971382
Cutoff +1m,1,116,2020 Q4,2021 Q2,inflation,2,0.3644897793770423,MIDAS-Latent,2021-06-30,Other,1.0912758993917748,-0.7267861200147325
Cutoff +1m,1,116,2020 Q4,2021 Q2,inflation,2,0.3122477952943414,MIDAS-Latent (trend),2021-06-30,Other,1.0912758993917748,-0.7790281040974334
Cutoff +1m,1,116,2020 Q4,2021 Q3,inflation,3,0.5363503872450526,AR(2),2021-09-30,Other,1.6810527454161672,-1.1447023581711149
Cutoff +1m,1,116,2020 Q4,2021 Q3,inflation,3,-0.0945841648481391,MF-VAR,2021-09-30,Other,1.6810527454161672,-1.7756369102643064
Cutoff +1m,1,116,2020 Q4,2021 Q3,inflation,3,-0.4182502679976272,MF-VAR (manual),2021-09-30,Other,1.6810527454161672,-2.0993030134137944
Cutoff +1m,1,116,2020 Q4,2021 Q3,inflation,3,0.538844774505683,MIDAS,2021-09-30,Other,1.6810527454161672,-1.1422079709104842
Cutoff +1m,1,116,2020 Q4,2021 Q3,inflation,3,-0.3432993904897102,MIDAS (trend),2021-09-30,Other,1.6810527454161672,-2.0243521359058776
Cutoff +1m,1,116,2020 Q4,2021 Q3,inflation,3,0.3659405452288674,MIDAS-Latent,2021-09-30,Other,1.6810527454161672,-1.3151122001872997
Cutoff +1m,1,116,2020 Q4,2021 Q3,inflation,3,0.3113289827706477,MIDAS-Latent (trend),2021-09-30,Other,1.6810527454161672,-1.3697237626455194
Cutoff +1m,1,116,2020 Q4,2021 Q4,inflation,4,0.5725770053529131,AR(2),2021-12-31,1-year ahead,2.905325805445002,-2.332748800092089
Cutoff +1m,1,116,2020 Q4,2021 Q4,inflation,4,-0.2251500253393951,MF-VAR,2021-12-31,1-year ahead,2.905325805445002,-3.130475830784398
Cutoff +1m,1,116,2020 Q4,2021 Q4,inflation,4,-0.419588376035644,MF-VAR (manual),2021-12-31,1-year ahead,2.905325805445002,-3.3249141814806467
Cutoff +1m,1,116,2020 Q4,2021 Q4,inflation,4,0.583696381653933,MIDAS,2021-12-31,1-year ahead,2.905325805445002,-2.321629423791069
Cutoff +1m,1,116,2020 Q4,2021 Q4,inflation,4,-0.3265983695306171,MIDAS (trend),2021-12-31,1-year ahead,2.905325805445002,-3.23192417497562
Cutoff +1m,1,116,2020 Q4,2021 Q4,inflation,4,0.3659282950361799,MIDAS-Latent,2021-12-31,1-year ahead,2.905325805445002,-2.539397510408823
Cutoff +1m,1,116,2020 Q4,2021 Q4,inflation,4,0.3103362531954891,MIDAS-Latent (trend),2021-12-31,1-year ahead,2.905325805445002,-2.5949895522495137
Cutoff +1m,1,117,2021 Q1,2021 Q2,exch_rate,1,0.0868014571179525,AR(2),2021-06-30,1-step ahead,0.0935012226033115,-0.0066997654853589
Cutoff +1m,1,117,2021 Q1,2021 Q2,exch_rate,1,0.0623122220972525,MF-VAR,2021-06-30,1-step ahead,0.0935012226033115,-0.031189000506059
Cutoff +1m,1,117,2021 Q1,2021 Q2,exch_rate,1,0.083339465822168,MF-VAR (manual),2021-06-30,1-step ahead,0.0935012226033115,-0.0101617567811435
Cutoff +1m,1,117,2021 Q1,2021 Q2,exch_rate,1,0.102057627841046,MIDAS,2021-06-30,1-step ahead,0.0935012226033115,0.0085564052377344
Cutoff +1m,1,117,2021 Q1,2021 Q2,exch_rate,1,0.0971091297826424,MIDAS (trend),2021-06-30,1-step ahead,0.0935012226033115,0.0036079071793308
Cutoff +1m,1,117,2021 Q1,2021 Q2,exch_rate,1,0.072273974798768,MIDAS-Latent,2021-06-30,1-step ahead,0.0935012226033115,-0.0212272478045435
Cutoff +1m,1,117,2021 Q1,2021 Q2,exch_rate,1,0.0795793954523923,MIDAS-Latent (trend),2021-06-30,1-step ahead,0.0935012226033115,-0.0139218271509192
Cutoff +1m,1,117,2021 Q1,2021 Q3,exch_rate,2,0.0786294321574942,AR(2),2021-09-30,Other,0.079229789932838,-0.000600357775343785
Cutoff +1m,1,117,2021 Q1,2021 Q3,exch_rate,2,0.0544513577241105,MF-VAR,2021-09-30,Other,0.079229789932838,-0.0247784322087274
Cutoff +1m,1,117,2021 Q1,2021 Q3,exch_rate,2,0.081387714350611,MF-VAR (manual),2021-09-30,Other,0.079229789932838,0.0021579244177729
Cutoff +1m,1,117,2021 Q1,2021 Q3,exch_rate,2,0.1061358488094186,MIDAS,2021-09-30,Other,0.079229789932838,0.0269060588765806
Cutoff +1m,1,117,2021 Q1,2021 Q3,exch_rate,2,0.1001234146582292,MIDAS (trend),2021-09-30,Other,0.079229789932838,0.0208936247253911
Cutoff +1m,1,117,2021 Q1,2021 Q3,exch_rate,2,0.0835770173016893,MIDAS-Latent,2021-09-30,Other,0.079229789932838,0.0043472273688513
Cutoff +1m,1,117,2021 Q1,2021 Q3,exch_rate,2,0.0742848598098177,MIDAS-Latent (trend),2021-09-30,Other,0.079229789932838,-0.0049449301230203
Cutoff +1m,1,117,2021 Q1,2021 Q4,exch_rate,3,0.0740717320874872,AR(2),2021-12-31,Other,0.0533352883414997,0.0207364437459875
Cutoff +1m,1,117,2021 Q1,2021 Q4,exch_rate,3,0.0363770080084948,MF-VAR,2021-12-31,Other,0.0533352883414997,-0.0169582803330048
Cutoff +1m,1,117,2021 Q1,2021 Q4,exch_rate,3,0.0795241683633153,MF-VAR (manual),2021-12-31,Other,0.0533352883414997,0.0261888800218156
Cutoff +1m,1,117,2021 Q1,2021 Q4,exch_rate,3,0.1213387679234799,MIDAS,2021-12-31,Other,0.0533352883414997,0.0680034795819802
Cutoff +1m,1,117,2021 Q1,2021 Q4,exch_rate,3,0.1092562179333125,MIDAS (trend),2021-12-31,Other,0.0533352883414997,0.0559209295918128
Cutoff +1m,1,117,2021 Q1,2021 Q4,exch_rate,3,0.0696378292611719,MIDAS-Latent,2021-12-31,Other,0.0533352883414997,0.0163025409196722
Cutoff +1m,1,117,2021 Q1,2021 Q4,exch_rate,3,0.0697066188859647,MIDAS-Latent (trend),2021-12-31,Other,0.0533352883414997,0.016371330544465
Cutoff +1m,1,117,2021 Q1,2022 Q1,exch_rate,4,0.0677345185194763,AR(2),2022-03-31,1-year ahead,0.0362913624238735,0.0314431560956028
Cutoff +1m,1,117,2021 Q1,2022 Q1,exch_rate,4,0.023614739935749,MF-VAR,2022-03-31,1-year ahead,0.0362913624238735,-0.0126766224881244
Cutoff +1m,1,117,2021 Q1,2022 Q1,exch_rate,4,0.0790683855832825,MF-VAR (manual),2022-03-31,1-year ahead,0.0362913624238735,0.042777023159409
Cutoff +1m,1,117,2021 Q1,2022 Q1,exch_rate,4,0.1253270926902346,MIDAS,2022-03-31,1-year ahead,0.0362913624238735,0.0890357302663611
Cutoff +1m,1,117,2021 Q1,2022 Q1,exch_rate,4,0.1115543805691362,MIDAS (trend),2022-03-31,1-year ahead,0.0362913624238735,0.0752630181452627
Cutoff +1m,1,117,2021 Q1,2022 Q1,exch_rate,4,0.0807036069363869,MIDAS-Latent,2022-03-31,1-year ahead,0.0362913624238735,0.0444122445125134
Cutoff +1m,1,117,2021 Q1,2022 Q1,exch_rate,4,0.0650648773369905,MIDAS-Latent (trend),2022-03-31,1-year ahead,0.0362913624238735,0.028773514913117
Cutoff +1m,1,117,2021 Q1,2021 Q2,gdp_growth,1,1.6304721464201817,AR(2),2021-06-30,1-step ahead,11.771812260042935,-10.141340113622752
Cutoff +1m,1,117,2021 Q1,2021 Q2,gdp_growth,1,3.66230805651517,MF-VAR,2021-06-30,1-step ahead,11.771812260042935,-8.109504203527765
Cutoff +1m,1,117,2021 Q1,2021 Q2,gdp_growth,1,5.281167000452007,MF-VAR (manual),2021-06-30,1-step ahead,11.771812260042935,-6.490645259590928
Cutoff +1m,1,117,2021 Q1,2021 Q2,gdp_growth,1,6.040130147160793,MIDAS,2021-06-30,1-step ahead,11.771812260042935,-5.731682112882142
Cutoff +1m,1,117,2021 Q1,2021 Q2,gdp_growth,1,5.664752922198982,MIDAS (trend),2021-06-30,1-step ahead,11.771812260042935,-6.107059337843953
Cutoff +1m,1,117,2021 Q1,2021 Q2,gdp_growth,1,0.8034846221897433,MIDAS-Latent,2021-06-30,1-step ahead,11.771812260042935,-10.968327637853193
Cutoff +1m,1,117,2021 Q1,2021 Q2,gdp_growth,1,0.8109337787679738,MIDAS-Latent (trend),2021-06-30,1-step ahead,11.771812260042935,-10.960878481274962
Cutoff +1m,1,117,2021 Q1,2021 Q3,gdp_growth,2,1.7031611258555237,AR(2),2021-09-30,Other,7.528200558540021,-5.825039432684498
Cutoff +1m,1,117,2021 Q1,2021 Q3,gdp_growth,2,3.72062970019966,MF-VAR,2021-09-30,Other,7.528200558540021,-3.807570858340361
Cutoff +1m,1,117,2021 Q1,2021 Q3,gdp_growth,2,5.086804637653183,MF-VAR (manual),2021-09-30,Other,7.528200558540021,-2.4413959208868388
Cutoff +1m,1,117,2021 Q1,2021 Q3,gdp_growth,2,4.281544602823816,MIDAS,2021-09-30,Other,7.528200558540021,-3.2466559557162054
Cutoff +1m,1,117,2021 Q1,2021 Q3,gdp_growth,2,3.8869397797560223,MIDAS (trend),2021-09-30,Other,7.528200558540021,-3.641260778783999
Cutoff +1m,1,117,2021 Q1,2021 Q3,gdp_growth,2,0.8051724058961091,MIDAS-Latent,2021-09-30,Other,7.528200558540021,-6.723028152643912
Cutoff +1m,1,117,2021 Q1,2021 Q3,gdp_growth,2,0.8127626723945856,MIDAS-Latent (trend),2021-09-30,Other,7.528200558540021,-6.715437886145436
Cutoff +1m,1,117,2021 Q1,2021 Q4,gdp_growth,3,1.76101719556235,AR(2),2021-12-31,Other,0.5744345999069367,1.1865825956554132
Cutoff +1m,1,117,2021 Q1,2021 Q4,gdp_growth,3,2.004194145686716,MF-VAR,2021-12-31,Other,0.5744345999069367,1.4297595457797794
Cutoff +1m,1,117,2021 Q1,2021 Q4,gdp_growth,3,4.348601178298595,MF-VAR (manual),2021-12-31,Other,0.5744345999069367,3.774166578391658
Cutoff +1m,1,117,2021 Q1,2021 Q4,gdp_growth,3,4.40722390330333,MIDAS,2021-12-31,Other,0.5744345999069367,3.832789303396393
Cutoff +1m,1,117,2021 Q1,2021 Q4,gdp_growth,3,3.9897453816867,MIDAS (trend),2021-12-31,Other,0.5744345999069367,3.415310781779763
Cutoff +1m,1,117,2021 Q1,2021 Q4,gdp_growth,3,0.7930522074085472,MIDAS-Latent,2021-12-31,Other,0.5744345999069367,0.2186176075016105
Cutoff +1m,1,117,2021 Q1,2021 Q4,gdp_growth,3,0.8007582157018804,MIDAS-Latent (trend),2021-12-31,Other,0.5744345999069367,0.2263236157949437
Cutoff +1m,1,117,2021 Q1,2022 Q1,gdp_growth,4,1.748417591146895,AR(2),2022-03-31,1-year ahead,2.862969131881954,-1.1145515407350588
Cutoff +1m,1,117,2021 Q1,2022 Q1,gdp_growth,4,1.6842778092082915,MF-VAR,2022-03-31,1-year ahead,2.862969131881954,-1.1786913226736622
Cutoff +1m,1,117,2021 Q1,2022 Q1,gdp_growth,4,4.344737113707829,MF-VAR (manual),2022-03-31,1-year ahead,2.862969131881954,1.481767981825875
Cutoff +1m,1,117,2021 Q1,2022 Q1,gdp_growth,4,4.34597155060012,MIDAS,2022-03-31,1-year ahead,2.862969131881954,1.4830024187181658
Cutoff +1m,1,117,2021 Q1,2022 Q1,gdp_growth,4,3.921919715215248,MIDAS (trend),2022-03-31,1-year ahead,2.862969131881954,1.0589505833332935
Cutoff +1m,1,117,2021 Q1,2022 Q1,gdp_growth,4,0.7930647701388428,MIDAS-Latent,2022-03-31,1-year ahead,2.862969131881954,-2.069904361743111
Cutoff +1m,1,117,2021 Q1,2022 Q1,gdp_growth,4,0.8009031006747291,MIDAS-Latent (trend),2022-03-31,1-year ahead,2.862969131881954,-2.062066031207225
Cutoff +1m,1,117,2021 Q1,2021 Q2,inflation,1,0.4207594701535169,AR(2),2021-06-30,1-step ahead,1.0912758993917748,-0.6705164292382579
Cutoff +1m,1,117,2021 Q1,2021 Q2,inflation,1,0.428263352690935,MF-VAR,2021-06-30,1-step ahead,1.0912758993917748,-0.6630125467008399
Cutoff +1m,1,117,2021 Q1,2021 Q2,inflation,1,0.4617242388575311,MF-VAR (manual),2021-06-30,1-step ahead,1.0912758993917748,-0.6295516605342437
Cutoff +1m,1,117,2021 Q1,2021 Q2,inflation,1,0.6094861188030298,MIDAS,2021-06-30,1-step ahead,1.0912758993917748,-0.481789780588745
Cutoff +1m,1,117,2021 Q1,2021 Q2,inflation,1,-0.0547444709284453,MIDAS (trend),2021-06-30,1-step ahead,1.0912758993917748,-1.1460203703202203
Cutoff +1m,1,117,2021 Q1,2021 Q2,inflation,1,0.0569861458685435,MIDAS-Latent,2021-06-30,1-step ahead,1.0912758993917748,-1.0342897535232314
Cutoff +1m,1,117,2021 Q1,2021 Q2,inflation,1,0.0206041696401498,MIDAS-Latent (trend),2021-06-30,1-step ahead,1.0912758993917748,-1.070671729751625
Cutoff +1m,1,117,2021 Q1,2021 Q3,inflation,2,0.4985367059039199,AR(2),2021-09-30,Other,1.6810527454161672,-1.1825160395122474
Cutoff +1m,1,117,2021 Q1,2021 Q3,inflation,2,0.4323803853313335,MF-VAR,2021-09-30,Other,1.6810527454161672,-1.2486723600848335
Cutoff +1m,1,117,2021 Q1,2021 Q3,inflation,2,0.5929427409608539,MF-VAR (manual),2021-09-30,Other,1.6810527454161672,-1.0881100044553134
Cutoff +1m,1,117,2021 Q1,2021 Q3,inflation,2,0.5372157321311981,MIDAS,2021-09-30,Other,1.6810527454161672,-1.1438370132849691
Cutoff +1m,1,117,2021 Q1,2021 Q3,inflation,2,-0.1511614765723042,MIDAS (trend),2021-09-30,Other,1.6810527454161672,-1.832214221988472
Cutoff +1m,1,117,2021 Q1,2021 Q3,inflation,2,0.0572914770628298,MIDAS-Latent,2021-09-30,Other,1.6810527454161672,-1.6237612683533371
Cutoff +1m,1,117,2021 Q1,2021 Q3,inflation,2,0.0196256040440101,MIDAS-Latent (trend),2021-09-30,Other,1.6810527454161672,-1.661427141372157
Cutoff +1m,1,117,2021 Q1,2021 Q4,inflation,3,0.5482884807509874,AR(2),2021-12-31,Other,2.905325805445002,-2.3570373246940157
Cutoff +1m,1,117,2021 Q1,2021 Q4,inflation,3,0.0456096966906801,MF-VAR,2021-12-31,Other,2.905325805445002,-2.8597161087543226
Cutoff +1m,1,117,2021 Q1,2021 Q4,inflation,3,0.5856122231399257,MF-VAR (manual),2021-12-31,Other,2.905325805445002,-2.319713582305077
Cutoff +1m,1,117,2021 Q1,2021 Q4,inflation,3,0.6531167982677886,MIDAS,2021-12-31,Other,2.905325805445002,-2.252209007177214
Cutoff +1m,1,117,2021 Q1,2021 Q4,inflation,3,-0.2347319813462131,MIDAS (trend),2021-12-31,Other,2.905325805445002,-3.140057786791216
Cutoff +1m,1,117,2021 Q1,2021 Q4,inflation,3,0.0566518569217375,MIDAS-Latent,2021-12-31,Other,2.905325805445002,-2.848673948523265
Cutoff +1m,1,117,2021 Q1,2021 Q4,inflation,3,0.019464972831743,MIDAS-Latent (trend),2021-12-31,Other,2.905325805445002,-2.88586083261326
Cutoff +1m,1,117,2021 Q1,2022 Q1,inflation,4,0.5789136420309507,AR(2),2022-03-31,1-year ahead,2.4487738699512818,-1.8698602279203311
Cutoff +1m,1,117,2021 Q1,2022 Q1,inflation,4,-0.0752759712511603,MF-VAR,2022-03-31,1-year ahead,2.4487738699512818,-2.524049841202442
Cutoff +1m,1,117,2021 Q1,2022 Q1,inflation,4,0.441273646863586,MF-VAR (manual),2022-03-31,1-year ahead,2.4487738699512818,-2.007500223087696
Cutoff +1m,1,117,2021 Q1,2022 Q1,inflation,4,0.6278748890408988,MIDAS,2022-03-31,1-year ahead,2.4487738699512818,-1.8208989809103828
Cutoff +1m,1,117,2021 Q1,2022 Q1,inflation,4,-0.2675764521687864,MIDAS (trend),2022-03-31,1-year ahead,2.4487738699512818,-2.716350322120068
Cutoff +1m,1,117,2021 Q1,2022 Q1,inflation,4,0.0566527419661113,MIDAS-Latent,2022-03-31,1-year ahead,2.4487738699512818,-2.3921211279851704
Cutoff +1m,1,117,2021 Q1,2022 Q1,inflation,4,0.0187263717082759,MIDAS-Latent (trend),2022-03-31,1-year ahead,2.4487738699512818,-2.430047498243006
Cutoff +1m,1,118,2021 Q2,2021 Q3,exch_rate,1,0.086283291723704,AR(2),2021-09-30,1-step ahead,0.079229789932838,0.0070535017908659
Cutoff +1m,1,118,2021 Q2,2021 Q3,exch_rate,1,0.0541668053407471,MF-VAR,2021-09-30,1-step ahead,0.079229789932838,-0.0250629845920909
Cutoff +1m,1,118,2021 Q2,2021 Q3,exch_rate,1,0.0919419423453479,MF-VAR (manual),2021-09-30,1-step ahead,0.079229789932838,0.0127121524125098
Cutoff +1m,1,118,2021 Q2,2021 Q3,exch_rate,1,0.0798301635987439,MIDAS,2021-09-30,1-step ahead,0.079229789932838,0.0006003736659058595
Cutoff +1m,1,118,2021 Q2,2021 Q3,exch_rate,1,0.0768225353414979,MIDAS (trend),2021-09-30,1-step ahead,0.079229789932838,-0.0024072545913401
Cutoff +1m,1,118,2021 Q2,2021 Q3,exch_rate,1,0.084994316837001,MIDAS-Latent,2021-09-30,1-step ahead,0.079229789932838,0.005764526904163
Cutoff +1m,1,118,2021 Q2,2021 Q3,exch_rate,1,0.092570502058483,MIDAS-Latent (trend),2021-09-30,1-step ahead,0.079229789932838,0.0133407121256449
Cutoff +1m,1,118,2021 Q2,2021 Q4,exch_rate,2,0.0814835089228037,AR(2),2021-12-31,Other,0.0533352883414997,0.0281482205813039
Cutoff +1m,1,118,2021 Q2,2021 Q4,exch_rate,2,0.0506659390436385,MF-VAR,2021-12-31,Other,0.0533352883414997,-0.0026693492978611
Cutoff +1m,1,118,2021 Q2,2021 Q4,exch_rate,2,0.0889353630161187,MF-VAR (manual),2021-12-31,Other,0.0533352883414997,0.035600074674619
Cutoff +1m,1,118,2021 Q2,2021 Q4,exch_rate,2,0.0481545118796656,MIDAS,2021-12-31,Other,0.0533352883414997,-0.005180776461834
Cutoff +1m,1,118,2021 Q2,2021 Q4,exch_rate,2,0.0453059516755961,MIDAS (trend),2021-12-31,Other,0.0533352883414997,-0.0080293366659035
Cutoff +1m,1,118,2021 Q2,2021 Q4,exch_rate,2,0.0918333199526064,MIDAS-Latent,2021-12-31,Other,0.0533352883414997,0.0384980316111067
Cutoff +1m,1,118,2021 Q2,2021 Q4,exch_rate,2,0.0874413973870601,MIDAS-Latent (trend),2021-12-31,Other,0.0533352883414997,0.0341061090455603
Cutoff +1m,1,118,2021 Q2,2022 Q1,exch_rate,3,0.0746807147466316,AR(2),2022-03-31,Other,0.0362913624238735,0.0383893523227581
Cutoff +1m,1,118,2021 Q2,2022 Q1,exch_rate,3,0.0323376752358127,MF-VAR,2022-03-31,Other,0.0362913624238735,-0.0039536871880607
Cutoff +1m,1,118,2021 Q2,2022 Q1,exch_rate,3,0.0875802344353493,MF-VAR (manual),2022-03-31,Other,0.0362913624238735,0.0512888720114758
Cutoff +1m,1,118,2021 Q2,2022 Q1,exch_rate,3,0.0347905142487404,MIDAS,2022-03-31,Other,0.0362913624238735,-0.001500848175133
Cutoff +1m,1,118,2021 Q2,2022 Q1,exch_rate,3,0.0298609764293777,MIDAS (trend),2022-03-31,Other,0.0362913624238735,-0.0064303859944957
Cutoff +1m,1,118,2021 Q2,2022 Q1,exch_rate,3,0.083509208764813,MIDAS-Latent,2022-03-31,Other,0.0362913624238735,0.0472178463409395
Cutoff +1m,1,118,2021 Q2,2022 Q1,exch_rate,3,0.0826262212214511,MIDAS-Latent (trend),2022-03-31,Other,0.0362913624238735,0.0463348587975776
Cutoff +1m,1,118,2021 Q2,2022 Q2,exch_rate,4,0.0709997768203745,AR(2),2022-06-30,1-year ahead,0.0271537094047716,0.0438460674156029
Cutoff +1m,1,118,2021 Q2,2022 Q2,exch_rate,4,0.022794154586375,MF-VAR,2022-06-30,1-year ahead,0.0271537094047716,-0.0043595548183965
Cutoff +1m,1,118,2021 Q2,2022 Q2,exch_rate,4,0.086480589312752,MF-VAR (manual),2022-06-30,1-year ahead,0.0271537094047716,0.0593268799079804
Cutoff +1m,1,118,2021 Q2,2022 Q2,exch_rate,4,0.0038263194200632,MIDAS,2022-06-30,1-year ahead,0.0271537094047716,-0.0233273899847083
Cutoff +1m,1,118,2021 Q2,2022 Q2,exch_rate,4,0.0010456258348751,MIDAS (trend),2022-06-30,1-year ahead,0.0271537094047716,-0.0261080835698964
Cutoff +1m,1,118,2021 Q2,2022 Q2,exch_rate,4,0.0902012568386752,MIDAS-Latent,2022-06-30,1-year ahead,0.0271537094047716,0.0630475474339036
Cutoff +1m,1,118,2021 Q2,2022 Q2,exch_rate,4,0.0779774602243681,MIDAS-Latent (trend),2022-06-30,1-year ahead,0.0271537094047716,0.0508237508195965
Cutoff +1m,1,118,2021 Q2,2021 Q3,gdp_growth,1,0.734105597547309,AR(2),2021-09-30,1-step ahead,7.528200558540021,-6.794094960992712
Cutoff +1m,1,118,2021 Q2,2021 Q3,gdp_growth,1,3.29874358328816,MF-VAR,2021-09-30,1-step ahead,7.528200558540021,-4.229456975251861
Cutoff +1m,1,118,2021 Q2,2021 Q3,gdp_growth,1,14.75251569044774,MF-VAR (manual),2021-09-30,1-step ahead,7.528200558540021,7.224315131907719
Cutoff +1m,1,118,2021 Q2,2021 Q3,gdp_growth,1,7.64432193472933,MIDAS,2021-09-30,1-step ahead,7.528200558540021,0.1161213761893087
Cutoff +1m,1,118,2021 Q2,2021 Q3,gdp_growth,1,7.2981750956846465,MIDAS (trend),2021-09-30,1-step ahead,7.528200558540021,-0.2300254628553748
Cutoff +1m,1,118,2021 Q2,2021 Q3,gdp_growth,1,10.58442871328998,MIDAS-Latent,2021-09-30,1-step ahead,7.528200558540021,3.0562281547499577
Cutoff +1m,1,118,2021 Q2,2021 Q3,gdp_growth,1,10.623625637354248,MIDAS-Latent (trend),2021-09-30,1-step ahead,7.528200558540021,3.095425078814227
Cutoff +1m,1,118,2021 Q2,2021 Q4,gdp_growth,2,1.1883523936645863,AR(2),2021-12-31,Other,0.5744345999069367,0.6139177937576497
Cutoff +1m,1,118,2021 Q2,2021 Q4,gdp_growth,2,3.25084231104482,MF-VAR,2021-12-31,Other,0.5744345999069367,2.6764077111378834
Cutoff +1m,1,118,2021 Q2,2021 Q4,gdp_growth,2,14.42060369974772,MF-VAR (manual),2021-12-31,Other,0.5744345999069367,13.846169099840782
Cutoff +1m,1,118,2021 Q2,2021 Q4,gdp_growth,2,-1.475492094072803,MIDAS,2021-12-31,Other,0.5744345999069367,-2.04992669397974
Cutoff +1m,1,118,2021 Q2,2021 Q4,gdp_growth,2,-1.9064699523675623,MIDAS (trend),2021-12-31,Other,0.5744345999069367,-2.480904552274499
Cutoff +1m,1,118,2021 Q2,2021 Q4,gdp_growth,2,10.69903076736739,MIDAS-Latent,2021-12-31,Other,0.5744345999069367,10.124596167460451
Cutoff +1m,1,118,2021 Q2,2021 Q4,gdp_growth,2,10.740507334505006,MIDAS-Latent (trend),2021-12-31,Other,0.5744345999069367,10.16607273459807
Cutoff +1m,1,118,2021 Q2,2022 Q1,gdp_growth,3,1.9843091396666008,AR(2),2022-03-31,Other,2.862969131881954,-0.8786599922153531
Cutoff +1m,1,118,2021 Q2,2022 Q1,gdp_growth,3,1.5567398899264149,MF-VAR,2022-03-31,Other,2.862969131881954,-1.3062292419555392
Cutoff +1m,1,118,2021 Q2,2022 Q1,gdp_growth,3,15.224826172313826,MF-VAR (manual),2022-03-31,Other,2.862969131881954,12.361857040431872
Cutoff +1m,1,118,2021 Q2,2022 Q1,gdp_growth,3,-1.6238798223963729,MIDAS,2022-03-31,Other,2.862969131881954,-4.486848954278327
Cutoff +1m,1,118,2021 Q2,2022 Q1,gdp_growth,3,-2.072053686994846,MIDAS (trend),2022-03-31,Other,2.862969131881954,-4.935022818876799
Cutoff +1m,1,118,2021 Q2,2022 Q1,gdp_growth,3,10.684461534903049,MIDAS-Latent,2022-03-31,Other,2.862969131881954,7.821492403021093
Cutoff +1m,1,118,2021 Q2,2022 Q1,gdp_growth,3,10.726842012358295,MIDAS-Latent (trend),2022-03-31,Other,2.862969131881954,7.863872880476343
Cutoff +1m,1,118,2021 Q2,2022 Q2,gdp_growth,4,1.8653120828182523,AR(2),2022-06-30,1-year ahead,4.56849934844854,-2.703187265630288
Cutoff +1m,1,118,2021 Q2,2022 Q2,gdp_growth,4,1.3639152960915102,MF-VAR,2022-06-30,1-year ahead,4.56849934844854,-3.2045840523570304
Cutoff +1m,1,118,2021 Q2,2022 Q2,gdp_growth,4,14.634564343436129,MF-VAR (manual),2022-06-30,1-year ahead,4.56849934844854,10.066064994987588
Cutoff +1m,1,118,2021 Q2,2022 Q2,gdp_growth,4,-1.9517469716342228,MIDAS,2022-06-30,1-year ahead,4.56849934844854,-6.520246320082763
Cutoff +1m,1,118,2021 Q2,2022 Q2,gdp_growth,4,-2.4059294049187296,MIDAS (trend),2022-06-30,1-year ahead,4.56849934844854,-6.97442875336727
Cutoff +1m,1,118,2021 Q2,2022 Q2,gdp_growth,4,10.685867705614532,MIDAS-Latent,2022-06-30,1-year ahead,4.56849934844854,6.117368357165992
Cutoff +1m,1,118,2021 Q2,2022 Q2,gdp_growth,4,10.7289230670771,MIDAS-Latent (trend),2022-06-30,1-year ahead,4.56849934844854,6.160423718628559
Cutoff +1m,1,118,2021 Q2,2021 Q3,inflation,1,0.8211755496306228,AR(2),2021-09-30,1-step ahead,1.6810527454161672,-0.8598771957855444
Cutoff +1m,1,118,2021 Q2,2021 Q3,inflation,1,0.442769638545599,MF-VAR,2021-09-30,1-step ahead,1.6810527454161672,-1.2382831068705682
Cutoff +1m,1,118,2021 Q2,2021 Q3,inflation,1,1.1408435866240354,MF-VAR (manual),2021-09-30,1-step ahead,1.6810527454161672,-0.5402091587921318
Cutoff +1m,1,118,2021 Q2,2021 Q3,inflation,1,0.9579928512877116,MIDAS,2021-09-30,1-step ahead,1.6810527454161672,-0.7230598941284555
Cutoff +1m,1,118,2021 Q2,2021 Q3,inflation,1,0.4030190768782904,MIDAS (trend),2021-09-30,1-step ahead,1.6810527454161672,-1.2780336685378768
Cutoff +1m,1,118,2021 Q2,2021 Q3,inflation,1,1.0835799686029088,MIDAS-Latent,2021-09-30,1-step ahead,1.6810527454161672,-0.5974727768132584
Cutoff +1m,1,118,2021 Q2,2021 Q3,inflation,1,1.03439620314432,MIDAS-Latent (trend),2021-09-30,1-step ahead,1.6810527454161672,-0.6466565422718473
Cutoff +1m,1,118,2021 Q2,2021 Q4,inflation,2,0.7628216879349282,AR(2),2021-12-31,Other,2.905325805445002,-2.1425041175100743
Cutoff +1m,1,118,2021 Q2,2021 Q4,inflation,2,0.4437080082106197,MF-VAR,2021-12-31,Other,2.905325805445002,-2.461617797234383
Cutoff +1m,1,118,2021 Q2,2021 Q4,inflation,2,1.1571853077281702,MF-VAR (manual),2021-12-31,Other,2.905325805445002,-1.7481404977168324
Cutoff +1m,1,118,2021 Q2,2021 Q4,inflation,2,0.6638652881602238,MIDAS,2021-12-31,Other,2.905325805445002,-2.2414605172847786
Cutoff +1m,1,118,2021 Q2,2021 Q4,inflation,2,-0.0292922993577463,MIDAS (trend),2021-12-31,Other,2.905325805445002,-2.934618104802749
Cutoff +1m,1,118,2021 Q2,2021 Q4,inflation,2,1.0876559371546664,MIDAS-Latent,2021-12-31,Other,2.905325805445002,-1.8176698682903365
Cutoff +1m,1,118,2021 Q2,2021 Q4,inflation,2,1.0329140721181458,MIDAS-Latent (trend),2021-12-31,Other,2.905325805445002,-1.8724117333268568
Cutoff +1m,1,118,2021 Q2,2022 Q1,inflation,3,0.7114086263020775,AR(2),2022-03-31,Other,2.4487738699512818,-1.7373652436492044
Cutoff +1m,1,118,2021 Q2,2022 Q1,inflation,3,0.0789185226126464,MF-VAR,2022-03-31,Other,2.4487738699512818,-2.3698553473386355
Cutoff +1m,1,118,2021 Q2,2022 Q1,inflation,3,1.0782411259057314,MF-VAR (manual),2022-03-31,Other,2.4487738699512818,-1.3705327440455504
Cutoff +1m,1,118,2021 Q2,2022 Q1,inflation,3,0.6173083067967966,MIDAS,2022-03-31,Other,2.4487738699512818,-1.8314655631544847
Cutoff +1m,1,118,2021 Q2,2022 Q1,inflation,3,-0.1909353582806952,MIDAS (trend),2022-03-31,Other,2.4487738699512818,-2.639709228231977
Cutoff +1m,1,118,2021 Q2,2022 Q1,inflation,3,1.087617383423339,MIDAS-Latent,2022-03-31,Other,2.4487738699512818,-1.3611564865279429
Cutoff +1m,1,118,2021 Q2,2022 Q1,inflation,3,1.032145812828131,MIDAS-Latent (trend),2022-03-31,Other,2.4487738699512818,-1.4166280571231509
Cutoff +1m,1,118,2021 Q2,2022 Q2,inflation,4,0.6817435261986919,AR(2),2022-06-30,1-year ahead,4.516735213599077,-3.834991687400385
Cutoff +1m,1,118,2021 Q2,2022 Q2,inflation,4,-0.0476672775779523,MF-VAR,2022-06-30,1-year ahead,4.516735213599077,-4.564402491177029
Cutoff +1m,1,118,2021 Q2,2022 Q2,inflation,4,1.0438140508554463,MF-VAR (manual),2022-06-30,1-year ahead,4.516735213599077,-3.4729211627436305
Cutoff +1m,1,118,2021 Q2,2022 Q2,inflation,4,0.5145668729101323,MIDAS,2022-06-30,1-year ahead,4.516735213599077,-4.002168340688945
Cutoff +1m,1,118,2021 Q2,2022 Q2,inflation,4,-0.2968448255424934,MIDAS (trend),2022-06-30,1-year ahead,4.516735213599077,-4.81358003914157
Cutoff +1m,1,118,2021 Q2,2022 Q2,inflation,4,1.0876378024994395,MIDAS-Latent,2022-06-30,1-year ahead,4.516735213599077,-3.429097411099637
Cutoff +1m,1,118,2021 Q2,2022 Q2,inflation,4,1.031332123975741,MIDAS-Latent (trend),2022-06-30,1-year ahead,4.516735213599077,-3.485403089623336
Cutoff +1m,1,119,2021 Q3,2021 Q4,exch_rate,1,0.07340839567018,AR(2),2021-12-31,1-step ahead,0.0533352883414997,0.0200731073286802
Cutoff +1m,1,119,2021 Q3,2021 Q4,exch_rate,1,0.049042818730261,MF-VAR,2021-12-31,1-step ahead,0.0533352883414997,-0.0042924696112386
Cutoff +1m,1,119,2021 Q3,2021 Q4,exch_rate,1,0.0725122224472578,MF-VAR (manual),2021-12-31,1-step ahead,0.0533352883414997,0.019176934105758
Cutoff +1m,1,119,2021 Q3,2021 Q4,exch_rate,1,0.082187074592886,MIDAS,2021-12-31,1-step ahead,0.0533352883414997,0.0288517862513863
Cutoff +1m,1,119,2021 Q3,2021 Q4,exch_rate,1,0.0771617735433008,MIDAS (trend),2021-12-31,1-step ahead,0.0533352883414997,0.023826485201801
Cutoff +1m,1,119,2021 Q3,2021 Q4,exch_rate,1,0.0911216413349938,MIDAS-Latent,2021-12-31,1-step ahead,0.0533352883414997,0.0377863529934941
Cutoff +1m,1,119,2021 Q3,2021 Q4,exch_rate,1,0.0771449160682231,MIDAS-Latent (trend),2021-12-31,1-step ahead,0.0533352883414997,0.0238096277267234
Cutoff +1m,1,119,2021 Q3,2022 Q1,exch_rate,2,0.0668569283562055,AR(2),2022-03-31,Other,0.0362913624238735,0.030565565932332
Cutoff +1m,1,119,2021 Q3,2022 Q1,exch_rate,2,0.0441078952539554,MF-VAR,2022-03-31,Other,0.0362913624238735,0.0078165328300819
Cutoff +1m,1,119,2021 Q3,2022 Q1,exch_rate,2,0.0711720036618044,MF-VAR (manual),2022-03-31,Other,0.0362913624238735,0.0348806412379308
Cutoff +1m,1,119,2021 Q3,2022 Q1,exch_rate,2,0.0733518039736912,MIDAS,2022-03-31,Other,0.0362913624238735,0.0370604415498177
Cutoff +1m,1,119,2021 Q3,2022 Q1,exch_rate,2,0.0688652651344515,MIDAS (trend),2022-03-31,Other,0.0362913624238735,0.0325739027105779
Cutoff +1m,1,119,2021 Q3,2022 Q1,exch_rate,2,0.0771566349279855,MIDAS-Latent,2022-03-31,Other,0.0362913624238735,0.040865272504112
Cutoff +1m,1,119,2021 Q3,2022 Q1,exch_rate,2,0.0728645117326187,MIDAS-Latent (trend),2022-03-31,Other,0.0362913624238735,0.0365731493087452
Cutoff +1m,1,119,2021 Q3,2022 Q2,exch_rate,3,0.0636700162851684,AR(2),2022-06-30,Other,0.0271537094047716,0.0365163068803968
Cutoff +1m,1,119,2021 Q3,2022 Q2,exch_rate,3,0.0303945323770903,MF-VAR,2022-06-30,Other,0.0271537094047716,0.0032408229723187
Cutoff +1m,1,119,2021 Q3,2022 Q2,exch_rate,3,0.0704790050578654,MF-VAR (manual),2022-06-30,Other,0.0271537094047716,0.0433252956530938
Cutoff +1m,1,119,2021 Q3,2022 Q2,exch_rate,3,0.0762429761758117,MIDAS,2022-06-30,Other,0.0271537094047716,0.0490892667710401
Cutoff +1m,1,119,2021 Q3,2022 Q2,exch_rate,3,0.0665863492416582,MIDAS (trend),2022-06-30,Other,0.0271537094047716,0.0394326398368865
Cutoff +1m,1,119,2021 Q3,2022 Q2,exch_rate,3,0.0887931527784941,MIDAS-Latent,2022-06-30,Other,0.0271537094047716,0.0616394433737225
Cutoff +1m,1,119,2021 Q3,2022 Q2,exch_rate,3,0.0680938164850997,MIDAS-Latent (trend),2022-06-30,Other,0.0271537094047716,0.0409401070803281
Cutoff +1m,1,119,2021 Q3,2022 Q3,exch_rate,4,0.0550759478545602,AR(2),2022-09-30,1-year ahead,-0.026739916121992,0.0818158639765523
Cutoff +1m,1,119,2021 Q3,2022 Q3,exch_rate,4,0.0167768570602558,MF-VAR,2022-09-30,1-year ahead,-0.026739916121992,0.0435167731822478
Cutoff +1m,1,119,2021 Q3,2022 Q3,exch_rate,4,0.0678167718625435,MF-VAR (manual),2022-09-30,1-year ahead,-0.026739916121992,0.0945566879845355
Cutoff +1m,1,119,2021 Q3,2022 Q3,exch_rate,4,0.0676052250801788,MIDAS,2022-09-30,1-year ahead,-0.026739916121992,0.0943451412021709
Cutoff +1m,1,119,2021 Q3,2022 Q3,exch_rate,4,0.0586951468212878,MIDAS (trend),2022-09-30,1-year ahead,-0.026739916121992,0.0854350629432798
Cutoff +1m,1,119,2021 Q3,2022 Q3,exch_rate,4,0.0751279932636216,MIDAS-Latent,2022-09-30,1-year ahead,-0.026739916121992,0.1018679093856136
Cutoff +1m,1,119,2021 Q3,2022 Q3,exch_rate,4,0.0634114520497407,MIDAS-Latent (trend),2022-09-30,1-year ahead,-0.026739916121992,0.0901513681717328
Cutoff +1m,1,119,2021 Q3,2021 Q4,gdp_growth,1,0.7433393071286309,AR(2),2021-12-31,1-step ahead,0.5744345999069367,0.1689047072216942
Cutoff +1m,1,119,2021 Q3,2021 Q4,gdp_growth,1,1.945011178319816,MF-VAR,2021-12-31,1-step ahead,0.5744345999069367,1.370576578412879
Cutoff +1m,1,119,2021 Q3,2021 Q4,gdp_growth,1,7.370483748041288,MF-VAR (manual),2021-12-31,1-step ahead,0.5744345999069367,6.796049148134351
Cutoff +1m,1,119,2021 Q3,2021 Q4,gdp_growth,1,0.9956471802407624,MIDAS,2021-12-31,1-step ahead,0.5744345999069367,0.4212125803338258
Cutoff +1m,1,119,2021 Q3,2021 Q4,gdp_growth,1,0.6743957531819011,MIDAS (trend),2021-12-31,1-step ahead,0.5744345999069367,0.0999611532749644
Cutoff +1m,1,119,2021 Q3,2021 Q4,gdp_growth,1,8.198647599299086,MIDAS-Latent,2021-12-31,1-step ahead,0.5744345999069367,7.624212999392149
Cutoff +1m,1,119,2021 Q3,2021 Q4,gdp_growth,1,8.233997109353377,MIDAS-Latent (trend),2021-12-31,1-step ahead,0.5744345999069367,7.65956250944644
Cutoff +1m,1,119,2021 Q3,2022 Q1,gdp_growth,2,1.577074467070752,AR(2),2022-03-31,Other,2.862969131881954,-1.285894664811202
Cutoff +1m,1,119,2021 Q3,2022 Q1,gdp_growth,2,1.9446768569028328,MF-VAR,2022-03-31,Other,2.862969131881954,-0.9182922749791212
Cutoff +1m,1,119,2021 Q3,2022 Q1,gdp_growth,2,7.358065463132617,MF-VAR (manual),2022-03-31,Other,2.862969131881954,4.495096331250663
Cutoff +1m,1,119,2021 Q3,2022 Q1,gdp_growth,2,2.1028715435643823,MIDAS,2022-03-31,Other,2.862969131881954,-0.7600975883175716
Cutoff +1m,1,119,2021 Q3,2022 Q1,gdp_growth,2,1.785998773663829,MIDAS (trend),2022-03-31,Other,2.862969131881954,-1.076970358218125
Cutoff +1m,1,119,2021 Q3,2022 Q1,gdp_growth,2,8.156612134172502,MIDAS-Latent,2022-03-31,Other,2.862969131881954,5.293643002290548
Cutoff +1m,1,119,2021 Q3,2022 Q1,gdp_growth,2,8.191983418486371,MIDAS-Latent (trend),2022-03-31,Other,2.862969131881954,5.3290142866044174
Cutoff +1m,1,119,2021 Q3,2022 Q2,gdp_growth,3,1.9837495244646892,AR(2),2022-06-30,Other,4.56849934844854,-2.584749823983851
Cutoff +1m,1,119,2021 Q3,2022 Q2,gdp_growth,3,1.3453767243018304,MF-VAR,2022-06-30,Other,4.56849934844854,-3.22312262414671
Cutoff +1m,1,119,2021 Q3,2022 Q2,gdp_growth,3,8.422115758410978,MF-VAR (manual),2022-06-30,Other,4.56849934844854,3.853616409962438
Cutoff +1m,1,119,2021 Q3,2022 Q2,gdp_growth,3,1.8522839306016827,MIDAS,2022-06-30,Other,4.56849934844854,-2.7162154178468576
Cutoff +1m,1,119,2021 Q3,2022 Q2,gdp_growth,3,1.5185523150328897,MIDAS (trend),2022-06-30,Other,4.56849934844854,-3.0499470334156507
Cutoff +1m,1,119,2021 Q3,2022 Q2,gdp_growth,3,8.163253305698884,MIDAS-Latent,2022-06-30,Other,4.56849934844854,3.594753957250344
Cutoff +1m,1,119,2021 Q3,2022 Q2,gdp_growth,3,8.19964886788922,MIDAS-Latent (trend),2022-06-30,Other,4.56849934844854,3.63114951944068
Cutoff +1m,1,119,2021 Q3,2022 Q3,gdp_growth,4,1.8934037957040095,AR(2),2022-09-30,1-year ahead,-1.4984497864681146,3.391853582172124
Cutoff +1m,1,119,2021 Q3,2022 Q3,gdp_growth,4,1.200406723228441,MF-VAR,2022-09-30,1-year ahead,-1.4984497864681146,2.6988565096965558
Cutoff +1m,1,119,2021 Q3,2022 Q3,gdp_growth,4,8.471019487673157,MF-VAR (manual),2022-09-30,1-year ahead,-1.4984497864681146,9.969469274141272
Cutoff +1m,1,119,2021 Q3,2022 Q3,gdp_growth,4,1.894756864866729,MIDAS,2022-09-30,1-year ahead,-1.4984497864681146,3.393206651334844
Cutoff +1m,1,119,2021 Q3,2022 Q3,gdp_growth,4,1.5557806961409348,MIDAS (trend),2022-09-30,1-year ahead,-1.4984497864681146,3.054230482609049
Cutoff +1m,1,119,2021 Q3,2022 Q3,gdp_growth,4,8.162836919739778,MIDAS-Latent,2022-09-30,1-year ahead,-1.4984497864681146,9.661286706207893
Cutoff +1m,1,119,2021 Q3,2022 Q3,gdp_growth,4,8.199808254345191,MIDAS-Latent (trend),2022-09-30,1-year ahead,-1.4984497864681146,9.698258040813306
Cutoff +1m,1,119,2021 Q3,2021 Q4,inflation,1,1.1780110360168163,AR(2),2021-12-31,1-step ahead,2.905325805445002,-1.7273147694281863
Cutoff +1m,1,119,2021 Q3,2021 Q4,inflation,1,0.4022985653629882,MF-VAR,2021-12-31,1-step ahead,2.905325805445002,-2.503027240082014
Cutoff +1m,1,119,2021 Q3,2021 Q4,inflation,1,1.830071831904171,MF-VAR (manual),2021-12-31,1-step ahead,2.905325805445002,-1.0752539735408315
Cutoff +1m,1,119,2021 Q3,2021 Q4,inflation,1,0.6897061685552187,MIDAS,2021-12-31,1-step ahead,2.905325805445002,-2.215619636889784
Cutoff +1m,1,119,2021 Q3,2021 Q4,inflation,1,-0.0169017970931692,MIDAS (trend),2021-12-31,1-step ahead,2.905325805445002,-2.922227602538172
Cutoff +1m,1,119,2021 Q3,2021 Q4,inflation,1,1.6781703359360198,MIDAS-Latent,2021-12-31,1-step ahead,2.905325805445002,-1.2271554695089828
Cutoff +1m,1,119,2021 Q3,2021 Q4,inflation,1,1.6198170910017644,MIDAS-Latent (trend),2021-12-31,1-step ahead,2.905325805445002,-1.2855087144432382
Cutoff +1m,1,119,2021 Q3,2022 Q1,inflation,2,0.9852433527237509,AR(2),2022-03-31,Other,2.4487738699512818,-1.463530517227531
Cutoff +1m,1,119,2021 Q3,2022 Q1,inflation,2,0.4130447409433074,MF-VAR,2022-03-31,Other,2.4487738699512818,-2.0357291290079744
Cutoff +1m,1,119,2021 Q3,2022 Q1,inflation,2,1.7640525965682483,MF-VAR (manual),2022-03-31,Other,2.4487738699512818,-0.6847212733830332
Cutoff +1m,1,119,2021 Q3,2022 Q1,inflation,2,0.9755975880675456,MIDAS,2022-03-31,Other,2.4487738699512818,-1.473176281883736
Cutoff +1m,1,119,2021 Q3,2022 Q1,inflation,2,0.1883032258985685,MIDAS (trend),2022-03-31,Other,2.4487738699512818,-2.260470644052713
Cutoff +1m,1,119,2021 Q3,2022 Q1,inflation,2,1.6807840402664824,MIDAS-Latent,2022-03-31,Other,2.4487738699512818,-0.7679898296847993
Cutoff +1m,1,119,2021 Q3,2022 Q1,inflation,2,1.6180613849480237,MIDAS-Latent (trend),2022-03-31,Other,2.4487738699512818,-0.8307124850032581
Cutoff +1m,1,119,2021 Q3,2022 Q2,inflation,3,0.8510627825250323,AR(2),2022-06-30,Other,4.516735213599077,-3.6656724310740447
Cutoff +1m,1,119,2021 Q3,2022 Q2,inflation,3,0.1097353657116665,MF-VAR,2022-06-30,Other,4.516735213599077,-4.40699984788741
Cutoff +1m,1,119,2021 Q3,2022 Q2,inflation,3,1.778472410472722,MF-VAR (manual),2022-06-30,Other,4.516735213599077,-2.7382628031263545
Cutoff +1m,1,119,2021 Q3,2022 Q2,inflation,3,0.6307297025419555,MIDAS,2022-06-30,Other,4.516735213599077,-3.8860055110571214
Cutoff +1m,1,119,2021 Q3,2022 Q2,inflation,3,-0.2011991190031981,MIDAS (trend),2022-06-30,Other,4.516735213599077,-4.717934332602275
Cutoff +1m,1,119,2021 Q3,2022 Q2,inflation,3,1.6807712663398844,MIDAS-Latent,2022-06-30,Other,4.516735213599077,-2.8359639472591924
Cutoff +1m,1,119,2021 Q3,2022 Q2,inflation,3,1.61734834848904,MIDAS-Latent (trend),2022-06-30,Other,4.516735213599077,-2.8993868651100367
Cutoff +1m,1,119,2021 Q3,2022 Q3,inflation,4,0.7706831551051433,AR(2),2022-09-30,1-year ahead,3.320870259523545,-2.5501871044184017
Cutoff +1m,1,119,2021 Q3,2022 Q3,inflation,4,0.0200394034914428,MF-VAR,2022-09-30,1-year ahead,3.320870259523545,-3.3008308560321025
Cutoff +1m,1,119,2021 Q3,2022 Q3,inflation,4,1.8072072147269016,MF-VAR (manual),2022-09-30,1-year ahead,3.320870259523545,-1.5136630447966437
Cutoff +1m,1,119,2021 Q3,2022 Q3,inflation,4,0.7301851015299878,MIDAS,2022-09-30,1-year ahead,3.320870259523545,-2.590685157993557
Cutoff +1m,1,119,2021 Q3,2022 Q3,inflation,4,-0.1666003208423864,MIDAS (trend),2022-09-30,1-year ahead,3.320870259523545,-3.4874705803659314
Cutoff +1m,1,119,2021 Q3,2022 Q3,inflation,4,1.6807828494502983,MIDAS-Latent,2022-09-30,1-year ahead,3.320870259523545,-1.6400874100732468
Cutoff +1m,1,119,2021 Q3,2022 Q3,inflation,4,1.6165400482162102,MIDAS-Latent (trend),2022-09-30,1-year ahead,3.320870259523545,-1.7043302113073349
Cutoff +1m,1,120,2021 Q4,2022 Q1,exch_rate,1,0.0438925216795675,AR(2),2022-03-31,1-step ahead,0.0362913624238735,0.007601159255694
Cutoff +1m,1,120,2021 Q4,2022 Q1,exch_rate,1,0.0296243835144135,MF-VAR,2022-03-31,1-step ahead,0.0362913624238735,-0.0066669789094599
Cutoff +1m,1,120,2021 Q4,2022 Q1,exch_rate,1,0.051904541523412,MF-VAR (manual),2022-03-31,1-step ahead,0.0362913624238735,0.0156131790995385
Cutoff +1m,1,120,2021 Q4,2022 Q1,exch_rate,1,0.0664978655583238,MIDAS,2022-03-31,1-step ahead,0.0362913624238735,0.0302065031344503
Cutoff +1m,1,120,2021 Q4,2022 Q1,exch_rate,1,0.0627762329646774,MIDAS (trend),2022-03-31,1-step ahead,0.0362913624238735,0.0264848705408039
Cutoff +1m,1,120,2021 Q4,2022 Q1,exch_rate,1,0.0754610620918691,MIDAS-Latent,2022-03-31,1-step ahead,0.0362913624238735,0.0391696996679956
Cutoff +1m,1,120,2021 Q4,2022 Q1,exch_rate,1,0.0568689349540964,MIDAS-Latent (trend),2022-03-31,1-step ahead,0.0362913624238735,0.0205775725302229
Cutoff +1m,1,120,2021 Q4,2022 Q2,exch_rate,2,0.0414268622406092,AR(2),2022-06-30,Other,0.0271537094047716,0.0142731528358376
Cutoff +1m,1,120,2021 Q4,2022 Q2,exch_rate,2,0.0274122560872726,MF-VAR,2022-06-30,Other,0.0271537094047716,0.0002585466825010471
Cutoff +1m,1,120,2021 Q4,2022 Q2,exch_rate,2,0.0502291364061014,MF-VAR (manual),2022-06-30,Other,0.0271537094047716,0.0230754270013298
Cutoff +1m,1,120,2021 Q4,2022 Q2,exch_rate,2,0.0333248849425543,MIDAS,2022-06-30,Other,0.0271537094047716,0.0061711755377827
Cutoff +1m,1,120,2021 Q4,2022 Q2,exch_rate,2,0.0314791143844982,MIDAS (trend),2022-06-30,Other,0.0271537094047716,0.0043254049797266
Cutoff +1m,1,120,2021 Q4,2022 Q2,exch_rate,2,0.0500707937714839,MIDAS-Latent,2022-06-30,Other,0.0271537094047716,0.0229170843667123
Cutoff +1m,1,120,2021 Q4,2022 Q2,exch_rate,2,0.0530091245904897,MIDAS-Latent (trend),2022-06-30,Other,0.0271537094047716,0.0258554151857181
Cutoff +1m,1,120,2021 Q4,2022 Q3,exch_rate,3,0.03423811342414,AR(2),2022-09-30,Other,-0.026739916121992,0.060978029546132
Cutoff +1m,1,120,2021 Q4,2022 Q3,exch_rate,3,0.0127679108679407,MF-VAR,2022-09-30,Other,-0.026739916121992,0.0395078269899328
Cutoff +1m,1,120,2021 Q4,2022 Q3,exch_rate,3,0.0489955135565936,MF-VAR (manual),2022-09-30,Other,-0.026739916121992,0.0757354296785857
Cutoff +1m,1,120,2021 Q4,2022 Q3,exch_rate,3,0.0462266661716313,MIDAS,2022-09-30,Other,-0.026739916121992,0.0729665822936234
Cutoff +1m,1,120,2021 Q4,2022 Q3,exch_rate,3,0.0395603767521729,MIDAS (trend),2022-09-30,Other,-0.026739916121992,0.066300292874165
Cutoff +1m,1,120,2021 Q4,2022 Q3,exch_rate,3,0.0717657211805494,MIDAS-Latent,2022-09-30,Other,-0.026739916121992,0.0985056373025414
Cutoff +1m,1,120,2021 Q4,2022 Q3,exch_rate,3,0.0480300877442831,MIDAS-Latent (trend),2022-09-30,Other,-0.026739916121992,0.0747700038662751
Cutoff +1m,1,120,2021 Q4,2022 Q4,exch_rate,4,0.0313428790971408,AR(2),2022-12-31,1-year ahead,-0.0168636904646506,0.0482065695617915
Cutoff +1m,1,120,2021 Q4,2022 Q4,exch_rate,4,0.0040490194866251,MF-VAR,2022-12-31,1-year ahead,-0.0168636904646506,0.0209127099512757
Cutoff +1m,1,120,2021 Q4,2022 Q4,exch_rate,4,0.0465458110659645,MF-VAR (manual),2022-12-31,1-year ahead,-0.0168636904646506,0.0634095015306151
Cutoff +1m,1,120,2021 Q4,2022 Q4,exch_rate,4,0.0137109565525437,MIDAS,2022-12-31,1-year ahead,-0.0168636904646506,0.0305746470171943
Cutoff +1m,1,120,2021 Q4,2022 Q4,exch_rate,4,0.010930802143125,MIDAS (trend),2022-12-31,1-year ahead,-0.0168636904646506,0.0277944926077757
Cutoff +1m,1,120,2021 Q4,2022 Q4,exch_rate,4,0.0468698673983396,MIDAS-Latent,2022-12-31,1-year ahead,-0.0168636904646506,0.0637335578629903
Cutoff +1m,1,120,2021 Q4,2022 Q4,exch_rate,4,0.043332242660072,MIDAS-Latent (trend),2022-12-31,1-year ahead,-0.0168636904646506,0.0601959331247226
Cutoff +1m,1,120,2021 Q4,2022 Q1,gdp_growth,1,1.5502948695152097,AR(2),2022-03-31,1-step ahead,2.862969131881954,-1.3126742623667442
Cutoff +1m,1,120,2021 Q4,2022 Q1,gdp_growth,1,0.6244743166192546,MF-VAR,2022-03-31,1-step ahead,2.862969131881954,-2.2384948152626998
Cutoff +1m,1,120,2021 Q4,2022 Q1,gdp_growth,1,-1.688447161537613,MF-VAR (manual),2022-03-31,1-step ahead,2.862969131881954,-4.551416293419567
Cutoff +1m,1,120,2021 Q4,2022 Q1,gdp_growth,1,2.706310973854545,MIDAS,2022-03-31,1-step ahead,2.862969131881954,-0.1566581580274086
Cutoff +1m,1,120,2021 Q4,2022 Q1,gdp_growth,1,2.377454295718651,MIDAS (trend),2022-03-31,1-step ahead,2.862969131881954,-0.4855148361633028
Cutoff +1m,1,120,2021 Q4,2022 Q1,gdp_growth,1,1.9773512251524548,MIDAS-Latent,2022-03-31,1-step ahead,2.862969131881954,-0.8856179067294991
Cutoff +1m,1,120,2021 Q4,2022 Q1,gdp_growth,1,1.9949673348268857,MIDAS-Latent (trend),2022-03-31,1-step ahead,2.862969131881954,-0.8680017970550682
Cutoff +1m,1,120,2021 Q4,2022 Q2,gdp_growth,2,1.9935381835889772,AR(2),2022-06-30,Other,4.56849934844854,-2.574961164859563
Cutoff +1m,1,120,2021 Q4,2022 Q2,gdp_growth,2,0.6439040419260988,MF-VAR,2022-06-30,Other,4.56849934844854,-3.924595306522441
Cutoff +1m,1,120,2021 Q4,2022 Q2,gdp_growth,2,-1.6293724888841956,MF-VAR (manual),2022-06-30,Other,4.56849934844854,-6.197871837332736
Cutoff +1m,1,120,2021 Q4,2022 Q2,gdp_growth,2,0.6014662074550534,MIDAS,2022-06-30,Other,4.56849934844854,-3.967033140993487
Cutoff +1m,1,120,2021 Q4,2022 Q2,gdp_growth,2,0.2446571335389299,MIDAS (trend),2022-06-30,Other,4.56849934844854,-4.32384221490961
Cutoff +1m,1,120,2021 Q4,2022 Q2,gdp_growth,2,1.90936024193112,MIDAS-Latent,2022-06-30,Other,4.56849934844854,-2.6591391065174204
Cutoff +1m,1,120,2021 Q4,2022 Q2,gdp_growth,2,1.9273615151514671,MIDAS-Latent (trend),2022-06-30,Other,4.56849934844854,-2.641137833297073
Cutoff +1m,1,120,2021 Q4,2022 Q3,gdp_growth,3,1.8832562917888327,AR(2),2022-09-30,Other,-1.4984497864681146,3.381706078256947
Cutoff +1m,1,120,2021 Q4,2022 Q3,gdp_growth,3,1.1323308690142773,MF-VAR,2022-09-30,Other,-1.4984497864681146,2.630780655482392
Cutoff +1m,1,120,2021 Q4,2022 Q3,gdp_growth,3,-1.5031434810849458,MF-VAR (manual),2022-09-30,Other,-1.4984497864681146,-0.0046936946168312
Cutoff +1m,1,120,2021 Q4,2022 Q3,gdp_growth,3,0.6712493014333525,MIDAS,2022-09-30,Other,-1.4984497864681146,2.169699087901467
Cutoff +1m,1,120,2021 Q4,2022 Q3,gdp_growth,3,0.3001750437811524,MIDAS (trend),2022-09-30,Other,-1.4984497864681146,1.798624830249267
Cutoff +1m,1,120,2021 Q4,2022 Q3,gdp_growth,3,1.923077367485163,MIDAS-Latent,2022-09-30,Other,-1.4984497864681146,3.421527153953277
Cutoff +1m,1,120,2021 Q4,2022 Q3,gdp_growth,3,1.94153308244146,MIDAS-Latent (trend),2022-09-30,Other,-1.4984497864681146,3.439982868909574
Cutoff +1m,1,120,2021 Q4,2022 Q4,gdp_growth,4,1.8589875148336727,AR(2),2022-12-31,1-year ahead,-0.003299605891982,1.8622871207256548
Cutoff +1m,1,120,2021 Q4,2022 Q4,gdp_growth,4,1.343045749480824,MF-VAR,2022-12-31,1-year ahead,-0.003299605891982,1.3463453553728062
Cutoff +1m,1,120,2021 Q4,2022 Q4,gdp_growth,4,-1.898658455174147,MF-VAR (manual),2022-12-31,1-year ahead,-0.003299605891982,-1.895358849282165
Cutoff +1m,1,120,2021 Q4,2022 Q4,gdp_growth,4,0.602351037941927,MIDAS,2022-12-31,1-year ahead,-0.003299605891982,0.6056506438339091
Cutoff +1m,1,120,2021 Q4,2022 Q4,gdp_growth,4,0.2218206630847677,MIDAS (trend),2022-12-31,1-year ahead,-0.003299605891982,0.2251202689767498
Cutoff +1m,1,120,2021 Q4,2022 Q4,gdp_growth,4,1.9224125804004517,MIDAS-Latent,2022-12-31,1-year ahead,-0.003299605891982,1.9257121862924336
Cutoff +1m,1,120,2021 Q4,2022 Q4,gdp_growth,4,1.941172557326988,MIDAS-Latent (trend),2022-12-31,1-year ahead,-0.003299605891982,1.9444721632189703
Cutoff +1m,1,120,2021 Q4,2022 Q1,inflation,1,1.820911934939892,AR(2),2022-03-31,1-step ahead,2.4487738699512818,-0.6278619350113896
Cutoff +1m,1,120,2021 Q4,2022 Q1,inflation,1,0.4024763380140412,MF-VAR,2022-03-31,1-step ahead,2.4487738699512818,-2.0462975319372405
Cutoff +1m,1,120,2021 Q4,2022 Q1,inflation,1,3.0344909429968547,MF-VAR (manual),2022-03-31,1-step ahead,2.4487738699512818,0.585717073045573
Cutoff +1m,1,120,2021 Q4,2022 Q1,inflation,1,1.1231009736797573,MIDAS,2022-03-31,1-step ahead,2.4487738699512818,-1.3256728962715243
Cutoff +1m,1,120,2021 Q4,2022 Q1,inflation,1,0.4934513707841981,MIDAS (trend),2022-03-31,1-step ahead,2.4487738699512818,-1.955322499167084
Cutoff +1m,1,120,2021 Q4,2022 Q1,inflation,1,2.9067170284861783,MIDAS-Latent,2022-03-31,1-step ahead,2.4487738699512818,0.4579431585348965
Cutoff +1m,1,120,2021 Q4,2022 Q1,inflation,1,2.8426421924977827,MIDAS-Latent (trend),2022-03-31,1-step ahead,2.4487738699512818,0.3938683225465009
Cutoff +1m,1,120,2021 Q4,2022 Q2,inflation,2,1.3986998636980137,AR(2),2022-06-30,Other,4.516735213599077,-3.118035349901063
Cutoff +1m,1,120,2021 Q4,2022 Q2,inflation,2,0.404573379109427,MF-VAR,2022-06-30,Other,4.516735213599077,-4.11216183448965
Cutoff +1m,1,120,2021 Q4,2022 Q2,inflation,2,3.044084321186208,MF-VAR (manual),2022-06-30,Other,4.516735213599077,-1.4726508924128687
Cutoff +1m,1,120,2021 Q4,2022 Q2,inflation,2,1.4477565920716629,MIDAS,2022-06-30,Other,4.516735213599077,-3.068978621527414
Cutoff +1m,1,120,2021 Q4,2022 Q2,inflation,2,0.6786915113782706,MIDAS (trend),2022-06-30,Other,4.516735213599077,-3.8380437022208063
Cutoff +1m,1,120,2021 Q4,2022 Q2,inflation,2,2.9093956393058797,MIDAS-Latent,2022-06-30,Other,4.516735213599077,-1.6073395742931975
Cutoff +1m,1,120,2021 Q4,2022 Q2,inflation,2,2.837716284748215,MIDAS-Latent (trend),2022-06-30,Other,4.516735213599077,-1.6790189288508617
Cutoff +1m,1,120,2021 Q4,2022 Q3,inflation,3,1.1086011569262284,AR(2),2022-09-30,Other,3.320870259523545,-2.2122691025973165
Cutoff +1m,1,120,2021 Q4,2022 Q3,inflation,3,0.0913360892708162,MF-VAR,2022-09-30,Other,3.320870259523545,-3.229534170252729
Cutoff +1m,1,120,2021 Q4,2022 Q3,inflation,3,3.049050944744069,MF-VAR (manual),2022-09-30,Other,3.320870259523545,-0.2718193147794761
Cutoff +1m,1,120,2021 Q4,2022 Q3,inflation,3,0.8246126858693757,MIDAS,2022-09-30,Other,3.320870259523545,-2.496257573654169
Cutoff +1m,1,120,2021 Q4,2022 Q3,inflation,3,0.0805826741703508,MIDAS (trend),2022-09-30,Other,3.320870259523545,-3.2402875853531943
Cutoff +1m,1,120,2021 Q4,2022 Q3,inflation,3,2.9093986831898078,MIDAS-Latent,2022-09-30,Other,3.320870259523545,-0.4114715763337377
Cutoff +1m,1,120,2021 Q4,2022 Q3,inflation,3,2.837184412239496,MIDAS-Latent (trend),2022-09-30,Other,3.320870259523545,-0.483685847284049
Cutoff +1m,1,120,2021 Q4,2022 Q4,inflation,4,0.9352777804706236,AR(2),2022-12-31,1-year ahead,1.4337160386958203,-0.4984382582251967
Cutoff +1m,1,120,2021 Q4,2022 Q4,inflation,4,-0.0051146439428628,MF-VAR,2022-12-31,1-year ahead,1.4337160386958203,-1.4388306826386832
Cutoff +1m,1,120,2021 Q4,2022 Q4,inflation,4,2.892600417105045,MF-VAR (manual),2022-12-31,1-year ahead,1.4337160386958203,1.4588843784092242
Cutoff +1m,1,120,2021 Q4,2022 Q4,inflation,4,0.938126517912032,MIDAS,2022-12-31,1-year ahead,1.4337160386958203,-0.4955895207837884
Cutoff +1m,1,120,2021 Q4,2022 Q4,inflation,4,0.1163516959783073,MIDAS (trend),2022-12-31,1-year ahead,1.4337160386958203,-1.317364342717513
Cutoff +1m,1,120,2021 Q4,2022 Q4,inflation,4,2.9094045437744738,MIDAS-Latent,2022-12-31,1-year ahead,1.4337160386958203,1.4756885050786537
Cutoff +1m,1,120,2021 Q4,2022 Q4,inflation,4,2.836455338537141,MIDAS-Latent (trend),2022-12-31,1-year ahead,1.4337160386958203,1.4027392998413206
Cutoff +1m,1,121,2022 Q1,2022 Q2,exch_rate,1,0.0327058773575654,AR(2),2022-06-30,1-step ahead,0.0271537094047716,0.0055521679527937
Cutoff +1m,1,121,2022 Q1,2022 Q2,exch_rate,1,0.0264472125821302,MF-VAR,2022-06-30,1-step ahead,0.0271537094047716,-0.0007064968226413726
Cutoff +1m,1,121,2022 Q1,2022 Q2,exch_rate,1,0.034752311361681,MF-VAR (manual),2022-06-30,1-step ahead,0.0271537094047716,0.0075986019569094
Cutoff +1m,1,121,2022 Q1,2022 Q2,exch_rate,1,0.0399928316191326,MIDAS,2022-06-30,1-step ahead,0.0271537094047716,0.012839122214361
Cutoff +1m,1,121,2022 Q1,2022 Q2,exch_rate,1,0.0382236707018661,MIDAS (trend),2022-06-30,1-step ahead,0.0271537094047716,0.0110699612970945
Cutoff +1m,1,121,2022 Q1,2022 Q2,exch_rate,1,0.0481220217365718,MIDAS-Latent,2022-06-30,1-step ahead,0.0271537094047716,0.0209683123318002
Cutoff +1m,1,121,2022 Q1,2022 Q2,exch_rate,1,0.0359431243603919,MIDAS-Latent (trend),2022-06-30,1-step ahead,0.0271537094047716,0.0087894149556203
Cutoff +1m,1,121,2022 Q1,2022 Q3,exch_rate,2,0.0257848064224261,AR(2),2022-09-30,Other,-0.026739916121992,0.0525247225444181
Cutoff +1m,1,121,2022 Q1,2022 Q3,exch_rate,2,0.0185668526628142,MF-VAR,2022-09-30,Other,-0.026739916121992,0.0453067687848063
Cutoff +1m,1,121,2022 Q1,2022 Q3,exch_rate,2,0.033891390555864,MF-VAR (manual),2022-09-30,Other,-0.026739916121992,0.0606313066778561
Cutoff +1m,1,121,2022 Q1,2022 Q3,exch_rate,2,0.0095592432272138,MIDAS,2022-09-30,Other,-0.026739916121992,0.0362991593492059
Cutoff +1m,1,121,2022 Q1,2022 Q3,exch_rate,2,0.0092360128651307,MIDAS (trend),2022-09-30,Other,-0.026739916121992,0.0359759289871227
Cutoff +1m,1,121,2022 Q1,2022 Q3,exch_rate,2,0.031368038643201,MIDAS-Latent,2022-09-30,Other,-0.026739916121992,0.0581079547651931
Cutoff +1m,1,121,2022 Q1,2022 Q3,exch_rate,2,0.0318060603048057,MIDAS-Latent (trend),2022-09-30,Other,-0.026739916121992,0.0585459764267977
Cutoff +1m,1,121,2022 Q1,2022 Q4,exch_rate,3,0.0234249050981128,AR(2),2022-12-31,Other,-0.0168636904646506,0.0402885955627634
Cutoff +1m,1,121,2022 Q1,2022 Q4,exch_rate,3,0.0101878180916973,MF-VAR,2022-12-31,Other,-0.0168636904646506,0.0270515085563479
Cutoff +1m,1,121,2022 Q1,2022 Q4,exch_rate,3,0.0330465754563668,MF-VAR (manual),2022-12-31,Other,-0.0168636904646506,0.0499102659210174
Cutoff +1m,1,121,2022 Q1,2022 Q4,exch_rate,3,0.0131985829570634,MIDAS,2022-12-31,Other,-0.0168636904646506,0.030062273421714
Cutoff +1m,1,121,2022 Q1,2022 Q4,exch_rate,3,0.0105400243928856,MIDAS (trend),2022-12-31,Other,-0.0168636904646506,0.0274037148575363
Cutoff +1m,1,121,2022 Q1,2022 Q4,exch_rate,3,0.042997440640507,MIDAS-Latent,2022-12-31,Other,-0.0168636904646506,0.0598611311051576
Cutoff +1m,1,121,2022 Q1,2022 Q4,exch_rate,3,0.0269524665565839,MIDAS-Latent (trend),2022-12-31,Other,-0.0168636904646506,0.0438161570212345
Cutoff +1m,1,121,2022 Q1,2023 Q1,exch_rate,4,0.0193487978636888,AR(2),2023-03-31,1-year ahead,-0.0076462771143125,0.0269950749780013
Cutoff +1m,1,121,2022 Q1,2023 Q1,exch_rate,4,0.0024734497783869,MF-VAR,2023-03-31,1-year ahead,-0.0076462771143125,0.0101197268926995
Cutoff +1m,1,121,2022 Q1,2023 Q1,exch_rate,4,0.0325483761451018,MF-VAR (manual),2023-03-31,1-year ahead,-0.0076462771143125,0.0401946532594144
Cutoff +1m,1,121,2022 Q1,2023 Q1,exch_rate,4,-0.0167241751462485,MIDAS,2023-03-31,1-year ahead,-0.0076462771143125,-0.0090778980319359
Cutoff +1m,1,121,2022 Q1,2023 Q1,exch_rate,4,-0.0160334053115837,MIDAS (trend),2023-03-31,1-year ahead,-0.0076462771143125,-0.0083871281972712
Cutoff +1m,1,121,2022 Q1,2023 Q1,exch_rate,4,0.0265284680077013,MIDAS-Latent,2023-03-31,1-year ahead,-0.0076462771143125,0.0341747451220138
Cutoff +1m,1,121,2022 Q1,2023 Q1,exch_rate,4,0.0222614780479479,MIDAS-Latent (trend),2023-03-31,1-year ahead,-0.0076462771143125,0.0299077551622604
Cutoff +1m,1,121,2022 Q1,2022 Q2,gdp_growth,1,1.8911162506488388,AR(2),2022-06-30,1-step ahead,4.56849934844854,-2.677383097799701
Cutoff +1m,1,121,2022 Q1,2022 Q2,gdp_growth,1,2.355317594991648,MF-VAR,2022-06-30,1-step ahead,4.56849934844854,-2.2131817534568925
Cutoff +1m,1,121,2022 Q1,2022 Q2,gdp_growth,1,3.09926881342051,MF-VAR (manual),2022-06-30,1-step ahead,4.56849934844854,-1.4692305350280304
Cutoff +1m,1,121,2022 Q1,2022 Q2,gdp_growth,1,3.3597243063779896,MIDAS,2022-06-30,1-step ahead,4.56849934844854,-1.2087750420705508
Cutoff +1m,1,121,2022 Q1,2022 Q2,gdp_growth,1,3.0268563182409025,MIDAS (trend),2022-06-30,1-step ahead,4.56849934844854,-1.5416430302076378
Cutoff +1m,1,121,2022 Q1,2022 Q2,gdp_growth,1,2.1735562138705578,MIDAS-Latent,2022-06-30,1-step ahead,4.56849934844854,-2.3949431345779826
Cutoff +1m,1,121,2022 Q1,2022 Q2,gdp_growth,1,2.1866074673996985,MIDAS-Latent (trend),2022-06-30,1-step ahead,4.56849934844854,-2.381891881048842
Cutoff +1m,1,121,2022 Q1,2022 Q3,gdp_growth,2,1.8045587546367536,AR(2),2022-09-30,Other,-1.4984497864681146,3.3030085411048686
Cutoff +1m,1,121,2022 Q1,2022 Q3,gdp_growth,2,2.3741864125027856,MF-VAR,2022-09-30,Other,-1.4984497864681146,3.8726361989709
Cutoff +1m,1,121,2022 Q1,2022 Q3,gdp_growth,2,3.6572708601360073,MF-VAR (manual),2022-09-30,Other,-1.4984497864681146,5.155720646604122
Cutoff +1m,1,121,2022 Q1,2022 Q3,gdp_growth,2,0.2169409799811298,MIDAS,2022-09-30,Other,-1.4984497864681146,1.7153907664492445
Cutoff +1m,1,121,2022 Q1,2022 Q3,gdp_growth,2,-0.1383576825366508,MIDAS (trend),2022-09-30,Other,-1.4984497864681146,1.3600921039314635
Cutoff +1m,1,121,2022 Q1,2022 Q3,gdp_growth,2,2.189986886308332,MIDAS-Latent,2022-09-30,Other,-1.4984497864681146,3.6884366727764464
Cutoff +1m,1,121,2022 Q1,2022 Q3,gdp_growth,2,2.203175219098024,MIDAS-Latent (trend),2022-09-30,Other,-1.4984497864681146,3.7016250055661386
Cutoff +1m,1,121,2022 Q1,2022 Q4,gdp_growth,3,1.8828742578001312,AR(2),2022-12-31,Other,-0.003299605891982,1.8861738636921133
Cutoff +1m,1,121,2022 Q1,2022 Q4,gdp_growth,3,0.8356058156027,MF-VAR,2022-12-31,Other,-0.003299605891982,0.8389054214946821
Cutoff +1m,1,121,2022 Q1,2022 Q4,gdp_growth,3,3.2406727502746344,MF-VAR (manual),2022-12-31,Other,-0.003299605891982,3.2439723561666165
Cutoff +1m,1,121,2022 Q1,2022 Q4,gdp_growth,3,0.232676551619731,MIDAS,2022-12-31,Other,-0.003299605891982,0.2359761575117131
Cutoff +1m,1,121,2022 Q1,2022 Q4,gdp_growth,3,-0.138711269324308,MIDAS (trend),2022-12-31,Other,-0.003299605891982,-0.1354116634323259
Cutoff +1m,1,121,2022 Q1,2022 Q4,gdp_growth,3,2.185037204460866,MIDAS-Latent,2022-12-31,Other,-0.003299605891982,2.188336810352848
Cutoff +1m,1,121,2022 Q1,2022 Q4,gdp_growth,3,2.198561967593021,MIDAS-Latent (trend),2022-12-31,Other,-0.003299605891982,2.201861573485004
Cutoff +1m,1,121,2022 Q1,2023 Q1,gdp_growth,4,1.8826888686712808,AR(2),2023-03-31,1-year ahead,-1.4211511197238735,3.303839988395154
Cutoff +1m,1,121,2022 Q1,2023 Q1,gdp_growth,4,0.6287564855942229,MF-VAR,2023-03-31,1-year ahead,-1.4211511197238735,2.049907605318096
Cutoff +1m,1,121,2022 Q1,2023 Q1,gdp_growth,4,3.606683167161597,MF-VAR (manual),2023-03-31,1-year ahead,-1.4211511197238735,5.02783428688547
Cutoff +1m,1,121,2022 Q1,2023 Q1,gdp_growth,4,0.1331235027213667,MIDAS,2023-03-31,1-year ahead,-1.4211511197238735,1.5542746224452404
Cutoff +1m,1,121,2022 Q1,2023 Q1,gdp_growth,4,-0.2512906669406334,MIDAS (trend),2023-03-31,1-year ahead,-1.4211511197238735,1.16986045278324
Cutoff +1m,1,121,2022 Q1,2023 Q1,gdp_growth,4,2.185155169469908,MIDAS-Latent,2023-03-31,1-year ahead,-1.4211511197238735,3.606306289193781
Cutoff +1m,1,121,2022 Q1,2023 Q1,gdp_growth,4,2.198898953536918,MIDAS-Latent (trend),2023-03-31,1-year ahead,-1.4211511197238735,3.620050073260792
Cutoff +1m,1,121,2022 Q1,2022 Q2,inflation,1,1.7129828466617631,AR(2),2022-06-30,1-step ahead,4.516735213599077,-2.8037523669373137
Cutoff +1m,1,121,2022 Q1,2022 Q2,inflation,1,0.9091069442160088,MF-VAR,2022-06-30,1-step ahead,4.516735213599077,-3.607628269383068
Cutoff +1m,1,121,2022 Q1,2022 Q2,inflation,1,2.401917674092008,MF-VAR (manual),2022-06-30,1-step ahead,4.516735213599077,-2.1148175395070687
Cutoff +1m,1,121,2022 Q1,2022 Q2,inflation,1,1.6731113757168308,MIDAS,2022-06-30,1-step ahead,4.516735213599077,-2.8436238378822463
Cutoff +1m,1,121,2022 Q1,2022 Q2,inflation,1,1.032214643915796,MIDAS (trend),2022-06-30,1-step ahead,4.516735213599077,-3.484520569683281
Cutoff +1m,1,121,2022 Q1,2022 Q2,inflation,1,2.0506804550040205,MIDAS-Latent,2022-06-30,1-step ahead,4.516735213599077,-2.4660547585950563
Cutoff +1m,1,121,2022 Q1,2022 Q2,inflation,1,2.030383147469803,MIDAS-Latent (trend),2022-06-30,1-step ahead,4.516735213599077,-2.4863520661292737
Cutoff +1m,1,121,2022 Q1,2022 Q3,inflation,2,1.3157488582003616,AR(2),2022-09-30,Other,3.320870259523545,-2.0051214013231835
Cutoff +1m,1,121,2022 Q1,2022 Q3,inflation,2,0.904551675607957,MF-VAR,2022-09-30,Other,3.320870259523545,-2.4163185839155883
Cutoff +1m,1,121,2022 Q1,2022 Q3,inflation,2,2.439877430032208,MF-VAR (manual),2022-09-30,Other,3.320870259523545,-0.880992829491337
Cutoff +1m,1,121,2022 Q1,2022 Q3,inflation,2,1.3422871589324814,MIDAS,2022-09-30,Other,3.320870259523545,-1.978583100591064
Cutoff +1m,1,121,2022 Q1,2022 Q3,inflation,2,0.7367682221755733,MIDAS (trend),2022-09-30,Other,3.320870259523545,-2.584102037347972
Cutoff +1m,1,121,2022 Q1,2022 Q3,inflation,2,2.0518012690869374,MIDAS-Latent,2022-09-30,Other,3.320870259523545,-1.2690689904366077
Cutoff +1m,1,121,2022 Q1,2022 Q3,inflation,2,2.03208667130665,MIDAS-Latent (trend),2022-09-30,Other,3.320870259523545,-1.2887835882168952
Cutoff +1m,1,121,2022 Q1,2022 Q4,inflation,3,1.0666113090249585,AR(2),2022-12-31,Other,1.4337160386958203,-0.3671047296708618
Cutoff +1m,1,121,2022 Q1,2022 Q4,inflation,3,0.1268435138188361,MF-VAR,2022-12-31,Other,1.4337160386958203,-1.306872524876984
Cutoff +1m,1,121,2022 Q1,2022 Q4,inflation,3,2.381328630828759,MF-VAR (manual),2022-12-31,Other,1.4337160386958203,0.9476125921329386
Cutoff +1m,1,121,2022 Q1,2022 Q4,inflation,3,1.067009745626594,MIDAS,2022-12-31,Other,1.4337160386958203,-0.3667062930692264
Cutoff +1m,1,121,2022 Q1,2022 Q4,inflation,3,0.3528461168713502,MIDAS (trend),2022-12-31,Other,1.4337160386958203,-1.08086992182447
Cutoff +1m,1,121,2022 Q1,2022 Q4,inflation,3,2.0527785701804198,MIDAS-Latent,2022-12-31,Other,1.4337160386958203,0.619062531484599
Cutoff +1m,1,121,2022 Q1,2022 Q4,inflation,3,2.033628321822126,MIDAS-Latent (trend),2022-12-31,Other,1.4337160386958203,0.5999122831263057
Cutoff +1m,1,121,2022 Q1,2023 Q1,inflation,4,0.9149102322352438,AR(2),2023-03-31,1-year ahead,3.17581391503019,-2.2609036827949462
Cutoff +1m,1,121,2022 Q1,2023 Q1,inflation,4,0.0137534493335085,MF-VAR,2023-03-31,1-year ahead,3.17581391503019,-3.162060465696681
Cutoff +1m,1,121,2022 Q1,2023 Q1,inflation,4,2.346303982835029,MF-VAR (manual),2023-03-31,1-year ahead,3.17581391503019,-0.8295099321951609
Cutoff +1m,1,121,2022 Q1,2023 Q1,inflation,4,0.9496024514332309,MIDAS,2023-03-31,1-year ahead,3.17581391503019,-2.226211463596959
Cutoff +1m,1,121,2022 Q1,2023 Q1,inflation,4,0.2662543191119755,MIDAS (trend),2023-03-31,1-year ahead,3.17581391503019,-2.9095595959182146
Cutoff +1m,1,121,2022 Q1,2023 Q1,inflation,4,2.0527758186332004,MIDAS-Latent,2023-03-31,1-year ahead,3.17581391503019,-1.1230380963969897
Cutoff +1m,1,121,2022 Q1,2023 Q1,inflation,4,2.033388004586252,MIDAS-Latent (trend),2023-03-31,1-year ahead,3.17581391503019,-1.1424259104439385
Cutoff +1m,1,122,2022 Q2,2022 Q3,exch_rate,1,0.0194127032655174,AR(2),2022-09-30,1-step ahead,-0.026739916121992,0.0461526193875095
Cutoff +1m,1,122,2022 Q2,2022 Q3,exch_rate,1,0.0108743811057104,MF-VAR,2022-09-30,1-step ahead,-0.026739916121992,0.0376142972277024
Cutoff +1m,1,122,2022 Q2,2022 Q3,exch_rate,1,0.020819711866424,MF-VAR (manual),2022-09-30,1-step ahead,-0.026739916121992,0.0475596279884161
Cutoff +1m,1,122,2022 Q2,2022 Q3,exch_rate,1,0.0264896711904402,MIDAS,2022-09-30,1-step ahead,-0.026739916121992,0.0532295873124322
Cutoff +1m,1,122,2022 Q2,2022 Q3,exch_rate,1,0.0244727648752235,MIDAS (trend),2022-09-30,1-step ahead,-0.026739916121992,0.0512126809972155
Cutoff +1m,1,122,2022 Q2,2022 Q3,exch_rate,1,0.0305479724652357,MIDAS-Latent,2022-09-30,1-step ahead,-0.026739916121992,0.0572878885872278
Cutoff +1m,1,122,2022 Q2,2022 Q3,exch_rate,1,0.0212869382464539,MIDAS-Latent (trend),2022-09-30,1-step ahead,-0.026739916121992,0.0480268543684459
Cutoff +1m,1,122,2022 Q2,2022 Q4,exch_rate,2,0.0172473387367826,AR(2),2022-12-31,Other,-0.0168636904646506,0.0341110292014333
Cutoff +1m,1,122,2022 Q2,2022 Q4,exch_rate,2,0.0073692471625979,MF-VAR,2022-12-31,Other,-0.0168636904646506,0.0242329376272486
Cutoff +1m,1,122,2022 Q2,2022 Q4,exch_rate,2,0.0202895550213597,MF-VAR (manual),2022-12-31,Other,-0.0168636904646506,0.0371532454860103
Cutoff +1m,1,122,2022 Q2,2022 Q4,exch_rate,2,0.0294827019419567,MIDAS,2022-12-31,Other,-0.0168636904646506,0.0463463924066074
Cutoff +1m,1,122,2022 Q2,2022 Q4,exch_rate,2,0.0273384155431475,MIDAS (trend),2022-12-31,Other,-0.0168636904646506,0.0442021060077982
Cutoff +1m,1,122,2022 Q2,2022 Q4,exch_rate,2,0.0215607075119019,MIDAS-Latent,2022-12-31,Other,-0.0168636904646506,0.0384243979765525
Cutoff +1m,1,122,2022 Q2,2022 Q4,exch_rate,2,0.0167943573528679,MIDAS-Latent (trend),2022-12-31,Other,-0.0168636904646506,0.0336580478175186
Cutoff +1m,1,122,2022 Q2,2023 Q1,exch_rate,3,0.0135615380615941,AR(2),2023-03-31,Other,-0.0076462771143125,0.0212078151759066
Cutoff +1m,1,122,2022 Q2,2023 Q1,exch_rate,3,0.0037890676946109,MF-VAR,2023-03-31,Other,-0.0076462771143125,0.0114353448089235
Cutoff +1m,1,122,2022 Q2,2023 Q1,exch_rate,3,0.019450721761759,MF-VAR (manual),2023-03-31,Other,-0.0076462771143125,0.0270969988760716
Cutoff +1m,1,122,2022 Q2,2023 Q1,exch_rate,3,0.0288291024874923,MIDAS,2023-03-31,Other,-0.0076462771143125,0.0364753796018048
Cutoff +1m,1,122,2022 Q2,2023 Q1,exch_rate,3,0.0244797819545722,MIDAS (trend),2023-03-31,Other,-0.0076462771143125,0.0321260590688847
Cutoff +1m,1,122,2022 Q2,2023 Q1,exch_rate,3,0.0248991075783014,MIDAS-Latent,2023-03-31,Other,-0.0076462771143125,0.0325453846926139
Cutoff +1m,1,122,2022 Q2,2023 Q1,exch_rate,3,0.0121743132648359,MIDAS-Latent (trend),2023-03-31,Other,-0.0076462771143125,0.0198205903791484
Cutoff +1m,1,122,2022 Q2,2023 Q2,exch_rate,4,0.0129163369047498,AR(2),2023-06-30,1-year ahead,-0.0215096318847173,0.0344259687894672
Cutoff +1m,1,122,2022 Q2,2023 Q2,exch_rate,4,0.002835602800572,MF-VAR,2023-06-30,1-year ahead,-0.0215096318847173,0.0243452346852893
Cutoff +1m,1,122,2022 Q2,2023 Q2,exch_rate,4,0.0191797118258254,MF-VAR (manual),2023-06-30,1-year ahead,-0.0215096318847173,0.0406893437105427
Cutoff +1m,1,122,2022 Q2,2023 Q2,exch_rate,4,0.0317750824388967,MIDAS,2023-06-30,1-year ahead,-0.0215096318847173,0.053284714323614
Cutoff +1m,1,122,2022 Q2,2023 Q2,exch_rate,4,0.0266253252208013,MIDAS (trend),2023-06-30,1-year ahead,-0.0215096318847173,0.0481349571055187
Cutoff +1m,1,122,2022 Q2,2023 Q2,exch_rate,4,0.0160597555945289,MIDAS-Latent,2023-06-30,1-year ahead,-0.0215096318847173,0.0375693874792462
Cutoff +1m,1,122,2022 Q2,2023 Q2,exch_rate,4,0.0075007182726823,MIDAS-Latent (trend),2023-06-30,1-year ahead,-0.0215096318847173,0.0290103501573997
Cutoff +1m,1,122,2022 Q2,2022 Q3,gdp_growth,1,1.609756570803674,AR(2),2022-09-30,1-step ahead,-1.4984497864681146,3.1082063572717886
Cutoff +1m,1,122,2022 Q2,2022 Q3,gdp_growth,1,0.6396893813163496,MF-VAR,2022-09-30,1-step ahead,-1.4984497864681146,2.1381391677844643
Cutoff +1m,1,122,2022 Q2,2022 Q3,gdp_growth,1,2.1309459708617275,MF-VAR (manual),2022-09-30,1-step ahead,-1.4984497864681146,3.629395757329842
Cutoff +1m,1,122,2022 Q2,2022 Q3,gdp_growth,1,-0.0318419338921448,MIDAS,2022-09-30,1-step ahead,-1.4984497864681146,1.4666078525759696
Cutoff +1m,1,122,2022 Q2,2022 Q3,gdp_growth,1,-0.3118347742849984,MIDAS (trend),2022-09-30,1-step ahead,-1.4984497864681146,1.186615012183116
Cutoff +1m,1,122,2022 Q2,2022 Q3,gdp_growth,1,4.654634853479461,MIDAS-Latent,2022-09-30,1-step ahead,-1.4984497864681146,6.153084639947576
Cutoff +1m,1,122,2022 Q2,2022 Q3,gdp_growth,1,4.6985297361072975,MIDAS-Latent (trend),2022-09-30,1-step ahead,-1.4984497864681146,6.196979522575412
Cutoff +1m,1,122,2022 Q2,2022 Q4,gdp_growth,2,1.7255921566926302,AR(2),2022-12-31,Other,-0.003299605891982,1.7288917625846123
Cutoff +1m,1,122,2022 Q2,2022 Q4,gdp_growth,2,0.6415380358020937,MF-VAR,2022-12-31,Other,-0.003299605891982,0.6448376416940758
Cutoff +1m,1,122,2022 Q2,2022 Q4,gdp_growth,2,1.9665606157153968,MF-VAR (manual),2022-12-31,Other,-0.003299605891982,1.9698602216073788
Cutoff +1m,1,122,2022 Q2,2022 Q4,gdp_growth,2,2.8223167669593194,MIDAS,2022-12-31,Other,-0.003299605891982,2.825616372851301
Cutoff +1m,1,122,2022 Q2,2022 Q4,gdp_growth,2,2.553948830236178,MIDAS (trend),2022-12-31,Other,-0.003299605891982,2.55724843612816
Cutoff +1m,1,122,2022 Q2,2022 Q4,gdp_growth,2,4.673672778237624,MIDAS-Latent,2022-12-31,Other,-0.003299605891982,4.676972384129606
Cutoff +1m,1,122,2022 Q2,2022 Q4,gdp_growth,2,4.71811748337707,MIDAS-Latent (trend),2022-12-31,Other,-0.003299605891982,4.721417089269052
Cutoff +1m,1,122,2022 Q2,2023 Q1,gdp_growth,3,1.9358472703660807,AR(2),2023-03-31,Other,-1.4211511197238735,3.356998390089955
Cutoff +1m,1,122,2022 Q2,2023 Q1,gdp_growth,3,0.2227401278380791,MF-VAR,2023-03-31,Other,-1.4211511197238735,1.6438912475619527
Cutoff +1m,1,122,2022 Q2,2023 Q1,gdp_growth,3,1.7595875491676176,MF-VAR (manual),2023-03-31,Other,-1.4211511197238735,3.180738668891492
Cutoff +1m,1,122,2022 Q2,2023 Q1,gdp_growth,3,2.6841173277155,MIDAS,2023-03-31,Other,-1.4211511197238735,4.105268447439373
Cutoff +1m,1,122,2022 Q2,2023 Q1,gdp_growth,3,2.3958704188894324,MIDAS (trend),2023-03-31,Other,-1.4211511197238735,3.817021538613306
Cutoff +1m,1,122,2022 Q2,2023 Q1,gdp_growth,3,4.67463426296997,MIDAS-Latent,2023-03-31,Other,-1.4211511197238735,6.095785382693844
Cutoff +1m,1,122,2022 Q2,2023 Q1,gdp_growth,3,4.720295190586024,MIDAS-Latent (trend),2023-03-31,Other,-1.4211511197238735,6.141446310309897
Cutoff +1m,1,122,2022 Q2,2023 Q2,gdp_growth,4,1.9100108904310045,AR(2),2023-06-30,1-year ahead,-1.9508697250607556,3.86088061549176
Cutoff +1m,1,122,2022 Q2,2023 Q2,gdp_growth,4,0.3139145605922582,MF-VAR,2023-06-30,1-year ahead,-1.9508697250607556,2.264784285653014
Cutoff +1m,1,122,2022 Q2,2023 Q2,gdp_growth,4,1.6213423084870648,MF-VAR (manual),2023-06-30,1-year ahead,-1.9508697250607556,3.57221203354782
Cutoff +1m,1,122,2022 Q2,2023 Q2,gdp_growth,4,2.76985947330037,MIDAS,2023-06-30,1-year ahead,-1.9508697250607556,4.720729198361125
Cutoff +1m,1,122,2022 Q2,2023 Q2,gdp_growth,4,2.4815943781454832,MIDAS (trend),2023-06-30,1-year ahead,-1.9508697250607556,4.432464103206239
Cutoff +1m,1,122,2022 Q2,2023 Q2,gdp_growth,4,4.674846773176813,MIDAS-Latent,2023-06-30,1-year ahead,-1.9508697250607556,6.625716498237568
Cutoff +1m,1,122,2022 Q2,2023 Q2,gdp_growth,4,4.721252452855335,MIDAS-Latent (trend),2023-06-30,1-year ahead,-1.9508697250607556,6.672122177916091
Cutoff +1m,1,122,2022 Q2,2022 Q3,inflation,1,2.6977163111225217,AR(2),2022-09-30,1-step ahead,3.320870259523545,-0.6231539484010233
Cutoff +1m,1,122,2022 Q2,2022 Q3,inflation,1,1.1208965287189274,MF-VAR,2022-09-30,1-step ahead,3.320870259523545,-2.1999737308046177
Cutoff +1m,1,122,2022 Q2,2022 Q3,inflation,1,4.804275769233345,MF-VAR (manual),2022-09-30,1-step ahead,3.320870259523545,1.4834055097098
Cutoff +1m,1,122,2022 Q2,2022 Q3,inflation,1,1.202260487025129,MIDAS,2022-09-30,1-step ahead,3.320870259523545,-2.118609772498416
Cutoff +1m,1,122,2022 Q2,2022 Q3,inflation,1,0.7340420858117517,MIDAS (trend),2022-09-30,1-step ahead,3.320870259523545,-2.586828173711793
Cutoff +1m,1,122,2022 Q2,2022 Q3,inflation,1,4.2587651614632405,MIDAS-Latent,2022-09-30,1-step ahead,3.320870259523545,0.9378949019396954
Cutoff +1m,1,122,2022 Q2,2022 Q3,inflation,1,4.253503106086737,MIDAS-Latent (trend),2022-09-30,1-step ahead,3.320870259523545,0.932632846563192
Cutoff +1m,1,122,2022 Q2,2022 Q4,inflation,2,2.03764500038292,AR(2),2022-12-31,Other,1.4337160386958203,0.6039289616870995
Cutoff +1m,1,122,2022 Q2,2022 Q4,inflation,2,1.110942629796485,MF-VAR,2022-12-31,Other,1.4337160386958203,-0.3227734088993352
Cutoff +1m,1,122,2022 Q2,2022 Q4,inflation,2,4.897774340112386,MF-VAR (manual),2022-12-31,Other,1.4337160386958203,3.464058301416566
Cutoff +1m,1,122,2022 Q2,2022 Q4,inflation,2,2.158418109775046,MIDAS,2022-12-31,Other,1.4337160386958203,0.7247020710792258
Cutoff +1m,1,122,2022 Q2,2022 Q4,inflation,2,1.5613152745872916,MIDAS (trend),2022-12-31,Other,1.4337160386958203,0.1275992358914712
Cutoff +1m,1,122,2022 Q2,2022 Q4,inflation,2,4.252711937514946,MIDAS-Latent,2022-12-31,Other,1.4337160386958203,2.818995898819126
Cutoff +1m,1,122,2022 Q2,2022 Q4,inflation,2,4.246588651543693,MIDAS-Latent (trend),2022-12-31,Other,1.4337160386958203,2.8128726128478725
Cutoff +1m,1,122,2022 Q2,2023 Q1,inflation,3,1.540843374629032,AR(2),2023-03-31,Other,3.17581391503019,-1.634970540401158
Cutoff +1m,1,122,2022 Q2,2023 Q1,inflation,3,0.0938152059210194,MF-VAR,2023-03-31,Other,3.17581391503019,-3.0819987091091705
Cutoff +1m,1,122,2022 Q2,2023 Q1,inflation,3,4.947715576362286,MF-VAR (manual),2023-03-31,Other,3.17581391503019,1.7719016613320964
Cutoff +1m,1,122,2022 Q2,2023 Q1,inflation,3,0.8708423335319748,MIDAS,2023-03-31,Other,3.17581391503019,-2.304971581498215
Cutoff +1m,1,122,2022 Q2,2023 Q1,inflation,3,0.3093694604392659,MIDAS (trend),2023-03-31,Other,3.17581391503019,-2.866444454590924
Cutoff +1m,1,122,2022 Q2,2023 Q1,inflation,3,4.253467053418021,MIDAS-Latent,2023-03-31,Other,3.17581391503019,1.0776531383878307
Cutoff +1m,1,122,2022 Q2,2023 Q1,inflation,3,4.247405634422011,MIDAS-Latent (trend),2023-03-31,Other,3.17581391503019,1.0715917193918203
Cutoff +1m,1,122,2022 Q2,2023 Q2,inflation,4,1.2379206357623311,AR(2),2023-06-30,1-year ahead,0.5501119867577842,0.687808649004547
Cutoff +1m,1,122,2022 Q2,2023 Q2,inflation,4,-0.0222114443622535,MF-VAR,2023-06-30,1-year ahead,0.5501119867577842,-0.5723234311200377
Cutoff +1m,1,122,2022 Q2,2023 Q2,inflation,4,4.912167623642553,MF-VAR (manual),2023-06-30,1-year ahead,0.5501119867577842,4.362055636884769
Cutoff +1m,1,122,2022 Q2,2023 Q2,inflation,4,1.242281398507294,MIDAS,2023-06-30,1-year ahead,0.5501119867577842,0.6921694117495099
Cutoff +1m,1,122,2022 Q2,2023 Q2,inflation,4,0.5760192003823267,MIDAS (trend),2023-06-30,1-year ahead,0.5501119867577842,0.0259072136245425
Cutoff +1m,1,122,2022 Q2,2023 Q2,inflation,4,4.253484772085868,MIDAS-Latent,2023-06-30,1-year ahead,0.5501119867577842,3.7033727853280833
Cutoff +1m,1,122,2022 Q2,2023 Q2,inflation,4,4.2473725360284655,MIDAS-Latent (trend),2023-06-30,1-year ahead,0.5501119867577842,3.697260549270682
Cutoff +1m,1,123,2022 Q3,2022 Q4,exch_rate,1,-0.0328508214938715,AR(2),2022-12-31,1-step ahead,-0.0168636904646506,-0.0159871310292209
Cutoff +1m,1,123,2022 Q3,2022 Q4,exch_rate,1,-0.0083219640705032,MF-VAR,2022-12-31,1-step ahead,-0.0168636904646506,0.0085417263941473
Cutoff +1m,1,123,2022 Q3,2022 Q4,exch_rate,1,0.9779497621423532,MF-VAR (manual),2022-12-31,1-step ahead,-0.0168636904646506,0.9948134526070036
Cutoff +1m,1,123,2022 Q3,2022 Q4,exch_rate,1,0.0248671958365079,MIDAS,2022-12-31,1-step ahead,-0.0168636904646506,0.0417308863011585
Cutoff +1m,1,123,2022 Q3,2022 Q4,exch_rate,1,0.0230842804060662,MIDAS (trend),2022-12-31,1-step ahead,-0.0168636904646506,0.0399479708707169
Cutoff +1m,1,123,2022 Q3,2022 Q4,exch_rate,1,0.0189793486542114,MIDAS-Latent,2022-12-31,1-step ahead,-0.0168636904646506,0.035843039118862
Cutoff +1m,1,123,2022 Q3,2022 Q4,exch_rate,1,-0.0263590671094901,MIDAS-Latent (trend),2022-12-31,1-step ahead,-0.0168636904646506,-0.0094953766448395
Cutoff +1m,1,123,2022 Q3,2023 Q1,exch_rate,2,-0.0341474693559849,AR(2),2023-03-31,Other,-0.0076462771143125,-0.0265011922416724
Cutoff +1m,1,123,2022 Q3,2023 Q1,exch_rate,2,-0.0137211569566493,MF-VAR,2023-03-31,Other,-0.0076462771143125,-0.0060748798423368
Cutoff +1m,1,123,2022 Q3,2023 Q1,exch_rate,2,0.9725965673131328,MF-VAR (manual),2023-03-31,Other,-0.0076462771143125,0.9802428444274456
Cutoff +1m,1,123,2022 Q3,2023 Q1,exch_rate,2,-0.0313078513537958,MIDAS,2023-03-31,Other,-0.0076462771143125,-0.0236615742394832
Cutoff +1m,1,123,2022 Q3,2023 Q1,exch_rate,2,-0.0289661380656864,MIDAS (trend),2023-03-31,Other,-0.0076462771143125,-0.0213198609513739
Cutoff +1m,1,123,2022 Q3,2023 Q1,exch_rate,2,-0.0340353607199548,MIDAS-Latent,2023-03-31,Other,-0.0076462771143125,-0.0263890836056423
Cutoff +1m,1,123,2022 Q3,2023 Q1,exch_rate,2,-0.0289607443369837,MIDAS-Latent (trend),2023-03-31,Other,-0.0076462771143125,-0.0213144672226711
Cutoff +1m,1,123,2022 Q3,2023 Q2,exch_rate,3,-0.0316360095078652,AR(2),2023-06-30,Other,-0.0215096318847173,-0.0101263776231478
Cutoff +1m,1,123,2022 Q3,2023 Q2,exch_rate,3,-0.0089928670029951,MF-VAR,2023-06-30,Other,-0.0215096318847173,0.0125167648817221
Cutoff +1m,1,123,2022 Q3,2023 Q2,exch_rate,3,0.9658879871405563,MF-VAR (manual),2023-06-30,Other,-0.0215096318847173,0.9873976190252738
Cutoff +1m,1,123,2022 Q3,2023 Q2,exch_rate,3,0.0196954962740782,MIDAS,2023-06-30,Other,-0.0215096318847173,0.0412051281587955
Cutoff +1m,1,123,2022 Q3,2023 Q2,exch_rate,3,0.0157060345716148,MIDAS (trend),2023-06-30,Other,-0.0215096318847173,0.0372156664563321
Cutoff +1m,1,123,2022 Q3,2023 Q2,exch_rate,3,0.0109382982465833,MIDAS-Latent,2023-06-30,Other,-0.0215096318847173,0.0324479301313006
Cutoff +1m,1,123,2022 Q3,2023 Q2,exch_rate,3,-0.0338420315212373,MIDAS-Latent (trend),2023-06-30,Other,-0.0215096318847173,-0.01233239963652
Cutoff +1m,1,123,2022 Q3,2023 Q3,exch_rate,4,-0.0348220573424138,AR(2),2023-09-30,1-year ahead,-0.039378982531476,0.0045569251890621
Cutoff +1m,1,123,2022 Q3,2023 Q3,exch_rate,4,-0.013135695444651,MF-VAR,2023-09-30,1-year ahead,-0.039378982531476,0.0262432870868249
Cutoff +1m,1,123,2022 Q3,2023 Q3,exch_rate,4,0.9597364183938716,MF-VAR (manual),2023-09-30,1-year ahead,-0.039378982531476,0.9991154009253476
Cutoff +1m,1,123,2022 Q3,2023 Q3,exch_rate,4,-0.0358223451847362,MIDAS,2023-09-30,1-year ahead,-0.039378982531476,0.0035566373467397
Cutoff +1m,1,123,2022 Q3,2023 Q3,exch_rate,4,-0.0318686708408489,MIDAS (trend),2023-09-30,1-year ahead,-0.039378982531476,0.007510311690627
Cutoff +1m,1,123,2022 Q3,2023 Q3,exch_rate,4,-0.0412118286479524,MIDAS-Latent,2023-09-30,1-year ahead,-0.039378982531476,-0.0018328461164764
Cutoff +1m,1,123,2022 Q3,2023 Q3,exch_rate,4,-0.038598048095859,MIDAS-Latent (trend),2023-09-30,1-year ahead,-0.039378982531476,0.0007809344356169631
Cutoff +1m,1,123,2022 Q3,2022 Q4,gdp_growth,1,1.9563541192703704,AR(2),2022-12-31,1-step ahead,-0.003299605891982,1.9596537251623525
Cutoff +1m,1,123,2022 Q3,2022 Q4,gdp_growth,1,0.1625315151909168,MF-VAR,2022-12-31,1-step ahead,-0.003299605891982,0.1658311210828988
Cutoff +1m,1,123,2022 Q3,2022 Q4,gdp_growth,1,-1.7138205087140548,MF-VAR (manual),2022-12-31,1-step ahead,-0.003299605891982,-1.7105209028220727
Cutoff +1m,1,123,2022 Q3,2022 Q4,gdp_growth,1,2.9653627147507096,MIDAS,2022-12-31,1-step ahead,-0.003299605891982,2.968662320642692
Cutoff +1m,1,123,2022 Q3,2022 Q4,gdp_growth,1,2.6720375841320703,MIDAS (trend),2022-12-31,1-step ahead,-0.003299605891982,2.6753371900240523
Cutoff +1m,1,123,2022 Q3,2022 Q4,gdp_growth,1,-0.1199554713284148,MIDAS-Latent,2022-12-31,1-step ahead,-0.003299605891982,-0.1166558654364327
Cutoff +1m,1,123,2022 Q3,2022 Q4,gdp_growth,1,-0.1228118080210259,MIDAS-Latent (trend),2022-12-31,1-step ahead,-0.003299605891982,-0.1195122021290439
Cutoff +1m,1,123,2022 Q3,2023 Q1,gdp_growth,2,2.1202598013305365,AR(2),2023-03-31,Other,-1.4211511197238735,3.54141092105441
Cutoff +1m,1,123,2022 Q3,2023 Q1,gdp_growth,2,0.1435454453786684,MF-VAR,2023-03-31,Other,-1.4211511197238735,1.564696565102542
Cutoff +1m,1,123,2022 Q3,2023 Q1,gdp_growth,2,-1.6091025694077152,MF-VAR (manual),2023-03-31,Other,-1.4211511197238735,-0.1879514496838417
Cutoff +1m,1,123,2022 Q3,2023 Q1,gdp_growth,2,2.126984678656753,MIDAS,2023-03-31,Other,-1.4211511197238735,3.5481357983806263
Cutoff +1m,1,123,2022 Q3,2023 Q1,gdp_growth,2,1.815966060342703,MIDAS (trend),2023-03-31,Other,-1.4211511197238735,3.2371171800665763
Cutoff +1m,1,123,2022 Q3,2023 Q1,gdp_growth,2,-0.1629883903740606,MIDAS-Latent,2023-03-31,Other,-1.4211511197238735,1.258162729349813
Cutoff +1m,1,123,2022 Q3,2023 Q1,gdp_growth,2,-0.1659384336638502,MIDAS-Latent (trend),2023-03-31,Other,-1.4211511197238735,1.2552126860600232
Cutoff +1m,1,123,2022 Q3,2023 Q2,gdp_growth,3,1.844525725192821,AR(2),2023-06-30,Other,-1.9508697250607556,3.7953954502535767
Cutoff +1m,1,123,2022 Q3,2023 Q2,gdp_growth,3,0.1442747859437254,MF-VAR,2023-06-30,Other,-1.9508697250607556,2.095144511004481
Cutoff +1m,1,123,2022 Q3,2023 Q2,gdp_growth,3,-2.049181565078828,MF-VAR (manual),2023-06-30,Other,-1.9508697250607556,-0.0983118400180722
Cutoff +1m,1,123,2022 Q3,2023 Q2,gdp_growth,3,2.260547206524945,MIDAS,2023-06-30,Other,-1.9508697250607556,4.2114169315857
Cutoff +1m,1,123,2022 Q3,2023 Q2,gdp_growth,3,1.94251881454522,MIDAS (trend),2023-06-30,Other,-1.9508697250607556,3.893388539605976
Cutoff +1m,1,123,2022 Q3,2023 Q2,gdp_growth,3,-0.1532107191015446,MIDAS-Latent,2023-06-30,Other,-1.9508697250607556,1.7976590059592108
Cutoff +1m,1,123,2022 Q3,2023 Q2,gdp_growth,3,-0.1562173444150719,MIDAS-Latent (trend),2023-06-30,Other,-1.9508697250607556,1.7946523806456836
Cutoff +1m,1,123,2022 Q3,2023 Q3,gdp_growth,4,1.8557079464721025,AR(2),2023-09-30,1-year ahead,0.2820471274915803,1.573660818980522
Cutoff +1m,1,123,2022 Q3,2023 Q3,gdp_growth,4,0.2037319714449446,MF-VAR,2023-09-30,1-year ahead,0.2820471274915803,-0.0783151560466357
Cutoff +1m,1,123,2022 Q3,2023 Q3,gdp_growth,4,-1.351951631260632,MF-VAR (manual),2023-09-30,1-year ahead,0.2820471274915803,-1.6339987587522125
Cutoff +1m,1,123,2022 Q3,2023 Q3,gdp_growth,4,2.2354619481769955,MIDAS,2023-09-30,1-year ahead,0.2820471274915803,1.9534148206854152
Cutoff +1m,1,123,2022 Q3,2023 Q3,gdp_growth,4,1.9105416841774236,MIDAS (trend),2023-09-30,1-year ahead,0.2820471274915803,1.628494556685843
Cutoff +1m,1,123,2022 Q3,2023 Q3,gdp_growth,4,-0.153515951942699,MIDAS-Latent,2023-09-30,1-year ahead,0.2820471274915803,-0.4355630794342794
Cutoff +1m,1,123,2022 Q3,2023 Q3,gdp_growth,4,-0.1565705030256986,MIDAS-Latent (trend),2023-09-30,1-year ahead,0.2820471274915803,-0.438617630517279
Cutoff +1m,1,123,2022 Q3,2022 Q4,inflation,1,2.3505763656811207,AR(2),2022-12-31,1-step ahead,1.4337160386958203,0.9168603269853004
Cutoff +1m,1,123,2022 Q3,2022 Q4,inflation,1,0.3558960370341414,MF-VAR,2022-12-31,1-step ahead,1.4337160386958203,-1.0778200016616788
Cutoff +1m,1,123,2022 Q3,2022 Q4,inflation,1,2.9280387355447663,MF-VAR (manual),2022-12-31,1-step ahead,1.4337160386958203,1.494322696848946
Cutoff +1m,1,123,2022 Q3,2022 Q4,inflation,1,2.2817735382074384,MIDAS,2022-12-31,1-step ahead,1.4337160386958203,0.8480574995116181
Cutoff +1m,1,123,2022 Q3,2022 Q4,inflation,1,1.8494312331830167,MIDAS (trend),2022-12-31,1-step ahead,1.4337160386958203,0.4157151944871964
Cutoff +1m,1,123,2022 Q3,2022 Q4,inflation,1,3.9326435423882407,MIDAS-Latent,2022-12-31,1-step ahead,1.4337160386958203,2.4989275036924203
Cutoff +1m,1,123,2022 Q3,2022 Q4,inflation,1,3.8904578208485394,MIDAS-Latent (trend),2022-12-31,1-step ahead,1.4337160386958203,2.456741782152719
Cutoff +1m,1,123,2022 Q3,2023 Q1,inflation,2,1.7602632357649248,AR(2),2023-03-31,Other,3.17581391503019,-1.4155506792652652
Cutoff +1m,1,123,2022 Q3,2023 Q1,inflation,2,0.3503281864676283,MF-VAR,2023-03-31,Other,3.17581391503019,-2.825485728562562
Cutoff +1m,1,123,2022 Q3,2023 Q1,inflation,2,2.8745940757003545,MF-VAR (manual),2023-03-31,Other,3.17581391503019,-0.3012198393298355
Cutoff +1m,1,123,2022 Q3,2023 Q1,inflation,2,1.767297085282595,MIDAS,2023-03-31,Other,3.17581391503019,-1.4085168297475947
Cutoff +1m,1,123,2022 Q3,2023 Q1,inflation,2,1.381773463729164,MIDAS (trend),2023-03-31,Other,3.17581391503019,-1.7940404513010262
Cutoff +1m,1,123,2022 Q3,2023 Q1,inflation,2,3.931871238963312,MIDAS-Latent,2023-03-31,Other,3.17581391503019,0.7560573239331223
Cutoff +1m,1,123,2022 Q3,2023 Q1,inflation,2,3.892775927906905,MIDAS-Latent (trend),2023-03-31,Other,3.17581391503019,0.7169620128767149
Cutoff +1m,1,123,2022 Q3,2023 Q2,inflation,3,1.382804133243399,AR(2),2023-06-30,Other,0.5501119867577842,0.8326921464856145
Cutoff +1m,1,123,2022 Q3,2023 Q2,inflation,3,0.0061634412160915,MF-VAR,2023-06-30,Other,0.5501119867577842,-0.5439485455416926
Cutoff +1m,1,123,2022 Q3,2023 Q2,inflation,3,2.8119362389450338,MF-VAR (manual),2023-06-30,Other,0.5501119867577842,2.2618242521872496
Cutoff +1m,1,123,2022 Q3,2023 Q2,inflation,3,1.3481455453615618,MIDAS,2023-06-30,Other,0.5501119867577842,0.7980335586037777
Cutoff +1m,1,123,2022 Q3,2023 Q2,inflation,3,0.8459636987875614,MIDAS (trend),2023-06-30,Other,0.5501119867577842,0.2958517120297772
Cutoff +1m,1,123,2022 Q3,2023 Q2,inflation,3,3.9322663292283337,MIDAS-Latent,2023-06-30,Other,0.5501119867577842,3.3821543424705496
Cutoff +1m,1,123,2022 Q3,2023 Q2,inflation,3,3.891055968824371,MIDAS-Latent (trend),2023-06-30,Other,0.5501119867577842,3.340943982066587
Cutoff +1m,1,123,2022 Q3,2023 Q3,inflation,4,1.1437213474773356,AR(2),2023-09-30,1-year ahead,1.2606093578710895,-0.1168880103937541
Cutoff +1m,1,123,2022 Q3,2023 Q3,inflation,4,-0.0252888525290501,MF-VAR,2023-09-30,1-year ahead,1.2606093578710895,-1.28589821040014
Cutoff +1m,1,123,2022 Q3,2023 Q3,inflation,4,2.7897437461918453,MF-VAR (manual),2023-09-30,1-year ahead,1.2606093578710895,1.5291343883207555
Cutoff +1m,1,123,2022 Q3,2023 Q3,inflation,4,1.1406156849810694,MIDAS,2023-09-30,1-year ahead,1.2606093578710895,-0.1199936728900203
Cutoff +1m,1,123,2022 Q3,2023 Q3,inflation,4,0.6726458483893604,MIDAS (trend),2023-09-30,1-year ahead,1.2606093578710895,-0.5879635094817294
Cutoff +1m,1,123,2022 Q3,2023 Q3,inflation,4,3.9322658304658455,MIDAS-Latent,2023-09-30,1-year ahead,1.2606093578710895,2.671656472594756
Cutoff +1m,1,123,2022 Q3,2023 Q3,inflation,4,3.890633508007047,MIDAS-Latent (trend),2023-09-30,1-year ahead,1.2606093578710895,2.630024150135957
Cutoff +1m,1,124,2022 Q4,2023 Q1,exch_rate,1,-0.0160079834769955,AR(2),2023-03-31,1-step ahead,-0.0076462771143125,-0.008361706362683
Cutoff +1m,1,124,2022 Q4,2023 Q1,exch_rate,1,0.0035632132563649,MF-VAR,2023-03-31,1-step ahead,-0.0076462771143125,0.0112094903706775
Cutoff +1m,1,124,2022 Q4,2023 Q1,exch_rate,1,0.9833197606876196,MF-VAR (manual),2023-03-31,1-step ahead,-0.0076462771143125,0.9909660378019324
Cutoff +1m,1,124,2022 Q4,2023 Q1,exch_rate,1,-0.0257280914789782,MIDAS,2023-03-31,1-step ahead,-0.0076462771143125,-0.0180818143646657
Cutoff +1m,1,124,2022 Q4,2023 Q1,exch_rate,1,-0.0234716284296183,MIDAS (trend),2023-03-31,1-step ahead,-0.0076462771143125,-0.0158253513153058
Cutoff +1m,1,124,2022 Q4,2023 Q1,exch_rate,1,-0.0358330763607963,MIDAS-Latent,2023-03-31,1-step ahead,-0.0076462771143125,-0.0281867992464837
Cutoff +1m,1,124,2022 Q4,2023 Q1,exch_rate,1,-0.0285403238067411,MIDAS-Latent (trend),2023-03-31,1-step ahead,-0.0076462771143125,-0.0208940466924285
Cutoff +1m,1,124,2022 Q4,2023 Q2,exch_rate,2,-0.0139092071119218,AR(2),2023-06-30,Other,-0.0215096318847173,0.0076004247727954
Cutoff +1m,1,124,2022 Q4,2023 Q2,exch_rate,2,0.0016052233700603,MF-VAR,2023-06-30,Other,-0.0215096318847173,0.0231148552547776
Cutoff +1m,1,124,2022 Q4,2023 Q2,exch_rate,2,0.9777365483997632,MF-VAR (manual),2023-06-30,Other,-0.0215096318847173,0.9992461802844804
Cutoff +1m,1,124,2022 Q4,2023 Q2,exch_rate,2,-0.0248109055154754,MIDAS,2023-06-30,Other,-0.0215096318847173,-0.003301273630758
Cutoff +1m,1,124,2022 Q4,2023 Q2,exch_rate,2,-0.0235138187402108,MIDAS (trend),2023-06-30,Other,-0.0215096318847173,-0.0020041868554935
Cutoff +1m,1,124,2022 Q4,2023 Q2,exch_rate,2,-0.0260822880733073,MIDAS-Latent,2023-06-30,Other,-0.0215096318847173,-0.00457265618859
Cutoff +1m,1,124,2022 Q4,2023 Q2,exch_rate,2,-0.0337454754507672,MIDAS-Latent (trend),2023-06-30,Other,-0.0215096318847173,-0.0122358435660499
Cutoff +1m,1,124,2022 Q4,2023 Q3,exch_rate,3,-0.0179653310644757,AR(2),2023-09-30,Other,-0.039378982531476,0.0214136514670002
Cutoff +1m,1,124,2022 Q4,2023 Q3,exch_rate,3,-0.003063539129326,MF-VAR,2023-09-30,Other,-0.039378982531476,0.0363154434021499
Cutoff +1m,1,124,2022 Q4,2023 Q3,exch_rate,3,0.9717170435342978,MF-VAR (manual),2023-09-30,Other,-0.039378982531476,1.0110960260657738
Cutoff +1m,1,124,2022 Q4,2023 Q3,exch_rate,3,-0.0336069142637459,MIDAS,2023-09-30,Other,-0.039378982531476,0.00577206826773
Cutoff +1m,1,124,2022 Q4,2023 Q3,exch_rate,3,-0.0299638826425259,MIDAS (trend),2023-09-30,Other,-0.039378982531476,0.00941509988895
Cutoff +1m,1,124,2022 Q4,2023 Q3,exch_rate,3,-0.0448107448982588,MIDAS-Latent,2023-09-30,Other,-0.039378982531476,-0.0054317623667827
Cutoff +1m,1,124,2022 Q4,2023 Q3,exch_rate,3,-0.0381532249266838,MIDAS-Latent (trend),2023-09-30,Other,-0.039378982531476,0.0012257576047922
Cutoff +1m,1,124,2022 Q4,2023 Q4,exch_rate,4,-0.0182105979562074,AR(2),2023-12-31,1-year ahead,-0.0468808158867381,0.0286702179305306
Cutoff +1m,1,124,2022 Q4,2023 Q4,exch_rate,4,-0.0056435434356462,MF-VAR,2023-12-31,1-year ahead,-0.0468808158867381,0.0412372724510919
Cutoff +1m,1,124,2022 Q4,2023 Q4,exch_rate,4,0.9653618124320924,MF-VAR (manual),2023-12-31,1-year ahead,-0.0468808158867381,1.0122426283188306
Cutoff +1m,1,124,2022 Q4,2023 Q4,exch_rate,4,-0.0326968047430099,MIDAS,2023-12-31,1-year ahead,-0.0468808158867381,0.0141840111437282
Cutoff +1m,1,124,2022 Q4,2023 Q4,exch_rate,4,-0.0304531231117485,MIDAS (trend),2023-12-31,1-year ahead,-0.0468808158867381,0.0164276927749896
Cutoff +1m,1,124,2022 Q4,2023 Q4,exch_rate,4,-0.0351838008078555,MIDAS-Latent,2023-12-31,1-year ahead,-0.0468808158867381,0.0116970150788826
Cutoff +1m,1,124,2022 Q4,2023 Q4,exch_rate,4,-0.0428004031269776,MIDAS-Latent (trend),2023-12-31,1-year ahead,-0.0468808158867381,0.0040804127597604
Cutoff +1m,1,124,2022 Q4,2023 Q1,gdp_growth,1,2.2698646945430863,AR(2),2023-03-31,1-step ahead,-1.4211511197238735,3.69101581426696
Cutoff +1m,1,124,2022 Q4,2023 Q1,gdp_growth,1,0.5549884800867682,MF-VAR,2023-03-31,1-step ahead,-1.4211511197238735,1.9761395998106417
Cutoff +1m,1,124,2022 Q4,2023 Q1,gdp_growth,1,-0.525367834850766,MF-VAR (manual),2023-03-31,1-step ahead,-1.4211511197238735,0.8957832848731075
Cutoff +1m,1,124,2022 Q4,2023 Q1,gdp_growth,1,4.002391154971424,MIDAS,2023-03-31,1-step ahead,-1.4211511197238735,5.423542274695298
Cutoff +1m,1,124,2022 Q4,2023 Q1,gdp_growth,1,3.630295388750888,MIDAS (trend),2023-03-31,1-step ahead,-1.4211511197238735,5.051446508474761
Cutoff +1m,1,124,2022 Q4,2023 Q1,gdp_growth,1,-0.067208388566012,MIDAS-Latent,2023-03-31,1-step ahead,-1.4211511197238735,1.3539427311578616
Cutoff +1m,1,124,2022 Q4,2023 Q1,gdp_growth,1,-0.0568483495739234,MIDAS-Latent (trend),2023-03-31,1-step ahead,-1.4211511197238735,1.3643027701499502
Cutoff +1m,1,124,2022 Q4,2023 Q2,gdp_growth,2,1.9662360130858545,AR(2),2023-06-30,Other,-1.9508697250607556,3.91710573814661
Cutoff +1m,1,124,2022 Q4,2023 Q2,gdp_growth,2,0.5148010621202685,MF-VAR,2023-06-30,Other,-1.9508697250607556,2.465670787181024
Cutoff +1m,1,124,2022 Q4,2023 Q2,gdp_growth,2,-0.1424691267106586,MF-VAR (manual),2023-06-30,Other,-1.9508697250607556,1.8084005983500968
Cutoff +1m,1,124,2022 Q4,2023 Q2,gdp_growth,2,2.0290038497638587,MIDAS,2023-06-30,Other,-1.9508697250607556,3.979873574824614
Cutoff +1m,1,124,2022 Q4,2023 Q2,gdp_growth,2,1.6415708905456037,MIDAS (trend),2023-06-30,Other,-1.9508697250607556,3.592440615606358
Cutoff +1m,1,124,2022 Q4,2023 Q2,gdp_growth,2,-0.0541369056493832,MIDAS-Latent,2023-06-30,Other,-1.9508697250607556,1.896732819411372
Cutoff +1m,1,124,2022 Q4,2023 Q2,gdp_growth,2,-0.0436651192833264,MIDAS-Latent (trend),2023-06-30,Other,-1.9508697250607556,1.907204605777429
Cutoff +1m,1,124,2022 Q4,2023 Q3,gdp_growth,3,1.8159697227702227,AR(2),2023-09-30,Other,0.2820471274915803,1.5339225952786424
Cutoff +1m,1,124,2022 Q4,2023 Q3,gdp_growth,3,0.5232727437345777,MF-VAR,2023-09-30,Other,0.2820471274915803,0.2412256162429973
Cutoff +1m,1,124,2022 Q4,2023 Q3,gdp_growth,3,0.2676022973376126,MF-VAR (manual),2023-09-30,Other,0.2820471274915803,-0.0144448301539676
Cutoff +1m,1,124,2022 Q4,2023 Q3,gdp_growth,3,2.1322152661783083,MIDAS,2023-09-30,Other,0.2820471274915803,1.850168138686728
Cutoff +1m,1,124,2022 Q4,2023 Q3,gdp_growth,3,1.7380956239828915,MIDAS (trend),2023-09-30,Other,0.2820471274915803,1.4560484964913112
Cutoff +1m,1,124,2022 Q4,2023 Q3,gdp_growth,3,-0.0546956338439144,MIDAS-Latent,2023-09-30,Other,0.2820471274915803,-0.3367427613354948
Cutoff +1m,1,124,2022 Q4,2023 Q3,gdp_growth,3,-0.0439646126481448,MIDAS-Latent (trend),2023-09-30,Other,0.2820471274915803,-0.3260117401397251
Cutoff +1m,1,124,2022 Q4,2023 Q4,gdp_growth,4,1.8518440020687388,AR(2),2023-12-31,1-year ahead,0.930949540396142,0.9208944616725968
Cutoff +1m,1,124,2022 Q4,2023 Q4,gdp_growth,4,0.7788757900666292,MF-VAR,2023-12-31,1-year ahead,0.930949540396142,-0.1520737503295128
Cutoff +1m,1,124,2022 Q4,2023 Q4,gdp_growth,4,0.0751712232896413,MF-VAR (manual),2023-12-31,1-year ahead,0.930949540396142,-0.8557783171065007
Cutoff +1m,1,124,2022 Q4,2023 Q4,gdp_growth,4,2.0813685805342907,MIDAS,2023-12-31,1-year ahead,0.930949540396142,1.1504190401381489
Cutoff +1m,1,124,2022 Q4,2023 Q4,gdp_growth,4,1.6756821818839798,MIDAS (trend),2023-12-31,1-year ahead,0.930949540396142,0.7447326414878377
Cutoff +1m,1,124,2022 Q4,2023 Q4,gdp_growth,4,-0.0545813552464467,MIDAS-Latent,2023-12-31,1-year ahead,0.930949540396142,-0.9855308956425888
Cutoff +1m,1,124,2022 Q4,2023 Q4,gdp_growth,4,-0.0436831481844531,MIDAS-Latent (trend),2023-12-31,1-year ahead,0.930949540396142,-0.9746326885805952
Cutoff +1m,1,124,2022 Q4,2023 Q1,inflation,1,1.306932490252874,AR(2),2023-03-31,1-step ahead,3.17581391503019,-1.868881424777316
Cutoff +1m,1,124,2022 Q4,2023 Q1,inflation,1,0.1457914585536502,MF-VAR,2023-03-31,1-step ahead,3.17581391503019,-3.03002245647654
Cutoff +1m,1,124,2022 Q4,2023 Q1,inflation,1,0.8992310969647206,MF-VAR (manual),2023-03-31,1-step ahead,3.17581391503019,-2.276582818065469
Cutoff +1m,1,124,2022 Q4,2023 Q1,inflation,1,1.8210962893711096,MIDAS,2023-03-31,1-step ahead,3.17581391503019,-1.3547176256590805
Cutoff +1m,1,124,2022 Q4,2023 Q1,inflation,1,1.440409243960647,MIDAS (trend),2023-03-31,1-step ahead,3.17581391503019,-1.735404671069543
Cutoff +1m,1,124,2022 Q4,2023 Q1,inflation,1,1.5683296438136225,MIDAS-Latent,2023-03-31,1-step ahead,3.17581391503019,-1.6074842712165678
Cutoff +1m,1,124,2022 Q4,2023 Q1,inflation,1,1.5355231469595811,MIDAS-Latent (trend),2023-03-31,1-step ahead,3.17581391503019,-1.640290768070609
Cutoff +1m,1,124,2022 Q4,2023 Q2,inflation,2,1.088029835307776,AR(2),2023-06-30,Other,0.5501119867577842,0.5379178485499918
Cutoff +1m,1,124,2022 Q4,2023 Q2,inflation,2,0.1231407852883826,MF-VAR,2023-06-30,Other,0.5501119867577842,-0.4269712014694015
Cutoff +1m,1,124,2022 Q4,2023 Q2,inflation,2,1.0316529297019768,MF-VAR (manual),2023-06-30,Other,0.5501119867577842,0.4815409429441926
Cutoff +1m,1,124,2022 Q4,2023 Q2,inflation,2,0.995435478068834,MIDAS,2023-06-30,Other,0.5501119867577842,0.44532349131105
Cutoff +1m,1,124,2022 Q4,2023 Q2,inflation,2,0.6779104384201656,MIDAS (trend),2023-06-30,Other,0.5501119867577842,0.1277984516623814
Cutoff +1m,1,124,2022 Q4,2023 Q2,inflation,2,1.5677712271847966,MIDAS-Latent,2023-06-30,Other,0.5501119867577842,1.0176592404270124
Cutoff +1m,1,124,2022 Q4,2023 Q2,inflation,2,1.5389123272997784,MIDAS-Latent (trend),2023-06-30,Other,0.5501119867577842,0.9888003405419944
Cutoff +1m,1,124,2022 Q4,2023 Q3,inflation,3,0.9642625786779898,AR(2),2023-09-30,Other,1.2606093578710895,-0.2963467791930999
Cutoff +1m,1,124,2022 Q4,2023 Q3,inflation,3,0.0391871013776804,MF-VAR,2023-09-30,Other,1.2606093578710895,-1.2214222564934092
Cutoff +1m,1,124,2022 Q4,2023 Q3,inflation,3,0.9248201963468986,MF-VAR (manual),2023-09-30,Other,1.2606093578710895,-0.3357891615241911
Cutoff +1m,1,124,2022 Q4,2023 Q3,inflation,3,1.145816967728116,MIDAS,2023-09-30,Other,1.2606093578710895,-0.1147923901429737
Cutoff +1m,1,124,2022 Q4,2023 Q3,inflation,3,0.6755482950088032,MIDAS (trend),2023-09-30,Other,1.2606093578710895,-0.5850610628622865
Cutoff +1m,1,124,2022 Q4,2023 Q3,inflation,3,1.5678110598994388,MIDAS-Latent,2023-09-30,Other,1.2606093578710895,0.307201702028349
Cutoff +1m,1,124,2022 Q4,2023 Q3,inflation,3,1.5382932794363824,MIDAS-Latent (trend),2023-09-30,Other,1.2606093578710895,0.2776839215652926
Cutoff +1m,1,124,2022 Q4,2023 Q4,inflation,4,0.8823349900270006,AR(2),2023-12-31,1-year ahead,1.5459954544169818,-0.6636604643899813
Cutoff +1m,1,124,2022 Q4,2023 Q4,inflation,4,0.048564105772838,MF-VAR,2023-12-31,1-year ahead,1.5459954544169818,-1.4974313486441435
Cutoff +1m,1,124,2022 Q4,2023 Q4,inflation,4,0.7510628368105413,MF-VAR (manual),2023-12-31,1-year ahead,1.5459954544169818,-0.7949326176064405
Cutoff +1m,1,124,2022 Q4,2023 Q4,inflation,4,0.8252944254960791,MIDAS,2023-12-31,1-year ahead,1.5459954544169818,-0.7207010289209027
Cutoff +1m,1,124,2022 Q4,2023 Q4,inflation,4,0.4026362035173343,MIDAS (trend),2023-12-31,1-year ahead,1.5459954544169818,-1.1433592508996475
Cutoff +1m,1,124,2022 Q4,2023 Q4,inflation,4,1.567810894661681,MIDAS-Latent,2023-12-31,1-year ahead,1.5459954544169818,0.0218154402446995
Cutoff +1m,1,124,2022 Q4,2023 Q4,inflation,4,1.5378725670100168,MIDAS-Latent (trend),2023-12-31,1-year ahead,1.5459954544169818,-0.0081228874069649
Cutoff +1m,1,125,2023 Q1,2023 Q2,exch_rate,1,-0.0043966165402512,AR(2),2023-06-30,1-step ahead,-0.0215096318847173,0.017113015344466
Cutoff +1m,1,125,2023 Q1,2023 Q2,exch_rate,1,0.0067042831184156,MF-VAR,2023-06-30,1-step ahead,-0.0215096318847173,0.0282139150031329
Cutoff +1m,1,125,2023 Q1,2023 Q2,exch_rate,1,0.9812825491177496,MF-VAR (manual),2023-06-30,1-step ahead,-0.0215096318847173,1.002792181002467
Cutoff +1m,1,125,2023 Q1,2023 Q2,exch_rate,1,-0.0252884040993499,MIDAS,2023-06-30,1-step ahead,-0.0215096318847173,-0.0037787722146326
Cutoff +1m,1,125,2023 Q1,2023 Q2,exch_rate,1,-0.0249496641988474,MIDAS (trend),2023-06-30,1-step ahead,-0.0215096318847173,-0.0034400323141301
Cutoff +1m,1,125,2023 Q1,2023 Q2,exch_rate,1,-0.0240888451104255,MIDAS-Latent,2023-06-30,1-step ahead,-0.0215096318847173,-0.0025792132257082
Cutoff +1m,1,125,2023 Q1,2023 Q2,exch_rate,1,-0.0133879515229629,MIDAS-Latent (trend),2023-06-30,1-step ahead,-0.0215096318847173,0.0081216803617543
Cutoff +1m,1,125,2023 Q1,2023 Q3,exch_rate,2,-0.008848744618829,AR(2),2023-09-30,Other,-0.039378982531476,0.0305302379126469
Cutoff +1m,1,125,2023 Q1,2023 Q3,exch_rate,2,-0.0009687527758812536,MF-VAR,2023-09-30,Other,-0.039378982531476,0.0384102297555947
Cutoff +1m,1,125,2023 Q1,2023 Q3,exch_rate,2,0.9746020874993032,MF-VAR (manual),2023-09-30,Other,-0.039378982531476,1.0139810700307792
Cutoff +1m,1,125,2023 Q1,2023 Q3,exch_rate,2,0.0092391355926428,MIDAS,2023-09-30,Other,-0.039378982531476,0.0486181181241188
Cutoff +1m,1,125,2023 Q1,2023 Q3,exch_rate,2,0.0073670020277886,MIDAS (trend),2023-09-30,Other,-0.039378982531476,0.0467459845592646
Cutoff +1m,1,125,2023 Q1,2023 Q3,exch_rate,2,-0.0150032419980661,MIDAS-Latent,2023-09-30,Other,-0.039378982531476,0.0243757405334098
Cutoff +1m,1,125,2023 Q1,2023 Q3,exch_rate,2,-0.0185453587222404,MIDAS-Latent (trend),2023-09-30,Other,-0.039378982531476,0.0208336238092355
Cutoff +1m,1,125,2023 Q1,2023 Q4,exch_rate,3,-0.0097807473072989,AR(2),2023-12-31,Other,-0.0468808158867381,0.0371000685794392
Cutoff +1m,1,125,2023 Q1,2023 Q4,exch_rate,3,-3.200038104633757e-06,MF-VAR,2023-12-31,Other,-0.0468808158867381,0.0468776158486335
Cutoff +1m,1,125,2023 Q1,2023 Q4,exch_rate,3,0.9697523249049056,MF-VAR (manual),2023-12-31,Other,-0.0468808158867381,1.0166331407916436
Cutoff +1m,1,125,2023 Q1,2023 Q4,exch_rate,3,-0.0082359796752435,MIDAS,2023-12-31,Other,-0.0468808158867381,0.0386448362114946
Cutoff +1m,1,125,2023 Q1,2023 Q4,exch_rate,3,-0.0087590199615333,MIDAS (trend),2023-12-31,Other,-0.0468808158867381,0.0381217959252047
Cutoff +1m,1,125,2023 Q1,2023 Q4,exch_rate,3,-0.0312106790829166,MIDAS-Latent,2023-12-31,Other,-0.0468808158867381,0.0156701368038215
Cutoff +1m,1,125,2023 Q1,2023 Q4,exch_rate,3,-0.023174108155446,MIDAS-Latent (trend),2023-12-31,Other,-0.0468808158867381,0.0237067077312921
Cutoff +1m,1,125,2023 Q1,2024 Q1,exch_rate,4,-0.012730897416489,AR(2),2024-03-31,1-year ahead,-0.0520926948589058,0.0393617974424168
Cutoff +1m,1,125,2023 Q1,2024 Q1,exch_rate,4,-0.0010716643994072,MF-VAR,2024-03-31,1-year ahead,-0.0520926948589058,0.0510210304594986
Cutoff +1m,1,125,2023 Q1,2024 Q1,exch_rate,4,0.9667262415584652,MF-VAR (manual),2024-03-31,1-year ahead,-0.0520926948589058,1.0188189364173712
Cutoff +1m,1,125,2023 Q1,2024 Q1,exch_rate,4,0.0259647001263373,MIDAS,2024-03-31,1-year ahead,-0.0520926948589058,0.0780573949852432
Cutoff +1m,1,125,2023 Q1,2024 Q1,exch_rate,4,0.0200556651568977,MIDAS (trend),2024-03-31,1-year ahead,-0.0520926948589058,0.0721483600158036
Cutoff +1m,1,125,2023 Q1,2024 Q1,exch_rate,4,-0.0222550013045855,MIDAS-Latent,2024-03-31,1-year ahead,-0.0520926948589058,0.0298376935543203
Cutoff +1m,1,125,2023 Q1,2024 Q1,exch_rate,4,-0.0278235057326207,MIDAS-Latent (trend),2024-03-31,1-year ahead,-0.0520926948589058,0.024269189126285
Cutoff +1m,1,125,2023 Q1,2023 Q2,gdp_growth,1,2.220398207959896,AR(2),2023-06-30,1-step ahead,-1.9508697250607556,4.171267933020651
Cutoff +1m,1,125,2023 Q1,2023 Q2,gdp_growth,1,1.5570698166812196,MF-VAR,2023-06-30,1-step ahead,-1.9508697250607556,3.507939541741975
Cutoff +1m,1,125,2023 Q1,2023 Q2,gdp_growth,1,-2.122216834523192,MF-VAR (manual),2023-06-30,1-step ahead,-1.9508697250607556,-0.1713471094624363
Cutoff +1m,1,125,2023 Q1,2023 Q2,gdp_growth,1,-1.7513091779755523,MIDAS,2023-06-30,1-step ahead,-1.9508697250607556,0.1995605470852028
Cutoff +1m,1,125,2023 Q1,2023 Q2,gdp_growth,1,-2.2590160241921984,MIDAS (trend),2023-06-30,1-step ahead,-1.9508697250607556,-0.308146299131443
Cutoff +1m,1,125,2023 Q1,2023 Q2,gdp_growth,1,-1.1373815108173713,MIDAS-Latent,2023-06-30,1-step ahead,-1.9508697250607556,0.8134882142433841
Cutoff +1m,1,125,2023 Q1,2023 Q2,gdp_growth,1,-1.1195589342757557,MIDAS-Latent (trend),2023-06-30,1-step ahead,-1.9508697250607556,0.8313107907849999
Cutoff +1m,1,125,2023 Q1,2023 Q3,gdp_growth,2,2.0331361113952604,AR(2),2023-09-30,Other,0.2820471274915803,1.75108898390368
Cutoff +1m,1,125,2023 Q1,2023 Q3,gdp_growth,2,1.5805758779901136,MF-VAR,2023-09-30,Other,0.2820471274915803,1.2985287504985332
Cutoff +1m,1,125,2023 Q1,2023 Q3,gdp_growth,2,-1.1419453854987958,MF-VAR (manual),2023-09-30,Other,0.2820471274915803,-1.423992512990376
Cutoff +1m,1,125,2023 Q1,2023 Q3,gdp_growth,2,3.7893738983417258,MIDAS,2023-09-30,Other,0.2820471274915803,3.507326770850145
Cutoff +1m,1,125,2023 Q1,2023 Q3,gdp_growth,2,3.3231395981960943,MIDAS (trend),2023-09-30,Other,0.2820471274915803,3.041092470704514
Cutoff +1m,1,125,2023 Q1,2023 Q3,gdp_growth,2,-1.1522541122696286,MIDAS-Latent,2023-09-30,Other,0.2820471274915803,-1.434301239761209
Cutoff +1m,1,125,2023 Q1,2023 Q3,gdp_growth,2,-1.1340932082194315,MIDAS-Latent (trend),2023-09-30,Other,0.2820471274915803,-1.4161403357110118
Cutoff +1m,1,125,2023 Q1,2023 Q4,gdp_growth,3,1.7863450824827494,AR(2),2023-12-31,Other,0.930949540396142,0.8553955420866073
Cutoff +1m,1,125,2023 Q1,2023 Q4,gdp_growth,3,0.3405219932178414,MF-VAR,2023-12-31,Other,0.930949540396142,-0.5904275471783007
Cutoff +1m,1,125,2023 Q1,2023 Q4,gdp_growth,3,-1.3111427470155883,MF-VAR (manual),2023-12-31,Other,0.930949540396142,-2.2420922874117304
Cutoff +1m,1,125,2023 Q1,2023 Q4,gdp_growth,3,3.779889168302173,MIDAS,2023-12-31,Other,0.930949540396142,2.8489396279060304
Cutoff +1m,1,125,2023 Q1,2023 Q4,gdp_growth,3,3.28942610483933,MIDAS (trend),2023-12-31,Other,0.930949540396142,2.358476564443188
Cutoff +1m,1,125,2023 Q1,2023 Q4,gdp_growth,3,-1.1492775013506733,MIDAS-Latent,2023-12-31,Other,0.930949540396142,-2.080227041746816
Cutoff +1m,1,125,2023 Q1,2023 Q4,gdp_growth,3,-1.1306509738814388,MIDAS-Latent (trend),2023-12-31,Other,0.930949540396142,-2.061600514277581
Cutoff +1m,1,125,2023 Q1,2024 Q1,gdp_growth,4,1.8193959006783564,AR(2),2024-03-31,1-year ahead,4.097725749483772,-2.278329848805415
Cutoff +1m,1,125,2023 Q1,2024 Q1,gdp_growth,4,0.2602037615447272,MF-VAR,2024-03-31,1-year ahead,4.097725749483772,-3.837521987939044
Cutoff +1m,1,125,2023 Q1,2024 Q1,gdp_growth,4,-1.854337979154114,MF-VAR (manual),2024-03-31,1-year ahead,4.097725749483772,-5.952063728637885
Cutoff +1m,1,125,2023 Q1,2024 Q1,gdp_growth,4,3.939061061582245,MIDAS,2024-03-31,1-year ahead,4.097725749483772,-0.1586646879015267
Cutoff +1m,1,125,2023 Q1,2024 Q1,gdp_growth,4,3.457228761846755,MIDAS (trend),2024-03-31,1-year ahead,4.097725749483772,-0.6404969876370163
Cutoff +1m,1,125,2023 Q1,2024 Q1,gdp_growth,4,-1.1494335080070823,MIDAS-Latent,2024-03-31,1-year ahead,4.097725749483772,-5.247159257490854
Cutoff +1m,1,125,2023 Q1,2024 Q1,gdp_growth,4,-1.130513791007295,MIDAS-Latent (trend),2024-03-31,1-year ahead,4.097725749483772,-5.228239540491066
Cutoff +1m,1,125,2023 Q1,2023 Q2,inflation,1,2.02638517481206,AR(2),2023-06-30,1-step ahead,0.5501119867577842,1.4762731880542752
Cutoff +1m,1,125,2023 Q1,2023 Q2,inflation,1,1.1067210290726364,MF-VAR,2023-06-30,1-step ahead,0.5501119867577842,0.5566090423148522
Cutoff +1m,1,125,2023 Q1,2023 Q2,inflation,1,3.8360711873463007,MF-VAR (manual),2023-06-30,1-step ahead,0.5501119867577842,3.2859592005885165
Cutoff +1m,1,125,2023 Q1,2023 Q2,inflation,1,0.6315288104421378,MIDAS,2023-06-30,1-step ahead,0.5501119867577842,0.0814168236843536
Cutoff +1m,1,125,2023 Q1,2023 Q2,inflation,1,0.3627398555743897,MIDAS (trend),2023-06-30,1-step ahead,0.5501119867577842,-0.1873721311833944
Cutoff +1m,1,125,2023 Q1,2023 Q2,inflation,1,2.4818552402564027,MIDAS-Latent,2023-06-30,1-step ahead,0.5501119867577842,1.9317432534986183
Cutoff +1m,1,125,2023 Q1,2023 Q2,inflation,1,2.4914196736829584,MIDAS-Latent (trend),2023-06-30,1-step ahead,0.5501119867577842,1.9413076869251744
Cutoff +1m,1,125,2023 Q1,2023 Q3,inflation,2,1.6632155787944432,AR(2),2023-09-30,Other,1.2606093578710895,0.4026062209233534
Cutoff +1m,1,125,2023 Q1,2023 Q3,inflation,2,1.1215104105761704,MF-VAR,2023-09-30,Other,1.2606093578710895,-0.1390989472949193
Cutoff +1m,1,125,2023 Q1,2023 Q3,inflation,2,3.7948743258267488,MF-VAR (manual),2023-09-30,Other,1.2606093578710895,2.534264967955659
Cutoff +1m,1,125,2023 Q1,2023 Q3,inflation,2,1.6504052623665642,MIDAS,2023-09-30,Other,1.2606093578710895,0.3897959044954744
Cutoff +1m,1,125,2023 Q1,2023 Q3,inflation,2,1.345119172179088,MIDAS (trend),2023-09-30,Other,1.2606093578710895,0.0845098143079983
Cutoff +1m,1,125,2023 Q1,2023 Q3,inflation,2,2.500147626131866,MIDAS-Latent,2023-09-30,Other,1.2606093578710895,1.2395382682607765
Cutoff +1m,1,125,2023 Q1,2023 Q3,inflation,2,2.510891157542851,MIDAS-Latent (trend),2023-09-30,Other,1.2606093578710895,1.2502817996717617
Cutoff +1m,1,125,2023 Q1,2023 Q4,inflation,3,1.3503250037683312,AR(2),2023-12-31,Other,1.5459954544169818,-0.1956704506486506
Cutoff +1m,1,125,2023 Q1,2023 Q4,inflation,3,0.3391427294721378,MF-VAR,2023-12-31,Other,1.5459954544169818,-1.206852724944844
Cutoff +1m,1,125,2023 Q1,2023 Q4,inflation,3,3.704412712894972,MF-VAR (manual),2023-12-31,Other,1.5459954544169818,2.1584172584779897
Cutoff +1m,1,125,2023 Q1,2023 Q4,inflation,3,0.6136951125369835,MIDAS,2023-12-31,Other,1.5459954544169818,-0.9323003418799984
Cutoff +1m,1,125,2023 Q1,2023 Q4,inflation,3,0.2656051272868718,MIDAS (trend),2023-12-31,Other,1.5459954544169818,-1.28039032713011
Cutoff +1m,1,125,2023 Q1,2023 Q4,inflation,3,2.492860917369384,MIDAS-Latent,2023-12-31,Other,1.5459954544169818,0.946865462952402
Cutoff +1m,1,125,2023 Q1,2023 Q4,inflation,3,2.503426156596168,MIDAS-Latent (trend),2023-12-31,Other,1.5459954544169818,0.957430702179186
Cutoff +1m,1,125,2023 Q1,2024 Q1,inflation,4,1.153853943201059,AR(2),2024-03-31,1-year ahead,1.20167733791412,-0.0478233947130608
Cutoff +1m,1,125,2023 Q1,2024 Q1,inflation,4,0.2165760147926114,MF-VAR,2024-03-31,1-year ahead,1.20167733791412,-0.9851013231215084
Cutoff +1m,1,125,2023 Q1,2024 Q1,inflation,4,3.804827898512454,MF-VAR (manual),2024-03-31,1-year ahead,1.20167733791412,2.6031505605983343
Cutoff +1m,1,125,2023 Q1,2024 Q1,inflation,4,1.028852815275422,MIDAS,2024-03-31,1-year ahead,1.20167733791412,-0.1728245226386979
Cutoff +1m,1,125,2023 Q1,2024 Q1,inflation,4,0.6376009009287766,MIDAS (trend),2024-03-31,1-year ahead,1.20167733791412,-0.5640764369853433
Cutoff +1m,1,125,2023 Q1,2024 Q1,inflation,4,2.4930529911819765,MIDAS-Latent,2024-03-31,1-year ahead,1.20167733791412,1.2913756532678566
Cutoff +1m,1,125,2023 Q1,2024 Q1,inflation,4,2.5037747678490683,MIDAS-Latent (trend),2024-03-31,1-year ahead,1.20167733791412,1.3020974299349484
Cutoff +1m,1,126,2023 Q2,2023 Q3,exch_rate,1,-0.0281886218179446,AR(2),2023-09-30,1-step ahead,-0.039378982531476,0.0111903607135313
Cutoff +1m,1,126,2023 Q2,2023 Q3,exch_rate,1,-0.0134741302283025,MF-VAR,2023-09-30,1-step ahead,-0.039378982531476,0.0259048523031734
Cutoff +1m,1,126,2023 Q2,2023 Q3,exch_rate,1,0.964654285091769,MF-VAR (manual),2023-09-30,1-step ahead,-0.039378982531476,1.004033267623245
Cutoff +1m,1,126,2023 Q2,2023 Q3,exch_rate,1,-0.0175894849164403,MIDAS,2023-09-30,1-step ahead,-0.039378982531476,0.0217894976150356
Cutoff +1m,1,126,2023 Q2,2023 Q3,exch_rate,1,-0.0174376671518749,MIDAS (trend),2023-09-30,1-step ahead,-0.039378982531476,0.021941315379601
Cutoff +1m,1,126,2023 Q2,2023 Q3,exch_rate,1,-0.015287782997186,MIDAS-Latent,2023-09-30,1-step ahead,-0.039378982531476,0.0240911995342899
Cutoff +1m,1,126,2023 Q2,2023 Q3,exch_rate,1,-0.0275312345668882,MIDAS-Latent (trend),2023-09-30,1-step ahead,-0.039378982531476,0.0118477479645877
Cutoff +1m,1,126,2023 Q2,2023 Q4,exch_rate,2,-0.0284823806183497,AR(2),2023-12-31,Other,-0.0468808158867381,0.0183984352683884
Cutoff +1m,1,126,2023 Q2,2023 Q4,exch_rate,2,-0.0170561982727182,MF-VAR,2023-12-31,Other,-0.0468808158867381,0.0298246176140198
Cutoff +1m,1,126,2023 Q2,2023 Q4,exch_rate,2,0.959562750584732,MF-VAR (manual),2023-12-31,Other,-0.0468808158867381,1.0064435664714702
Cutoff +1m,1,126,2023 Q2,2023 Q4,exch_rate,2,-0.0314283549612041,MIDAS,2023-12-31,Other,-0.0468808158867381,0.0154524609255339
Cutoff +1m,1,126,2023 Q2,2023 Q4,exch_rate,2,-0.0305494911682882,MIDAS (trend),2023-12-31,Other,-0.0468808158867381,0.0163313247184498
Cutoff +1m,1,126,2023 Q2,2023 Q4,exch_rate,2,-0.0289475397010498,MIDAS-Latent,2023-12-31,Other,-0.0468808158867381,0.0179332761856883
Cutoff +1m,1,126,2023 Q2,2023 Q4,exch_rate,2,-0.0318705967885862,MIDAS-Latent (trend),2023-12-31,Other,-0.0468808158867381,0.0150102190981519
Cutoff +1m,1,126,2023 Q2,2024 Q1,exch_rate,3,-0.0303003616450171,AR(2),2024-03-31,Other,-0.0520926948589058,0.0217923332138886
Cutoff +1m,1,126,2023 Q2,2024 Q1,exch_rate,3,-0.0126444815670025,MF-VAR,2024-03-31,Other,-0.0520926948589058,0.0394482132919033
Cutoff +1m,1,126,2023 Q2,2024 Q1,exch_rate,3,0.9526015966975252,MF-VAR (manual),2024-03-31,Other,-0.0520926948589058,1.004694291556431
Cutoff +1m,1,126,2023 Q2,2024 Q1,exch_rate,3,-0.027551148608863,MIDAS,2024-03-31,Other,-0.0520926948589058,0.0245415462500428
Cutoff +1m,1,126,2023 Q2,2024 Q1,exch_rate,3,-0.0273246591118589,MIDAS (trend),2024-03-31,Other,-0.0520926948589058,0.0247680357470469
Cutoff +1m,1,126,2023 Q2,2024 Q1,exch_rate,3,-0.0228170652625456,MIDAS-Latent,2024-03-31,Other,-0.0520926948589058,0.0292756295963602
Cutoff +1m,1,126,2023 Q2,2024 Q1,exch_rate,3,-0.0364898581272109,MIDAS-Latent (trend),2024-03-31,Other,-0.0520926948589058,0.0156028367316948
Cutoff +1m,1,126,2023 Q2,2024 Q2,exch_rate,4,-0.029198862578961,AR(2),2024-06-30,1-year ahead,-0.0267972086362981,-0.0024016539426629
Cutoff +1m,1,126,2023 Q2,2024 Q2,exch_rate,4,-0.0097381857383455,MF-VAR,2024-06-30,1-year ahead,-0.0267972086362981,0.0170590228979526
Cutoff +1m,1,126,2023 Q2,2024 Q2,exch_rate,4,0.94708712995733,MF-VAR (manual),2024-06-30,1-year ahead,-0.0267972086362981,0.9738843385936282
Cutoff +1m,1,126,2023 Q2,2024 Q2,exch_rate,4,-0.0412384300503457,MIDAS,2024-06-30,1-year ahead,-0.0267972086362981,-0.0144412214140475
Cutoff +1m,1,126,2023 Q2,2024 Q2,exch_rate,4,-0.0396344398951867,MIDAS (trend),2024-06-30,1-year ahead,-0.0267972086362981,-0.0128372312588886
Cutoff +1m,1,126,2023 Q2,2024 Q2,exch_rate,4,-0.036276213953386,MIDAS-Latent,2024-06-30,1-year ahead,-0.0267972086362981,-0.0094790053170879
Cutoff +1m,1,126,2023 Q2,2024 Q2,exch_rate,4,-0.0411691644167658,MIDAS-Latent (trend),2024-06-30,1-year ahead,-0.0267972086362981,-0.0143719557804677
Cutoff +1m,1,126,2023 Q2,2023 Q3,gdp_growth,1,2.2936311035770065,AR(2),2023-09-30,1-step ahead,0.2820471274915803,2.011583976085426
Cutoff +1m,1,126,2023 Q2,2023 Q3,gdp_growth,1,-0.0343115774149525,MF-VAR,2023-09-30,1-step ahead,0.2820471274915803,-0.3163587049065328
Cutoff +1m,1,126,2023 Q2,2023 Q3,gdp_growth,1,-1.8218263861154609,MF-VAR (manual),2023-09-30,1-step ahead,0.2820471274915803,-2.103873513607041
Cutoff +1m,1,126,2023 Q2,2023 Q3,gdp_growth,1,1.694293250019857,MIDAS,2023-09-30,1-step ahead,0.2820471274915803,1.4122461225282767
Cutoff +1m,1,126,2023 Q2,2023 Q3,gdp_growth,1,1.1995517531114646,MIDAS (trend),2023-09-30,1-step ahead,0.2820471274915803,0.9175046256198842
Cutoff +1m,1,126,2023 Q2,2023 Q3,gdp_growth,1,-1.5241839936952644,MIDAS-Latent,2023-09-30,1-step ahead,0.2820471274915803,-1.8062311211868447
Cutoff +1m,1,126,2023 Q2,2023 Q3,gdp_growth,1,-1.528377459251286,MIDAS-Latent (trend),2023-09-30,1-step ahead,0.2820471274915803,-1.8104245867428663
Cutoff +1m,1,126,2023 Q2,2023 Q4,gdp_growth,2,2.01805189978506,AR(2),2023-12-31,Other,0.930949540396142,1.0871023593889175
Cutoff +1m,1,126,2023 Q2,2023 Q4,gdp_growth,2,-0.0240686548815742,MF-VAR,2023-12-31,Other,0.930949540396142,-0.9550181952777164
Cutoff +1m,1,126,2023 Q2,2023 Q4,gdp_growth,2,-1.859421743643913,MF-VAR (manual),2023-12-31,Other,0.930949540396142,-2.7903712840400554
Cutoff +1m,1,126,2023 Q2,2023 Q4,gdp_growth,2,1.6492508792405818,MIDAS,2023-12-31,Other,0.930949540396142,0.7183013388444397
Cutoff +1m,1,126,2023 Q2,2023 Q4,gdp_growth,2,1.1452309653096586,MIDAS (trend),2023-12-31,Other,0.930949540396142,0.2142814249135165
Cutoff +1m,1,126,2023 Q2,2023 Q4,gdp_growth,2,-1.52918526334755,MIDAS-Latent,2023-12-31,Other,0.930949540396142,-2.460134803743692
Cutoff +1m,1,126,2023 Q2,2023 Q4,gdp_growth,2,-1.5334486220515144,MIDAS-Latent (trend),2023-12-31,Other,0.930949540396142,-2.4643981624476563
Cutoff +1m,1,126,2023 Q2,2024 Q1,gdp_growth,3,1.7508022214626329,AR(2),2024-03-31,Other,4.097725749483772,-2.3469235280211387
Cutoff +1m,1,126,2023 Q2,2024 Q1,gdp_growth,3,-0.1368716770784821,MF-VAR,2024-03-31,Other,4.097725749483772,-4.234597426562254
Cutoff +1m,1,126,2023 Q2,2024 Q1,gdp_growth,3,-2.95043771945401,MF-VAR (manual),2024-03-31,Other,4.097725749483772,-7.048163468937782
Cutoff +1m,1,126,2023 Q2,2024 Q1,gdp_growth,3,1.7617236227166495,MIDAS,2024-03-31,Other,4.097725749483772,-2.336002126767122
Cutoff +1m,1,126,2023 Q2,2024 Q1,gdp_growth,3,1.241395823678237,MIDAS (trend),2024-03-31,Other,4.097725749483772,-2.8563299258055346
Cutoff +1m,1,126,2023 Q2,2024 Q1,gdp_growth,3,-1.5251567652396076,MIDAS-Latent,2024-03-31,Other,4.097725749483772,-5.622882514723379
Cutoff +1m,1,126,2023 Q2,2024 Q1,gdp_growth,3,-1.529526752153745,MIDAS-Latent (trend),2024-03-31,Other,4.097725749483772,-5.627252501637517
Cutoff +1m,1,126,2023 Q2,2024 Q2,gdp_growth,4,1.7890770690687845,AR(2),2024-06-30,1-year ahead,1.9600339339092443,-0.17095686484046
Cutoff +1m,1,126,2023 Q2,2024 Q2,gdp_growth,4,-0.0424126198352281,MF-VAR,2024-06-30,1-year ahead,1.9600339339092443,-2.0024465537444724
Cutoff +1m,1,126,2023 Q2,2024 Q2,gdp_growth,4,-3.496397119394855,MF-VAR (manual),2024-06-30,1-year ahead,1.9600339339092443,-5.456431053304099
Cutoff +1m,1,126,2023 Q2,2024 Q2,gdp_growth,4,1.7603338250453675,MIDAS,2024-06-30,1-year ahead,1.9600339339092443,-0.1997001088638768
Cutoff +1m,1,126,2023 Q2,2024 Q2,gdp_growth,4,1.2316918411401463,MIDAS (trend),2024-06-30,1-year ahead,1.9600339339092443,-0.7283420927690978
Cutoff +1m,1,126,2023 Q2,2024 Q2,gdp_growth,4,-1.5252039840797291,MIDAS-Latent,2024-06-30,1-year ahead,1.9600339339092443,-3.4852379179889734
Cutoff +1m,1,126,2023 Q2,2024 Q2,gdp_growth,4,-1.5296429498841324,MIDAS-Latent (trend),2024-06-30,1-year ahead,1.9600339339092443,-3.4896768837933765
Cutoff +1m,1,126,2023 Q2,2023 Q3,inflation,1,0.9410505896358649,AR(2),2023-09-30,1-step ahead,1.2606093578710895,-0.319558768235225
Cutoff +1m,1,126,2023 Q2,2023 Q3,inflation,1,0.1122578944000691,MF-VAR,2023-09-30,1-step ahead,1.2606093578710895,-1.1483514634710206
Cutoff +1m,1,126,2023 Q2,2023 Q3,inflation,1,-0.1221794879363574,MF-VAR (manual),2023-09-30,1-step ahead,1.2606093578710895,-1.382788845807447
Cutoff +1m,1,126,2023 Q2,2023 Q3,inflation,1,1.737260411456006,MIDAS,2023-09-30,1-step ahead,1.2606093578710895,0.4766510535849162
Cutoff +1m,1,126,2023 Q2,2023 Q3,inflation,1,1.4472660033889198,MIDAS (trend),2023-09-30,1-step ahead,1.2606093578710895,0.18665664551783
Cutoff +1m,1,126,2023 Q2,2023 Q3,inflation,1,0.9056788446270896,MIDAS-Latent,2023-09-30,1-step ahead,1.2606093578710895,-0.354930513244
Cutoff +1m,1,126,2023 Q2,2023 Q3,inflation,1,0.9195391716197152,MIDAS-Latent (trend),2023-09-30,1-step ahead,1.2606093578710895,-0.3410701862513745
Cutoff +1m,1,126,2023 Q2,2023 Q4,inflation,2,0.8208368016683515,AR(2),2023-12-31,Other,1.5459954544169818,-0.7251586527486303
Cutoff +1m,1,126,2023 Q2,2023 Q4,inflation,2,0.1200333464108118,MF-VAR,2023-12-31,Other,1.5459954544169818,-1.42596210800617
Cutoff +1m,1,126,2023 Q2,2023 Q4,inflation,2,-0.2315856113092635,MF-VAR (manual),2023-12-31,Other,1.5459954544169818,-1.7775810657262454
Cutoff +1m,1,126,2023 Q2,2023 Q4,inflation,2,0.6676074874325314,MIDAS,2023-12-31,Other,1.5459954544169818,-0.8783879669844504
Cutoff +1m,1,126,2023 Q2,2023 Q4,inflation,2,0.4392843895999935,MIDAS (trend),2023-12-31,Other,1.5459954544169818,-1.1067110648169882
Cutoff +1m,1,126,2023 Q2,2023 Q4,inflation,2,0.88762559759787,MIDAS-Latent,2023-12-31,Other,1.5459954544169818,-0.6583698568191119
Cutoff +1m,1,126,2023 Q2,2023 Q4,inflation,2,0.8993738200798616,MIDAS-Latent (trend),2023-12-31,Other,1.5459954544169818,-0.6466216343371203
Cutoff +1m,1,126,2023 Q2,2024 Q1,inflation,3,0.8083812261854484,AR(2),2024-03-31,Other,1.20167733791412,-0.3932961117286715
Cutoff +1m,1,126,2023 Q2,2024 Q1,inflation,3,-0.0552064363188314,MF-VAR,2024-03-31,Other,1.20167733791412,-1.2568837742329513
Cutoff +1m,1,126,2023 Q2,2024 Q1,inflation,3,-0.3849789331945848,MF-VAR (manual),2024-03-31,Other,1.20167733791412,-1.5866562711087049
Cutoff +1m,1,126,2023 Q2,2024 Q1,inflation,3,1.1504930411161356,MIDAS,2024-03-31,Other,1.20167733791412,-0.0511842967979843
Cutoff +1m,1,126,2023 Q2,2024 Q1,inflation,3,0.7780926369163534,MIDAS (trend),2024-03-31,Other,1.20167733791412,-0.4235847009977664
Cutoff +1m,1,126,2023 Q2,2024 Q1,inflation,3,0.8900703291385675,MIDAS-Latent,2024-03-31,Other,1.20167733791412,-0.3116070087755523
Cutoff +1m,1,126,2023 Q2,2024 Q1,inflation,3,0.9024239620225456,MIDAS-Latent (trend),2024-03-31,Other,1.20167733791412,-0.2992533758915743
Cutoff +1m,1,126,2023 Q2,2024 Q2,inflation,4,0.7880183237045139,AR(2),2024-06-30,1-year ahead,1.3948747405589046,-0.6068564168543907
Cutoff +1m,1,126,2023 Q2,2024 Q2,inflation,4,0.0029876468932013,MF-VAR,2024-06-30,1-year ahead,1.3948747405589046,-1.3918870936657033
Cutoff +1m,1,126,2023 Q2,2024 Q2,inflation,4,-0.1931018106773058,MF-VAR (manual),2024-06-30,1-year ahead,1.3948747405589046,-1.5879765512362105
Cutoff +1m,1,126,2023 Q2,2024 Q2,inflation,4,0.7154000622431161,MIDAS,2024-06-30,1-year ahead,1.3948747405589046,-0.6794746783157884
Cutoff +1m,1,126,2023 Q2,2024 Q2,inflation,4,0.3894565340829378,MIDAS (trend),2024-06-30,1-year ahead,1.3948747405589046,-1.0054182064759667
Cutoff +1m,1,126,2023 Q2,2024 Q2,inflation,4,0.8899462024337087,MIDAS-Latent,2024-06-30,1-year ahead,1.3948747405589046,-0.5049285381251959
Cutoff +1m,1,126,2023 Q2,2024 Q2,inflation,4,0.9024543399924452,MIDAS-Latent (trend),2024-06-30,1-year ahead,1.3948747405589046,-0.4924204005664594
Cutoff +1m,1,127,2023 Q3,2023 Q4,exch_rate,1,-0.040988269233458,AR(2),2023-12-31,1-step ahead,-0.0468808158867381,0.0058925466532801
Cutoff +1m,1,127,2023 Q3,2023 Q4,exch_rate,1,-0.0233655003238228,MF-VAR,2023-12-31,1-step ahead,-0.0468808158867381,0.0235153155629153
Cutoff +1m,1,127,2023 Q3,2023 Q4,exch_rate,1,0.9530973566211598,MF-VAR (manual),2023-12-31,1-step ahead,-0.0468808158867381,0.999978172507898
Cutoff +1m,1,127,2023 Q3,2023 Q4,exch_rate,1,-0.0227080624835067,MIDAS,2023-12-31,1-step ahead,-0.0468808158867381,0.0241727534032314
Cutoff +1m,1,127,2023 Q3,2023 Q4,exch_rate,1,-0.0231574146429365,MIDAS (trend),2023-12-31,1-step ahead,-0.0468808158867381,0.0237234012438016
Cutoff +1m,1,127,2023 Q3,2023 Q4,exch_rate,1,-0.0302137832156099,MIDAS-Latent,2023-12-31,1-step ahead,-0.0468808158867381,0.0166670326711282
Cutoff +1m,1,127,2023 Q3,2023 Q4,exch_rate,1,-0.0439701870734641,MIDAS-Latent (trend),2023-12-31,1-step ahead,-0.0468808158867381,0.002910628813274
Cutoff +1m,1,127,2023 Q3,2024 Q1,exch_rate,2,-0.0422834351292462,AR(2),2024-03-31,Other,-0.0520926948589058,0.0098092597296595
Cutoff +1m,1,127,2023 Q3,2024 Q1,exch_rate,2,-0.0284010015088778,MF-VAR,2024-03-31,Other,-0.0520926948589058,0.023691693350028
Cutoff +1m,1,127,2023 Q3,2024 Q1,exch_rate,2,0.9474244379875134,MF-VAR (manual),2024-03-31,Other,-0.0520926948589058,0.9995171328464192
Cutoff +1m,1,127,2023 Q3,2024 Q1,exch_rate,2,-0.025307977103916,MIDAS,2024-03-31,Other,-0.0520926948589058,0.0267847177549898
Cutoff +1m,1,127,2023 Q3,2024 Q1,exch_rate,2,-0.025254676576113,MIDAS (trend),2024-03-31,Other,-0.0520926948589058,0.0268380182827928
Cutoff +1m,1,127,2023 Q3,2024 Q1,exch_rate,2,-0.0478402135297313,MIDAS-Latent,2024-03-31,Other,-0.0520926948589058,0.0042524813291745
Cutoff +1m,1,127,2023 Q3,2024 Q1,exch_rate,2,-0.0481904069811714,MIDAS-Latent (trend),2024-03-31,Other,-0.0520926948589058,0.0039022878777344
Cutoff +1m,1,127,2023 Q3,2024 Q2,exch_rate,3,-0.0403651629384255,AR(2),2024-06-30,Other,-0.0267972086362981,-0.0135679543021274
Cutoff +1m,1,127,2023 Q3,2024 Q2,exch_rate,3,-0.0208768089432817,MF-VAR,2024-06-30,Other,-0.0267972086362981,0.0059203996930163
Cutoff +1m,1,127,2023 Q3,2024 Q2,exch_rate,3,0.9415408176490936,MF-VAR (manual),2024-06-30,Other,-0.0267972086362981,0.9683380262853916
Cutoff +1m,1,127,2023 Q3,2024 Q2,exch_rate,3,-0.0087797606945757,MIDAS,2024-06-30,Other,-0.0267972086362981,0.0180174479417223
Cutoff +1m,1,127,2023 Q3,2024 Q2,exch_rate,3,-0.0110131276893751,MIDAS (trend),2024-06-30,Other,-0.0267972086362981,0.015784080946923
Cutoff +1m,1,127,2023 Q3,2024 Q2,exch_rate,3,-0.0387996081798414,MIDAS-Latent,2024-06-30,Other,-0.0267972086362981,-0.0120023995435432
Cutoff +1m,1,127,2023 Q3,2024 Q2,exch_rate,3,-0.052862068829904,MIDAS-Latent (trend),2024-06-30,Other,-0.0267972086362981,-0.0260648601936059
Cutoff +1m,1,127,2023 Q3,2024 Q3,exch_rate,4,-0.0441929160573436,AR(2),2024-09-30,1-year ahead,-0.0499588177936345,0.0057659017362909
Cutoff +1m,1,127,2023 Q3,2024 Q3,exch_rate,4,-0.0231797813565911,MF-VAR,2024-09-30,1-year ahead,-0.0499588177936345,0.0267790364370434
Cutoff +1m,1,127,2023 Q3,2024 Q3,exch_rate,4,0.9366609380970572,MF-VAR (manual),2024-09-30,1-year ahead,-0.0499588177936345,0.9866197558906916
Cutoff +1m,1,127,2023 Q3,2024 Q3,exch_rate,4,-0.0113574199580288,MIDAS,2024-09-30,1-year ahead,-0.0499588177936345,0.0386013978356057
Cutoff +1m,1,127,2023 Q3,2024 Q3,exch_rate,4,-0.0133711066012331,MIDAS (trend),2024-09-30,1-year ahead,-0.0499588177936345,0.0365877111924014
Cutoff +1m,1,127,2023 Q3,2024 Q3,exch_rate,4,-0.0561864204798693,MIDAS-Latent,2024-09-30,1-year ahead,-0.0499588177936345,-0.0062276026862347
Cutoff +1m,1,127,2023 Q3,2024 Q3,exch_rate,4,-0.0575463437363684,MIDAS-Latent (trend),2024-09-30,1-year ahead,-0.0499588177936345,-0.0075875259427339
Cutoff +1m,1,127,2023 Q3,2023 Q4,gdp_growth,1,2.1388726269284764,AR(2),2023-12-31,1-step ahead,0.930949540396142,1.2079230865323345
Cutoff +1m,1,127,2023 Q3,2023 Q4,gdp_growth,1,-0.7495961282730581,MF-VAR,2023-12-31,1-step ahead,0.930949540396142,-1.6805456686692002
Cutoff +1m,1,127,2023 Q3,2023 Q4,gdp_growth,1,0.3379809010782809,MF-VAR (manual),2023-12-31,1-step ahead,0.930949540396142,-0.5929686393178611
Cutoff +1m,1,127,2023 Q3,2023 Q4,gdp_growth,1,0.2338383275043097,MIDAS,2023-12-31,1-step ahead,0.930949540396142,-0.6971112128918324
Cutoff +1m,1,127,2023 Q3,2023 Q4,gdp_growth,1,-0.2754689869808212,MIDAS (trend),2023-12-31,1-step ahead,0.930949540396142,-1.2064185273769632
Cutoff +1m,1,127,2023 Q3,2023 Q4,gdp_growth,1,1.1176554643708152,MIDAS-Latent,2023-12-31,1-step ahead,0.930949540396142,0.1867059239746731
Cutoff +1m,1,127,2023 Q3,2023 Q4,gdp_growth,1,1.109128604955255,MIDAS-Latent (trend),2023-12-31,1-step ahead,0.930949540396142,0.1781790645591128
Cutoff +1m,1,127,2023 Q3,2024 Q1,gdp_growth,2,1.8617253193530436,AR(2),2024-03-31,Other,4.097725749483772,-2.236000430130728
Cutoff +1m,1,127,2023 Q3,2024 Q1,gdp_growth,2,-0.7270630597676677,MF-VAR,2024-03-31,Other,4.097725749483772,-4.824788809251439
Cutoff +1m,1,127,2023 Q3,2024 Q1,gdp_growth,2,0.6907583231645253,MF-VAR (manual),2024-03-31,Other,4.097725749483772,-3.4069674263192464
Cutoff +1m,1,127,2023 Q3,2024 Q1,gdp_growth,2,3.7179457996184255,MIDAS,2024-03-31,Other,4.097725749483772,-0.3797799498653451
Cutoff +1m,1,127,2023 Q3,2024 Q1,gdp_growth,2,3.229911273605851,MIDAS (trend),2024-03-31,Other,4.097725749483772,-0.8678144758779207
Cutoff +1m,1,127,2023 Q3,2024 Q1,gdp_growth,2,1.144532532343032,MIDAS-Latent,2024-03-31,Other,4.097725749483772,-2.95319321714074
Cutoff +1m,1,127,2023 Q3,2024 Q1,gdp_growth,2,1.1358571038890788,MIDAS-Latent (trend),2024-03-31,Other,4.097725749483772,-2.9618686455946928
Cutoff +1m,1,127,2023 Q3,2024 Q2,gdp_growth,3,1.7600483316546218,AR(2),2024-06-30,Other,1.9600339339092443,-0.1999856022546224
Cutoff +1m,1,127,2023 Q3,2024 Q2,gdp_growth,3,-0.0959143647664619,MF-VAR,2024-06-30,Other,1.9600339339092443,-2.0559482986757063
Cutoff +1m,1,127,2023 Q3,2024 Q2,gdp_growth,3,1.01942785730283,MF-VAR (manual),2024-06-30,Other,1.9600339339092443,-0.9406060766064142
Cutoff +1m,1,127,2023 Q3,2024 Q2,gdp_growth,3,3.7164673897792375,MIDAS,2024-06-30,Other,1.9600339339092443,1.7564334558699932
Cutoff +1m,1,127,2023 Q3,2024 Q2,gdp_growth,3,3.204314012440463,MIDAS (trend),2024-06-30,Other,1.9600339339092443,1.2442800785312187
Cutoff +1m,1,127,2023 Q3,2024 Q2,gdp_growth,3,1.1545905432549846,MIDAS-Latent,2024-06-30,Other,1.9600339339092443,-0.8054433906542597
Cutoff +1m,1,127,2023 Q3,2024 Q2,gdp_growth,3,1.1456709760196973,MIDAS-Latent (trend),2024-06-30,Other,1.9600339339092443,-0.814362957889547
Cutoff +1m,1,127,2023 Q3,2024 Q3,gdp_growth,4,1.7853400071535297,AR(2),2024-09-30,1-year ahead,1.7249375962080649,0.0604024109454646
Cutoff +1m,1,127,2023 Q3,2024 Q3,gdp_growth,4,0.2096638482922372,MF-VAR,2024-09-30,1-year ahead,1.7249375962080649,-1.5152737479158276
Cutoff +1m,1,127,2023 Q3,2024 Q3,gdp_growth,4,0.3987599880235205,MF-VAR (manual),2024-09-30,1-year ahead,1.7249375962080649,-1.3261776081845444
Cutoff +1m,1,127,2023 Q3,2024 Q3,gdp_growth,4,3.8233138321076914,MIDAS,2024-09-30,1-year ahead,1.7249375962080649,2.0983762358996265
Cutoff +1m,1,127,2023 Q3,2024 Q3,gdp_growth,4,3.3095279040211474,MIDAS (trend),2024-09-30,1-year ahead,1.7249375962080649,1.5845903078130823
Cutoff +1m,1,127,2023 Q3,2024 Q3,gdp_growth,4,1.1549140558756883,MIDAS-Latent,2024-09-30,1-year ahead,1.7249375962080649,-0.5700235403323763
Cutoff +1m,1,127,2023 Q3,2024 Q3,gdp_growth,4,1.1458552199715455,MIDAS-Latent (trend),2024-09-30,1-year ahead,1.7249375962080649,-0.5790823762365194
Cutoff +1m,1,127,2023 Q3,2023 Q4,inflation,1,0.974378848507337,AR(2),2023-12-31,1-step ahead,1.5459954544169818,-0.5716166059096448
Cutoff +1m,1,127,2023 Q3,2023 Q4,inflation,1,0.0909699497540168,MF-VAR,2023-12-31,1-step ahead,1.5459954544169818,-1.455025504662965
Cutoff +1m,1,127,2023 Q3,2023 Q4,inflation,1,1.531864691855945,MF-VAR (manual),2023-12-31,1-step ahead,1.5459954544169818,-0.0141307625610367
Cutoff +1m,1,127,2023 Q3,2023 Q4,inflation,1,0.3943321493956226,MIDAS,2023-12-31,1-step ahead,1.5459954544169818,-1.1516633050213592
Cutoff +1m,1,127,2023 Q3,2023 Q4,inflation,1,0.1494209137407969,MIDAS (trend),2023-12-31,1-step ahead,1.5459954544169818,-1.396574540676185
Cutoff +1m,1,127,2023 Q3,2023 Q4,inflation,1,1.3346184494764703,MIDAS-Latent,2023-12-31,1-step ahead,1.5459954544169818,-0.2113770049405114
Cutoff +1m,1,127,2023 Q3,2023 Q4,inflation,1,1.339466638981417,MIDAS-Latent (trend),2023-12-31,1-step ahead,1.5459954544169818,-0.2065288154355649
Cutoff +1m,1,127,2023 Q3,2024 Q1,inflation,2,0.9260431532902356,AR(2),2024-03-31,Other,1.20167733791412,-0.2756341846238844
Cutoff +1m,1,127,2023 Q3,2024 Q1,inflation,2,0.0694352467878924,MF-VAR,2024-03-31,Other,1.20167733791412,-1.1322420911262274
Cutoff +1m,1,127,2023 Q3,2024 Q1,inflation,2,1.5744366674642842,MF-VAR (manual),2024-03-31,Other,1.20167733791412,0.3727593295501643
Cutoff +1m,1,127,2023 Q3,2024 Q1,inflation,2,0.8725708079117078,MIDAS,2024-03-31,Other,1.20167733791412,-0.3291065300024121
Cutoff +1m,1,127,2023 Q3,2024 Q1,inflation,2,0.6136184047622133,MIDAS (trend),2024-03-31,Other,1.20167733791412,-0.5880589331519066
Cutoff +1m,1,127,2023 Q3,2024 Q1,inflation,2,1.3347477200638345,MIDAS-Latent,2024-03-31,Other,1.20167733791412,0.1330703821497145
Cutoff +1m,1,127,2023 Q3,2024 Q1,inflation,2,1.3398603860929132,MIDAS-Latent (trend),2024-03-31,Other,1.20167733791412,0.1381830481787933
Cutoff +1m,1,127,2023 Q3,2024 Q2,inflation,3,0.8663007031449192,AR(2),2024-06-30,Other,1.3948747405589046,-0.5285740374139853
Cutoff +1m,1,127,2023 Q3,2024 Q2,inflation,3,-0.0151367520247442,MF-VAR,2024-06-30,Other,1.3948747405589046,-1.4100114925836489
Cutoff +1m,1,127,2023 Q3,2024 Q2,inflation,3,1.6493768073160353,MF-VAR (manual),2024-06-30,Other,1.3948747405589046,0.2545020667571307
Cutoff +1m,1,127,2023 Q3,2024 Q2,inflation,3,0.5225266161343287,MIDAS,2024-06-30,Other,1.3948747405589046,-0.8723481244245759
Cutoff +1m,1,127,2023 Q3,2024 Q2,inflation,3,0.1848683160626889,MIDAS (trend),2024-06-30,Other,1.3948747405589046,-1.2100064244962156
Cutoff +1m,1,127,2023 Q3,2024 Q2,inflation,3,1.3347611855587551,MIDAS-Latent,2024-06-30,Other,1.3948747405589046,-0.0601135550001492
Cutoff +1m,1,127,2023 Q3,2024 Q2,inflation,3,1.3399708593774926,MIDAS-Latent (trend),2024-06-30,Other,1.3948747405589046,-0.0549038811814119
Cutoff +1m,1,127,2023 Q3,2024 Q3,inflation,4,0.8312440941737294,AR(2),2024-09-30,1-year ahead,0.0458441151209854,0.785399979052744
Cutoff +1m,1,127,2023 Q3,2024 Q3,inflation,4,0.0290380022129876,MF-VAR,2024-09-30,1-year ahead,0.0458441151209854,-0.0168061129079977
Cutoff +1m,1,127,2023 Q3,2024 Q3,inflation,4,1.5828892961494996,MF-VAR (manual),2024-09-30,1-year ahead,0.0458441151209854,1.5370451810285142
Cutoff +1m,1,127,2023 Q3,2024 Q3,inflation,4,0.7157726845511245,MIDAS,2024-09-30,1-year ahead,0.0458441151209854,0.6699285694301391
Cutoff +1m,1,127,2023 Q3,2024 Q3,inflation,4,0.358689380237438,MIDAS (trend),2024-09-30,1-year ahead,0.0458441151209854,0.3128452651164526
Cutoff +1m,1,127,2023 Q3,2024 Q3,inflation,4,1.3347612090787366,MIDAS-Latent,2024-09-30,1-year ahead,0.0458441151209854,1.2889170939577512
Cutoff +1m,1,127,2023 Q3,2024 Q3,inflation,4,1.3400461438482183,MIDAS-Latent (trend),2024-09-30,1-year ahead,0.0458441151209854,1.2942020287272331
Cutoff +1m,1,128,2023 Q4,2024 Q1,exch_rate,1,-0.0489038857540905,AR(2),2024-03-31,1-step ahead,-0.0520926948589058,0.0031888091048152
Cutoff +1m,1,128,2023 Q4,2024 Q1,exch_rate,1,-0.0365291846060958,MF-VAR,2024-03-31,1-step ahead,-0.0520926948589058,0.0155635102528099
Cutoff +1m,1,128,2023 Q4,2024 Q1,exch_rate,1,0.9452970391666206,MF-VAR (manual),2024-03-31,1-step ahead,-0.0520926948589058,0.9973897340255264
Cutoff +1m,1,128,2023 Q4,2024 Q1,exch_rate,1,-0.0533572939442134,MIDAS,2024-03-31,1-step ahead,-0.0520926948589058,-0.0012645990853075
Cutoff +1m,1,128,2023 Q4,2024 Q1,exch_rate,1,-0.0519330247262385,MIDAS (trend),2024-03-31,1-step ahead,-0.0520926948589058,0.00015967013266736385
Cutoff +1m,1,128,2023 Q4,2024 Q1,exch_rate,1,-0.0487014645746546,MIDAS-Latent,2024-03-31,1-step ahead,-0.0520926948589058,0.0033912302842511
Cutoff +1m,1,128,2023 Q4,2024 Q1,exch_rate,1,-0.0520991551956545,MIDAS-Latent (trend),2024-03-31,1-step ahead,-0.0520926948589058,-6.4603367487259256e-06
Cutoff +1m,1,128,2023 Q4,2024 Q2,exch_rate,2,-0.0467115520635319,AR(2),2024-06-30,Other,-0.0267972086362981,-0.0199143434272338
Cutoff +1m,1,128,2023 Q4,2024 Q2,exch_rate,2,-0.0387602692111466,MF-VAR,2024-06-30,Other,-0.0267972086362981,-0.0119630605748485
Cutoff +1m,1,128,2023 Q4,2024 Q2,exch_rate,2,0.93723522671058,MF-VAR (manual),2024-06-30,Other,-0.0267972086362981,0.9640324353468782
Cutoff +1m,1,128,2023 Q4,2024 Q2,exch_rate,2,-0.0425848107057746,MIDAS,2024-06-30,Other,-0.0267972086362981,-0.0157876020694765
Cutoff +1m,1,128,2023 Q4,2024 Q2,exch_rate,2,-0.0416591392083076,MIDAS (trend),2024-06-30,Other,-0.0267972086362981,-0.0148619305720095
Cutoff +1m,1,128,2023 Q4,2024 Q2,exch_rate,2,-0.0561114794732574,MIDAS-Latent,2024-06-30,Other,-0.0267972086362981,-0.0293142708369593
Cutoff +1m,1,128,2023 Q4,2024 Q2,exch_rate,2,-0.0566719247579297,MIDAS-Latent (trend),2024-06-30,Other,-0.0267972086362981,-0.0298747161216316
Cutoff +1m,1,128,2023 Q4,2024 Q3,exch_rate,3,-0.0500984716128013,AR(2),2024-09-30,Other,-0.0499588177936345,-0.00013965381916679342
Cutoff +1m,1,128,2023 Q4,2024 Q3,exch_rate,3,-0.036833225941644,MF-VAR,2024-09-30,Other,-0.0499588177936345,0.0131255918519905
Cutoff +1m,1,128,2023 Q4,2024 Q3,exch_rate,3,0.9335256643228804,MF-VAR (manual),2024-09-30,Other,-0.0499588177936345,0.9834844821165148
Cutoff +1m,1,128,2023 Q4,2024 Q3,exch_rate,3,-0.0490196997069745,MIDAS,2024-09-30,Other,-0.0499588177936345,0.0009391180866599874
Cutoff +1m,1,128,2023 Q4,2024 Q3,exch_rate,3,-0.0467054005090498,MIDAS (trend),2024-09-30,Other,-0.0499588177936345,0.0032534172845847
Cutoff +1m,1,128,2023 Q4,2024 Q3,exch_rate,3,-0.0579098443880312,MIDAS-Latent,2024-09-30,Other,-0.0499588177936345,-0.0079510265943966
Cutoff +1m,1,128,2023 Q4,2024 Q3,exch_rate,3,-0.0613228034894738,MIDAS-Latent (trend),2024-09-30,Other,-0.0499588177936345,-0.0113639856958392
Cutoff +1m,1,128,2023 Q4,2024 Q4,exch_rate,4,-0.0495961843930009,AR(2),2024-12-31,1-year ahead,-0.0661682155181257,0.0165720311251247
Cutoff +1m,1,128,2023 Q4,2024 Q4,exch_rate,4,-0.0356806653000497,MF-VAR,2024-12-31,1-year ahead,-0.0661682155181257,0.030487550218076
Cutoff +1m,1,128,2023 Q4,2024 Q4,exch_rate,4,0.928471275350254,MF-VAR (manual),2024-12-31,1-year ahead,-0.0661682155181257,0.9946394908683795
Cutoff +1m,1,128,2023 Q4,2024 Q4,exch_rate,4,-0.0383163925558555,MIDAS,2024-12-31,1-year ahead,-0.0661682155181257,0.0278518229622701
Cutoff +1m,1,128,2023 Q4,2024 Q4,exch_rate,4,-0.0378337850420835,MIDAS (trend),2024-12-31,1-year ahead,-0.0661682155181257,0.0283344304760421
Cutoff +1m,1,128,2023 Q4,2024 Q4,exch_rate,4,-0.0652291646391268,MIDAS-Latent,2024-12-31,1-year ahead,-0.0661682155181257,0.0009390508789988984
Cutoff +1m,1,128,2023 Q4,2024 Q4,exch_rate,4,-0.0659957645718328,MIDAS-Latent (trend),2024-12-31,1-year ahead,-0.0661682155181257,0.00017245094629286806
Cutoff +1m,1,128,2023 Q4,2024 Q1,gdp_growth,1,1.93680300815554,AR(2),2024-03-31,1-step ahead,4.097725749483772,-2.1609227413282315
Cutoff +1m,1,128,2023 Q4,2024 Q1,gdp_growth,1,-0.9662687725062866,MF-VAR,2024-03-31,1-step ahead,4.097725749483772,-5.063994521990058
Cutoff +1m,1,128,2023 Q4,2024 Q1,gdp_growth,1,-0.2219598589782089,MF-VAR (manual),2024-03-31,1-step ahead,4.097725749483772,-4.31968560846198
Cutoff +1m,1,128,2023 Q4,2024 Q1,gdp_growth,1,-1.1030296153352028,MIDAS,2024-03-31,1-step ahead,4.097725749483772,-5.200755364818974
Cutoff +1m,1,128,2023 Q4,2024 Q1,gdp_growth,1,-1.595890762001632,MIDAS (trend),2024-03-31,1-step ahead,4.097725749483772,-5.693616511485404
Cutoff +1m,1,128,2023 Q4,2024 Q1,gdp_growth,1,1.5229658778249595,MIDAS-Latent,2024-03-31,1-step ahead,4.097725749483772,-2.574759871658812
Cutoff +1m,1,128,2023 Q4,2024 Q1,gdp_growth,1,1.4894529532947058,MIDAS-Latent (trend),2024-03-31,1-step ahead,4.097725749483772,-2.6082727961890657
Cutoff +1m,1,128,2023 Q4,2024 Q2,gdp_growth,2,1.824875056582622,AR(2),2024-06-30,Other,1.9600339339092443,-0.1351588773266223
Cutoff +1m,1,128,2023 Q4,2024 Q2,gdp_growth,2,-1.0065239760412832,MF-VAR,2024-06-30,Other,1.9600339339092443,-2.9665579099505277
Cutoff +1m,1,128,2023 Q4,2024 Q2,gdp_growth,2,0.4828967840726356,MF-VAR (manual),2024-06-30,Other,1.9600339339092443,-1.4771371498366086
Cutoff +1m,1,128,2023 Q4,2024 Q2,gdp_growth,2,3.039757700459365,MIDAS,2024-06-30,Other,1.9600339339092443,1.0797237665501211
Cutoff +1m,1,128,2023 Q4,2024 Q2,gdp_growth,2,2.570168244476464,MIDAS (trend),2024-06-30,Other,1.9600339339092443,0.6101343105672199
Cutoff +1m,1,128,2023 Q4,2024 Q2,gdp_growth,2,1.531740603608892,MIDAS-Latent,2024-06-30,Other,1.9600339339092443,-0.4282933303003522
Cutoff +1m,1,128,2023 Q4,2024 Q2,gdp_growth,2,1.4976474837413525,MIDAS-Latent (trend),2024-06-30,Other,1.9600339339092443,-0.462386450167892
Cutoff +1m,1,128,2023 Q4,2024 Q3,gdp_growth,3,1.768431553178856,AR(2),2024-09-30,Other,1.7249375962080649,0.0434939569707912
Cutoff +1m,1,128,2023 Q4,2024 Q3,gdp_growth,3,0.359937798976224,MF-VAR,2024-09-30,Other,1.7249375962080649,-1.3649997972318408
Cutoff +1m,1,128,2023 Q4,2024 Q3,gdp_growth,3,1.5656321061116751,MF-VAR (manual),2024-09-30,Other,1.7249375962080649,-0.1593054900963897
Cutoff +1m,1,128,2023 Q4,2024 Q3,gdp_growth,3,2.977633116139967,MIDAS,2024-09-30,Other,1.7249375962080649,1.252695519931902
Cutoff +1m,1,128,2023 Q4,2024 Q3,gdp_growth,3,2.4837409901667686,MIDAS (trend),2024-09-30,Other,1.7249375962080649,0.7588033939587038
Cutoff +1m,1,128,2023 Q4,2024 Q3,gdp_growth,3,1.5397460924424031,MIDAS-Latent,2024-09-30,Other,1.7249375962080649,-0.1851915037656617
Cutoff +1m,1,128,2023 Q4,2024 Q3,gdp_growth,3,1.5046259254601535,MIDAS-Latent (trend),2024-09-30,Other,1.7249375962080649,-0.2203116707479111
Cutoff +1m,1,128,2023 Q4,2024 Q4,gdp_growth,4,1.7795385136049149,AR(2),2024-12-31,1-year ahead,1.3156274812899935,0.4639110323149211
Cutoff +1m,1,128,2023 Q4,2024 Q4,gdp_growth,4,1.0157466979372525,MF-VAR,2024-12-31,1-year ahead,1.3156274812899935,-0.2998807833527412
Cutoff +1m,1,128,2023 Q4,2024 Q4,gdp_growth,4,1.7979094141444354,MF-VAR (manual),2024-12-31,1-year ahead,1.3156274812899935,0.4822819328544416
Cutoff +1m,1,128,2023 Q4,2024 Q4,gdp_growth,4,3.1041678149800216,MIDAS,2024-12-31,1-year ahead,1.3156274812899935,1.788540333690028
Cutoff +1m,1,128,2023 Q4,2024 Q4,gdp_growth,4,2.6066419431991976,MIDAS (trend),2024-12-31,1-year ahead,1.3156274812899935,1.291014461909204
Cutoff +1m,1,128,2023 Q4,2024 Q4,gdp_growth,4,1.53986474789976,MIDAS-Latent,2024-12-31,1-year ahead,1.3156274812899935,0.2242372666097662
Cutoff +1m,1,128,2023 Q4,2024 Q4,gdp_growth,4,1.504201360190621,MIDAS-Latent (trend),2024-12-31,1-year ahead,1.3156274812899935,0.1885738789006272
Cutoff +1m,1,128,2023 Q4,2024 Q1,inflation,1,1.2052009593604454,AR(2),2024-03-31,1-step ahead,1.20167733791412,0.0035236214463254
Cutoff +1m,1,128,2023 Q4,2024 Q1,inflation,1,0.1570251818843671,MF-VAR,2024-03-31,1-step ahead,1.20167733791412,-1.0446521560297528
Cutoff +1m,1,128,2023 Q4,2024 Q1,inflation,1,1.4136784136107907,MF-VAR (manual),2024-03-31,1-step ahead,1.20167733791412,0.2120010756966708
Cutoff +1m,1,128,2023 Q4,2024 Q1,inflation,1,0.6854150095411448,MIDAS,2024-03-31,1-step ahead,1.20167733791412,-0.5162623283729751
Cutoff +1m,1,128,2023 Q4,2024 Q1,inflation,1,0.4681158587972717,MIDAS (trend),2024-03-31,1-step ahead,1.20167733791412,-0.7335614791168482
Cutoff +1m,1,128,2023 Q4,2024 Q1,inflation,1,1.6374603312987484,MIDAS-Latent,2024-03-31,1-step ahead,1.20167733791412,0.4357829933846284
Cutoff +1m,1,128,2023 Q4,2024 Q1,inflation,1,1.6430675382611506,MIDAS-Latent (trend),2024-03-31,1-step ahead,1.20167733791412,0.4413902003470307
Cutoff +1m,1,128,2023 Q4,2024 Q2,inflation,2,1.075100988423929,AR(2),2024-06-30,Other,1.3948747405589046,-0.3197737521349755
Cutoff +1m,1,128,2023 Q4,2024 Q2,inflation,2,0.1462582318729155,MF-VAR,2024-06-30,Other,1.3948747405589046,-1.248616508685989
Cutoff +1m,1,128,2023 Q4,2024 Q2,inflation,2,1.4591727912949872,MF-VAR (manual),2024-06-30,Other,1.3948747405589046,0.0642980507360826
Cutoff +1m,1,128,2023 Q4,2024 Q2,inflation,2,1.034994160961021,MIDAS,2024-06-30,Other,1.3948747405589046,-0.3598805795978836
Cutoff +1m,1,128,2023 Q4,2024 Q2,inflation,2,0.815147793728173,MIDAS (trend),2024-06-30,Other,1.3948747405589046,-0.5797269468307316
Cutoff +1m,1,128,2023 Q4,2024 Q2,inflation,2,1.6382327141167672,MIDAS-Latent,2024-06-30,Other,1.3948747405589046,0.2433579735578626
Cutoff +1m,1,128,2023 Q4,2024 Q2,inflation,2,1.6440092045099577,MIDAS-Latent (trend),2024-06-30,Other,1.3948747405589046,0.2491344639510531
Cutoff +1m,1,128,2023 Q4,2024 Q3,inflation,3,0.9695400567796272,AR(2),2024-09-30,Other,0.0458441151209854,0.9236959416586416
Cutoff +1m,1,128,2023 Q4,2024 Q3,inflation,3,-0.0838221651511158,MF-VAR,2024-09-30,Other,0.0458441151209854,-0.1296662802721012
Cutoff +1m,1,128,2023 Q4,2024 Q3,inflation,3,1.4769242379192202,MF-VAR (manual),2024-09-30,Other,0.0458441151209854,1.4310801227982348
Cutoff +1m,1,128,2023 Q4,2024 Q3,inflation,3,0.6875770826067356,MIDAS,2024-09-30,Other,0.0458441151209854,0.6417329674857501
Cutoff +1m,1,128,2023 Q4,2024 Q3,inflation,3,0.3966163206000815,MIDAS (trend),2024-09-30,Other,0.0458441151209854,0.3507722054790961
Cutoff +1m,1,128,2023 Q4,2024 Q3,inflation,3,1.6384802591100611,MIDAS-Latent,2024-09-30,Other,0.0458441151209854,1.592636143989076
Cutoff +1m,1,128,2023 Q4,2024 Q3,inflation,3,1.6443834298122493,MIDAS-Latent (trend),2024-09-30,Other,0.0458441151209854,1.598539314691264
Cutoff +1m,1,128,2023 Q4,2024 Q4,inflation,4,0.902086364923916,AR(2),2024-12-31,1-year ahead,-0.0252750777541166,0.9273614426780328
Cutoff +1m,1,128,2023 Q4,2024 Q4,inflation,4,-0.0185832837628042,MF-VAR,2024-12-31,1-year ahead,-0.0252750777541166,0.0066917939913123
Cutoff +1m,1,128,2023 Q4,2024 Q4,inflation,4,1.5607871486978913,MF-VAR (manual),2024-12-31,1-year ahead,-0.0252750777541166,1.586062226452008
Cutoff +1m,1,128,2023 Q4,2024 Q4,inflation,4,0.8287024918151522,MIDAS,2024-12-31,1-year ahead,-0.0252750777541166,0.8539775695692688
Cutoff +1m,1,128,2023 Q4,2024 Q4,inflation,4,0.5271937081435618,MIDAS (trend),2024-12-31,1-year ahead,-0.0252750777541166,0.5524687858976784
Cutoff +1m,1,128,2023 Q4,2024 Q4,inflation,4,1.638482349524503,MIDAS-Latent,2024-12-31,1-year ahead,-0.0252750777541166,1.6637574272786193
Cutoff +1m,1,128,2023 Q4,2024 Q4,inflation,4,1.6444679882205764,MIDAS-Latent (trend),2024-12-31,1-year ahead,-0.0252750777541166,1.669743065974693
Cutoff +1m,1,129,2024 Q1,2024 Q2,exch_rate,1,-0.0503391687370321,AR(2),2024-06-30,1-step ahead,-0.0267972086362981,-0.023541960100734
Cutoff +1m,1,129,2024 Q1,2024 Q2,exch_rate,1,-0.016427275632383,MF-VAR,2024-06-30,1-step ahead,-0.0267972086362981,0.010369933003915
Cutoff +1m,1,129,2024 Q1,2024 Q2,exch_rate,1,0.9543201109925312,MF-VAR (manual),2024-06-30,1-step ahead,-0.0267972086362981,0.9811173196288294
Cutoff +1m,1,129,2024 Q1,2024 Q2,exch_rate,1,-0.0454636938989445,MIDAS,2024-06-30,1-step ahead,-0.0267972086362981,-0.0186664852626464
Cutoff +1m,1,129,2024 Q1,2024 Q2,exch_rate,1,-0.0440239453102885,MIDAS (trend),2024-06-30,1-step ahead,-0.0267972086362981,-0.0172267366739903
Cutoff +1m,1,129,2024 Q1,2024 Q2,exch_rate,1,-0.0562844063090284,MIDAS-Latent,2024-06-30,1-step ahead,-0.0267972086362981,-0.0294871976727303
Cutoff +1m,1,129,2024 Q1,2024 Q2,exch_rate,1,-0.0677134941599167,MIDAS-Latent (trend),2024-06-30,1-step ahead,-0.0267972086362981,-0.0409162855236186
Cutoff +1m,1,129,2024 Q1,2024 Q3,exch_rate,2,-0.0536176865375309,AR(2),2024-09-30,Other,-0.0499588177936345,-0.0036588687438964
Cutoff +1m,1,129,2024 Q1,2024 Q3,exch_rate,2,-0.0239971850084856,MF-VAR,2024-09-30,Other,-0.0499588177936345,0.0259616327851489
Cutoff +1m,1,129,2024 Q1,2024 Q3,exch_rate,2,0.947939425965468,MF-VAR (manual),2024-09-30,Other,-0.0499588177936345,0.9978982437591024
Cutoff +1m,1,129,2024 Q1,2024 Q3,exch_rate,2,-0.0588256414986299,MIDAS,2024-09-30,Other,-0.0499588177936345,-0.0088668237049954
Cutoff +1m,1,129,2024 Q1,2024 Q3,exch_rate,2,-0.0571048002367861,MIDAS (trend),2024-09-30,Other,-0.0499588177936345,-0.0071459824431516
Cutoff +1m,1,129,2024 Q1,2024 Q3,exch_rate,2,-0.0614268612811625,MIDAS-Latent,2024-09-30,Other,-0.0499588177936345,-0.011468043487528
Cutoff +1m,1,129,2024 Q1,2024 Q3,exch_rate,2,-0.0723600309886728,MIDAS-Latent (trend),2024-09-30,Other,-0.0499588177936345,-0.0224012131950382
Cutoff +1m,1,129,2024 Q1,2024 Q4,exch_rate,3,-0.0529101532783102,AR(2),2024-12-31,Other,-0.0661682155181257,0.0132580622398154
Cutoff +1m,1,129,2024 Q1,2024 Q4,exch_rate,3,-0.0199372927743213,MF-VAR,2024-12-31,Other,-0.0661682155181257,0.0462309227438044
Cutoff +1m,1,129,2024 Q1,2024 Q4,exch_rate,3,0.9431413823427398,MF-VAR (manual),2024-12-31,Other,-0.0661682155181257,1.0093095978608655
Cutoff +1m,1,129,2024 Q1,2024 Q4,exch_rate,3,-0.0522412936010645,MIDAS,2024-12-31,Other,-0.0661682155181257,0.0139269219170611
Cutoff +1m,1,129,2024 Q1,2024 Q4,exch_rate,3,-0.0502375156961468,MIDAS (trend),2024-12-31,Other,-0.0661682155181257,0.0159306998219788
Cutoff +1m,1,129,2024 Q1,2024 Q4,exch_rate,3,-0.0655627377095189,MIDAS-Latent,2024-12-31,Other,-0.0661682155181257,0.0006054778086067442
Cutoff +1m,1,129,2024 Q1,2024 Q4,exch_rate,3,-0.0766128983511653,MIDAS-Latent (trend),2024-12-31,Other,-0.0661682155181257,-0.0104446828330396
Cutoff +1m,1,129,2024 Q1,2025 Q1,exch_rate,4,-0.0542225879380386,AR(2),2025-03-31,1-year ahead,-0.0556309255821735,0.0014083376441349
Cutoff +1m,1,129,2024 Q1,2025 Q1,exch_rate,4,-0.0204890895522119,MF-VAR,2025-03-31,1-year ahead,-0.0556309255821735,0.0351418360299615
Cutoff +1m,1,129,2024 Q1,2025 Q1,exch_rate,4,0.9380521123509964,MF-VAR (manual),2025-03-31,1-year ahead,-0.0556309255821735,0.99368303793317
Cutoff +1m,1,129,2024 Q1,2025 Q1,exch_rate,4,-0.0655132348961042,MIDAS,2025-03-31,1-year ahead,-0.0556309255821735,-0.0098823093139306
Cutoff +1m,1,129,2024 Q1,2025 Q1,exch_rate,4,-0.0625723765396319,MIDAS (trend),2025-03-31,1-year ahead,-0.0556309255821735,-0.0069414509574583
Cutoff +1m,1,129,2024 Q1,2025 Q1,exch_rate,4,-0.0706366934329052,MIDAS-Latent,2025-03-31,1-year ahead,-0.0556309255821735,-0.0150057678507317
Cutoff +1m,1,129,2024 Q1,2025 Q1,exch_rate,4,-0.0812808166424383,MIDAS-Latent (trend),2025-03-31,1-year ahead,-0.0556309255821735,-0.0256498910602648
Cutoff +1m,1,129,2024 Q1,2024 Q2,gdp_growth,1,1.6934210761901496,AR(2),2024-06-30,1-step ahead,1.9600339339092443,-0.2666128577190947
Cutoff +1m,1,129,2024 Q1,2024 Q2,gdp_growth,1,1.7587428022956006,MF-VAR,2024-06-30,1-step ahead,1.9600339339092443,-0.2012911316136436
Cutoff +1m,1,129,2024 Q1,2024 Q2,gdp_growth,1,7.092477071816337,MF-VAR (manual),2024-06-30,1-step ahead,1.9600339339092443,5.132443137907092
Cutoff +1m,1,129,2024 Q1,2024 Q2,gdp_growth,1,3.9811810773482494,MIDAS,2024-06-30,1-step ahead,1.9600339339092443,2.021147143439005
Cutoff +1m,1,129,2024 Q1,2024 Q2,gdp_growth,1,3.6468331704952512,MIDAS (trend),2024-06-30,1-step ahead,1.9600339339092443,1.686799236586007
Cutoff +1m,1,129,2024 Q1,2024 Q2,gdp_growth,1,2.876628501190307,MIDAS-Latent,2024-06-30,1-step ahead,1.9600339339092443,0.9165945672810628
Cutoff +1m,1,129,2024 Q1,2024 Q2,gdp_growth,1,2.8665227859687485,MIDAS-Latent (trend),2024-06-30,1-step ahead,1.9600339339092443,0.9064888520595042
Cutoff +1m,1,129,2024 Q1,2024 Q3,gdp_growth,2,1.656860338626977,AR(2),2024-09-30,Other,1.7249375962080649,-0.0680772575810881
Cutoff +1m,1,129,2024 Q1,2024 Q3,gdp_growth,2,1.7416226217614217,MF-VAR,2024-09-30,Other,1.7249375962080649,0.0166850255533568
Cutoff +1m,1,129,2024 Q1,2024 Q3,gdp_growth,2,7.991692393068547,MF-VAR (manual),2024-09-30,Other,1.7249375962080649,6.266754796860482
Cutoff +1m,1,129,2024 Q1,2024 Q3,gdp_growth,2,2.2377267124301508,MIDAS,2024-09-30,Other,1.7249375962080649,0.5127891162220859
Cutoff +1m,1,129,2024 Q1,2024 Q3,gdp_growth,2,1.8911444430209003,MIDAS (trend),2024-09-30,Other,1.7249375962080649,0.1662068468128354
Cutoff +1m,1,129,2024 Q1,2024 Q3,gdp_growth,2,2.904586968860514,MIDAS-Latent,2024-09-30,Other,1.7249375962080649,1.1796493726524493
Cutoff +1m,1,129,2024 Q1,2024 Q3,gdp_growth,2,2.894236049853105,MIDAS-Latent (trend),2024-09-30,Other,1.7249375962080649,1.16929845364504
Cutoff +1m,1,129,2024 Q1,2024 Q4,gdp_growth,3,1.8165414227443968,AR(2),2024-12-31,Other,1.3156274812899935,0.5009139414544028
Cutoff +1m,1,129,2024 Q1,2024 Q4,gdp_growth,3,0.9764950838671896,MF-VAR,2024-12-31,Other,1.3156274812899935,-0.3391323974228042
Cutoff +1m,1,129,2024 Q1,2024 Q4,gdp_growth,3,7.045831048283605,MF-VAR (manual),2024-12-31,Other,1.3156274812899935,5.730203566993612
Cutoff +1m,1,129,2024 Q1,2024 Q4,gdp_growth,3,2.2347043887738134,MIDAS,2024-12-31,Other,1.3156274812899935,0.9190769074838196
Cutoff +1m,1,129,2024 Q1,2024 Q4,gdp_growth,3,1.8739908808893044,MIDAS (trend),2024-12-31,Other,1.3156274812899935,0.5583633995993107
Cutoff +1m,1,129,2024 Q1,2024 Q4,gdp_growth,3,2.8938062866510736,MIDAS-Latent,2024-12-31,Other,1.3156274812899935,1.57817880536108
Cutoff +1m,1,129,2024 Q1,2024 Q4,gdp_growth,3,2.883241561082796,MIDAS-Latent (trend),2024-12-31,Other,1.3156274812899935,1.5676140797928024
Cutoff +1m,1,129,2024 Q1,2025 Q1,gdp_growth,4,1.8076166108181853,AR(2),2025-03-31,1-year ahead,2.243007314440604,-0.4353907036224185
Cutoff +1m,1,129,2024 Q1,2025 Q1,gdp_growth,4,0.9079487154174334,MF-VAR,2025-03-31,1-year ahead,2.243007314440604,-1.3350585990231705
Cutoff +1m,1,129,2024 Q1,2025 Q1,gdp_growth,4,8.542310375513312,MF-VAR (manual),2025-03-31,1-year ahead,2.243007314440604,6.299303061072708
Cutoff +1m,1,129,2024 Q1,2025 Q1,gdp_growth,4,2.1894918254340743,MIDAS,2025-03-31,1-year ahead,2.243007314440604,-0.0535154890065294
Cutoff +1m,1,129,2024 Q1,2025 Q1,gdp_growth,4,1.8227926151977272,MIDAS (trend),2025-03-31,1-year ahead,2.243007314440604,-0.4202146992428766
Cutoff +1m,1,129,2024 Q1,2025 Q1,gdp_growth,4,2.894053123138041,MIDAS-Latent,2025-03-31,1-year ahead,2.243007314440604,0.6510458086974378
Cutoff +1m,1,129,2024 Q1,2025 Q1,gdp_growth,4,2.883327119768529,MIDAS-Latent (trend),2025-03-31,1-year ahead,2.243007314440604,0.6403198053279251
Cutoff +1m,1,129,2024 Q1,2024 Q2,inflation,1,1.074861853522473,AR(2),2024-06-30,1-step ahead,1.3948747405589046,-0.3200128870364316
Cutoff +1m,1,129,2024 Q1,2024 Q2,inflation,1,0.5477999674260032,MF-VAR,2024-06-30,1-step ahead,1.3948747405589046,-0.8470747731329014
Cutoff +1m,1,129,2024 Q1,2024 Q2,inflation,1,1.257078844622356,MF-VAR (manual),2024-06-30,1-step ahead,1.3948747405589046,-0.1377958959365486
Cutoff +1m,1,129,2024 Q1,2024 Q2,inflation,1,1.169150434416801,MIDAS,2024-06-30,1-step ahead,1.3948747405589046,-0.2257243061421032
Cutoff +1m,1,129,2024 Q1,2024 Q2,inflation,1,0.9745479753642036,MIDAS (trend),2024-06-30,1-step ahead,1.3948747405589046,-0.4203267651947011
Cutoff +1m,1,129,2024 Q1,2024 Q2,inflation,1,0.8647612074496581,MIDAS-Latent,2024-06-30,1-step ahead,1.3948747405589046,-0.5301135331092465
Cutoff +1m,1,129,2024 Q1,2024 Q2,inflation,1,0.8821380368262276,MIDAS-Latent (trend),2024-06-30,1-step ahead,1.3948747405589046,-0.512736703732677
Cutoff +1m,1,129,2024 Q1,2024 Q3,inflation,2,0.970475422528216,AR(2),2024-09-30,Other,0.0458441151209854,0.9246313074072304
Cutoff +1m,1,129,2024 Q1,2024 Q3,inflation,2,0.5578366199619844,MF-VAR,2024-09-30,Other,0.0458441151209854,0.511992504840999
Cutoff +1m,1,129,2024 Q1,2024 Q3,inflation,2,1.378080239525429,MF-VAR (manual),2024-09-30,Other,0.0458441151209854,1.3322361244044436
Cutoff +1m,1,129,2024 Q1,2024 Q3,inflation,2,0.926879175595858,MIDAS,2024-09-30,Other,0.0458441151209854,0.8810350604748726
Cutoff +1m,1,129,2024 Q1,2024 Q3,inflation,2,0.7338488631524208,MIDAS (trend),2024-09-30,Other,0.0458441151209854,0.6880047480314354
Cutoff +1m,1,129,2024 Q1,2024 Q3,inflation,2,0.8649398664232372,MIDAS-Latent,2024-09-30,Other,0.0458441151209854,0.8190957513022518
Cutoff +1m,1,129,2024 Q1,2024 Q3,inflation,2,0.8822483982426801,MIDAS-Latent (trend),2024-09-30,Other,0.0458441151209854,0.8364042831216947
Cutoff +1m,1,129,2024 Q1,2024 Q4,inflation,3,0.9039389621192032,AR(2),2024-12-31,Other,-0.0252750777541166,0.92921403987332
Cutoff +1m,1,129,2024 Q1,2024 Q4,inflation,3,0.1125406439924363,MF-VAR,2024-12-31,Other,-0.0252750777541166,0.137815721746553
Cutoff +1m,1,129,2024 Q1,2024 Q4,inflation,3,1.3113463166825303,MF-VAR (manual),2024-12-31,Other,-0.0252750777541166,1.336621394436647
Cutoff +1m,1,129,2024 Q1,2024 Q4,inflation,3,0.9137280821195822,MIDAS,2024-12-31,Other,-0.0252750777541166,0.9390031598736988
Cutoff +1m,1,129,2024 Q1,2024 Q4,inflation,3,0.6428710288513264,MIDAS (trend),2024-12-31,Other,-0.0252750777541166,0.668146106605443
Cutoff +1m,1,129,2024 Q1,2024 Q4,inflation,3,0.8651146846717288,MIDAS-Latent,2024-12-31,Other,-0.0252750777541166,0.8903897624258454
Cutoff +1m,1,129,2024 Q1,2024 Q4,inflation,3,0.8823694575272794,MIDAS-Latent (trend),2024-12-31,Other,-0.0252750777541166,0.907644535281396
Cutoff +1m,1,129,2024 Q1,2025 Q1,inflation,4,0.8586123290565986,AR(2),2025-03-31,1-year ahead,0.0204794402812069,0.8381328887753916
Cutoff +1m,1,129,2024 Q1,2025 Q1,inflation,4,0.05952125633499,MF-VAR,2025-03-31,1-year ahead,0.0204794402812069,0.039041816053783
Cutoff +1m,1,129,2024 Q1,2025 Q1,inflation,4,1.246988307924534,MF-VAR (manual),2025-03-31,1-year ahead,0.0204794402812069,1.226508867643327
Cutoff +1m,1,129,2024 Q1,2025 Q1,inflation,4,0.8157743383323236,MIDAS,2025-03-31,1-year ahead,0.0204794402812069,0.7952948980511166
Cutoff +1m,1,129,2024 Q1,2025 Q1,inflation,4,0.5466297292811679,MIDAS (trend),2025-03-31,1-year ahead,0.0204794402812069,0.526150288999961
Cutoff +1m,1,129,2024 Q1,2025 Q1,inflation,4,0.8651145919695813,MIDAS-Latent,2025-03-31,1-year ahead,0.0204794402812069,0.8446351516883743
Cutoff +1m,1,129,2024 Q1,2025 Q1,inflation,4,0.8826285205818466,MIDAS-Latent (trend),2025-03-31,1-year ahead,0.0204794402812069,0.8621490803006396
Cutoff +1m,1,130,2024 Q2,2024 Q3,exch_rate,1,-0.0265882633177475,AR(2),2024-09-30,1-step ahead,-0.0499588177936345,0.023370554475887
Cutoff +1m,1,130,2024 Q2,2024 Q3,exch_rate,1,-0.0158735524198635,MF-VAR,2024-09-30,1-step ahead,-0.0499588177936345,0.0340852653737709
Cutoff +1m,1,130,2024 Q2,2024 Q3,exch_rate,1,0.9731153298587152,MF-VAR (manual),2024-09-30,1-step ahead,-0.0499588177936345,1.0230741476523495
Cutoff +1m,1,130,2024 Q2,2024 Q3,exch_rate,1,-0.0665456784775053,MIDAS,2024-09-30,1-step ahead,-0.0499588177936345,-0.0165868606838708
Cutoff +1m,1,130,2024 Q2,2024 Q3,exch_rate,1,-0.0643997764982967,MIDAS (trend),2024-09-30,1-step ahead,-0.0499588177936345,-0.0144409587046621
Cutoff +1m,1,130,2024 Q2,2024 Q3,exch_rate,1,-0.0593779142650488,MIDAS-Latent,2024-09-30,1-step ahead,-0.0499588177936345,-0.0094190964714142
Cutoff +1m,1,130,2024 Q2,2024 Q3,exch_rate,1,-0.0350713032430359,MIDAS-Latent (trend),2024-09-30,1-step ahead,-0.0499588177936345,0.0148875145505986
Cutoff +1m,1,130,2024 Q2,2024 Q4,exch_rate,2,-0.0267514677692005,AR(2),2024-12-31,Other,-0.0661682155181257,0.0394167477489251
Cutoff +1m,1,130,2024 Q2,2024 Q4,exch_rate,2,-0.0191907437529333,MF-VAR,2024-12-31,Other,-0.0661682155181257,0.0469774717651923
Cutoff +1m,1,130,2024 Q2,2024 Q4,exch_rate,2,0.968034236811876,MF-VAR (manual),2024-12-31,Other,-0.0661682155181257,1.0342024523300015
Cutoff +1m,1,130,2024 Q2,2024 Q4,exch_rate,2,-0.0368861348409365,MIDAS,2024-12-31,Other,-0.0661682155181257,0.0292820806771891
Cutoff +1m,1,130,2024 Q2,2024 Q4,exch_rate,2,-0.0375270427741382,MIDAS (trend),2024-12-31,Other,-0.0661682155181257,0.0286411727439874
Cutoff +1m,1,130,2024 Q2,2024 Q4,exch_rate,2,-0.0344018582738643,MIDAS-Latent,2024-12-31,Other,-0.0661682155181257,0.0317663572442613
Cutoff +1m,1,130,2024 Q2,2024 Q4,exch_rate,2,-0.040941957623632,MIDAS-Latent (trend),2024-12-31,Other,-0.0661682155181257,0.0252262578944936
Cutoff +1m,1,130,2024 Q2,2025 Q1,exch_rate,3,-0.0297871270725484,AR(2),2025-03-31,Other,-0.0556309255821735,0.025843798509625
Cutoff +1m,1,130,2024 Q2,2025 Q1,exch_rate,3,-0.016612580869564,MF-VAR,2025-03-31,Other,-0.0556309255821735,0.0390183447126094
Cutoff +1m,1,130,2024 Q2,2025 Q1,exch_rate,3,0.9641570268770476,MF-VAR (manual),2025-03-31,Other,-0.0556309255821735,1.019787952459221
Cutoff +1m,1,130,2024 Q2,2025 Q1,exch_rate,3,-0.0763158112699312,MIDAS,2025-03-31,Other,-0.0556309255821735,-0.0206848856877577
Cutoff +1m,1,130,2024 Q2,2025 Q1,exch_rate,3,-0.0720743352390886,MIDAS (trend),2025-03-31,Other,-0.0556309255821735,-0.016443409656915
Cutoff +1m,1,130,2024 Q2,2025 Q1,exch_rate,3,-0.066571136257092,MIDAS-Latent,2025-03-31,Other,-0.0556309255821735,-0.0109402106749185
Cutoff +1m,1,130,2024 Q2,2025 Q1,exch_rate,3,-0.045462636598561,MIDAS-Latent (trend),2025-03-31,Other,-0.0556309255821735,0.0101682889836124
Cutoff +1m,1,130,2024 Q2,2025 Q2,exch_rate,4,-0.0301041172986884,AR(2),2025-06-30,1-year ahead,-0.0649137026204541,0.0348095853217656
Cutoff +1m,1,130,2024 Q2,2025 Q2,exch_rate,4,-0.0134717218239223,MF-VAR,2025-06-30,1-year ahead,-0.0649137026204541,0.0514419807965318
Cutoff +1m,1,130,2024 Q2,2025 Q2,exch_rate,4,0.9593568744402275,MF-VAR (manual),2025-06-30,1-year ahead,-0.0649137026204541,1.024270577060682
Cutoff +1m,1,130,2024 Q2,2025 Q2,exch_rate,4,-0.0468941451455872,MIDAS,2025-06-30,1-year ahead,-0.0649137026204541,0.0180195574748669
Cutoff +1m,1,130,2024 Q2,2025 Q2,exch_rate,4,-0.048172884570097,MIDAS (trend),2025-06-30,1-year ahead,-0.0649137026204541,0.0167408180503571
Cutoff +1m,1,130,2024 Q2,2025 Q2,exch_rate,4,-0.0419104767471254,MIDAS-Latent,2025-06-30,1-year ahead,-0.0649137026204541,0.0230032258733286
Cutoff +1m,1,130,2024 Q2,2025 Q2,exch_rate,4,-0.0500799681117143,MIDAS-Latent (trend),2025-06-30,1-year ahead,-0.0649137026204541,0.0148337345087398
Cutoff +1m,1,130,2024 Q2,2024 Q3,gdp_growth,1,1.639321662007699,AR(2),2024-09-30,1-step ahead,1.7249375962080649,-0.0856159342003661
Cutoff +1m,1,130,2024 Q2,2024 Q3,gdp_growth,1,0.9553396231301532,MF-VAR,2024-09-30,1-step ahead,1.7249375962080649,-0.7695979730779117
Cutoff +1m,1,130,2024 Q2,2024 Q3,gdp_growth,1,1.1498156928516576,MF-VAR (manual),2024-09-30,1-step ahead,1.7249375962080649,-0.5751219033564072
Cutoff +1m,1,130,2024 Q2,2024 Q3,gdp_growth,1,0.9306252385692124,MIDAS,2024-09-30,1-step ahead,1.7249375962080649,-0.7943123576388523
Cutoff +1m,1,130,2024 Q2,2024 Q3,gdp_growth,1,0.5267134990492001,MIDAS (trend),2024-09-30,1-step ahead,1.7249375962080649,-1.198224097158865
Cutoff +1m,1,130,2024 Q2,2024 Q3,gdp_growth,1,2.2846286980265544,MIDAS-Latent,2024-09-30,1-step ahead,1.7249375962080649,0.5596911018184896
Cutoff +1m,1,130,2024 Q2,2024 Q3,gdp_growth,1,2.2891597712956013,MIDAS-Latent (trend),2024-09-30,1-step ahead,1.7249375962080649,0.5642221750875365
Cutoff +1m,1,130,2024 Q2,2024 Q4,gdp_growth,2,1.8017475659958448,AR(2),2024-12-31,Other,1.3156274812899935,0.4861200847058509
Cutoff +1m,1,130,2024 Q2,2024 Q4,gdp_growth,2,0.9454783693426754,MF-VAR,2024-12-31,Other,1.3156274812899935,-0.3701491119473183
Cutoff +1m,1,130,2024 Q2,2024 Q4,gdp_growth,2,0.9251290821108028,MF-VAR (manual),2024-12-31,Other,1.3156274812899935,-0.390498399179191
Cutoff +1m,1,130,2024 Q2,2024 Q4,gdp_growth,2,1.8743857290961337,MIDAS,2024-12-31,Other,1.3156274812899935,0.5587582478061401
Cutoff +1m,1,130,2024 Q2,2024 Q4,gdp_growth,2,1.4700465644196008,MIDAS (trend),2024-12-31,Other,1.3156274812899935,0.154419083129607
Cutoff +1m,1,130,2024 Q2,2024 Q4,gdp_growth,2,2.258533124191604,MIDAS-Latent,2024-12-31,Other,1.3156274812899935,0.9429056429016098
Cutoff +1m,1,130,2024 Q2,2024 Q4,gdp_growth,2,2.2631083665570406,MIDAS-Latent (trend),2024-12-31,Other,1.3156274812899935,0.9474808852670468
Cutoff +1m,1,130,2024 Q2,2025 Q1,gdp_growth,3,1.8112308644141004,AR(2),2025-03-31,Other,2.243007314440604,-0.4317764500265033
Cutoff +1m,1,130,2024 Q2,2025 Q1,gdp_growth,3,0.919541444400183,MF-VAR,2025-03-31,Other,2.243007314440604,-1.3234658700404207
Cutoff +1m,1,130,2024 Q2,2025 Q1,gdp_growth,3,0.7659946432299691,MF-VAR (manual),2025-03-31,Other,2.243007314440604,-1.4770126712106346
Cutoff +1m,1,130,2024 Q2,2025 Q1,gdp_growth,3,1.847683233354436,MIDAS,2025-03-31,Other,2.243007314440604,-0.395324081086168
Cutoff +1m,1,130,2024 Q2,2025 Q1,gdp_growth,3,1.4263855497133051,MIDAS (trend),2025-03-31,Other,2.243007314440604,-0.8166217647272986
Cutoff +1m,1,130,2024 Q2,2025 Q1,gdp_growth,3,2.262495569372779,MIDAS-Latent,2025-03-31,Other,2.243007314440604,0.0194882549321753
Cutoff +1m,1,130,2024 Q2,2025 Q1,gdp_growth,3,2.267200346123911,MIDAS-Latent (trend),2025-03-31,Other,2.243007314440604,0.0241930316833074
Cutoff +1m,1,130,2024 Q2,2025 Q2,gdp_growth,4,1.7999417880837747,AR(2),2025-06-30,1-year ahead,-0.09620412701139,1.8961459150951647
Cutoff +1m,1,130,2024 Q2,2025 Q2,gdp_growth,4,1.072562261251591,MF-VAR,2025-06-30,1-year ahead,-0.09620412701139,1.168766388262981
Cutoff +1m,1,130,2024 Q2,2025 Q2,gdp_growth,4,1.6760997171849987,MF-VAR (manual),2025-06-30,1-year ahead,-0.09620412701139,1.7723038441963888
Cutoff +1m,1,130,2024 Q2,2025 Q2,gdp_growth,4,1.8721640450996229,MIDAS,2025-06-30,1-year ahead,-0.09620412701139,1.968368172111013
Cutoff +1m,1,130,2024 Q2,2025 Q2,gdp_growth,4,1.4448081723433517,MIDAS (trend),2025-06-30,1-year ahead,-0.09620412701139,1.5410122993547417
Cutoff +1m,1,130,2024 Q2,2025 Q2,gdp_growth,4,2.2621770113052344,MIDAS-Latent,2025-06-30,1-year ahead,-0.09620412701139,2.3583811383166244
Cutoff +1m,1,130,2024 Q2,2025 Q2,gdp_growth,4,2.266952222119257,MIDAS-Latent (trend),2025-06-30,1-year ahead,-0.09620412701139,2.3631563491306475
Cutoff +1m,1,130,2024 Q2,2024 Q3,inflation,1,1.1285279579742802,AR(2),2024-09-30,1-step ahead,0.0458441151209854,1.0826838428532948
Cutoff +1m,1,130,2024 Q2,2024 Q3,inflation,1,0.3985258990447149,MF-VAR,2024-09-30,1-step ahead,0.0458441151209854,0.3526817839237295
Cutoff +1m,1,130,2024 Q2,2024 Q3,inflation,1,1.6810202325230894,MF-VAR (manual),2024-09-30,1-step ahead,0.0458441151209854,1.635176117402104
Cutoff +1m,1,130,2024 Q2,2024 Q3,inflation,1,0.8805827002602792,MIDAS,2024-09-30,1-step ahead,0.0458441151209854,0.8347385851392938
Cutoff +1m,1,130,2024 Q2,2024 Q3,inflation,1,0.7012455586225016,MIDAS (trend),2024-09-30,1-step ahead,0.0458441151209854,0.6554014435015162
Cutoff +1m,1,130,2024 Q2,2024 Q3,inflation,1,1.3854610714418498,MIDAS-Latent,2024-09-30,1-step ahead,0.0458441151209854,1.3396169563208644
Cutoff +1m,1,130,2024 Q2,2024 Q3,inflation,1,1.4084586232144198,MIDAS-Latent (trend),2024-09-30,1-step ahead,0.0458441151209854,1.3626145080934344
Cutoff +1m,1,130,2024 Q2,2024 Q4,inflation,2,1.0232629667027502,AR(2),2024-12-31,Other,-0.0252750777541166,1.0485380444568668
Cutoff +1m,1,130,2024 Q2,2024 Q4,inflation,2,0.4071906799674984,MF-VAR,2024-12-31,Other,-0.0252750777541166,0.432465757721615
Cutoff +1m,1,130,2024 Q2,2024 Q4,inflation,2,1.8117294896607965,MF-VAR (manual),2024-12-31,Other,-0.0252750777541166,1.8370045674149127
Cutoff +1m,1,130,2024 Q2,2024 Q4,inflation,2,1.0167097935740692,MIDAS,2024-12-31,Other,-0.0252750777541166,1.0419848713281858
Cutoff +1m,1,130,2024 Q2,2024 Q4,inflation,2,0.8332696135834012,MIDAS (trend),2024-12-31,Other,-0.0252750777541166,0.8585446913375179
Cutoff +1m,1,130,2024 Q2,2024 Q4,inflation,2,1.3859950454581424,MIDAS-Latent,2024-12-31,Other,-0.0252750777541166,1.411270123212259
Cutoff +1m,1,130,2024 Q2,2024 Q4,inflation,2,1.4095588066989706,MIDAS-Latent (trend),2024-12-31,Other,-0.0252750777541166,1.4348338844530872
Cutoff +1m,1,130,2024 Q2,2025 Q1,inflation,3,0.9386330491124244,AR(2),2025-03-31,Other,0.0204794402812069,0.9181536088312175
Cutoff +1m,1,130,2024 Q2,2025 Q1,inflation,3,0.0831250749175488,MF-VAR,2025-03-31,Other,0.0204794402812069,0.0626456346363418
Cutoff +1m,1,130,2024 Q2,2025 Q1,inflation,3,1.5732416063932917,MF-VAR (manual),2025-03-31,Other,0.0204794402812069,1.5527621661120845
Cutoff +1m,1,130,2024 Q2,2025 Q1,inflation,3,0.8082832655657184,MIDAS,2025-03-31,Other,0.0204794402812069,0.7878038252845114
Cutoff +1m,1,130,2024 Q2,2025 Q1,inflation,3,0.5595620195746989,MIDAS (trend),2025-03-31,Other,0.0204794402812069,0.5390825792934919
Cutoff +1m,1,130,2024 Q2,2025 Q1,inflation,3,1.3859690272268532,MIDAS-Latent,2025-03-31,Other,0.0204794402812069,1.3654895869456465
Cutoff +1m,1,130,2024 Q2,2025 Q1,inflation,3,1.4099500048023468,MIDAS-Latent (trend),2025-03-31,Other,0.0204794402812069,1.3894705645211398
Cutoff +1m,1,130,2024 Q2,2025 Q2,inflation,4,0.8842620810634031,AR(2),2025-06-30,1-year ahead,0.0822912331411629,0.8019708479222402
Cutoff +1m,1,130,2024 Q2,2025 Q2,inflation,4,0.0564647374328333,MF-VAR,2025-06-30,1-year ahead,0.0822912331411629,-0.0258264957083296
Cutoff +1m,1,130,2024 Q2,2025 Q2,inflation,4,1.5124538098761624,MF-VAR (manual),2025-06-30,1-year ahead,0.0822912331411629,1.4301625767349997
Cutoff +1m,1,130,2024 Q2,2025 Q2,inflation,4,0.8634513319639218,MIDAS,2025-06-30,1-year ahead,0.0822912331411629,0.7811600988227588
Cutoff +1m,1,130,2024 Q2,2025 Q2,inflation,4,0.6084534369275966,MIDAS (trend),2025-06-30,1-year ahead,0.0822912331411629,0.5261622037864336
Cutoff +1m,1,130,2024 Q2,2025 Q2,inflation,4,1.385970503065794,MIDAS-Latent,2025-06-30,1-year ahead,0.0822912331411629,1.3036792699246311
Cutoff +1m,1,130,2024 Q2,2025 Q2,inflation,4,1.4102919262131013,MIDAS-Latent (trend),2025-06-30,1-year ahead,0.0822912331411629,1.3280006930719384
Cutoff +2m,2,111,2019 Q3,2019 Q4,exch_rate,1,0.0846225119575073,AR(2),2019-12-31,1-step ahead,0.0918965867333566,-0.0072740747758493
Cutoff +2m,2,111,2019 Q3,2019 Q4,exch_rate,1,0.0707313847778474,MF-VAR,2019-12-31,1-step ahead,0.0918965867333566,-0.0211652019555091
Cutoff +2m,2,111,2019 Q3,2019 Q4,exch_rate,1,0.0926929239709492,MF-VAR (manual),2019-12-31,1-step ahead,0.0918965867333566,0.0007963372375926064
Cutoff +2m,2,111,2019 Q3,2019 Q4,exch_rate,1,0.1181201697666216,MIDAS,2019-12-31,1-step ahead,0.0918965867333566,0.0262235830332649
Cutoff +2m,2,111,2019 Q3,2019 Q4,exch_rate,1,0.1126473110151955,MIDAS (trend),2019-12-31,1-step ahead,0.0918965867333566,0.0207507242818388
Cutoff +2m,2,111,2019 Q3,2019 Q4,exch_rate,1,0.1157795585599802,MIDAS-Latent,2019-12-31,1-step ahead,0.0918965867333566,0.0238829718266235
Cutoff +2m,2,111,2019 Q3,2019 Q4,exch_rate,1,0.0961425425102895,MIDAS-Latent (trend),2019-12-31,1-step ahead,0.0918965867333566,0.0042459557769328
Cutoff +2m,2,111,2019 Q3,2020 Q1,exch_rate,2,0.0793145487334452,AR(2),2020-03-31,Other,0.0646818482575237,0.0146327004759214
Cutoff +2m,2,111,2019 Q3,2020 Q1,exch_rate,2,0.0655142283514641,MF-VAR,2020-03-31,Other,0.0646818482575237,0.0008323800939403353
Cutoff +2m,2,111,2019 Q3,2020 Q1,exch_rate,2,0.089389192928088,MF-VAR (manual),2020-03-31,Other,0.0646818482575237,0.0247073446705643
Cutoff +2m,2,111,2019 Q3,2020 Q1,exch_rate,2,0.0889586941906748,MIDAS,2020-03-31,Other,0.0646818482575237,0.024276845933151
Cutoff +2m,2,111,2019 Q3,2020 Q1,exch_rate,2,0.0858882813402294,MIDAS (trend),2020-03-31,Other,0.0646818482575237,0.0212064330827056
Cutoff +2m,2,111,2019 Q3,2020 Q1,exch_rate,2,0.0891339616934597,MIDAS-Latent,2020-03-31,Other,0.0646818482575237,0.0244521134359359
Cutoff +2m,2,111,2019 Q3,2020 Q1,exch_rate,2,0.0923582849289113,MIDAS-Latent (trend),2020-03-31,Other,0.0646818482575237,0.0276764366713875
Cutoff +2m,2,111,2019 Q3,2020 Q2,exch_rate,3,0.0777794718695779,AR(2),2020-06-30,Other,0.0591823910881712,0.0185970807814067
Cutoff +2m,2,111,2019 Q3,2020 Q2,exch_rate,3,0.0560283134326882,MF-VAR,2020-06-30,Other,0.0591823910881712,-0.003154077655483
Cutoff +2m,2,111,2019 Q3,2020 Q2,exch_rate,3,0.0871955037447316,MF-VAR (manual),2020-06-30,Other,0.0591823910881712,0.0280131126565603
Cutoff +2m,2,111,2019 Q3,2020 Q2,exch_rate,3,0.1148727541058815,MIDAS,2020-06-30,Other,0.0591823910881712,0.0556903630177103
Cutoff +2m,2,111,2019 Q3,2020 Q2,exch_rate,3,0.1044784122216863,MIDAS (trend),2020-06-30,Other,0.0591823910881712,0.045296021133515
Cutoff +2m,2,111,2019 Q3,2020 Q2,exch_rate,3,0.1127092131638624,MIDAS-Latent,2020-06-30,Other,0.0591823910881712,0.0535268220756911
Cutoff +2m,2,111,2019 Q3,2020 Q2,exch_rate,3,0.087323243206621,MIDAS-Latent (trend),2020-06-30,Other,0.0591823910881712,0.0281408521184498
Cutoff +2m,2,111,2019 Q3,2020 Q3,exch_rate,4,0.070825228000029,AR(2),2020-09-30,1-year ahead,0.0725464417408555,-0.0017212137408264
Cutoff +2m,2,111,2019 Q3,2020 Q3,exch_rate,4,0.0413669381096644,MF-VAR,2020-09-30,1-year ahead,0.0725464417408555,-0.031179503631191
Cutoff +2m,2,111,2019 Q3,2020 Q3,exch_rate,4,0.0854789520778498,MF-VAR (manual),2020-09-30,1-year ahead,0.0725464417408555,0.0129325103369942
Cutoff +2m,2,111,2019 Q3,2020 Q3,exch_rate,4,0.0863605590977823,MIDAS,2020-09-30,1-year ahead,0.0725464417408555,0.0138141173569268
Cutoff +2m,2,111,2019 Q3,2020 Q3,exch_rate,4,0.0798822023466575,MIDAS (trend),2020-09-30,1-year ahead,0.0725464417408555,0.007335760605802
Cutoff +2m,2,111,2019 Q3,2020 Q3,exch_rate,4,0.0867123596116477,MIDAS-Latent,2020-09-30,1-year ahead,0.0725464417408555,0.0141659178707922
Cutoff +2m,2,111,2019 Q3,2020 Q3,exch_rate,4,0.0826147083456233,MIDAS-Latent (trend),2020-09-30,1-year ahead,0.0725464417408555,0.0100682666047677
Cutoff +2m,2,111,2019 Q3,2019 Q4,gdp_growth,1,1.604925184596289,AR(2),2019-12-31,1-step ahead,2.598755881032133,-0.993830696435844
Cutoff +2m,2,111,2019 Q3,2019 Q4,gdp_growth,1,0.9107406085718952,MF-VAR,2019-12-31,1-step ahead,2.598755881032133,-1.688015272460238
Cutoff +2m,2,111,2019 Q3,2019 Q4,gdp_growth,1,1.3633619902005918,MF-VAR (manual),2019-12-31,1-step ahead,2.598755881032133,-1.2353938908315414
Cutoff +2m,2,111,2019 Q3,2019 Q4,gdp_growth,1,2.2062413439082635,MIDAS,2019-12-31,1-step ahead,2.598755881032133,-0.3925145371238696
Cutoff +2m,2,111,2019 Q3,2019 Q4,gdp_growth,1,1.990764236840124,MIDAS (trend),2019-12-31,1-step ahead,2.598755881032133,-0.6079916441920095
Cutoff +2m,2,111,2019 Q3,2019 Q4,gdp_growth,1,1.7400644545263562,MIDAS-Latent,2019-12-31,1-step ahead,2.598755881032133,-0.858691426505777
Cutoff +2m,2,111,2019 Q3,2019 Q4,gdp_growth,1,1.657678796362711,MIDAS-Latent (trend),2019-12-31,1-step ahead,2.598755881032133,-0.941077084669422
Cutoff +2m,2,111,2019 Q3,2020 Q1,gdp_growth,2,1.7673480549081049,AR(2),2020-03-31,Other,-7.067810646740469,8.835158701648574
Cutoff +2m,2,111,2019 Q3,2020 Q1,gdp_growth,2,0.9138194783066014,MF-VAR,2020-03-31,Other,-7.067810646740469,7.9816301250470705
Cutoff +2m,2,111,2019 Q3,2020 Q1,gdp_growth,2,1.6916379146784064,MF-VAR (manual),2020-03-31,Other,-7.067810646740469,8.759448561418875
Cutoff +2m,2,111,2019 Q3,2020 Q1,gdp_growth,2,1.775642611330589,MIDAS,2020-03-31,Other,-7.067810646740469,8.843453258071058
Cutoff +2m,2,111,2019 Q3,2020 Q1,gdp_growth,2,1.5746009071036224,MIDAS (trend),2020-03-31,Other,-7.067810646740469,8.642411553844092
Cutoff +2m,2,111,2019 Q3,2020 Q1,gdp_growth,2,1.7448020126154526,MIDAS-Latent,2020-03-31,Other,-7.067810646740469,8.81261265935592
Cutoff +2m,2,111,2019 Q3,2020 Q1,gdp_growth,2,1.6608482407233836,MIDAS-Latent (trend),2020-03-31,Other,-7.067810646740469,8.728658887463853
Cutoff +2m,2,111,2019 Q3,2020 Q2,gdp_growth,3,1.8183837164221917,AR(2),2020-06-30,Other,-27.833251932801065,29.65163564922325
Cutoff +2m,2,111,2019 Q3,2020 Q2,gdp_growth,3,0.8054887984294214,MF-VAR,2020-06-30,Other,-27.833251932801065,28.638740731230484
Cutoff +2m,2,111,2019 Q3,2020 Q2,gdp_growth,3,2.0629485612632124,MF-VAR (manual),2020-06-30,Other,-27.833251932801065,29.896200494064274
Cutoff +2m,2,111,2019 Q3,2020 Q2,gdp_growth,3,2.0098126832987737,MIDAS,2020-06-30,Other,-27.833251932801065,29.843064616099834
Cutoff +2m,2,111,2019 Q3,2020 Q2,gdp_growth,3,1.7530739570993144,MIDAS (trend),2020-06-30,Other,-27.833251932801065,29.586325889900376
Cutoff +2m,2,111,2019 Q3,2020 Q2,gdp_growth,3,1.727800516198606,MIDAS-Latent,2020-06-30,Other,-27.833251932801065,29.561052448999668
Cutoff +2m,2,111,2019 Q3,2020 Q2,gdp_growth,3,1.6451787789903387,MIDAS-Latent (trend),2020-06-30,Other,-27.833251932801065,29.4784307117914
Cutoff +2m,2,111,2019 Q3,2020 Q3,gdp_growth,4,1.8330140385799525,AR(2),2020-09-30,1-year ahead,28.019705798225655,-26.186691759645704
Cutoff +2m,2,111,2019 Q3,2020 Q3,gdp_growth,4,0.8633090266041463,MF-VAR,2020-09-30,1-year ahead,28.019705798225655,-27.156396771621512
Cutoff +2m,2,111,2019 Q3,2020 Q3,gdp_growth,4,2.2539395477051727,MF-VAR (manual),2020-09-30,1-year ahead,28.019705798225655,-25.765766250520485
Cutoff +2m,2,111,2019 Q3,2020 Q3,gdp_growth,4,1.9083139846767845,MIDAS,2020-09-30,1-year ahead,28.019705798225655,-26.111391813548877
Cutoff +2m,2,111,2019 Q3,2020 Q3,gdp_growth,4,1.6519378394780218,MIDAS (trend),2020-09-30,1-year ahead,28.019705798225655,-26.367767958747635
Cutoff +2m,2,111,2019 Q3,2020 Q3,gdp_growth,4,1.7276477558986154,MIDAS-Latent,2020-09-30,1-year ahead,28.019705798225655,-26.29205804232704
Cutoff +2m,2,111,2019 Q3,2020 Q3,gdp_growth,4,1.6435702660805327,MIDAS-Latent (trend),2020-09-30,1-year ahead,28.019705798225655,-26.376135532145124
Cutoff +2m,2,111,2019 Q3,2019 Q4,inflation,1,0.0058868224927746,AR(2),2019-12-31,1-step ahead,-0.6876495314639186,0.6935363539566932
Cutoff +2m,2,111,2019 Q3,2019 Q4,inflation,1,-0.2072830473776824,MF-VAR,2019-12-31,1-step ahead,-0.6876495314639186,0.4803664840862361
Cutoff +2m,2,111,2019 Q3,2019 Q4,inflation,1,-1.4252629125874046,MF-VAR (manual),2019-12-31,1-step ahead,-0.6876495314639186,-0.737613381123486
Cutoff +2m,2,111,2019 Q3,2019 Q4,inflation,1,0.9605178143406256,MIDAS,2019-12-31,1-step ahead,-0.6876495314639186,1.648167345804544
Cutoff +2m,2,111,2019 Q3,2019 Q4,inflation,1,0.1952620799666466,MIDAS (trend),2019-12-31,1-step ahead,-0.6876495314639186,0.8829116114305653
Cutoff +2m,2,111,2019 Q3,2019 Q4,inflation,1,-0.4093075995418345,MIDAS-Latent,2019-12-31,1-step ahead,-0.6876495314639186,0.278341931922084
Cutoff +2m,2,111,2019 Q3,2019 Q4,inflation,1,-0.46194729326792,MIDAS-Latent (trend),2019-12-31,1-step ahead,-0.6876495314639186,0.2257022381959985
Cutoff +2m,2,111,2019 Q3,2020 Q1,inflation,2,0.2401875866903708,AR(2),2020-03-31,Other,-0.5383806198913987,0.7785682065817696
Cutoff +2m,2,111,2019 Q3,2020 Q1,inflation,2,-0.2068035290567353,MF-VAR,2020-03-31,Other,-0.5383806198913987,0.3315770908346633
Cutoff +2m,2,111,2019 Q3,2020 Q1,inflation,2,-1.3935586168680063,MF-VAR (manual),2020-03-31,Other,-0.5383806198913987,-0.8551779969766078
Cutoff +2m,2,111,2019 Q3,2020 Q1,inflation,2,0.1048686695316252,MIDAS,2020-03-31,Other,-0.5383806198913987,0.643249289423024
Cutoff +2m,2,111,2019 Q3,2020 Q1,inflation,2,-0.3413663207537046,MIDAS (trend),2020-03-31,Other,-0.5383806198913987,0.1970142991376941
Cutoff +2m,2,111,2019 Q3,2020 Q1,inflation,2,-0.426832947874676,MIDAS-Latent,2020-03-31,Other,-0.5383806198913987,0.1115476720167227
Cutoff +2m,2,111,2019 Q3,2020 Q1,inflation,2,-0.4645910206094756,MIDAS-Latent (trend),2020-03-31,Other,-0.5383806198913987,0.073789599281923
Cutoff +2m,2,111,2019 Q3,2020 Q2,inflation,3,0.4209926222426714,AR(2),2020-06-30,Other,-2.654470813291354,3.075463435534026
Cutoff +2m,2,111,2019 Q3,2020 Q2,inflation,3,0.1254172491534727,MF-VAR,2020-06-30,Other,-2.654470813291354,2.779888062444827
Cutoff +2m,2,111,2019 Q3,2020 Q2,inflation,3,-1.459398315278378,MF-VAR (manual),2020-06-30,Other,-2.654470813291354,1.195072498012976
Cutoff +2m,2,111,2019 Q3,2020 Q2,inflation,3,0.7407420951181874,MIDAS,2020-06-30,Other,-2.654470813291354,3.3952129084095417
Cutoff +2m,2,111,2019 Q3,2020 Q2,inflation,3,-0.1091591189855854,MIDAS (trend),2020-06-30,Other,-2.654470813291354,2.5453116943057688
Cutoff +2m,2,111,2019 Q3,2020 Q2,inflation,3,-0.4233757736078923,MIDAS-Latent,2020-06-30,Other,-2.654470813291354,2.2310950396834617
Cutoff +2m,2,111,2019 Q3,2020 Q2,inflation,3,-0.4653468318066336,MIDAS-Latent (trend),2020-06-30,Other,-2.654470813291354,2.1891239814847205
Cutoff +2m,2,111,2019 Q3,2020 Q3,inflation,4,0.5260625412368949,AR(2),2020-09-30,1-year ahead,0.3909466976683262,0.1351158435685686
Cutoff +2m,2,111,2019 Q3,2020 Q3,inflation,4,0.0314814063346979,MF-VAR,2020-09-30,1-year ahead,0.3909466976683262,-0.3594652913336282
Cutoff +2m,2,111,2019 Q3,2020 Q3,inflation,4,-1.399331510839814,MF-VAR (manual),2020-09-30,1-year ahead,0.3909466976683262,-1.7902782085081403
Cutoff +2m,2,111,2019 Q3,2020 Q3,inflation,4,0.4423606822930841,MIDAS,2020-09-30,1-year ahead,0.3909466976683262,0.0514139846247578
Cutoff +2m,2,111,2019 Q3,2020 Q3,inflation,4,-0.2442420617990875,MIDAS (trend),2020-09-30,1-year ahead,0.3909466976683262,-0.6351887594674138
Cutoff +2m,2,111,2019 Q3,2020 Q3,inflation,4,-0.4235093372481815,MIDAS-Latent,2020-09-30,1-year ahead,0.3909466976683262,-0.8144560349165078
Cutoff +2m,2,111,2019 Q3,2020 Q3,inflation,4,-0.4663848163167153,MIDAS-Latent (trend),2020-09-30,1-year ahead,0.3909466976683262,-0.8573315139850416
Cutoff +2m,2,112,2019 Q4,2020 Q1,exch_rate,1,0.0876449570841164,AR(2),2020-03-31,1-step ahead,0.0646818482575237,0.0229631088265926
Cutoff +2m,2,112,2019 Q4,2020 Q1,exch_rate,1,0.0519677087419041,MF-VAR,2020-03-31,1-step ahead,0.0646818482575237,-0.0127141395156196
Cutoff +2m,2,112,2019 Q4,2020 Q1,exch_rate,1,0.0791783946167938,MF-VAR (manual),2020-03-31,1-step ahead,0.0646818482575237,0.01449654635927
Cutoff +2m,2,112,2019 Q4,2020 Q1,exch_rate,1,0.0873693165381748,MIDAS,2020-03-31,1-step ahead,0.0646818482575237,0.022687468280651
Cutoff +2m,2,112,2019 Q4,2020 Q1,exch_rate,1,0.0854607618372514,MIDAS (trend),2020-03-31,1-step ahead,0.0646818482575237,0.0207789135797276
Cutoff +2m,2,112,2019 Q4,2020 Q1,exch_rate,1,0.0877409284321303,MIDAS-Latent,2020-03-31,1-step ahead,0.0646818482575237,0.0230590801746065
Cutoff +2m,2,112,2019 Q4,2020 Q1,exch_rate,1,0.0900211043752481,MIDAS-Latent (trend),2020-03-31,1-step ahead,0.0646818482575237,0.0253392561177243
Cutoff +2m,2,112,2019 Q4,2020 Q2,exch_rate,2,0.0858613393649958,AR(2),2020-06-30,Other,0.0591823910881712,0.0266789482768246
Cutoff +2m,2,112,2019 Q4,2020 Q2,exch_rate,2,0.0496556353846261,MF-VAR,2020-06-30,Other,0.0591823910881712,-0.009526755703545
Cutoff +2m,2,112,2019 Q4,2020 Q2,exch_rate,2,0.0781314157157921,MF-VAR (manual),2020-06-30,Other,0.0591823910881712,0.0189490246276209
Cutoff +2m,2,112,2019 Q4,2020 Q2,exch_rate,2,0.0948031840352372,MIDAS,2020-06-30,Other,0.0591823910881712,0.0356207929470659
Cutoff +2m,2,112,2019 Q4,2020 Q2,exch_rate,2,0.0907584019333798,MIDAS (trend),2020-06-30,Other,0.0591823910881712,0.0315760108452086
Cutoff +2m,2,112,2019 Q4,2020 Q2,exch_rate,2,0.0880156725544821,MIDAS-Latent,2020-06-30,Other,0.0591823910881712,0.0288332814663109
Cutoff +2m,2,112,2019 Q4,2020 Q2,exch_rate,2,0.0851525877199154,MIDAS-Latent (trend),2020-06-30,Other,0.0591823910881712,0.0259701966317442
Cutoff +2m,2,112,2019 Q4,2020 Q3,exch_rate,3,0.0784105654172161,AR(2),2020-09-30,Other,0.0725464417408555,0.0058641236763606
Cutoff +2m,2,112,2019 Q4,2020 Q3,exch_rate,3,0.0317432688491958,MF-VAR,2020-09-30,Other,0.0725464417408555,-0.0408031728916597
Cutoff +2m,2,112,2019 Q4,2020 Q3,exch_rate,3,0.0772166711198725,MF-VAR (manual),2020-09-30,Other,0.0725464417408555,0.004670229379017
Cutoff +2m,2,112,2019 Q4,2020 Q3,exch_rate,3,0.0903663562139851,MIDAS,2020-09-30,Other,0.0725464417408555,0.0178199144731296
Cutoff +2m,2,112,2019 Q4,2020 Q3,exch_rate,3,0.084517801520908,MIDAS (trend),2020-09-30,Other,0.0725464417408555,0.0119713597800525
Cutoff +2m,2,112,2019 Q4,2020 Q3,exch_rate,3,0.0839466324769007,MIDAS-Latent,2020-09-30,Other,0.0725464417408555,0.0114001907360452
Cutoff +2m,2,112,2019 Q4,2020 Q3,exch_rate,3,0.080368821521655,MIDAS-Latent (trend),2020-09-30,Other,0.0725464417408555,0.0078223797807994
Cutoff +2m,2,112,2019 Q4,2020 Q4,exch_rate,4,0.0750788674228951,AR(2),2020-12-31,1-year ahead,0.0749666427639009,0.0001122246589941589
Cutoff +2m,2,112,2019 Q4,2020 Q4,exch_rate,4,0.0217908910756227,MF-VAR,2020-12-31,1-year ahead,0.0749666427639009,-0.0531757516882781
Cutoff +2m,2,112,2019 Q4,2020 Q4,exch_rate,4,0.0769108100491767,MF-VAR (manual),2020-12-31,1-year ahead,0.0749666427639009,0.0019441672852758
Cutoff +2m,2,112,2019 Q4,2020 Q4,exch_rate,4,0.0976517155383678,MIDAS,2020-12-31,1-year ahead,0.0749666427639009,0.0226850727744668
Cutoff +2m,2,112,2019 Q4,2020 Q4,exch_rate,4,0.0888819159366264,MIDAS (trend),2020-12-31,1-year ahead,0.0749666427639009,0.0139152731727255
Cutoff +2m,2,112,2019 Q4,2020 Q4,exch_rate,4,0.0842156499860158,MIDAS-Latent,2020-12-31,1-year ahead,0.0749666427639009,0.0092490072221148
Cutoff +2m,2,112,2019 Q4,2020 Q4,exch_rate,4,0.0757027047674471,MIDAS-Latent (trend),2020-12-31,1-year ahead,0.0749666427639009,0.000736062003546159
Cutoff +2m,2,112,2019 Q4,2020 Q1,gdp_growth,1,2.1690620781048686,AR(2),2020-03-31,1-step ahead,-7.067810646740469,9.236872724845336
Cutoff +2m,2,112,2019 Q4,2020 Q1,gdp_growth,1,1.1710636939391603,MF-VAR,2020-03-31,1-step ahead,-7.067810646740469,8.23887434067963
Cutoff +2m,2,112,2019 Q4,2020 Q1,gdp_growth,1,2.106264698261985,MF-VAR (manual),2020-03-31,1-step ahead,-7.067810646740469,9.174075345002452
Cutoff +2m,2,112,2019 Q4,2020 Q1,gdp_growth,1,1.3624386929111802,MIDAS,2020-03-31,1-step ahead,-7.067810646740469,8.430249339651649
Cutoff +2m,2,112,2019 Q4,2020 Q1,gdp_growth,1,1.2094846911950703,MIDAS (trend),2020-03-31,1-step ahead,-7.067810646740469,8.27729533793554
Cutoff +2m,2,112,2019 Q4,2020 Q1,gdp_growth,1,2.44649293935938,MIDAS-Latent,2020-03-31,1-step ahead,-7.067810646740469,9.51430358609985
Cutoff +2m,2,112,2019 Q4,2020 Q1,gdp_growth,1,2.3727409940377213,MIDAS-Latent (trend),2020-03-31,1-step ahead,-7.067810646740469,9.44055164077819
Cutoff +2m,2,112,2019 Q4,2020 Q2,gdp_growth,2,1.947825025042797,AR(2),2020-06-30,Other,-27.833251932801065,29.781076957843855
Cutoff +2m,2,112,2019 Q4,2020 Q2,gdp_growth,2,1.2194405807087092,MF-VAR,2020-06-30,Other,-27.833251932801065,29.05269251350977
Cutoff +2m,2,112,2019 Q4,2020 Q2,gdp_growth,2,2.7397313784084574,MF-VAR (manual),2020-06-30,Other,-27.833251932801065,30.57298331120952
Cutoff +2m,2,112,2019 Q4,2020 Q2,gdp_growth,2,2.6763544377514026,MIDAS,2020-06-30,Other,-27.833251932801065,30.509606370552465
Cutoff +2m,2,112,2019 Q4,2020 Q2,gdp_growth,2,2.489193569027228,MIDAS (trend),2020-06-30,Other,-27.833251932801065,30.32244550182829
Cutoff +2m,2,112,2019 Q4,2020 Q2,gdp_growth,2,2.401858482636785,MIDAS-Latent,2020-06-30,Other,-27.833251932801065,30.23511041543785
Cutoff +2m,2,112,2019 Q4,2020 Q2,gdp_growth,2,2.3273181158533545,MIDAS-Latent (trend),2020-06-30,Other,-27.833251932801065,30.160570048654417
Cutoff +2m,2,112,2019 Q4,2020 Q3,gdp_growth,3,1.8747620217184569,AR(2),2020-09-30,Other,28.019705798225655,-26.1449437765072
Cutoff +2m,2,112,2019 Q4,2020 Q3,gdp_growth,3,1.1559757688213632,MF-VAR,2020-09-30,Other,28.019705798225655,-26.86373002940429
Cutoff +2m,2,112,2019 Q4,2020 Q3,gdp_growth,3,2.408077038553228,MF-VAR (manual),2020-09-30,Other,28.019705798225655,-25.61162875967243
Cutoff +2m,2,112,2019 Q4,2020 Q3,gdp_growth,3,2.384174013538577,MIDAS,2020-09-30,Other,28.019705798225655,-25.63553178468708
Cutoff +2m,2,112,2019 Q4,2020 Q3,gdp_growth,3,2.159162975589781,MIDAS (trend),2020-09-30,Other,28.019705798225655,-25.86054282263588
Cutoff +2m,2,112,2019 Q4,2020 Q3,gdp_growth,3,2.406762071346526,MIDAS-Latent,2020-09-30,Other,28.019705798225655,-25.61294372687913
Cutoff +2m,2,112,2019 Q4,2020 Q3,gdp_growth,3,2.3331807133446083,MIDAS-Latent (trend),2020-09-30,Other,28.019705798225655,-25.68652508488105
Cutoff +2m,2,112,2019 Q4,2020 Q4,gdp_growth,4,1.8534673905561143,AR(2),2020-12-31,1-year ahead,2.205063679566166,-0.3515962890100514
Cutoff +2m,2,112,2019 Q4,2020 Q4,gdp_growth,4,1.0696432081116791,MF-VAR,2020-12-31,1-year ahead,2.205063679566166,-1.1354204714544869
Cutoff +2m,2,112,2019 Q4,2020 Q4,gdp_growth,4,2.125028558059818,MF-VAR (manual),2020-12-31,1-year ahead,2.205063679566166,-0.0800351215063481
Cutoff +2m,2,112,2019 Q4,2020 Q4,gdp_growth,4,2.694693404028333,MIDAS,2020-12-31,1-year ahead,2.205063679566166,0.4896297244621665
Cutoff +2m,2,112,2019 Q4,2020 Q4,gdp_growth,4,2.4568281314217693,MIDAS (trend),2020-12-31,1-year ahead,2.205063679566166,0.2517644518556032
Cutoff +2m,2,112,2019 Q4,2020 Q4,gdp_growth,4,2.408199512496985,MIDAS-Latent,2020-12-31,1-year ahead,2.205063679566166,0.203135832930819
Cutoff +2m,2,112,2019 Q4,2020 Q4,gdp_growth,4,2.333297717659363,MIDAS-Latent (trend),2020-12-31,1-year ahead,2.205063679566166,0.128234038093197
Cutoff +2m,2,112,2019 Q4,2020 Q1,inflation,1,-0.0881384029401859,AR(2),2020-03-31,1-step ahead,-0.5383806198913987,0.4502422169512128
Cutoff +2m,2,112,2019 Q4,2020 Q1,inflation,1,-0.0641322056602098,MF-VAR,2020-03-31,1-step ahead,-0.5383806198913987,0.4742484142311889
Cutoff +2m,2,112,2019 Q4,2020 Q1,inflation,1,-1.1500080107500985,MF-VAR (manual),2020-03-31,1-step ahead,-0.5383806198913987,-0.6116273908586998
Cutoff +2m,2,112,2019 Q4,2020 Q1,inflation,1,0.0361669680387692,MIDAS,2020-03-31,1-step ahead,-0.5383806198913987,0.574547587930168
Cutoff +2m,2,112,2019 Q4,2020 Q1,inflation,1,-0.3483557914523277,MIDAS (trend),2020-03-31,1-step ahead,-0.5383806198913987,0.190024828439071
Cutoff +2m,2,112,2019 Q4,2020 Q1,inflation,1,-0.7443942729168942,MIDAS-Latent,2020-03-31,1-step ahead,-0.5383806198913987,-0.2060136530254954
Cutoff +2m,2,112,2019 Q4,2020 Q1,inflation,1,-0.7742996882497227,MIDAS-Latent (trend),2020-03-31,1-step ahead,-0.5383806198913987,-0.235919068358324
Cutoff +2m,2,112,2019 Q4,2020 Q2,inflation,2,0.2188489991362301,AR(2),2020-06-30,Other,-2.654470813291354,2.8733198124275843
Cutoff +2m,2,112,2019 Q4,2020 Q2,inflation,2,-0.0581929133412533,MF-VAR,2020-06-30,Other,-2.654470813291354,2.596277899950101
Cutoff +2m,2,112,2019 Q4,2020 Q2,inflation,2,-1.2356643602615336,MF-VAR (manual),2020-06-30,Other,-2.654470813291354,1.4188064530298206
Cutoff +2m,2,112,2019 Q4,2020 Q2,inflation,2,0.2002521358432651,MIDAS,2020-06-30,Other,-2.654470813291354,2.854722949134619
Cutoff +2m,2,112,2019 Q4,2020 Q2,inflation,2,-0.3368182182000915,MIDAS (trend),2020-06-30,Other,-2.654470813291354,2.3176525950912628
Cutoff +2m,2,112,2019 Q4,2020 Q2,inflation,2,-0.7426792832438942,MIDAS-Latent,2020-06-30,Other,-2.654470813291354,1.91179153004746
Cutoff +2m,2,112,2019 Q4,2020 Q2,inflation,2,-0.7744527532835327,MIDAS-Latent (trend),2020-06-30,Other,-2.654470813291354,1.8800180600078216
Cutoff +2m,2,112,2019 Q4,2020 Q3,inflation,3,0.405980005906114,AR(2),2020-09-30,Other,0.3909466976683262,0.0150333082377878
Cutoff +2m,2,112,2019 Q4,2020 Q3,inflation,3,0.0162505027076964,MF-VAR,2020-09-30,Other,0.3909466976683262,-0.3746961949606298
Cutoff +2m,2,112,2019 Q4,2020 Q3,inflation,3,-1.2125201868311422,MF-VAR (manual),2020-09-30,Other,0.3909466976683262,-1.6034668844994684
Cutoff +2m,2,112,2019 Q4,2020 Q3,inflation,3,0.4476053809046127,MIDAS,2020-09-30,Other,0.3909466976683262,0.0566586832362864
Cutoff +2m,2,112,2019 Q4,2020 Q3,inflation,3,-0.2741572636879691,MIDAS (trend),2020-09-30,Other,0.3909466976683262,-0.6651039613562955
Cutoff +2m,2,112,2019 Q4,2020 Q3,inflation,3,-0.7432344713735342,MIDAS-Latent,2020-09-30,Other,0.3909466976683262,-1.1341811690418604
Cutoff +2m,2,112,2019 Q4,2020 Q3,inflation,3,-0.7757264000655805,MIDAS-Latent (trend),2020-09-30,Other,0.3909466976683262,-1.1666730977339066
Cutoff +2m,2,112,2019 Q4,2020 Q4,inflation,4,0.5166170650344435,AR(2),2020-12-31,1-year ahead,0.1723123898273115,0.3443046752071319
Cutoff +2m,2,112,2019 Q4,2020 Q4,inflation,4,-0.0677970870102321,MF-VAR,2020-12-31,1-year ahead,0.1723123898273115,-0.2401094768375437
Cutoff +2m,2,112,2019 Q4,2020 Q4,inflation,4,-1.13285355823337,MF-VAR (manual),2020-12-31,1-year ahead,0.1723123898273115,-1.3051659480606816
Cutoff +2m,2,112,2019 Q4,2020 Q4,inflation,4,0.5036789834693013,MIDAS,2020-12-31,1-year ahead,0.1723123898273115,0.3313665936419897
Cutoff +2m,2,112,2019 Q4,2020 Q4,inflation,4,-0.2837366919326621,MIDAS (trend),2020-12-31,1-year ahead,0.1723123898273115,-0.4560490817599736
Cutoff +2m,2,112,2019 Q4,2020 Q4,inflation,4,-0.7432176919877351,MIDAS-Latent,2020-12-31,1-year ahead,0.1723123898273115,-0.9155300818150468
Cutoff +2m,2,112,2019 Q4,2020 Q4,inflation,4,-0.7766300059030137,MIDAS-Latent (trend),2020-12-31,1-year ahead,0.1723123898273115,-0.9489423957303252
Cutoff +2m,2,113,2020 Q1,2020 Q2,exch_rate,1,0.0598648860953209,AR(2),2020-06-30,1-step ahead,0.0591823910881712,0.000682495007149668
Cutoff +2m,2,113,2020 Q1,2020 Q2,exch_rate,1,0.041159630641341,MF-VAR,2020-06-30,1-step ahead,0.0591823910881712,-0.0180227604468301
Cutoff +2m,2,113,2020 Q1,2020 Q2,exch_rate,1,0.0610969090372381,MF-VAR (manual),2020-06-30,1-step ahead,0.0591823910881712,0.0019145179490669
Cutoff +2m,2,113,2020 Q1,2020 Q2,exch_rate,1,0.035377482813158,MIDAS,2020-06-30,1-step ahead,0.0591823910881712,-0.0238049082750131
Cutoff +2m,2,113,2020 Q1,2020 Q2,exch_rate,1,0.0309283358986708,MIDAS (trend),2020-06-30,1-step ahead,0.0591823910881712,-0.0282540551895003
Cutoff +2m,2,113,2020 Q1,2020 Q2,exch_rate,1,0.0870520050256335,MIDAS-Latent,2020-06-30,1-step ahead,0.0591823910881712,0.0278696139374622
Cutoff +2m,2,113,2020 Q1,2020 Q2,exch_rate,1,0.0692227909288864,MIDAS-Latent (trend),2020-06-30,1-step ahead,0.0591823910881712,0.0100403998407152
Cutoff +2m,2,113,2020 Q1,2020 Q3,exch_rate,2,0.0532747356507829,AR(2),2020-09-30,Other,0.0725464417408555,-0.0192717060900725
Cutoff +2m,2,113,2020 Q1,2020 Q3,exch_rate,2,0.0334001936023666,MF-VAR,2020-09-30,Other,0.0725464417408555,-0.0391462481384889
Cutoff +2m,2,113,2020 Q1,2020 Q3,exch_rate,2,0.0601037861266584,MF-VAR (manual),2020-09-30,Other,0.0725464417408555,-0.0124426556141971
Cutoff +2m,2,113,2020 Q1,2020 Q3,exch_rate,2,-0.00034148813665275897,MIDAS,2020-09-30,Other,0.0725464417408555,-0.0728879298775082
Cutoff +2m,2,113,2020 Q1,2020 Q3,exch_rate,2,0.0032444088705181,MIDAS (trend),2020-09-30,Other,0.0725464417408555,-0.0693020328703373
Cutoff +2m,2,113,2020 Q1,2020 Q3,exch_rate,2,0.0603985842498139,MIDAS-Latent,2020-09-30,Other,0.0725464417408555,-0.0121478574910416
Cutoff +2m,2,113,2020 Q1,2020 Q3,exch_rate,2,0.0653595020309942,MIDAS-Latent (trend),2020-09-30,Other,0.0725464417408555,-0.0071869397098612
Cutoff +2m,2,113,2020 Q1,2020 Q4,exch_rate,3,0.0514840734806302,AR(2),2020-12-31,Other,0.0749666427639009,-0.0234825692832707
Cutoff +2m,2,113,2020 Q1,2020 Q4,exch_rate,3,0.021942035710858,MF-VAR,2020-12-31,Other,0.0749666427639009,-0.0530246070530429
Cutoff +2m,2,113,2020 Q1,2020 Q4,exch_rate,3,0.058504049780124,MF-VAR (manual),2020-12-31,Other,0.0749666427639009,-0.0164625929837768
Cutoff +2m,2,113,2020 Q1,2020 Q4,exch_rate,3,-0.029156771350779,MIDAS,2020-12-31,Other,0.0749666427639009,-0.10412341411468
Cutoff +2m,2,113,2020 Q1,2020 Q4,exch_rate,3,-0.0277745946425444,MIDAS (trend),2020-12-31,Other,0.0749666427639009,-0.1027412374064454
Cutoff +2m,2,113,2020 Q1,2020 Q4,exch_rate,3,0.0823073452577856,MIDAS-Latent,2020-12-31,Other,0.0749666427639009,0.0073407024938847
Cutoff +2m,2,113,2020 Q1,2020 Q4,exch_rate,3,0.0603532025453557,MIDAS-Latent (trend),2020-12-31,Other,0.0749666427639009,-0.0146134402185452
Cutoff +2m,2,113,2020 Q1,2021 Q1,exch_rate,4,0.047985426756874,AR(2),2021-03-31,1-year ahead,0.0865120373644991,-0.0385266106076251
Cutoff +2m,2,113,2020 Q1,2021 Q1,exch_rate,4,0.0099716132309726,MF-VAR,2021-03-31,1-year ahead,0.0865120373644991,-0.0765404241335264
Cutoff +2m,2,113,2020 Q1,2021 Q1,exch_rate,4,0.0577387711439553,MF-VAR (manual),2021-03-31,1-year ahead,0.0865120373644991,-0.0287732662205438
Cutoff +2m,2,113,2020 Q1,2021 Q1,exch_rate,4,-0.0642796019744272,MIDAS,2021-03-31,1-year ahead,0.0865120373644991,-0.1507916393389264
Cutoff +2m,2,113,2020 Q1,2021 Q1,exch_rate,4,-0.053292667527365,MIDAS (trend),2021-03-31,1-year ahead,0.0865120373644991,-0.1398047048918642
Cutoff +2m,2,113,2020 Q1,2021 Q1,exch_rate,4,0.0562036647214564,MIDAS-Latent,2021-03-31,1-year ahead,0.0865120373644991,-0.0303083726430427
Cutoff +2m,2,113,2020 Q1,2021 Q1,exch_rate,4,0.0556494040711426,MIDAS-Latent (trend),2021-03-31,1-year ahead,0.0865120373644991,-0.0308626332933565
Cutoff +2m,2,113,2020 Q1,2020 Q2,gdp_growth,1,-1.2149317134500268,AR(2),2020-06-30,1-step ahead,-27.833251932801065,26.618320219351038
Cutoff +2m,2,113,2020 Q1,2020 Q2,gdp_growth,1,-1.217445455158517,MF-VAR,2020-06-30,1-step ahead,-27.833251932801065,26.615806477642543
Cutoff +2m,2,113,2020 Q1,2020 Q2,gdp_growth,1,-9.42726057357571,MF-VAR (manual),2020-06-30,1-step ahead,-27.833251932801065,18.405991359225357
Cutoff +2m,2,113,2020 Q1,2020 Q2,gdp_growth,1,-0.3976737405364705,MIDAS,2020-06-30,1-step ahead,-27.833251932801065,27.435578192264597
Cutoff +2m,2,113,2020 Q1,2020 Q2,gdp_growth,1,-0.8767041771149737,MIDAS (trend),2020-06-30,1-step ahead,-27.833251932801065,26.95654775568609
Cutoff +2m,2,113,2020 Q1,2020 Q2,gdp_growth,1,-4.097440976792676,MIDAS-Latent,2020-06-30,1-step ahead,-27.833251932801065,23.735810956008383
Cutoff +2m,2,113,2020 Q1,2020 Q2,gdp_growth,1,-4.250559705794951,MIDAS-Latent (trend),2020-06-30,1-step ahead,-27.833251932801065,23.58269222700611
Cutoff +2m,2,113,2020 Q1,2020 Q3,gdp_growth,2,0.7546040462730381,AR(2),2020-09-30,Other,28.019705798225655,-27.26510175195262
Cutoff +2m,2,113,2020 Q1,2020 Q3,gdp_growth,2,-1.2270023644778327,MF-VAR,2020-09-30,Other,28.019705798225655,-29.24670816270349
Cutoff +2m,2,113,2020 Q1,2020 Q3,gdp_growth,2,-9.751610693871534,MF-VAR (manual),2020-09-30,Other,28.019705798225655,-37.77131649209719
Cutoff +2m,2,113,2020 Q1,2020 Q3,gdp_growth,2,-7.728841536113076,MIDAS,2020-09-30,Other,28.019705798225655,-35.74854733433873
Cutoff +2m,2,113,2020 Q1,2020 Q3,gdp_growth,2,-7.8997095561181885,MIDAS (trend),2020-09-30,Other,28.019705798225655,-35.91941535434385
Cutoff +2m,2,113,2020 Q1,2020 Q3,gdp_growth,2,-3.8382781469074057,MIDAS-Latent,2020-09-30,Other,28.019705798225655,-31.857983945133064
Cutoff +2m,2,113,2020 Q1,2020 Q3,gdp_growth,2,-4.001914371985285,MIDAS-Latent (trend),2020-09-30,Other,28.019705798225655,-32.021620170210944
Cutoff +2m,2,113,2020 Q1,2020 Q4,gdp_growth,3,1.4227698235122277,AR(2),2020-12-31,Other,2.205063679566166,-0.7822938560539385
Cutoff +2m,2,113,2020 Q1,2020 Q4,gdp_growth,3,0.7612905597421056,MF-VAR,2020-12-31,Other,2.205063679566166,-1.4437731198240604
Cutoff +2m,2,113,2020 Q1,2020 Q4,gdp_growth,3,-9.836595378007164,MF-VAR (manual),2020-12-31,Other,2.205063679566166,-12.04165905757333
Cutoff +2m,2,113,2020 Q1,2020 Q4,gdp_growth,3,-5.75971429546963,MIDAS,2020-12-31,Other,2.205063679566166,-7.964777975035796
Cutoff +2m,2,113,2020 Q1,2020 Q4,gdp_growth,3,-6.098773900933103,MIDAS (trend),2020-12-31,Other,2.205063679566166,-8.30383758049927
Cutoff +2m,2,113,2020 Q1,2020 Q4,gdp_growth,3,-3.917914428027216,MIDAS-Latent,2020-12-31,Other,2.205063679566166,-6.122978107593381
Cutoff +2m,2,113,2020 Q1,2020 Q4,gdp_growth,3,-4.078313973510827,MIDAS-Latent (trend),2020-12-31,Other,2.205063679566166,-6.283377653076993
Cutoff +2m,2,113,2020 Q1,2021 Q1,gdp_growth,4,1.6494357983245598,AR(2),2021-03-31,1-year ahead,2.431814853272129,-0.7823790549475698
Cutoff +2m,2,113,2020 Q1,2021 Q1,gdp_growth,4,1.524162285543384,MF-VAR,2021-03-31,1-year ahead,2.431814853272129,-0.9076525677287456
Cutoff +2m,2,113,2020 Q1,2021 Q1,gdp_growth,4,-10.297496821768654,MF-VAR (manual),2021-03-31,1-year ahead,2.431814853272129,-12.729311675040783
Cutoff +2m,2,113,2020 Q1,2021 Q1,gdp_growth,4,-7.923988045019014,MIDAS,2021-03-31,1-year ahead,2.431814853272129,-10.355802898291143
Cutoff +2m,2,113,2020 Q1,2021 Q1,gdp_growth,4,-8.153706592255208,MIDAS (trend),2021-03-31,1-year ahead,2.431814853272129,-10.585521445527338
Cutoff +2m,2,113,2020 Q1,2021 Q1,gdp_growth,4,-3.924862641976933,MIDAS-Latent,2021-03-31,1-year ahead,2.431814853272129,-6.356677495249063
Cutoff +2m,2,113,2020 Q1,2021 Q1,gdp_growth,4,-4.087834013110279,MIDAS-Latent (trend),2021-03-31,1-year ahead,2.431814853272129,-6.519648866382409
Cutoff +2m,2,113,2020 Q1,2020 Q2,inflation,1,-0.0166473939283563,AR(2),2020-06-30,1-step ahead,-2.654470813291354,2.6378234193629977
Cutoff +2m,2,113,2020 Q1,2020 Q2,inflation,1,-0.2682755038929763,MF-VAR,2020-06-30,1-step ahead,-2.654470813291354,2.386195309398378
Cutoff +2m,2,113,2020 Q1,2020 Q2,inflation,1,-0.5488679982744823,MF-VAR (manual),2020-06-30,1-step ahead,-2.654470813291354,2.105602815016872
Cutoff +2m,2,113,2020 Q1,2020 Q2,inflation,1,0.0221868029419166,MIDAS,2020-06-30,1-step ahead,-2.654470813291354,2.6766576162332707
Cutoff +2m,2,113,2020 Q1,2020 Q2,inflation,1,-0.6723473751865198,MIDAS (trend),2020-06-30,1-step ahead,-2.654470813291354,1.9821234381048345
Cutoff +2m,2,113,2020 Q1,2020 Q2,inflation,1,-0.4498927744686909,MIDAS-Latent,2020-06-30,1-step ahead,-2.654470813291354,2.204578038822663
Cutoff +2m,2,113,2020 Q1,2020 Q2,inflation,1,-0.4864325897003103,MIDAS-Latent (trend),2020-06-30,1-step ahead,-2.654470813291354,2.168038223591044
Cutoff +2m,2,113,2020 Q1,2020 Q3,inflation,2,0.2520453482830699,AR(2),2020-09-30,Other,0.3909466976683262,-0.1389013493852563
Cutoff +2m,2,113,2020 Q1,2020 Q3,inflation,2,-0.2512804471985115,MF-VAR,2020-09-30,Other,0.3909466976683262,-0.6422271448668377
Cutoff +2m,2,113,2020 Q1,2020 Q3,inflation,2,-0.4226174617998784,MF-VAR (manual),2020-09-30,Other,0.3909466976683262,-0.8135641594682047
Cutoff +2m,2,113,2020 Q1,2020 Q3,inflation,2,-0.3122955666572339,MIDAS,2020-09-30,Other,0.3909466976683262,-0.7032422643255603
Cutoff +2m,2,113,2020 Q1,2020 Q3,inflation,2,-0.5019825570097817,MIDAS (trend),2020-09-30,Other,0.3909466976683262,-0.8929292546781079
Cutoff +2m,2,113,2020 Q1,2020 Q3,inflation,2,-0.4484436527929551,MIDAS-Latent,2020-09-30,Other,0.3909466976683262,-0.8393903504612814
Cutoff +2m,2,113,2020 Q1,2020 Q3,inflation,2,-0.486894606766512,MIDAS-Latent (trend),2020-09-30,Other,0.3909466976683262,-0.8778413044348382
Cutoff +2m,2,113,2020 Q1,2020 Q4,inflation,3,0.4182355462829805,AR(2),2020-12-31,Other,0.1723123898273115,0.2459231564556689
Cutoff +2m,2,113,2020 Q1,2020 Q4,inflation,3,-0.1842983885545706,MF-VAR,2020-12-31,Other,0.1723123898273115,-0.3566107783818821
Cutoff +2m,2,113,2020 Q1,2020 Q4,inflation,3,-0.461214433675242,MF-VAR (manual),2020-12-31,Other,0.1723123898273115,-0.6335268235025536
Cutoff +2m,2,113,2020 Q1,2020 Q4,inflation,3,-0.1179772504950014,MIDAS,2020-12-31,Other,0.1723123898273115,-0.290289640322313
Cutoff +2m,2,113,2020 Q1,2020 Q4,inflation,3,-0.5439991560525269,MIDAS (trend),2020-12-31,Other,0.1723123898273115,-0.7163115458798385
Cutoff +2m,2,113,2020 Q1,2020 Q4,inflation,3,-0.4475846014775116,MIDAS-Latent,2020-12-31,Other,0.1723123898273115,-0.6198969913048232
Cutoff +2m,2,113,2020 Q1,2020 Q4,inflation,3,-0.4876977798413645,MIDAS-Latent (trend),2020-12-31,Other,0.1723123898273115,-0.6600101696686761
Cutoff +2m,2,113,2020 Q1,2021 Q1,inflation,4,0.5176499179902554,AR(2),2021-03-31,1-year ahead,0.2776485073894719,0.2400014106007835
Cutoff +2m,2,113,2020 Q1,2021 Q1,inflation,4,-0.2912897912957437,MF-VAR,2021-03-31,1-year ahead,0.2776485073894719,-0.5689382986852156
Cutoff +2m,2,113,2020 Q1,2021 Q1,inflation,4,-0.2627455307535596,MF-VAR (manual),2021-03-31,1-year ahead,0.2776485073894719,-0.5403940381430314
Cutoff +2m,2,113,2020 Q1,2021 Q1,inflation,4,-0.233924143230841,MIDAS,2021-03-31,1-year ahead,0.2776485073894719,-0.5115726506203129
Cutoff +2m,2,113,2020 Q1,2021 Q1,inflation,4,-0.5184374246008439,MIDAS (trend),2021-03-31,1-year ahead,0.2776485073894719,-0.7960859319903157
Cutoff +2m,2,113,2020 Q1,2021 Q1,inflation,4,-0.4475705332190313,MIDAS-Latent,2021-03-31,1-year ahead,0.2776485073894719,-0.7252190406085032
Cutoff +2m,2,113,2020 Q1,2021 Q1,inflation,4,-0.4886846750761657,MIDAS-Latent (trend),2021-03-31,1-year ahead,0.2776485073894719,-0.7663331824656376
Cutoff +2m,2,114,2020 Q2,2020 Q3,exch_rate,1,0.0524737288920444,AR(2),2020-09-30,1-step ahead,0.0725464417408555,-0.0200727128488111
Cutoff +2m,2,114,2020 Q2,2020 Q3,exch_rate,1,0.0389021550891641,MF-VAR,2020-09-30,1-step ahead,0.0725464417408555,-0.0336442866516913
Cutoff +2m,2,114,2020 Q2,2020 Q3,exch_rate,1,0.0600853020730377,MF-VAR (manual),2020-09-30,1-step ahead,0.0725464417408555,-0.0124611396678177
Cutoff +2m,2,114,2020 Q2,2020 Q3,exch_rate,1,0.1095181925647193,MIDAS,2020-09-30,1-step ahead,0.0725464417408555,0.0369717508238638
Cutoff +2m,2,114,2020 Q2,2020 Q3,exch_rate,1,0.1066138891885428,MIDAS (trend),2020-09-30,1-step ahead,0.0725464417408555,0.0340674474476872
Cutoff +2m,2,114,2020 Q2,2020 Q3,exch_rate,1,0.0591049175667067,MIDAS-Latent,2020-09-30,1-step ahead,0.0725464417408555,-0.0134415241741487
Cutoff +2m,2,114,2020 Q2,2020 Q3,exch_rate,1,0.0528690234255936,MIDAS-Latent (trend),2020-09-30,1-step ahead,0.0725464417408555,-0.0196774183152618
Cutoff +2m,2,114,2020 Q2,2020 Q4,exch_rate,2,0.0507149251732037,AR(2),2020-12-31,Other,0.0749666427639009,-0.0242517175906972
Cutoff +2m,2,114,2020 Q2,2020 Q4,exch_rate,2,0.0355994030103699,MF-VAR,2020-12-31,Other,0.0749666427639009,-0.039367239753531
Cutoff +2m,2,114,2020 Q2,2020 Q4,exch_rate,2,0.0592551697794386,MF-VAR (manual),2020-12-31,Other,0.0749666427639009,-0.0157114729844623
Cutoff +2m,2,114,2020 Q2,2020 Q4,exch_rate,2,0.2022930249164222,MIDAS,2020-12-31,Other,0.0749666427639009,0.1273263821525212
Cutoff +2m,2,114,2020 Q2,2020 Q4,exch_rate,2,0.1906968915280293,MIDAS (trend),2020-12-31,Other,0.0749666427639009,0.1157302487641283
Cutoff +2m,2,114,2020 Q2,2020 Q4,exch_rate,2,0.0537116936123481,MIDAS-Latent,2020-12-31,Other,0.0749666427639009,-0.0212549491515528
Cutoff +2m,2,114,2020 Q2,2020 Q4,exch_rate,2,0.0482271676153656,MIDAS-Latent (trend),2020-12-31,Other,0.0749666427639009,-0.0267394751485353
Cutoff +2m,2,114,2020 Q2,2021 Q1,exch_rate,3,0.0472806167068731,AR(2),2021-03-31,Other,0.0865120373644991,-0.039231420657626
Cutoff +2m,2,114,2020 Q2,2021 Q1,exch_rate,3,0.0218208978182168,MF-VAR,2021-03-31,Other,0.0865120373644991,-0.0646911395462822
Cutoff +2m,2,114,2020 Q2,2021 Q1,exch_rate,3,0.0579653717567761,MF-VAR (manual),2021-03-31,Other,0.0865120373644991,-0.028546665607723
Cutoff +2m,2,114,2020 Q2,2021 Q1,exch_rate,3,0.2515294380368297,MIDAS,2021-03-31,Other,0.0865120373644991,0.1650174006723305
Cutoff +2m,2,114,2020 Q2,2021 Q1,exch_rate,3,0.2331375811118607,MIDAS (trend),2021-03-31,Other,0.0865120373644991,0.1466255437473616
Cutoff +2m,2,114,2020 Q2,2021 Q1,exch_rate,3,0.0536357166497272,MIDAS-Latent,2021-03-31,Other,0.0865120373644991,-0.0328763207147718
Cutoff +2m,2,114,2020 Q2,2021 Q1,exch_rate,3,0.0436167369767963,MIDAS-Latent (trend),2021-03-31,Other,0.0865120373644991,-0.0428953003877027
Cutoff +2m,2,114,2020 Q2,2021 Q2,exch_rate,4,0.0468430288685221,AR(2),2021-06-30,1-year ahead,0.0935012226033115,-0.0466581937347894
Cutoff +2m,2,114,2020 Q2,2021 Q2,exch_rate,4,0.0139628488518783,MF-VAR,2021-06-30,1-year ahead,0.0935012226033115,-0.0795383737514332
Cutoff +2m,2,114,2020 Q2,2021 Q2,exch_rate,4,0.0570132071505735,MF-VAR (manual),2021-06-30,1-year ahead,0.0935012226033115,-0.0364880154527379
Cutoff +2m,2,114,2020 Q2,2021 Q2,exch_rate,4,0.3422779676886959,MIDAS,2021-06-30,1-year ahead,0.0935012226033115,0.2487767450853843
Cutoff +2m,2,114,2020 Q2,2021 Q2,exch_rate,4,0.3086916449617364,MIDAS (trend),2021-06-30,1-year ahead,0.0935012226033115,0.2151904223584249
Cutoff +2m,2,114,2020 Q2,2021 Q2,exch_rate,4,0.0483466737994686,MIDAS-Latent,2021-06-30,1-year ahead,0.0935012226033115,-0.0451545488038429
Cutoff +2m,2,114,2020 Q2,2021 Q2,exch_rate,4,0.0389417690858793,MIDAS-Latent (trend),2021-06-30,1-year ahead,0.0935012226033115,-0.0545594535174322
Cutoff +2m,2,114,2020 Q2,2020 Q3,gdp_growth,1,-7.898939407183616,AR(2),2020-09-30,1-step ahead,28.019705798225655,-35.91864520540928
Cutoff +2m,2,114,2020 Q2,2020 Q3,gdp_growth,1,-3.0897951552599983,MF-VAR,2020-09-30,1-step ahead,28.019705798225655,-31.109500953485657
Cutoff +2m,2,114,2020 Q2,2020 Q3,gdp_growth,1,-31.70199241484123,MF-VAR (manual),2020-09-30,1-step ahead,28.019705798225655,-59.72169821306689
Cutoff +2m,2,114,2020 Q2,2020 Q3,gdp_growth,1,-2.059461337382732,MIDAS,2020-09-30,1-step ahead,28.019705798225655,-30.07916713560839
Cutoff +2m,2,114,2020 Q2,2020 Q3,gdp_growth,1,-2.667826872182526,MIDAS (trend),2020-09-30,1-step ahead,28.019705798225655,-30.687532670408185
Cutoff +2m,2,114,2020 Q2,2020 Q3,gdp_growth,1,-26.55422250303897,MIDAS-Latent,2020-09-30,1-step ahead,28.019705798225655,-54.57392830126463
Cutoff +2m,2,114,2020 Q2,2020 Q3,gdp_growth,1,-26.632737043969826,MIDAS-Latent (trend),2020-09-30,1-step ahead,28.019705798225655,-54.65244284219549
Cutoff +2m,2,114,2020 Q2,2020 Q4,gdp_growth,2,0.2715451034528562,AR(2),2020-12-31,Other,2.205063679566166,-1.9335185761133096
Cutoff +2m,2,114,2020 Q2,2020 Q4,gdp_growth,2,-3.0355745225491955,MF-VAR,2020-12-31,Other,2.205063679566166,-5.2406382021153615
Cutoff +2m,2,114,2020 Q2,2020 Q4,gdp_growth,2,-31.86195749044061,MF-VAR (manual),2020-12-31,Other,2.205063679566166,-34.067021170006775
Cutoff +2m,2,114,2020 Q2,2020 Q4,gdp_growth,2,3.545115636636775,MIDAS,2020-12-31,Other,2.205063679566166,1.3400519570706089
Cutoff +2m,2,114,2020 Q2,2020 Q4,gdp_growth,2,2.44645221081802,MIDAS (trend),2020-12-31,Other,2.205063679566166,0.2413885312518537
Cutoff +2m,2,114,2020 Q2,2020 Q4,gdp_growth,2,-25.64428457013818,MIDAS-Latent,2020-12-31,Other,2.205063679566166,-27.849348249704345
Cutoff +2m,2,114,2020 Q2,2020 Q4,gdp_growth,2,-25.72792339748463,MIDAS-Latent (trend),2020-12-31,Other,2.205063679566166,-27.9329870770508
Cutoff +2m,2,114,2020 Q2,2021 Q1,gdp_growth,3,1.7147079184341516,AR(2),2021-03-31,Other,2.431814853272129,-0.7171069348379779
Cutoff +2m,2,114,2020 Q2,2021 Q1,gdp_growth,3,-0.3728128399747492,MF-VAR,2021-03-31,Other,2.431814853272129,-2.8046276932468786
Cutoff +2m,2,114,2020 Q2,2021 Q1,gdp_growth,3,-33.00448912970582,MF-VAR (manual),2021-03-31,Other,2.431814853272129,-35.43630398297795
Cutoff +2m,2,114,2020 Q2,2021 Q1,gdp_growth,3,9.103626145578536,MIDAS,2021-03-31,Other,2.431814853272129,6.671811292306407
Cutoff +2m,2,114,2020 Q2,2021 Q1,gdp_growth,3,7.734284624632864,MIDAS (trend),2021-03-31,Other,2.431814853272129,5.302469771360735
Cutoff +2m,2,114,2020 Q2,2021 Q1,gdp_growth,3,-25.700331411590003,MIDAS-Latent,2021-03-31,Other,2.431814853272129,-28.132146264862133
Cutoff +2m,2,114,2020 Q2,2021 Q1,gdp_growth,3,-25.783066170045718,MIDAS-Latent (trend),2021-03-31,Other,2.431814853272129,-28.214881023317844
Cutoff +2m,2,114,2020 Q2,2021 Q2,gdp_growth,4,1.65812911868261,AR(2),2021-06-30,1-year ahead,11.771812260042935,-10.113683141360326
Cutoff +2m,2,114,2020 Q2,2021 Q2,gdp_growth,4,0.2603338674180395,MF-VAR,2021-06-30,1-year ahead,11.771812260042935,-11.511478392624896
Cutoff +2m,2,114,2020 Q2,2021 Q2,gdp_growth,4,-32.5410219530067,MF-VAR (manual),2021-06-30,1-year ahead,11.771812260042935,-44.31283421304963
Cutoff +2m,2,114,2020 Q2,2021 Q2,gdp_growth,4,10.312338534737092,MIDAS,2021-06-30,1-year ahead,11.771812260042935,-1.459473725305843
Cutoff +2m,2,114,2020 Q2,2021 Q2,gdp_growth,4,8.795070642252973,MIDAS (trend),2021-06-30,1-year ahead,11.771812260042935,-2.976741617789962
Cutoff +2m,2,114,2020 Q2,2021 Q2,gdp_growth,4,-25.74020472948995,MIDAS-Latent,2021-06-30,1-year ahead,11.771812260042935,-37.51201698953288
Cutoff +2m,2,114,2020 Q2,2021 Q2,gdp_growth,4,-25.825286204190583,MIDAS-Latent (trend),2021-06-30,1-year ahead,11.771812260042935,-37.597098464233525
Cutoff +2m,2,114,2020 Q2,2020 Q3,inflation,1,-1.033290157629257,AR(2),2020-09-30,1-step ahead,0.3909466976683262,-1.4242368552975833
Cutoff +2m,2,114,2020 Q2,2020 Q3,inflation,1,-0.843910680199665,MF-VAR,2020-09-30,1-step ahead,0.3909466976683262,-1.2348573778679912
Cutoff +2m,2,114,2020 Q2,2020 Q3,inflation,1,-2.9620331373682403,MF-VAR (manual),2020-09-30,1-step ahead,0.3909466976683262,-3.3529798350365665
Cutoff +2m,2,114,2020 Q2,2020 Q3,inflation,1,-0.2237465961418221,MIDAS,2020-09-30,1-step ahead,0.3909466976683262,-0.6146932938101484
Cutoff +2m,2,114,2020 Q2,2020 Q3,inflation,1,-0.7377966447669858,MIDAS (trend),2020-09-30,1-step ahead,0.3909466976683262,-1.1287433424353122
Cutoff +2m,2,114,2020 Q2,2020 Q3,inflation,1,-2.4244732226288828,MIDAS-Latent,2020-09-30,1-step ahead,0.3909466976683262,-2.815419920297209
Cutoff +2m,2,114,2020 Q2,2020 Q3,inflation,1,-2.446360103213866,MIDAS-Latent (trend),2020-09-30,1-step ahead,0.3909466976683262,-2.8373068008821924
Cutoff +2m,2,114,2020 Q2,2020 Q4,inflation,2,-0.4282896309333956,AR(2),2020-12-31,Other,0.1723123898273115,-0.6006020207607072
Cutoff +2m,2,114,2020 Q2,2020 Q4,inflation,2,-0.8495921007967879,MF-VAR,2020-12-31,Other,0.1723123898273115,-1.0219044906240995
Cutoff +2m,2,114,2020 Q2,2020 Q4,inflation,2,-3.1242380032711363,MF-VAR (manual),2020-12-31,Other,0.1723123898273115,-3.296550393098448
Cutoff +2m,2,114,2020 Q2,2020 Q4,inflation,2,0.1895001347946188,MIDAS,2020-12-31,Other,0.1723123898273115,0.0171877449673072
Cutoff +2m,2,114,2020 Q2,2020 Q4,inflation,2,-0.6933689145576241,MIDAS (trend),2020-12-31,Other,0.1723123898273115,-0.8656813043849356
Cutoff +2m,2,114,2020 Q2,2020 Q4,inflation,2,-2.4320959167350806,MIDAS-Latent,2020-12-31,Other,0.1723123898273115,-2.604408306562392
Cutoff +2m,2,114,2020 Q2,2020 Q4,inflation,2,-2.4398534431128245,MIDAS-Latent (trend),2020-12-31,Other,0.1723123898273115,-2.612165832940136
Cutoff +2m,2,114,2020 Q2,2021 Q1,inflation,3,-0.007548931294552,AR(2),2021-03-31,Other,0.2776485073894719,-0.2851974386840239
Cutoff +2m,2,114,2020 Q2,2021 Q1,inflation,3,-0.3809108787935689,MF-VAR,2021-03-31,Other,0.2776485073894719,-0.6585593861830408
Cutoff +2m,2,114,2020 Q2,2021 Q1,inflation,3,-3.107117027798078,MF-VAR (manual),2021-03-31,Other,0.2776485073894719,-3.3847655351875505
Cutoff +2m,2,114,2020 Q2,2021 Q1,inflation,3,1.0746305407715468,MIDAS,2021-03-31,Other,0.2776485073894719,0.796982033382075
Cutoff +2m,2,114,2020 Q2,2021 Q1,inflation,3,-0.2694649394780517,MIDAS (trend),2021-03-31,Other,0.2776485073894719,-0.5471134468675236
Cutoff +2m,2,114,2020 Q2,2021 Q1,inflation,3,-2.4312674070220965,MIDAS-Latent,2021-03-31,Other,0.2776485073894719,-2.7089159144115684
Cutoff +2m,2,114,2020 Q2,2021 Q1,inflation,3,-2.4417184725490624,MIDAS-Latent (trend),2021-03-31,Other,0.2776485073894719,-2.7193669799385343
Cutoff +2m,2,114,2020 Q2,2021 Q2,inflation,4,0.2428022242811918,AR(2),2021-06-30,1-year ahead,1.0912758993917748,-0.848473675110583
Cutoff +2m,2,114,2020 Q2,2021 Q2,inflation,4,-0.345802711802696,MF-VAR,2021-06-30,1-year ahead,1.0912758993917748,-1.437078611194471
Cutoff +2m,2,114,2020 Q2,2021 Q2,inflation,4,-3.194011900372046,MF-VAR (manual),2021-06-30,1-year ahead,1.0912758993917748,-4.285287799763821
Cutoff +2m,2,114,2020 Q2,2021 Q2,inflation,4,1.2251113086602836,MIDAS,2021-06-30,1-year ahead,1.0912758993917748,0.1338354092685088
Cutoff +2m,2,114,2020 Q2,2021 Q2,inflation,4,-0.2719579356053778,MIDAS (trend),2021-06-30,1-year ahead,1.0912758993917748,-1.363233834997153
Cutoff +2m,2,114,2020 Q2,2021 Q2,inflation,4,-2.431294865901504,MIDAS-Latent,2021-06-30,1-year ahead,1.0912758993917748,-3.522570765293279
Cutoff +2m,2,114,2020 Q2,2021 Q2,inflation,4,-2.4428573313202184,MIDAS-Latent (trend),2021-06-30,1-year ahead,1.0912758993917748,-3.5341332307119933
Cutoff +2m,2,115,2020 Q3,2020 Q4,exch_rate,1,0.0736723495746805,AR(2),2020-12-31,1-step ahead,0.0749666427639009,-0.0012942931892204
Cutoff +2m,2,115,2020 Q3,2020 Q4,exch_rate,1,0.0401187709556012,MF-VAR,2020-12-31,1-step ahead,0.0749666427639009,-0.0348478718082997
Cutoff +2m,2,115,2020 Q3,2020 Q4,exch_rate,1,0.0722280331276801,MF-VAR (manual),2020-12-31,1-step ahead,0.0749666427639009,-0.0027386096362208
Cutoff +2m,2,115,2020 Q3,2020 Q4,exch_rate,1,0.0442744571793695,MIDAS,2020-12-31,1-step ahead,0.0749666427639009,-0.0306921855845314
Cutoff +2m,2,115,2020 Q3,2020 Q4,exch_rate,1,0.044407341403245,MIDAS (trend),2020-12-31,1-step ahead,0.0749666427639009,-0.0305593013606559
Cutoff +2m,2,115,2020 Q3,2020 Q4,exch_rate,1,0.0544559379192019,MIDAS-Latent,2020-12-31,1-step ahead,0.0749666427639009,-0.020510704844699
Cutoff +2m,2,115,2020 Q3,2020 Q4,exch_rate,1,0.0713450275478879,MIDAS-Latent (trend),2020-12-31,1-step ahead,0.0749666427639009,-0.003621615216013
Cutoff +2m,2,115,2020 Q3,2021 Q1,exch_rate,2,0.0695301675919415,AR(2),2021-03-31,Other,0.0865120373644991,-0.0169818697725575
Cutoff +2m,2,115,2020 Q3,2021 Q1,exch_rate,2,0.035208037984868,MF-VAR,2021-03-31,Other,0.0865120373644991,-0.051303999379631
Cutoff +2m,2,115,2020 Q3,2021 Q1,exch_rate,2,0.0711227082745544,MF-VAR (manual),2021-03-31,Other,0.0865120373644991,-0.0153893290899446
Cutoff +2m,2,115,2020 Q3,2021 Q1,exch_rate,2,0.044096457099363,MIDAS,2021-03-31,Other,0.0865120373644991,-0.042415580265136
Cutoff +2m,2,115,2020 Q3,2021 Q1,exch_rate,2,0.0428288613068071,MIDAS (trend),2021-03-31,Other,0.0865120373644991,-0.0436831760576919
Cutoff +2m,2,115,2020 Q3,2021 Q1,exch_rate,2,0.067587094608805,MIDAS-Latent,2021-03-31,Other,0.0865120373644991,-0.018924942755694
Cutoff +2m,2,115,2020 Q3,2021 Q1,exch_rate,2,0.0660049885463091,MIDAS-Latent (trend),2021-03-31,Other,0.0865120373644991,-0.02050704881819
Cutoff +2m,2,115,2020 Q3,2021 Q2,exch_rate,3,0.0677068567015147,AR(2),2021-06-30,Other,0.0935012226033115,-0.0257943659017968
Cutoff +2m,2,115,2020 Q3,2021 Q2,exch_rate,3,0.0230007929498206,MF-VAR,2021-06-30,Other,0.0935012226033115,-0.0705004296534909
Cutoff +2m,2,115,2020 Q3,2021 Q2,exch_rate,3,0.0685529012855765,MF-VAR (manual),2021-06-30,Other,0.0935012226033115,-0.024948321317735
Cutoff +2m,2,115,2020 Q3,2021 Q2,exch_rate,3,0.0163404654135504,MIDAS,2021-06-30,Other,0.0935012226033115,-0.0771607571897611
Cutoff +2m,2,115,2020 Q3,2021 Q2,exch_rate,3,0.0169491728187724,MIDAS (trend),2021-06-30,Other,0.0935012226033115,-0.0765520497845391
Cutoff +2m,2,115,2020 Q3,2021 Q2,exch_rate,3,0.0498118521729884,MIDAS-Latent,2021-06-30,Other,0.0935012226033115,-0.0436893704303231
Cutoff +2m,2,115,2020 Q3,2021 Q2,exch_rate,3,0.0612020942372267,MIDAS-Latent (trend),2021-06-30,Other,0.0935012226033115,-0.0322991283660848
Cutoff +2m,2,115,2020 Q3,2021 Q3,exch_rate,4,0.0601895752536896,AR(2),2021-09-30,1-year ahead,0.079229789932838,-0.0190402146791483
Cutoff +2m,2,115,2020 Q3,2021 Q3,exch_rate,4,0.0082238684653294,MF-VAR,2021-09-30,1-year ahead,0.079229789932838,-0.0710059214675086
Cutoff +2m,2,115,2020 Q3,2021 Q3,exch_rate,4,0.0672165732600943,MF-VAR (manual),2021-09-30,1-year ahead,0.079229789932838,-0.0120132166727437
Cutoff +2m,2,115,2020 Q3,2021 Q3,exch_rate,4,0.0161657140185789,MIDAS,2021-09-30,1-year ahead,0.079229789932838,-0.0630640759142591
Cutoff +2m,2,115,2020 Q3,2021 Q3,exch_rate,4,0.0150979439887684,MIDAS (trend),2021-09-30,1-year ahead,0.079229789932838,-0.0641318459440696
Cutoff +2m,2,115,2020 Q3,2021 Q3,exch_rate,4,0.0627141735191197,MIDAS-Latent,2021-09-30,1-year ahead,0.079229789932838,-0.0165156164137183
Cutoff +2m,2,115,2020 Q3,2021 Q3,exch_rate,4,0.0565518239860606,MIDAS-Latent (trend),2021-09-30,1-year ahead,0.079229789932838,-0.0226779659467774
Cutoff +2m,2,115,2020 Q3,2020 Q4,gdp_growth,1,1.109496851463965,AR(2),2020-12-31,1-step ahead,2.205063679566166,-1.095566828102201
Cutoff +2m,2,115,2020 Q3,2020 Q4,gdp_growth,1,-0.1137245228710515,MF-VAR,2020-12-31,1-step ahead,2.205063679566166,-2.3187882024372177
Cutoff +2m,2,115,2020 Q3,2020 Q4,gdp_growth,1,40.93189670585282,MF-VAR (manual),2020-12-31,1-step ahead,2.205063679566166,38.726833026286656
Cutoff +2m,2,115,2020 Q3,2020 Q4,gdp_growth,1,1.6948264475801802,MIDAS,2020-12-31,1-step ahead,2.205063679566166,-0.5102372319859858
Cutoff +2m,2,115,2020 Q3,2020 Q4,gdp_growth,1,1.4224780584613084,MIDAS (trend),2020-12-31,1-step ahead,2.205063679566166,-0.7825856211048576
Cutoff +2m,2,115,2020 Q3,2020 Q4,gdp_growth,1,26.41173361086528,MIDAS-Latent,2020-12-31,1-step ahead,2.205063679566166,24.206669931299118
Cutoff +2m,2,115,2020 Q3,2020 Q4,gdp_growth,1,26.281314357252256,MIDAS-Latent (trend),2020-12-31,1-step ahead,2.205063679566166,24.07625067768609
Cutoff +2m,2,115,2020 Q3,2021 Q1,gdp_growth,2,-0.4415103912774627,AR(2),2021-03-31,Other,2.431814853272129,-2.8733252445495925
Cutoff +2m,2,115,2020 Q3,2021 Q1,gdp_growth,2,-0.1544724429654553,MF-VAR,2021-03-31,Other,2.431814853272129,-2.586287296237585
Cutoff +2m,2,115,2020 Q3,2021 Q1,gdp_growth,2,41.4193208558472,MF-VAR (manual),2021-03-31,Other,2.431814853272129,38.987506002575074
Cutoff +2m,2,115,2020 Q3,2021 Q1,gdp_growth,2,1.601237196743292,MIDAS,2021-03-31,Other,2.431814853272129,-0.8305776565288374
Cutoff +2m,2,115,2020 Q3,2021 Q1,gdp_growth,2,0.8710085894666126,MIDAS (trend),2021-03-31,Other,2.431814853272129,-1.560806263805517
Cutoff +2m,2,115,2020 Q3,2021 Q1,gdp_growth,2,24.92667391592474,MIDAS-Latent,2021-03-31,Other,2.431814853272129,22.49485906265261
Cutoff +2m,2,115,2020 Q3,2021 Q1,gdp_growth,2,24.81627663235708,MIDAS-Latent (trend),2021-03-31,Other,2.431814853272129,22.384461779084948
Cutoff +2m,2,115,2020 Q3,2021 Q2,gdp_growth,3,2.052247618932432,AR(2),2021-06-30,Other,11.771812260042935,-9.719564641110503
Cutoff +2m,2,115,2020 Q3,2021 Q2,gdp_growth,3,1.2602458417284128,MF-VAR,2021-06-30,Other,11.771812260042935,-10.511566418314525
Cutoff +2m,2,115,2020 Q3,2021 Q2,gdp_growth,3,42.03326840485454,MF-VAR (manual),2021-06-30,Other,11.771812260042935,30.261456144811604
Cutoff +2m,2,115,2020 Q3,2021 Q2,gdp_growth,3,-0.2711350079219641,MIDAS,2021-06-30,Other,11.771812260042935,-12.0429472679649
Cutoff +2m,2,115,2020 Q3,2021 Q2,gdp_growth,3,-0.8374377743593384,MIDAS (trend),2021-06-30,Other,11.771812260042935,-12.609250034402274
Cutoff +2m,2,115,2020 Q3,2021 Q2,gdp_growth,3,24.96942786814217,MIDAS-Latent,2021-06-30,Other,11.771812260042935,13.197615608099234
Cutoff +2m,2,115,2020 Q3,2021 Q2,gdp_growth,3,24.860715061652527,MIDAS-Latent (trend),2021-06-30,Other,11.771812260042935,13.088902801609592
Cutoff +2m,2,115,2020 Q3,2021 Q3,gdp_growth,4,1.885199861249323,AR(2),2021-09-30,1-year ahead,7.528200558540021,-5.643000697290699
Cutoff +2m,2,115,2020 Q3,2021 Q3,gdp_growth,4,1.5038353111363876,MF-VAR,2021-09-30,1-year ahead,7.528200558540021,-6.024365247403634
Cutoff +2m,2,115,2020 Q3,2021 Q3,gdp_growth,4,43.2825191463146,MF-VAR (manual),2021-09-30,1-year ahead,7.528200558540021,35.75431858777458
Cutoff +2m,2,115,2020 Q3,2021 Q3,gdp_growth,4,-0.2777915972870404,MIDAS,2021-09-30,1-year ahead,7.528200558540021,-7.805992155827062
Cutoff +2m,2,115,2020 Q3,2021 Q3,gdp_growth,4,-0.8820649325326331,MIDAS (trend),2021-09-30,1-year ahead,7.528200558540021,-8.410265491072654
Cutoff +2m,2,115,2020 Q3,2021 Q3,gdp_growth,4,25.008913732224023,MIDAS-Latent,2021-09-30,1-year ahead,7.528200558540021,17.480713173684002
Cutoff +2m,2,115,2020 Q3,2021 Q3,gdp_growth,4,24.89798885733526,MIDAS-Latent (trend),2021-09-30,1-year ahead,7.528200558540021,17.36978829879524
Cutoff +2m,2,115,2020 Q3,2020 Q4,inflation,1,0.2620923988963379,AR(2),2020-12-31,1-step ahead,0.1723123898273115,0.0897800090690263
Cutoff +2m,2,115,2020 Q3,2020 Q4,inflation,1,-0.0681360973973022,MF-VAR,2020-12-31,1-step ahead,0.1723123898273115,-0.2404484872246137
Cutoff +2m,2,115,2020 Q3,2020 Q4,inflation,1,1.0875609658909933,MF-VAR (manual),2020-12-31,1-step ahead,0.1723123898273115,0.9152485760636816
Cutoff +2m,2,115,2020 Q3,2020 Q4,inflation,1,-0.4552568753502843,MIDAS,2020-12-31,1-step ahead,0.1723123898273115,-0.6275692651775959
Cutoff +2m,2,115,2020 Q3,2020 Q4,inflation,1,-0.619641612105706,MIDAS (trend),2020-12-31,1-step ahead,0.1723123898273115,-0.7919540019330176
Cutoff +2m,2,115,2020 Q3,2020 Q4,inflation,1,0.04216634834531,MIDAS-Latent,2020-12-31,1-step ahead,0.1723123898273115,-0.1301460414820014
Cutoff +2m,2,115,2020 Q3,2020 Q4,inflation,1,0.0121592545653627,MIDAS-Latent (trend),2020-12-31,1-step ahead,0.1723123898273115,-0.1601531352619488
Cutoff +2m,2,115,2020 Q3,2021 Q1,inflation,2,0.436021140040907,AR(2),2021-03-31,Other,0.2776485073894719,0.158372632651435
Cutoff +2m,2,115,2020 Q3,2021 Q1,inflation,2,-0.0692659665156099,MF-VAR,2021-03-31,Other,0.2776485073894719,-0.3469144739050818
Cutoff +2m,2,115,2020 Q3,2021 Q1,inflation,2,1.2275222114348805,MF-VAR (manual),2021-03-31,Other,0.2776485073894719,0.9498737040454084
Cutoff +2m,2,115,2020 Q3,2021 Q1,inflation,2,0.4238511240081703,MIDAS,2021-03-31,Other,0.2776485073894719,0.1462026166186984
Cutoff +2m,2,115,2020 Q3,2021 Q1,inflation,2,-0.2023580668516252,MIDAS (trend),2021-03-31,Other,0.2776485073894719,-0.480006574241097
Cutoff +2m,2,115,2020 Q3,2021 Q1,inflation,2,0.0617202822906539,MIDAS-Latent,2021-03-31,Other,0.2776485073894719,-0.2159282250988179
Cutoff +2m,2,115,2020 Q3,2021 Q1,inflation,2,0.0113536110104174,MIDAS-Latent (trend),2021-03-31,Other,0.2776485073894719,-0.2662948963790544
Cutoff +2m,2,115,2020 Q3,2021 Q2,inflation,3,0.5102054799299794,AR(2),2021-06-30,Other,1.0912758993917748,-0.5810704194617954
Cutoff +2m,2,115,2020 Q3,2021 Q2,inflation,3,-0.1483812826968469,MF-VAR,2021-06-30,Other,1.0912758993917748,-1.2396571820886215
Cutoff +2m,2,115,2020 Q3,2021 Q2,inflation,3,1.166569254021378,MF-VAR (manual),2021-06-30,Other,1.0912758993917748,0.0752933546296032
Cutoff +2m,2,115,2020 Q3,2021 Q2,inflation,3,0.1144288966446864,MIDAS,2021-06-30,Other,1.0912758993917748,-0.9768470027470884
Cutoff +2m,2,115,2020 Q3,2021 Q2,inflation,3,-0.4448749034321897,MIDAS (trend),2021-06-30,Other,1.0912758993917748,-1.5361508028239643
Cutoff +2m,2,115,2020 Q3,2021 Q2,inflation,3,0.0594808429075307,MIDAS-Latent,2021-06-30,Other,1.0912758993917748,-1.031795056484244
Cutoff +2m,2,115,2020 Q3,2021 Q2,inflation,3,0.0103322724544615,MIDAS-Latent (trend),2021-06-30,Other,1.0912758993917748,-1.0809436269373134
Cutoff +2m,2,115,2020 Q3,2021 Q3,inflation,4,0.5596061599233776,AR(2),2021-09-30,1-year ahead,1.6810527454161672,-1.1214465854927895
Cutoff +2m,2,115,2020 Q3,2021 Q3,inflation,4,-0.2284722669924218,MF-VAR,2021-09-30,1-year ahead,1.6810527454161672,-1.9095250124085887
Cutoff +2m,2,115,2020 Q3,2021 Q3,inflation,4,1.1758611577898457,MF-VAR (manual),2021-09-30,1-year ahead,1.6810527454161672,-0.5051915876263215
Cutoff +2m,2,115,2020 Q3,2021 Q3,inflation,4,0.4358829343347007,MIDAS,2021-09-30,1-year ahead,1.6810527454161672,-1.2451698110814664
Cutoff +2m,2,115,2020 Q3,2021 Q3,inflation,4,-0.3626114486835827,MIDAS (trend),2021-09-30,1-year ahead,1.6810527454161672,-2.04366419409975
Cutoff +2m,2,115,2020 Q3,2021 Q3,inflation,4,0.0596063942749091,MIDAS-Latent,2021-09-30,1-year ahead,1.6810527454161672,-1.621446351141258
Cutoff +2m,2,115,2020 Q3,2021 Q3,inflation,4,0.0093347434501325,MIDAS-Latent (trend),2021-09-30,1-year ahead,1.6810527454161672,-1.6717180019660347
Cutoff +2m,2,116,2020 Q4,2021 Q1,exch_rate,1,0.071006537823465,AR(2),2021-03-31,1-step ahead,0.0865120373644991,-0.0155054995410341
Cutoff +2m,2,116,2020 Q4,2021 Q1,exch_rate,1,0.0471790863258242,MF-VAR,2021-03-31,1-step ahead,0.0865120373644991,-0.0393329510386748
Cutoff +2m,2,116,2020 Q4,2021 Q1,exch_rate,1,0.0749589688790225,MF-VAR (manual),2021-03-31,1-step ahead,0.0865120373644991,-0.0115530684854765
Cutoff +2m,2,116,2020 Q4,2021 Q1,exch_rate,1,0.0759381302287937,MIDAS,2021-03-31,1-step ahead,0.0865120373644991,-0.0105739071357054
Cutoff +2m,2,116,2020 Q4,2021 Q1,exch_rate,1,0.0715798105411053,MIDAS (trend),2021-03-31,1-step ahead,0.0865120373644991,-0.0149322268233938
Cutoff +2m,2,116,2020 Q4,2021 Q1,exch_rate,1,0.0687116264802872,MIDAS-Latent,2021-03-31,1-step ahead,0.0865120373644991,-0.0178004108842119
Cutoff +2m,2,116,2020 Q4,2021 Q1,exch_rate,1,0.0701764831369639,MIDAS-Latent (trend),2021-03-31,1-step ahead,0.0865120373644991,-0.0163355542275352
Cutoff +2m,2,116,2020 Q4,2021 Q2,exch_rate,2,0.0691352943943666,AR(2),2021-06-30,Other,0.0935012226033115,-0.0243659282089449
Cutoff +2m,2,116,2020 Q4,2021 Q2,exch_rate,2,0.0452782098092912,MF-VAR,2021-06-30,Other,0.0935012226033115,-0.0482230127940203
Cutoff +2m,2,116,2020 Q4,2021 Q2,exch_rate,2,0.0744285481311114,MF-VAR (manual),2021-06-30,Other,0.0935012226033115,-0.0190726744722
Cutoff +2m,2,116,2020 Q4,2021 Q2,exch_rate,2,0.0843357359332576,MIDAS,2021-06-30,Other,0.0935012226033115,-0.0091654866700539
Cutoff +2m,2,116,2020 Q4,2021 Q2,exch_rate,2,0.0799421339879433,MIDAS (trend),2021-06-30,Other,0.0935012226033115,-0.0135590886153682
Cutoff +2m,2,116,2020 Q4,2021 Q2,exch_rate,2,0.0710830072888662,MIDAS-Latent,2021-06-30,Other,0.0935012226033115,-0.0224182153144453
Cutoff +2m,2,116,2020 Q4,2021 Q2,exch_rate,2,0.0652523939668628,MIDAS-Latent (trend),2021-06-30,Other,0.0935012226033115,-0.0282488286364487
Cutoff +2m,2,116,2020 Q4,2021 Q3,exch_rate,3,0.0615273231397371,AR(2),2021-09-30,Other,0.079229789932838,-0.0177024667931009
Cutoff +2m,2,116,2020 Q4,2021 Q3,exch_rate,3,0.0244681657321778,MF-VAR,2021-09-30,Other,0.079229789932838,-0.0547616242006601
Cutoff +2m,2,116,2020 Q4,2021 Q3,exch_rate,3,0.072704515026371,MF-VAR (manual),2021-09-30,Other,0.079229789932838,-0.006525274906467
Cutoff +2m,2,116,2020 Q4,2021 Q3,exch_rate,3,0.0852867718948913,MIDAS,2021-09-30,Other,0.079229789932838,0.0060569819620532
Cutoff +2m,2,116,2020 Q4,2021 Q3,exch_rate,3,0.076463935043265,MIDAS (trend),2021-09-30,Other,0.079229789932838,-0.0027658548895729
Cutoff +2m,2,116,2020 Q4,2021 Q3,exch_rate,3,0.0649541669854909,MIDAS-Latent,2021-09-30,Other,0.079229789932838,-0.0142756229473471
Cutoff +2m,2,116,2020 Q4,2021 Q3,exch_rate,3,0.060587564863655,MIDAS-Latent (trend),2021-09-30,Other,0.079229789932838,-0.018642225069183
Cutoff +2m,2,116,2020 Q4,2021 Q4,exch_rate,4,0.0580335021342725,AR(2),2021-12-31,1-year ahead,0.0533352883414997,0.0046982137927728
Cutoff +2m,2,116,2020 Q4,2021 Q4,exch_rate,4,0.0110826195293734,MF-VAR,2021-12-31,1-year ahead,0.0533352883414997,-0.0422526688121263
Cutoff +2m,2,116,2020 Q4,2021 Q4,exch_rate,4,0.0712580955310977,MF-VAR (manual),2021-12-31,1-year ahead,0.0533352883414997,0.0179228071895979
Cutoff +2m,2,116,2020 Q4,2021 Q4,exch_rate,4,0.0935075933724463,MIDAS,2021-12-31,1-year ahead,0.0533352883414997,0.0401723050309465
Cutoff +2m,2,116,2020 Q4,2021 Q4,exch_rate,4,0.0835801085896433,MIDAS (trend),2021-12-31,1-year ahead,0.0533352883414997,0.0302448202481435
Cutoff +2m,2,116,2020 Q4,2021 Q4,exch_rate,4,0.0672777123793445,MIDAS-Latent,2021-12-31,1-year ahead,0.0533352883414997,0.0139424240378447
Cutoff +2m,2,116,2020 Q4,2021 Q4,exch_rate,4,0.055927551411703,MIDAS-Latent (trend),2021-12-31,1-year ahead,0.0533352883414997,0.0025922630702033
Cutoff +2m,2,116,2020 Q4,2021 Q1,gdp_growth,1,-0.6900143719168625,AR(2),2021-03-31,1-step ahead,2.431814853272129,-3.121829225188992
Cutoff +2m,2,116,2020 Q4,2021 Q1,gdp_growth,1,0.3063548706610079,MF-VAR,2021-03-31,1-step ahead,2.431814853272129,-2.1254599826111216
Cutoff +2m,2,116,2020 Q4,2021 Q1,gdp_growth,1,-6.803676990146805,MF-VAR (manual),2021-03-31,1-step ahead,2.431814853272129,-9.235491843418934
Cutoff +2m,2,116,2020 Q4,2021 Q1,gdp_growth,1,0.4611260475395493,MIDAS,2021-03-31,1-step ahead,2.431814853272129,-1.97068880573258
Cutoff +2m,2,116,2020 Q4,2021 Q1,gdp_growth,1,-0.420808339036226,MIDAS (trend),2021-03-31,1-step ahead,2.431814853272129,-2.852623192308356
Cutoff +2m,2,116,2020 Q4,2021 Q1,gdp_growth,1,2.6822224664254306,MIDAS-Latent,2021-03-31,1-step ahead,2.431814853272129,0.250407613153301
Cutoff +2m,2,116,2020 Q4,2021 Q1,gdp_growth,1,2.581663324064022,MIDAS-Latent (trend),2021-03-31,1-step ahead,2.431814853272129,0.1498484707918925
Cutoff +2m,2,116,2020 Q4,2021 Q2,gdp_growth,2,1.9781880980283288,AR(2),2021-06-30,Other,11.771812260042935,-9.793624162014606
Cutoff +2m,2,116,2020 Q4,2021 Q2,gdp_growth,2,0.277628313066941,MF-VAR,2021-06-30,Other,11.771812260042935,-11.494183946975994
Cutoff +2m,2,116,2020 Q4,2021 Q2,gdp_growth,2,-6.484385698456135,MF-VAR (manual),2021-06-30,Other,11.771812260042935,-18.256197958499072
Cutoff +2m,2,116,2020 Q4,2021 Q2,gdp_growth,2,3.2042854579591142,MIDAS,2021-06-30,Other,11.771812260042935,-8.56752680208382
Cutoff +2m,2,116,2020 Q4,2021 Q2,gdp_growth,2,2.660437285427349,MIDAS (trend),2021-06-30,Other,11.771812260042935,-9.111374974615586
Cutoff +2m,2,116,2020 Q4,2021 Q2,gdp_growth,2,3.0613472274765874,MIDAS-Latent,2021-06-30,Other,11.771812260042935,-8.710465032566347
Cutoff +2m,2,116,2020 Q4,2021 Q2,gdp_growth,2,2.997912094908515,MIDAS-Latent (trend),2021-06-30,Other,11.771812260042935,-8.773900165134421
Cutoff +2m,2,116,2020 Q4,2021 Q3,gdp_growth,3,1.9330496699726247,AR(2),2021-09-30,Other,7.528200558540021,-5.595150888567396
Cutoff +2m,2,116,2020 Q4,2021 Q3,gdp_growth,3,2.039582587559412,MF-VAR,2021-09-30,Other,7.528200558540021,-5.488617970980609
Cutoff +2m,2,116,2020 Q4,2021 Q3,gdp_growth,3,-6.055545200488025,MF-VAR (manual),2021-09-30,Other,7.528200558540021,-13.583745759028046
Cutoff +2m,2,116,2020 Q4,2021 Q3,gdp_growth,3,3.200596651418418,MIDAS,2021-09-30,Other,7.528200558540021,-4.327603907121604
Cutoff +2m,2,116,2020 Q4,2021 Q3,gdp_growth,3,2.6750453460816765,MIDAS (trend),2021-09-30,Other,7.528200558540021,-4.853155212458345
Cutoff +2m,2,116,2020 Q4,2021 Q3,gdp_growth,3,3.054339471559618,MIDAS-Latent,2021-09-30,Other,7.528200558540021,-4.473861086980403
Cutoff +2m,2,116,2020 Q4,2021 Q3,gdp_growth,3,2.9907722860796206,MIDAS-Latent (trend),2021-09-30,Other,7.528200558540021,-4.537428272460401
Cutoff +2m,2,116,2020 Q4,2021 Q4,gdp_growth,4,1.6968892828764723,AR(2),2021-12-31,1-year ahead,0.5744345999069367,1.1224546829695357
Cutoff +2m,2,116,2020 Q4,2021 Q4,gdp_growth,4,2.009476175233577,MF-VAR,2021-12-31,1-year ahead,0.5744345999069367,1.4350415753266406
Cutoff +2m,2,116,2020 Q4,2021 Q4,gdp_growth,4,-6.759644311542645,MF-VAR (manual),2021-12-31,1-year ahead,0.5744345999069367,-7.334078911449581
Cutoff +2m,2,116,2020 Q4,2021 Q4,gdp_growth,4,3.2063990288598454,MIDAS,2021-12-31,1-year ahead,0.5744345999069367,2.6319644289529087
Cutoff +2m,2,116,2020 Q4,2021 Q4,gdp_growth,4,2.638061888763974,MIDAS (trend),2021-12-31,1-year ahead,0.5744345999069367,2.0636272888570373
Cutoff +2m,2,116,2020 Q4,2021 Q4,gdp_growth,4,3.0487714848417937,MIDAS-Latent,2021-12-31,1-year ahead,0.5744345999069367,2.474336884934857
Cutoff +2m,2,116,2020 Q4,2021 Q4,gdp_growth,4,2.9829915382894887,MIDAS-Latent (trend),2021-12-31,1-year ahead,0.5744345999069367,2.408556938382552
Cutoff +2m,2,116,2020 Q4,2021 Q1,inflation,1,0.390825128211814,AR(2),2021-03-31,1-step ahead,0.2776485073894719,0.1131766208223421
Cutoff +2m,2,116,2020 Q4,2021 Q1,inflation,1,-0.0343712544282396,MF-VAR,2021-03-31,1-step ahead,0.2776485073894719,-0.3120197618177115
Cutoff +2m,2,116,2020 Q4,2021 Q1,inflation,1,-0.2638810442743684,MF-VAR (manual),2021-03-31,1-step ahead,0.2776485073894719,-0.5415295516638403
Cutoff +2m,2,116,2020 Q4,2021 Q1,inflation,1,0.3924482270975272,MIDAS,2021-03-31,1-step ahead,0.2776485073894719,0.1147997197080553
Cutoff +2m,2,116,2020 Q4,2021 Q1,inflation,1,-0.3878559002613416,MIDAS (trend),2021-03-31,1-step ahead,0.2776485073894719,-0.6655044076508135
Cutoff +2m,2,116,2020 Q4,2021 Q1,inflation,1,0.3377990332154351,MIDAS-Latent,2021-03-31,1-step ahead,0.2776485073894719,0.0601505258259632
Cutoff +2m,2,116,2020 Q4,2021 Q1,inflation,1,0.2863767946002215,MIDAS-Latent (trend),2021-03-31,1-step ahead,0.2776485073894719,0.0087282872107495
Cutoff +2m,2,116,2020 Q4,2021 Q2,inflation,2,0.4763053420980394,AR(2),2021-06-30,Other,1.0912758993917748,-0.6149705572937354
Cutoff +2m,2,116,2020 Q4,2021 Q2,inflation,2,-0.0265326956097866,MF-VAR,2021-06-30,Other,1.0912758993917748,-1.1178085950015615
Cutoff +2m,2,116,2020 Q4,2021 Q2,inflation,2,-0.2367184877621661,MF-VAR (manual),2021-06-30,Other,1.0912758993917748,-1.327994387153941
Cutoff +2m,2,116,2020 Q4,2021 Q2,inflation,2,0.4772069003902602,MIDAS,2021-06-30,Other,1.0912758993917748,-0.6140689990015147
Cutoff +2m,2,116,2020 Q4,2021 Q2,inflation,2,-0.2191936765796072,MIDAS (trend),2021-06-30,Other,1.0912758993917748,-1.310469575971382
Cutoff +2m,2,116,2020 Q4,2021 Q2,inflation,2,0.3364817302170695,MIDAS-Latent,2021-06-30,Other,1.0912758993917748,-0.7547941691747053
Cutoff +2m,2,116,2020 Q4,2021 Q2,inflation,2,0.2855798144749786,MIDAS-Latent (trend),2021-06-30,Other,1.0912758993917748,-0.8056960849167962
Cutoff +2m,2,116,2020 Q4,2021 Q3,inflation,3,0.5363503872450526,AR(2),2021-09-30,Other,1.6810527454161672,-1.1447023581711149
Cutoff +2m,2,116,2020 Q4,2021 Q3,inflation,3,-0.0815585990702381,MF-VAR,2021-09-30,Other,1.6810527454161672,-1.762611344486405
Cutoff +2m,2,116,2020 Q4,2021 Q3,inflation,3,-0.3824369424974517,MF-VAR (manual),2021-09-30,Other,1.6810527454161672,-2.063489687913619
Cutoff +2m,2,116,2020 Q4,2021 Q3,inflation,3,0.5540930046207582,MIDAS,2021-09-30,Other,1.6810527454161672,-1.126959740795409
Cutoff +2m,2,116,2020 Q4,2021 Q3,inflation,3,-0.3494868025528811,MIDAS (trend),2021-09-30,Other,1.6810527454161672,-2.0305395479690485
Cutoff +2m,2,116,2020 Q4,2021 Q3,inflation,3,0.3374788109299609,MIDAS-Latent,2021-09-30,Other,1.6810527454161672,-1.3435739344862063
Cutoff +2m,2,116,2020 Q4,2021 Q3,inflation,3,0.2845172271016843,MIDAS-Latent (trend),2021-09-30,Other,1.6810527454161672,-1.396535518314483
Cutoff +2m,2,116,2020 Q4,2021 Q4,inflation,4,0.5725770053529131,AR(2),2021-12-31,1-year ahead,2.905325805445002,-2.332748800092089
Cutoff +2m,2,116,2020 Q4,2021 Q4,inflation,4,-0.2099471065490665,MF-VAR,2021-12-31,1-year ahead,2.905325805445002,-3.115272911994069
Cutoff +2m,2,116,2020 Q4,2021 Q4,inflation,4,-0.3346433802872612,MF-VAR (manual),2021-12-31,1-year ahead,2.905325805445002,-3.239969185732264
Cutoff +2m,2,116,2020 Q4,2021 Q4,inflation,4,0.583696381653933,MIDAS,2021-12-31,1-year ahead,2.905325805445002,-2.321629423791069
Cutoff +2m,2,116,2020 Q4,2021 Q4,inflation,4,-0.3265983695306171,MIDAS (trend),2021-12-31,1-year ahead,2.905325805445002,-3.23192417497562
Cutoff +2m,2,116,2020 Q4,2021 Q4,inflation,4,0.3374708739908472,MIDAS-Latent,2021-12-31,1-year ahead,2.905325805445002,-2.567854931454155
Cutoff +2m,2,116,2020 Q4,2021 Q4,inflation,4,0.2835463383589935,MIDAS-Latent (trend),2021-12-31,1-year ahead,2.905325805445002,-2.621779467086009
Cutoff +2m,2,117,2021 Q1,2021 Q2,exch_rate,1,0.0868014571179525,AR(2),2021-06-30,1-step ahead,0.0935012226033115,-0.0066997654853589
Cutoff +2m,2,117,2021 Q1,2021 Q2,exch_rate,1,0.0600001141191108,MF-VAR,2021-06-30,1-step ahead,0.0935012226033115,-0.0335011084842007
Cutoff +2m,2,117,2021 Q1,2021 Q2,exch_rate,1,0.0812168884704135,MF-VAR (manual),2021-06-30,1-step ahead,0.0935012226033115,-0.012284334132898
Cutoff +2m,2,117,2021 Q1,2021 Q2,exch_rate,1,0.0888061761446257,MIDAS,2021-06-30,1-step ahead,0.0935012226033115,-0.0046950464586858
Cutoff +2m,2,117,2021 Q1,2021 Q2,exch_rate,1,0.0854692960400927,MIDAS (trend),2021-06-30,1-step ahead,0.0935012226033115,-0.0080319265632188
Cutoff +2m,2,117,2021 Q1,2021 Q2,exch_rate,1,0.0722644710876249,MIDAS-Latent,2021-06-30,1-step ahead,0.0935012226033115,-0.0212367515156866
Cutoff +2m,2,117,2021 Q1,2021 Q2,exch_rate,1,0.0793382656200259,MIDAS-Latent (trend),2021-06-30,1-step ahead,0.0935012226033115,-0.0141629569832856
Cutoff +2m,2,117,2021 Q1,2021 Q3,exch_rate,2,0.0786294321574942,AR(2),2021-09-30,Other,0.079229789932838,-0.000600357775343785
Cutoff +2m,2,117,2021 Q1,2021 Q3,exch_rate,2,0.052652931294115,MF-VAR,2021-09-30,Other,0.079229789932838,-0.026576858638723
Cutoff +2m,2,117,2021 Q1,2021 Q3,exch_rate,2,0.0799771690460083,MF-VAR (manual),2021-09-30,Other,0.079229789932838,0.0007473791131703128
Cutoff +2m,2,117,2021 Q1,2021 Q3,exch_rate,2,0.1061358488094186,MIDAS,2021-09-30,Other,0.079229789932838,0.0269060588765806
Cutoff +2m,2,117,2021 Q1,2021 Q3,exch_rate,2,0.1001234146582292,MIDAS (trend),2021-09-30,Other,0.079229789932838,0.0208936247253911
Cutoff +2m,2,117,2021 Q1,2021 Q3,exch_rate,2,0.0835656797328622,MIDAS-Latent,2021-09-30,Other,0.079229789932838,0.0043358898000241
Cutoff +2m,2,117,2021 Q1,2021 Q3,exch_rate,2,0.0740653024684964,MIDAS-Latent (trend),2021-09-30,Other,0.079229789932838,-0.0051644874643416
Cutoff +2m,2,117,2021 Q1,2021 Q4,exch_rate,3,0.0740717320874872,AR(2),2021-12-31,Other,0.0533352883414997,0.0207364437459875
Cutoff +2m,2,117,2021 Q1,2021 Q4,exch_rate,3,0.0322429338629323,MF-VAR,2021-12-31,Other,0.0533352883414997,-0.0210923544785674
Cutoff +2m,2,117,2021 Q1,2021 Q4,exch_rate,3,0.077916237294845,MF-VAR (manual),2021-12-31,Other,0.0533352883414997,0.0245809489533453
Cutoff +2m,2,117,2021 Q1,2021 Q4,exch_rate,3,0.1083794179014589,MIDAS,2021-12-31,Other,0.0533352883414997,0.0550441295599591
Cutoff +2m,2,117,2021 Q1,2021 Q4,exch_rate,3,0.0987648425048079,MIDAS (trend),2021-12-31,Other,0.0533352883414997,0.0454295541633081
Cutoff +2m,2,117,2021 Q1,2021 Q4,exch_rate,3,0.0696194505434796,MIDAS-Latent,2021-12-31,Other,0.0533352883414997,0.0162841622019799
Cutoff +2m,2,117,2021 Q1,2021 Q4,exch_rate,3,0.0694928356261539,MIDAS-Latent (trend),2021-12-31,Other,0.0533352883414997,0.0161575472846542
Cutoff +2m,2,117,2021 Q1,2022 Q1,exch_rate,4,0.0677345185194763,AR(2),2022-03-31,1-year ahead,0.0362913624238735,0.0314431560956028
Cutoff +2m,2,117,2021 Q1,2022 Q1,exch_rate,4,0.0202973531923429,MF-VAR,2022-03-31,1-year ahead,0.0362913624238735,-0.0159940092315305
Cutoff +2m,2,117,2021 Q1,2022 Q1,exch_rate,4,0.077619473326966,MF-VAR (manual),2022-03-31,1-year ahead,0.0362913624238735,0.0413281109030925
Cutoff +2m,2,117,2021 Q1,2022 Q1,exch_rate,4,0.1253270926902346,MIDAS,2022-03-31,1-year ahead,0.0362913624238735,0.0890357302663611
Cutoff +2m,2,117,2021 Q1,2022 Q1,exch_rate,4,0.1115543805691362,MIDAS (trend),2022-03-31,1-year ahead,0.0362913624238735,0.0752630181452627
Cutoff +2m,2,117,2021 Q1,2022 Q1,exch_rate,4,0.0806816377844916,MIDAS-Latent,2022-03-31,1-year ahead,0.0362913624238735,0.0443902753606181
Cutoff +2m,2,117,2021 Q1,2022 Q1,exch_rate,4,0.0648492379770607,MIDAS-Latent (trend),2022-03-31,1-year ahead,0.0362913624238735,0.0285578755531872
Cutoff +2m,2,117,2021 Q1,2021 Q2,gdp_growth,1,1.6304721464201817,AR(2),2021-06-30,1-step ahead,11.771812260042935,-10.141340113622752
Cutoff +2m,2,117,2021 Q1,2021 Q2,gdp_growth,1,4.053241466682238,MF-VAR,2021-06-30,1-step ahead,11.771812260042935,-7.718570793360698
Cutoff +2m,2,117,2021 Q1,2021 Q2,gdp_growth,1,7.121306414466471,MF-VAR (manual),2021-06-30,1-step ahead,11.771812260042935,-4.650505845576465
Cutoff +2m,2,117,2021 Q1,2021 Q2,gdp_growth,1,5.14895352287648,MIDAS,2021-06-30,1-step ahead,11.771812260042935,-6.622858737166455
Cutoff +2m,2,117,2021 Q1,2021 Q2,gdp_growth,1,4.816483731078322,MIDAS (trend),2021-06-30,1-step ahead,11.771812260042935,-6.955328528964613
Cutoff +2m,2,117,2021 Q1,2021 Q2,gdp_growth,1,0.7385705598582314,MIDAS-Latent,2021-06-30,1-step ahead,11.771812260042935,-11.033241700184703
Cutoff +2m,2,117,2021 Q1,2021 Q2,gdp_growth,1,0.7326973821973555,MIDAS-Latent (trend),2021-06-30,1-step ahead,11.771812260042935,-11.03911487784558
Cutoff +2m,2,117,2021 Q1,2021 Q3,gdp_growth,2,1.7031611258555237,AR(2),2021-09-30,Other,7.528200558540021,-5.825039432684498
Cutoff +2m,2,117,2021 Q1,2021 Q3,gdp_growth,2,4.044378860408868,MF-VAR,2021-09-30,Other,7.528200558540021,-3.4838216981311536
Cutoff +2m,2,117,2021 Q1,2021 Q3,gdp_growth,2,6.169670579014287,MF-VAR (manual),2021-09-30,Other,7.528200558540021,-1.3585299795257342
Cutoff +2m,2,117,2021 Q1,2021 Q3,gdp_growth,2,4.281544602823816,MIDAS,2021-09-30,Other,7.528200558540021,-3.2466559557162054
Cutoff +2m,2,117,2021 Q1,2021 Q3,gdp_growth,2,3.8869397797560223,MIDAS (trend),2021-09-30,Other,7.528200558540021,-3.641260778783999
Cutoff +2m,2,117,2021 Q1,2021 Q3,gdp_growth,2,0.7409362339097528,MIDAS-Latent,2021-09-30,Other,7.528200558540021,-6.787264324630269
Cutoff +2m,2,117,2021 Q1,2021 Q3,gdp_growth,2,0.7349520171096171,MIDAS-Latent (trend),2021-09-30,Other,7.528200558540021,-6.793248541430405
Cutoff +2m,2,117,2021 Q1,2021 Q4,gdp_growth,3,1.76101719556235,AR(2),2021-12-31,Other,0.5744345999069367,1.1865825956554132
Cutoff +2m,2,117,2021 Q1,2021 Q4,gdp_growth,3,1.928650028744077,MF-VAR,2021-12-31,Other,0.5744345999069367,1.3542154288371409
Cutoff +2m,2,117,2021 Q1,2021 Q4,gdp_growth,3,5.530575592136304,MF-VAR (manual),2021-12-31,Other,0.5744345999069367,4.956140992229368
Cutoff +2m,2,117,2021 Q1,2021 Q4,gdp_growth,3,4.376183806853487,MIDAS,2021-12-31,Other,0.5744345999069367,3.801749206946551
Cutoff +2m,2,117,2021 Q1,2021 Q4,gdp_growth,3,3.96085924427502,MIDAS (trend),2021-12-31,Other,0.5744345999069367,3.386424644368084
Cutoff +2m,2,117,2021 Q1,2021 Q4,gdp_growth,3,0.7232707725921844,MIDAS-Latent,2021-12-31,Other,0.5744345999069367,0.1488361726852477
Cutoff +2m,2,117,2021 Q1,2021 Q4,gdp_growth,3,0.7171790329604268,MIDAS-Latent (trend),2021-12-31,Other,0.5744345999069367,0.1427444330534901
Cutoff +2m,2,117,2021 Q1,2022 Q1,gdp_growth,4,1.748417591146895,AR(2),2022-03-31,1-year ahead,2.862969131881954,-1.1145515407350588
Cutoff +2m,2,117,2021 Q1,2022 Q1,gdp_growth,4,1.3759688448404264,MF-VAR,2022-03-31,1-year ahead,2.862969131881954,-1.4870002870415275
Cutoff +2m,2,117,2021 Q1,2022 Q1,gdp_growth,4,5.610625475527532,MF-VAR (manual),2022-03-31,1-year ahead,2.862969131881954,2.747656343645578
Cutoff +2m,2,117,2021 Q1,2022 Q1,gdp_growth,4,4.34597155060012,MIDAS,2022-03-31,1-year ahead,2.862969131881954,1.4830024187181658
Cutoff +2m,2,117,2021 Q1,2022 Q1,gdp_growth,4,3.921919715215248,MIDAS (trend),2022-03-31,1-year ahead,2.862969131881954,1.0589505833332935
Cutoff +2m,2,117,2021 Q1,2022 Q1,gdp_growth,4,0.7232954534510595,MIDAS-Latent,2022-03-31,1-year ahead,2.862969131881954,-2.1396736784308943
Cutoff +2m,2,117,2021 Q1,2022 Q1,gdp_growth,4,0.7170990687961838,MIDAS-Latent (trend),2022-03-31,1-year ahead,2.862969131881954,-2.14587006308577
Cutoff +2m,2,117,2021 Q1,2021 Q2,inflation,1,0.4207594701535169,AR(2),2021-06-30,1-step ahead,1.0912758993917748,-0.6705164292382579
Cutoff +2m,2,117,2021 Q1,2021 Q2,inflation,1,0.5351518371817395,MF-VAR,2021-06-30,1-step ahead,1.0912758993917748,-0.5561240622100353
Cutoff +2m,2,117,2021 Q1,2021 Q2,inflation,1,0.629171219803776,MF-VAR (manual),2021-06-30,1-step ahead,1.0912758993917748,-0.4621046795879988
Cutoff +2m,2,117,2021 Q1,2021 Q2,inflation,1,0.535342698620413,MIDAS,2021-06-30,1-step ahead,1.0912758993917748,-0.5559332007713619
Cutoff +2m,2,117,2021 Q1,2021 Q2,inflation,1,-0.0330498319361263,MIDAS (trend),2021-06-30,1-step ahead,1.0912758993917748,-1.1243257313279011
Cutoff +2m,2,117,2021 Q1,2021 Q2,inflation,1,0.0247823497520896,MIDAS-Latent,2021-06-30,1-step ahead,1.0912758993917748,-1.0664935496396852
Cutoff +2m,2,117,2021 Q1,2021 Q2,inflation,1,-0.014822394809206,MIDAS-Latent (trend),2021-06-30,1-step ahead,1.0912758993917748,-1.106098294200981
Cutoff +2m,2,117,2021 Q1,2021 Q3,inflation,2,0.4985367059039199,AR(2),2021-09-30,Other,1.6810527454161672,-1.1825160395122474
Cutoff +2m,2,117,2021 Q1,2021 Q3,inflation,2,0.5373172985196286,MF-VAR,2021-09-30,Other,1.6810527454161672,-1.1437354468965386
Cutoff +2m,2,117,2021 Q1,2021 Q3,inflation,2,0.6099702276723934,MF-VAR (manual),2021-09-30,Other,1.6810527454161672,-1.0710825177437735
Cutoff +2m,2,117,2021 Q1,2021 Q3,inflation,2,0.5372157321311981,MIDAS,2021-09-30,Other,1.6810527454161672,-1.1438370132849691
Cutoff +2m,2,117,2021 Q1,2021 Q3,inflation,2,-0.1511614765723042,MIDAS (trend),2021-09-30,Other,1.6810527454161672,-1.832214221988472
Cutoff +2m,2,117,2021 Q1,2021 Q3,inflation,2,0.0252903176246156,MIDAS-Latent,2021-09-30,Other,1.6810527454161672,-1.6557624277915517
Cutoff +2m,2,117,2021 Q1,2021 Q3,inflation,2,-0.0157248703499036,MIDAS-Latent (trend),2021-09-30,Other,1.6810527454161672,-1.696777615766071
Cutoff +2m,2,117,2021 Q1,2021 Q4,inflation,3,0.5482884807509874,AR(2),2021-12-31,Other,2.905325805445002,-2.3570373246940157
Cutoff +2m,2,117,2021 Q1,2021 Q4,inflation,3,0.0196026591498706,MF-VAR,2021-12-31,Other,2.905325805445002,-2.885723146295132
Cutoff +2m,2,117,2021 Q1,2021 Q4,inflation,3,0.4853996891995348,MF-VAR (manual),2021-12-31,Other,2.905325805445002,-2.419926116245468
Cutoff +2m,2,117,2021 Q1,2021 Q4,inflation,3,0.6272206938160573,MIDAS,2021-12-31,Other,2.905325805445002,-2.278105111628945
Cutoff +2m,2,117,2021 Q1,2021 Q4,inflation,3,-0.2300684430138321,MIDAS (trend),2021-12-31,Other,2.905325805445002,-3.135394248458834
Cutoff +2m,2,117,2021 Q1,2021 Q4,inflation,3,0.0240709079187937,MIDAS-Latent,2021-12-31,Other,2.905325805445002,-2.8812548975262087
Cutoff +2m,2,117,2021 Q1,2021 Q4,inflation,3,-0.0162848190991203,MIDAS-Latent (trend),2021-12-31,Other,2.905325805445002,-2.921610624544123
Cutoff +2m,2,117,2021 Q1,2022 Q1,inflation,4,0.5789136420309507,AR(2),2022-03-31,1-year ahead,2.4487738699512818,-1.8698602279203311
Cutoff +2m,2,117,2021 Q1,2022 Q1,inflation,4,-0.0897128320810256,MF-VAR,2022-03-31,1-year ahead,2.4487738699512818,-2.538486702032308
Cutoff +2m,2,117,2021 Q1,2022 Q1,inflation,4,0.7926295133711817,MF-VAR (manual),2022-03-31,1-year ahead,2.4487738699512818,-1.6561443565801
Cutoff +2m,2,117,2021 Q1,2022 Q1,inflation,4,0.6278748890408988,MIDAS,2022-03-31,1-year ahead,2.4487738699512818,-1.8208989809103828
Cutoff +2m,2,117,2021 Q1,2022 Q1,inflation,4,-0.2675764521687864,MIDAS (trend),2022-03-31,1-year ahead,2.4487738699512818,-2.716350322120068
Cutoff +2m,2,117,2021 Q1,2022 Q1,inflation,4,0.0240733575188501,MIDAS-Latent,2022-03-31,1-year ahead,2.4487738699512818,-2.424700512432432
Cutoff +2m,2,117,2021 Q1,2022 Q1,inflation,4,-0.0170958192192765,MIDAS-Latent (trend),2022-03-31,1-year ahead,2.4487738699512818,-2.4658696891705585
Cutoff +2m,2,118,2021 Q2,2021 Q3,exch_rate,1,0.086283291723704,AR(2),2021-09-30,1-step ahead,0.079229789932838,0.0070535017908659
Cutoff +2m,2,118,2021 Q2,2021 Q3,exch_rate,1,0.0488812019488543,MF-VAR,2021-09-30,1-step ahead,0.079229789932838,-0.0303485879839836
Cutoff +2m,2,118,2021 Q2,2021 Q3,exch_rate,1,0.0859990933606292,MF-VAR (manual),2021-09-30,1-step ahead,0.079229789932838,0.0067693034277911
Cutoff +2m,2,118,2021 Q2,2021 Q3,exch_rate,1,0.080932855079242,MIDAS,2021-09-30,1-step ahead,0.079229789932838,0.0017030651464039
Cutoff +2m,2,118,2021 Q2,2021 Q3,exch_rate,1,0.077791961668103,MIDAS (trend),2021-09-30,1-step ahead,0.079229789932838,-0.001437828264735
Cutoff +2m,2,118,2021 Q2,2021 Q3,exch_rate,1,0.0848388094046801,MIDAS-Latent,2021-09-30,1-step ahead,0.079229789932838,0.005609019471842
Cutoff +2m,2,118,2021 Q2,2021 Q3,exch_rate,1,0.0935242980195067,MIDAS-Latent (trend),2021-09-30,1-step ahead,0.079229789932838,0.0142945080866686
Cutoff +2m,2,118,2021 Q2,2021 Q4,exch_rate,2,0.0814835089228037,AR(2),2021-12-31,Other,0.0533352883414997,0.0281482205813039
Cutoff +2m,2,118,2021 Q2,2021 Q4,exch_rate,2,0.0454278410051706,MF-VAR,2021-12-31,Other,0.0533352883414997,-0.0079074473363291
Cutoff +2m,2,118,2021 Q2,2021 Q4,exch_rate,2,0.0842054167649846,MF-VAR (manual),2021-12-31,Other,0.0533352883414997,0.0308701284234849
Cutoff +2m,2,118,2021 Q2,2021 Q4,exch_rate,2,0.0481545118796656,MIDAS,2021-12-31,Other,0.0533352883414997,-0.005180776461834
Cutoff +2m,2,118,2021 Q2,2021 Q4,exch_rate,2,0.0453059516755961,MIDAS (trend),2021-12-31,Other,0.0533352883414997,-0.0080293366659035
Cutoff +2m,2,118,2021 Q2,2021 Q4,exch_rate,2,0.0916768265139339,MIDAS-Latent,2021-12-31,Other,0.0533352883414997,0.0383415381724342
Cutoff +2m,2,118,2021 Q2,2021 Q4,exch_rate,2,0.0884445253062267,MIDAS-Latent (trend),2021-12-31,Other,0.0533352883414997,0.0351092369647269
Cutoff +2m,2,118,2021 Q2,2022 Q1,exch_rate,3,0.0746807147466316,AR(2),2022-03-31,Other,0.0362913624238735,0.0383893523227581
Cutoff +2m,2,118,2021 Q2,2022 Q1,exch_rate,3,0.0275582434174301,MF-VAR,2022-03-31,Other,0.0362913624238735,-0.0087331190064433
Cutoff +2m,2,118,2021 Q2,2022 Q1,exch_rate,3,0.0827379337933503,MF-VAR (manual),2022-03-31,Other,0.0362913624238735,0.0464465713694768
Cutoff +2m,2,118,2021 Q2,2022 Q1,exch_rate,3,0.0358684385213293,MIDAS,2022-03-31,Other,0.0362913624238735,-0.0004229239025442117
Cutoff +2m,2,118,2021 Q2,2022 Q1,exch_rate,3,0.0307345230229264,MIDAS (trend),2022-03-31,Other,0.0362913624238735,-0.005556839400947
Cutoff +2m,2,118,2021 Q2,2022 Q1,exch_rate,3,0.0832017714630632,MIDAS-Latent,2022-03-31,Other,0.0362913624238735,0.0469104090391897
Cutoff +2m,2,118,2021 Q2,2022 Q1,exch_rate,3,0.0836121640951015,MIDAS-Latent (trend),2022-03-31,Other,0.0362913624238735,0.0473208016712279
Cutoff +2m,2,118,2021 Q2,2022 Q2,exch_rate,4,0.0709997768203745,AR(2),2022-06-30,1-year ahead,0.0271537094047716,0.0438460674156029
Cutoff +2m,2,118,2021 Q2,2022 Q2,exch_rate,4,0.0187200046417432,MF-VAR,2022-06-30,1-year ahead,0.0271537094047716,-0.0084337047630283
Cutoff +2m,2,118,2021 Q2,2022 Q2,exch_rate,4,0.0806245007476861,MF-VAR (manual),2022-06-30,1-year ahead,0.0271537094047716,0.0534707913429145
Cutoff +2m,2,118,2021 Q2,2022 Q2,exch_rate,4,0.0038263194200632,MIDAS,2022-06-30,1-year ahead,0.0271537094047716,-0.0233273899847083
Cutoff +2m,2,118,2021 Q2,2022 Q2,exch_rate,4,0.0010456258348751,MIDAS (trend),2022-06-30,1-year ahead,0.0271537094047716,-0.0261080835698964
Cutoff +2m,2,118,2021 Q2,2022 Q2,exch_rate,4,0.0898918900375129,MIDAS-Latent,2022-06-30,1-year ahead,0.0271537094047716,0.0627381806327413
Cutoff +2m,2,118,2021 Q2,2022 Q2,exch_rate,4,0.078961037942442,MIDAS-Latent (trend),2022-06-30,1-year ahead,0.0271537094047716,0.0518073285376704
Cutoff +2m,2,118,2021 Q2,2021 Q3,gdp_growth,1,0.734105597547309,AR(2),2021-09-30,1-step ahead,7.528200558540021,-6.794094960992712
Cutoff +2m,2,118,2021 Q2,2021 Q3,gdp_growth,1,3.3388925564851784,MF-VAR,2021-09-30,1-step ahead,7.528200558540021,-4.189308002054843
Cutoff +2m,2,118,2021 Q2,2021 Q3,gdp_growth,1,14.489618801586111,MF-VAR (manual),2021-09-30,1-step ahead,7.528200558540021,6.961418243046092
Cutoff +2m,2,118,2021 Q2,2021 Q3,gdp_growth,1,7.718344512529807,MIDAS,2021-09-30,1-step ahead,7.528200558540021,0.1901439539897857
Cutoff +2m,2,118,2021 Q2,2021 Q3,gdp_growth,1,7.368999527858323,MIDAS (trend),2021-09-30,1-step ahead,7.528200558540021,-0.1592010306816984
Cutoff +2m,2,118,2021 Q2,2021 Q3,gdp_growth,1,10.640975760345697,MIDAS-Latent,2021-09-30,1-step ahead,7.528200558540021,3.112775201805676
Cutoff +2m,2,118,2021 Q2,2021 Q3,gdp_growth,1,10.662118230526314,MIDAS-Latent (trend),2021-09-30,1-step ahead,7.528200558540021,3.1339176719862927
Cutoff +2m,2,118,2021 Q2,2021 Q4,gdp_growth,2,1.1883523936645863,AR(2),2021-12-31,Other,0.5744345999069367,0.6139177937576497
Cutoff +2m,2,118,2021 Q2,2021 Q4,gdp_growth,2,3.283547354180608,MF-VAR,2021-12-31,Other,0.5744345999069367,2.7091127542736717
Cutoff +2m,2,118,2021 Q2,2021 Q4,gdp_growth,2,16.552523626054843,MF-VAR (manual),2021-12-31,Other,0.5744345999069367,15.978089026147906
Cutoff +2m,2,118,2021 Q2,2021 Q4,gdp_growth,2,-1.475492094072803,MIDAS,2021-12-31,Other,0.5744345999069367,-2.04992669397974
Cutoff +2m,2,118,2021 Q2,2021 Q4,gdp_growth,2,-1.9064699523675623,MIDAS (trend),2021-12-31,Other,0.5744345999069367,-2.480904552274499
Cutoff +2m,2,118,2021 Q2,2021 Q4,gdp_growth,2,10.767958254321604,MIDAS-Latent,2021-12-31,Other,0.5744345999069367,10.193523654414667
Cutoff +2m,2,118,2021 Q2,2021 Q4,gdp_growth,2,10.790325480075897,MIDAS-Latent (trend),2021-12-31,Other,0.5744345999069367,10.215890880168958
Cutoff +2m,2,118,2021 Q2,2022 Q1,gdp_growth,3,1.9843091396666008,AR(2),2022-03-31,Other,2.862969131881954,-0.8786599922153531
Cutoff +2m,2,118,2021 Q2,2022 Q1,gdp_growth,3,1.4821399845519638,MF-VAR,2022-03-31,Other,2.862969131881954,-1.38082914732999
Cutoff +2m,2,118,2021 Q2,2022 Q1,gdp_growth,3,17.06181688049452,MF-VAR (manual),2022-03-31,Other,2.862969131881954,14.198847748612565
Cutoff +2m,2,118,2021 Q2,2022 Q1,gdp_growth,3,-1.6212186308977268,MIDAS,2022-03-31,Other,2.862969131881954,-4.484187762779681
Cutoff +2m,2,118,2021 Q2,2022 Q1,gdp_growth,3,-2.069534311747672,MIDAS (trend),2022-03-31,Other,2.862969131881954,-4.932503443629626
Cutoff +2m,2,118,2021 Q2,2022 Q1,gdp_growth,3,10.752583898981158,MIDAS-Latent,2022-03-31,Other,2.862969131881954,7.889614767099204
Cutoff +2m,2,118,2021 Q2,2022 Q1,gdp_growth,3,10.775470448939853,MIDAS-Latent (trend),2022-03-31,Other,2.862969131881954,7.912501317057899
Cutoff +2m,2,118,2021 Q2,2022 Q2,gdp_growth,4,1.8653120828182523,AR(2),2022-06-30,1-year ahead,4.56849934844854,-2.703187265630288
Cutoff +2m,2,118,2021 Q2,2022 Q2,gdp_growth,4,1.3551524708384992,MF-VAR,2022-06-30,1-year ahead,4.56849934844854,-3.213346877610041
Cutoff +2m,2,118,2021 Q2,2022 Q2,gdp_growth,4,16.83501886296935,MF-VAR (manual),2022-06-30,1-year ahead,4.56849934844854,12.266519514520809
Cutoff +2m,2,118,2021 Q2,2022 Q2,gdp_growth,4,-1.9517469716342228,MIDAS,2022-06-30,1-year ahead,4.56849934844854,-6.520246320082763
Cutoff +2m,2,118,2021 Q2,2022 Q2,gdp_growth,4,-2.4059294049187296,MIDAS (trend),2022-06-30,1-year ahead,4.56849934844854,-6.97442875336727
Cutoff +2m,2,118,2021 Q2,2022 Q2,gdp_growth,4,10.754310297081082,MIDAS-Latent,2022-06-30,1-year ahead,4.56849934844854,6.185810948632541
Cutoff +2m,2,118,2021 Q2,2022 Q2,gdp_growth,4,10.777562997675105,MIDAS-Latent (trend),2022-06-30,1-year ahead,4.56849934844854,6.2090636492265645
Cutoff +2m,2,118,2021 Q2,2021 Q3,inflation,1,0.8211755496306228,AR(2),2021-09-30,1-step ahead,1.6810527454161672,-0.8598771957855444
Cutoff +2m,2,118,2021 Q2,2021 Q3,inflation,1,0.3140786319364184,MF-VAR,2021-09-30,1-step ahead,1.6810527454161672,-1.3669741134797488
Cutoff +2m,2,118,2021 Q2,2021 Q3,inflation,1,1.1113879414462038,MF-VAR (manual),2021-09-30,1-step ahead,1.6810527454161672,-0.5696648039699634
Cutoff +2m,2,118,2021 Q2,2021 Q3,inflation,1,0.9641658885966788,MIDAS,2021-09-30,1-step ahead,1.6810527454161672,-0.7168868568194885
Cutoff +2m,2,118,2021 Q2,2021 Q3,inflation,1,0.4013620132945105,MIDAS (trend),2021-09-30,1-step ahead,1.6810527454161672,-1.2796907321216566
Cutoff +2m,2,118,2021 Q2,2021 Q3,inflation,1,1.0834492759620538,MIDAS-Latent,2021-09-30,1-step ahead,1.6810527454161672,-0.5976034694541135
Cutoff +2m,2,118,2021 Q2,2021 Q3,inflation,1,1.0370923804354528,MIDAS-Latent (trend),2021-09-30,1-step ahead,1.6810527454161672,-0.6439603649807144
Cutoff +2m,2,118,2021 Q2,2021 Q4,inflation,2,0.7628216879349282,AR(2),2021-12-31,Other,2.905325805445002,-2.1425041175100743
Cutoff +2m,2,118,2021 Q2,2021 Q4,inflation,2,0.3134764909866648,MF-VAR,2021-12-31,Other,2.905325805445002,-2.591849314458338
Cutoff +2m,2,118,2021 Q2,2021 Q4,inflation,2,1.2371281398208291,MF-VAR (manual),2021-12-31,Other,2.905325805445002,-1.6681976656241737
Cutoff +2m,2,118,2021 Q2,2021 Q4,inflation,2,0.6638652881602238,MIDAS,2021-12-31,Other,2.905325805445002,-2.2414605172847786
Cutoff +2m,2,118,2021 Q2,2021 Q4,inflation,2,-0.0292922993577463,MIDAS (trend),2021-12-31,Other,2.905325805445002,-2.934618104802749
Cutoff +2m,2,118,2021 Q2,2021 Q4,inflation,2,1.0877970548518092,MIDAS-Latent,2021-12-31,Other,2.905325805445002,-1.8175287505931932
Cutoff +2m,2,118,2021 Q2,2021 Q4,inflation,2,1.0361768775656726,MIDAS-Latent (trend),2021-12-31,Other,2.905325805445002,-1.86914892787933
Cutoff +2m,2,118,2021 Q2,2022 Q1,inflation,3,0.7114086263020775,AR(2),2022-03-31,Other,2.4487738699512818,-1.7373652436492044
Cutoff +2m,2,118,2021 Q2,2022 Q1,inflation,3,0.0258484245439144,MF-VAR,2022-03-31,Other,2.4487738699512818,-2.422925445407367
Cutoff +2m,2,118,2021 Q2,2022 Q1,inflation,3,1.2276841252969026,MF-VAR (manual),2022-03-31,Other,2.4487738699512818,-1.2210897446543791
Cutoff +2m,2,118,2021 Q2,2022 Q1,inflation,3,0.6194646048934978,MIDAS,2022-03-31,Other,2.4487738699512818,-1.829309265057784
Cutoff +2m,2,118,2021 Q2,2022 Q1,inflation,3,-0.1912961933980148,MIDAS (trend),2022-03-31,Other,2.4487738699512818,-2.6400700633492966
Cutoff +2m,2,118,2021 Q2,2022 Q1,inflation,3,1.08775523174155,MIDAS-Latent,2022-03-31,Other,2.4487738699512818,-1.3610186382097318
Cutoff +2m,2,118,2021 Q2,2022 Q1,inflation,3,1.035418157529311,MIDAS-Latent (trend),2022-03-31,Other,2.4487738699512818,-1.4133557124219709
Cutoff +2m,2,118,2021 Q2,2022 Q2,inflation,4,0.6817435261986919,AR(2),2022-06-30,1-year ahead,4.516735213599077,-3.834991687400385
Cutoff +2m,2,118,2021 Q2,2022 Q2,inflation,4,-0.0504655557293887,MF-VAR,2022-06-30,1-year ahead,4.516735213599077,-4.5672007693284655
Cutoff +2m,2,118,2021 Q2,2022 Q2,inflation,4,1.4784987961899827,MF-VAR (manual),2022-06-30,1-year ahead,4.516735213599077,-3.0382364174090943
Cutoff +2m,2,118,2021 Q2,2022 Q2,inflation,4,0.5145668729101323,MIDAS,2022-06-30,1-year ahead,4.516735213599077,-4.002168340688945
Cutoff +2m,2,118,2021 Q2,2022 Q2,inflation,4,-0.2968448255424934,MIDAS (trend),2022-06-30,1-year ahead,4.516735213599077,-4.81358003914157
Cutoff +2m,2,118,2021 Q2,2022 Q2,inflation,4,1.0877784649579585,MIDAS-Latent,2022-06-30,1-year ahead,4.516735213599077,-3.4289567486411183
Cutoff +2m,2,118,2021 Q2,2022 Q2,inflation,4,1.034649813840623,MIDAS-Latent (trend),2022-06-30,1-year ahead,4.516735213599077,-3.482085399758453
Cutoff +2m,2,119,2021 Q3,2021 Q4,exch_rate,1,0.07340839567018,AR(2),2021-12-31,1-step ahead,0.0533352883414997,0.0200731073286802
Cutoff +2m,2,119,2021 Q3,2021 Q4,exch_rate,1,0.0436139698426943,MF-VAR,2021-12-31,1-step ahead,0.0533352883414997,-0.0097213184988053
Cutoff +2m,2,119,2021 Q3,2021 Q4,exch_rate,1,0.0645887960646062,MF-VAR (manual),2021-12-31,1-step ahead,0.0533352883414997,0.0112535077231064
Cutoff +2m,2,119,2021 Q3,2021 Q4,exch_rate,1,0.0821873019714219,MIDAS,2021-12-31,1-step ahead,0.0533352883414997,0.0288520136299222
Cutoff +2m,2,119,2021 Q3,2021 Q4,exch_rate,1,0.0771619716002584,MIDAS (trend),2021-12-31,1-step ahead,0.0533352883414997,0.0238266832587587
Cutoff +2m,2,119,2021 Q3,2021 Q4,exch_rate,1,0.0910271615718658,MIDAS-Latent,2021-12-31,1-step ahead,0.0533352883414997,0.0376918732303661
Cutoff +2m,2,119,2021 Q3,2021 Q4,exch_rate,1,0.0780836272434564,MIDAS-Latent (trend),2021-12-31,1-step ahead,0.0533352883414997,0.0247483389019567
Cutoff +2m,2,119,2021 Q3,2022 Q1,exch_rate,2,0.0668569283562055,AR(2),2022-03-31,Other,0.0362913624238735,0.030565565932332
Cutoff +2m,2,119,2021 Q3,2022 Q1,exch_rate,2,0.0383697187517465,MF-VAR,2022-03-31,Other,0.0362913624238735,0.002078356327873
Cutoff +2m,2,119,2021 Q3,2022 Q1,exch_rate,2,0.063626949186868,MF-VAR (manual),2022-03-31,Other,0.0362913624238735,0.0273355867629945
Cutoff +2m,2,119,2021 Q3,2022 Q1,exch_rate,2,0.0733518039736912,MIDAS,2022-03-31,Other,0.0362913624238735,0.0370604415498177
Cutoff +2m,2,119,2021 Q3,2022 Q1,exch_rate,2,0.0688652651344515,MIDAS (trend),2022-03-31,Other,0.0362913624238735,0.0325739027105779
Cutoff +2m,2,119,2021 Q3,2022 Q1,exch_rate,2,0.0770575753779324,MIDAS-Latent,2022-03-31,Other,0.0362913624238735,0.0407662129540589
Cutoff +2m,2,119,2021 Q3,2022 Q1,exch_rate,2,0.0737904314761001,MIDAS-Latent (trend),2022-03-31,Other,0.0362913624238735,0.0374990690522266
Cutoff +2m,2,119,2021 Q3,2022 Q2,exch_rate,3,0.0636700162851684,AR(2),2022-06-30,Other,0.0271537094047716,0.0365163068803968
Cutoff +2m,2,119,2021 Q3,2022 Q2,exch_rate,3,0.023962122961697,MF-VAR,2022-06-30,Other,0.0271537094047716,-0.0031915864430745
Cutoff +2m,2,119,2021 Q3,2022 Q2,exch_rate,3,0.0611333787215562,MF-VAR (manual),2022-06-30,Other,0.0271537094047716,0.0339796693167846
Cutoff +2m,2,119,2021 Q3,2022 Q2,exch_rate,3,0.076243198471119,MIDAS,2022-06-30,Other,0.0271537094047716,0.0490894890663474
Cutoff +2m,2,119,2021 Q3,2022 Q2,exch_rate,3,0.0665865277041803,MIDAS (trend),2022-06-30,Other,0.0271537094047716,0.0394328182994087
Cutoff +2m,2,119,2021 Q3,2022 Q2,exch_rate,3,0.0886054279151364,MIDAS-Latent,2022-06-30,Other,0.0271537094047716,0.0614517185103648
Cutoff +2m,2,119,2021 Q3,2022 Q2,exch_rate,3,0.068987131717892,MIDAS-Latent (trend),2022-06-30,Other,0.0271537094047716,0.0418334223131204
Cutoff +2m,2,119,2021 Q3,2022 Q3,exch_rate,4,0.0550759478545602,AR(2),2022-09-30,1-year ahead,-0.026739916121992,0.0818158639765523
Cutoff +2m,2,119,2021 Q3,2022 Q3,exch_rate,4,0.0111111512524296,MF-VAR,2022-09-30,1-year ahead,-0.026739916121992,0.0378510673744217
Cutoff +2m,2,119,2021 Q3,2022 Q3,exch_rate,4,0.0609539081319576,MF-VAR (manual),2022-09-30,1-year ahead,-0.026739916121992,0.0876938242539497
Cutoff +2m,2,119,2021 Q3,2022 Q3,exch_rate,4,0.0676052250801788,MIDAS,2022-09-30,1-year ahead,-0.026739916121992,0.0943451412021709
Cutoff +2m,2,119,2021 Q3,2022 Q3,exch_rate,4,0.0586951468212878,MIDAS (trend),2022-09-30,1-year ahead,-0.026739916121992,0.0854350629432798
Cutoff +2m,2,119,2021 Q3,2022 Q3,exch_rate,4,0.074931304024724,MIDAS-Latent,2022-09-30,1-year ahead,-0.026739916121992,0.1016712201467161
Cutoff +2m,2,119,2021 Q3,2022 Q3,exch_rate,4,0.0643061390920119,MIDAS-Latent (trend),2022-09-30,1-year ahead,-0.026739916121992,0.0910460552140039
Cutoff +2m,2,119,2021 Q3,2021 Q4,gdp_growth,1,0.7433393071286309,AR(2),2021-12-31,1-step ahead,0.5744345999069367,0.1689047072216942
Cutoff +2m,2,119,2021 Q3,2021 Q4,gdp_growth,1,2.2261242296467816,MF-VAR,2021-12-31,1-step ahead,0.5744345999069367,1.651689629739845
Cutoff +2m,2,119,2021 Q3,2021 Q4,gdp_growth,1,4.636142645762215,MF-VAR (manual),2021-12-31,1-step ahead,0.5744345999069367,4.061708045855278
Cutoff +2m,2,119,2021 Q3,2021 Q4,gdp_growth,1,0.9956602946684808,MIDAS,2021-12-31,1-step ahead,0.5744345999069367,0.4212256947615442
Cutoff +2m,2,119,2021 Q3,2021 Q4,gdp_growth,1,0.674408155418657,MIDAS (trend),2021-12-31,1-step ahead,0.5744345999069367,0.0999735555117202
Cutoff +2m,2,119,2021 Q3,2021 Q4,gdp_growth,1,8.120614188584595,MIDAS-Latent,2021-12-31,1-step ahead,0.5744345999069367,7.546179588677658
Cutoff +2m,2,119,2021 Q3,2021 Q4,gdp_growth,1,8.147492106748123,MIDAS-Latent (trend),2021-12-31,1-step ahead,0.5744345999069367,7.573057506841186
Cutoff +2m,2,119,2021 Q3,2022 Q1,gdp_growth,2,1.577074467070752,AR(2),2022-03-31,Other,2.862969131881954,-1.285894664811202
Cutoff +2m,2,119,2021 Q3,2022 Q1,gdp_growth,2,2.1954874741168418,MF-VAR,2022-03-31,Other,2.862969131881954,-0.6674816577651121
Cutoff +2m,2,119,2021 Q3,2022 Q1,gdp_growth,2,4.308455445193973,MF-VAR (manual),2022-03-31,Other,2.862969131881954,1.4454863133120188
Cutoff +2m,2,119,2021 Q3,2022 Q1,gdp_growth,2,2.1028715435643823,MIDAS,2022-03-31,Other,2.862969131881954,-0.7600975883175716
Cutoff +2m,2,119,2021 Q3,2022 Q1,gdp_growth,2,1.785998773663829,MIDAS (trend),2022-03-31,Other,2.862969131881954,-1.076970358218125
Cutoff +2m,2,119,2021 Q3,2022 Q1,gdp_growth,2,8.073876359329192,MIDAS-Latent,2022-03-31,Other,2.862969131881954,5.210907227447239
Cutoff +2m,2,119,2021 Q3,2022 Q1,gdp_growth,2,8.100779672625823,MIDAS-Latent (trend),2022-03-31,Other,2.862969131881954,5.237810540743869
Cutoff +2m,2,119,2021 Q3,2022 Q2,gdp_growth,3,1.9837495244646892,AR(2),2022-06-30,Other,4.56849934844854,-2.584749823983851
Cutoff +2m,2,119,2021 Q3,2022 Q2,gdp_growth,3,1.2148282979865763,MF-VAR,2022-06-30,Other,4.56849934844854,-3.353671050461964
Cutoff +2m,2,119,2021 Q3,2022 Q2,gdp_growth,3,4.468313934790661,MF-VAR (manual),2022-06-30,Other,4.56849934844854,-0.1001854136578792
Cutoff +2m,2,119,2021 Q3,2022 Q2,gdp_growth,3,1.852284433668852,MIDAS,2022-06-30,Other,4.56849934844854,-2.7162149147796883
Cutoff +2m,2,119,2021 Q3,2022 Q2,gdp_growth,3,1.5185527894153168,MIDAS (trend),2022-06-30,Other,4.56849934844854,-3.0499465590332235
Cutoff +2m,2,119,2021 Q3,2022 Q2,gdp_growth,3,8.080401020169342,MIDAS-Latent,2022-06-30,Other,4.56849934844854,3.5119016717208016
Cutoff +2m,2,119,2021 Q3,2022 Q2,gdp_growth,3,8.10810387209001,MIDAS-Latent (trend),2022-06-30,Other,4.56849934844854,3.5396045236414704
Cutoff +2m,2,119,2021 Q3,2022 Q3,gdp_growth,4,1.8934037957040095,AR(2),2022-09-30,1-year ahead,-1.4984497864681146,3.391853582172124
Cutoff +2m,2,119,2021 Q3,2022 Q3,gdp_growth,4,1.103623235716341,MF-VAR,2022-09-30,1-year ahead,-1.4984497864681146,2.6020730221844555
Cutoff +2m,2,119,2021 Q3,2022 Q3,gdp_growth,4,3.5888358414632617,MF-VAR (manual),2022-09-30,1-year ahead,-1.4984497864681146,5.087285627931376
Cutoff +2m,2,119,2021 Q3,2022 Q3,gdp_growth,4,1.894756864866729,MIDAS,2022-09-30,1-year ahead,-1.4984497864681146,3.393206651334844
Cutoff +2m,2,119,2021 Q3,2022 Q3,gdp_growth,4,1.5557806961409348,MIDAS (trend),2022-09-30,1-year ahead,-1.4984497864681146,3.054230482609049
Cutoff +2m,2,119,2021 Q3,2022 Q3,gdp_growth,4,8.079886264146133,MIDAS-Latent,2022-09-30,1-year ahead,-1.4984497864681146,9.578336050614247
Cutoff +2m,2,119,2021 Q3,2022 Q3,gdp_growth,4,8.108027428088286,MIDAS-Latent (trend),2022-09-30,1-year ahead,-1.4984497864681146,9.6064772145564
Cutoff +2m,2,119,2021 Q3,2021 Q4,inflation,1,1.1780110360168163,AR(2),2021-12-31,1-step ahead,2.905325805445002,-1.7273147694281863
Cutoff +2m,2,119,2021 Q3,2021 Q4,inflation,1,0.5372517148578558,MF-VAR,2021-12-31,1-step ahead,2.905325805445002,-2.3680740905871467
Cutoff +2m,2,119,2021 Q3,2021 Q4,inflation,1,1.305678376811576,MF-VAR (manual),2021-12-31,1-step ahead,2.905325805445002,-1.5996474286334266
Cutoff +2m,2,119,2021 Q3,2021 Q4,inflation,1,0.6897066920217294,MIDAS,2021-12-31,1-step ahead,2.905325805445002,-2.215619113423273
Cutoff +2m,2,119,2021 Q3,2021 Q4,inflation,1,-0.0169031357703768,MIDAS (trend),2021-12-31,1-step ahead,2.905325805445002,-2.9222289412153795
Cutoff +2m,2,119,2021 Q3,2021 Q4,inflation,1,1.66755787965115,MIDAS-Latent,2021-12-31,1-step ahead,2.905325805445002,-1.2377679257938523
Cutoff +2m,2,119,2021 Q3,2021 Q4,inflation,1,1.6112256881420608,MIDAS-Latent (trend),2021-12-31,1-step ahead,2.905325805445002,-1.2941001173029418
Cutoff +2m,2,119,2021 Q3,2022 Q1,inflation,2,0.9852433527237509,AR(2),2022-03-31,Other,2.4487738699512818,-1.463530517227531
Cutoff +2m,2,119,2021 Q3,2022 Q1,inflation,2,0.5264544700438711,MF-VAR,2022-03-31,Other,2.4487738699512818,-1.9223193999074104
Cutoff +2m,2,119,2021 Q3,2022 Q1,inflation,2,1.4908241378278344,MF-VAR (manual),2022-03-31,Other,2.4487738699512818,-0.9579497321234474
Cutoff +2m,2,119,2021 Q3,2022 Q1,inflation,2,0.9755975880675456,MIDAS,2022-03-31,Other,2.4487738699512818,-1.473176281883736
Cutoff +2m,2,119,2021 Q3,2022 Q1,inflation,2,0.1883032258985685,MIDAS (trend),2022-03-31,Other,2.4487738699512818,-2.260470644052713
Cutoff +2m,2,119,2021 Q3,2022 Q1,inflation,2,1.6722234492636538,MIDAS-Latent,2022-03-31,Other,2.4487738699512818,-0.7765504206876279
Cutoff +2m,2,119,2021 Q3,2022 Q1,inflation,2,1.6116401275941443,MIDAS-Latent (trend),2022-03-31,Other,2.4487738699512818,-0.8371337423571374
Cutoff +2m,2,119,2021 Q3,2022 Q2,inflation,3,0.8510627825250323,AR(2),2022-06-30,Other,4.516735213599077,-3.6656724310740447
Cutoff +2m,2,119,2021 Q3,2022 Q2,inflation,3,0.0926147724333588,MF-VAR,2022-06-30,Other,4.516735213599077,-4.424120441165718
Cutoff +2m,2,119,2021 Q3,2022 Q2,inflation,3,1.4409331262872027,MF-VAR (manual),2022-06-30,Other,4.516735213599077,-3.075802087311874
Cutoff +2m,2,119,2021 Q3,2022 Q2,inflation,3,0.630729884644555,MIDAS,2022-06-30,Other,4.516735213599077,-3.8860053289545218
Cutoff +2m,2,119,2021 Q3,2022 Q2,inflation,3,-0.2011994173147765,MIDAS (trend),2022-06-30,Other,4.516735213599077,-4.717934630913853
Cutoff +2m,2,119,2021 Q3,2022 Q2,inflation,3,1.6721166949275648,MIDAS-Latent,2022-06-30,Other,4.516735213599077,-2.844618518671512
Cutoff +2m,2,119,2021 Q3,2022 Q2,inflation,3,1.6107142998029198,MIDAS-Latent (trend),2022-06-30,Other,4.516735213599077,-2.906020913796157
Cutoff +2m,2,119,2021 Q3,2022 Q3,inflation,4,0.7706831551051433,AR(2),2022-09-30,1-year ahead,3.320870259523545,-2.5501871044184017
Cutoff +2m,2,119,2021 Q3,2022 Q3,inflation,4,-0.0177856703279322,MF-VAR,2022-09-30,1-year ahead,3.320870259523545,-3.3386559298514773
Cutoff +2m,2,119,2021 Q3,2022 Q3,inflation,4,1.6046142313661815,MF-VAR (manual),2022-09-30,1-year ahead,3.320870259523545,-1.7162560281573636
Cutoff +2m,2,119,2021 Q3,2022 Q3,inflation,4,0.7301851015299878,MIDAS,2022-09-30,1-year ahead,3.320870259523545,-2.590685157993557
Cutoff +2m,2,119,2021 Q3,2022 Q3,inflation,4,-0.1666003208423864,MIDAS (trend),2022-09-30,1-year ahead,3.320870259523545,-3.4874705803659314
Cutoff +2m,2,119,2021 Q3,2022 Q3,inflation,4,1.6721536030224753,MIDAS-Latent,2022-09-30,1-year ahead,3.320870259523545,-1.6487166565010698
Cutoff +2m,2,119,2021 Q3,2022 Q3,inflation,4,1.6099311976334092,MIDAS-Latent (trend),2022-09-30,1-year ahead,3.320870259523545,-1.710939061890136
Cutoff +2m,2,120,2021 Q4,2022 Q1,exch_rate,1,0.0438925216795675,AR(2),2022-03-31,1-step ahead,0.0362913624238735,0.007601159255694
Cutoff +2m,2,120,2021 Q4,2022 Q1,exch_rate,1,0.0332211167360769,MF-VAR,2022-03-31,1-step ahead,0.0362913624238735,-0.0030702456877965
Cutoff +2m,2,120,2021 Q4,2022 Q1,exch_rate,1,0.0540633696075351,MF-VAR (manual),2022-03-31,1-step ahead,0.0362913624238735,0.0177720071836615
Cutoff +2m,2,120,2021 Q4,2022 Q1,exch_rate,1,0.0714726435218703,MIDAS,2022-03-31,1-step ahead,0.0362913624238735,0.0351812810979967
Cutoff +2m,2,120,2021 Q4,2022 Q1,exch_rate,1,0.0670906101494933,MIDAS (trend),2022-03-31,1-step ahead,0.0362913624238735,0.0307992477256198
Cutoff +2m,2,120,2021 Q4,2022 Q1,exch_rate,1,0.0753544583718835,MIDAS-Latent,2022-03-31,1-step ahead,0.0362913624238735,0.0390630959480099
Cutoff +2m,2,120,2021 Q4,2022 Q1,exch_rate,1,0.0566450576974825,MIDAS-Latent (trend),2022-03-31,1-step ahead,0.0362913624238735,0.020353695273609
Cutoff +2m,2,120,2021 Q4,2022 Q2,exch_rate,2,0.0414268622406092,AR(2),2022-06-30,Other,0.0271537094047716,0.0142731528358376
Cutoff +2m,2,120,2021 Q4,2022 Q2,exch_rate,2,0.0306996637786123,MF-VAR,2022-06-30,Other,0.0271537094047716,0.0035459543738407
Cutoff +2m,2,120,2021 Q4,2022 Q2,exch_rate,2,0.0538017961368298,MF-VAR (manual),2022-06-30,Other,0.0271537094047716,0.0266480867320582
Cutoff +2m,2,120,2021 Q4,2022 Q2,exch_rate,2,0.0333248849425543,MIDAS,2022-06-30,Other,0.0271537094047716,0.0061711755377827
Cutoff +2m,2,120,2021 Q4,2022 Q2,exch_rate,2,0.0314791143844982,MIDAS (trend),2022-06-30,Other,0.0271537094047716,0.0043254049797266
Cutoff +2m,2,120,2021 Q4,2022 Q2,exch_rate,2,0.0499579787715638,MIDAS-Latent,2022-06-30,Other,0.0271537094047716,0.0228042693667922
Cutoff +2m,2,120,2021 Q4,2022 Q2,exch_rate,2,0.0528521525083248,MIDAS-Latent (trend),2022-06-30,Other,0.0271537094047716,0.0256984431035532
Cutoff +2m,2,120,2021 Q4,2022 Q3,exch_rate,3,0.03423811342414,AR(2),2022-09-30,Other,-0.026739916121992,0.060978029546132
Cutoff +2m,2,120,2021 Q4,2022 Q3,exch_rate,3,0.0163870396565244,MF-VAR,2022-09-30,Other,-0.026739916121992,0.0431269557785165
Cutoff +2m,2,120,2021 Q4,2022 Q3,exch_rate,3,0.053309415405395,MF-VAR (manual),2022-09-30,Other,-0.026739916121992,0.0800493315273871
Cutoff +2m,2,120,2021 Q4,2022 Q3,exch_rate,3,0.051102876650144,MIDAS,2022-09-30,Other,-0.026739916121992,0.0778427927721361
Cutoff +2m,2,120,2021 Q4,2022 Q3,exch_rate,3,0.043448249297739,MIDAS (trend),2022-09-30,Other,-0.026739916121992,0.070188165419731
Cutoff +2m,2,120,2021 Q4,2022 Q3,exch_rate,3,0.071553660021504,MIDAS-Latent,2022-09-30,Other,-0.026739916121992,0.098293576143496
Cutoff +2m,2,120,2021 Q4,2022 Q3,exch_rate,3,0.047854452007005,MIDAS-Latent (trend),2022-09-30,Other,-0.026739916121992,0.0745943681289971
Cutoff +2m,2,120,2021 Q4,2022 Q4,exch_rate,4,0.0313428790971408,AR(2),2022-12-31,1-year ahead,-0.0168636904646506,0.0482065695617915
Cutoff +2m,2,120,2021 Q4,2022 Q4,exch_rate,4,0.0078596732929602,MF-VAR,2022-12-31,1-year ahead,-0.0168636904646506,0.0247233637576108
Cutoff +2m,2,120,2021 Q4,2022 Q4,exch_rate,4,0.0527734982321042,MF-VAR (manual),2022-12-31,1-year ahead,-0.0168636904646506,0.0696371886967548
Cutoff +2m,2,120,2021 Q4,2022 Q4,exch_rate,4,0.0137109565525437,MIDAS,2022-12-31,1-year ahead,-0.0168636904646506,0.0305746470171943
Cutoff +2m,2,120,2021 Q4,2022 Q4,exch_rate,4,0.010930802143125,MIDAS (trend),2022-12-31,1-year ahead,-0.0168636904646506,0.0277944926077757
Cutoff +2m,2,120,2021 Q4,2022 Q4,exch_rate,4,0.0466456240890727,MIDAS-Latent,2022-12-31,1-year ahead,-0.0168636904646506,0.0635093145537233
Cutoff +2m,2,120,2021 Q4,2022 Q4,exch_rate,4,0.0431497658052456,MIDAS-Latent (trend),2022-12-31,1-year ahead,-0.0168636904646506,0.0600134562698962
Cutoff +2m,2,120,2021 Q4,2022 Q1,gdp_growth,1,1.5502948695152097,AR(2),2022-03-31,1-step ahead,2.862969131881954,-1.3126742623667442
Cutoff +2m,2,120,2021 Q4,2022 Q1,gdp_growth,1,0.9877252441387628,MF-VAR,2022-03-31,1-step ahead,2.862969131881954,-1.8752438877431912
Cutoff +2m,2,120,2021 Q4,2022 Q1,gdp_growth,1,-1.577575515203118,MF-VAR (manual),2022-03-31,1-step ahead,2.862969131881954,-4.440544647085072
Cutoff +2m,2,120,2021 Q4,2022 Q1,gdp_growth,1,2.993685441253224,MIDAS,2022-03-31,1-step ahead,2.862969131881954,0.13071630937127
Cutoff +2m,2,120,2021 Q4,2022 Q1,gdp_growth,1,2.647136538914183,MIDAS (trend),2022-03-31,1-step ahead,2.862969131881954,-0.2158325929677707
Cutoff +2m,2,120,2021 Q4,2022 Q1,gdp_growth,1,1.8815544316205253,MIDAS-Latent,2022-03-31,1-step ahead,2.862969131881954,-0.9814147002614286
Cutoff +2m,2,120,2021 Q4,2022 Q1,gdp_growth,1,1.874915162015076,MIDAS-Latent (trend),2022-03-31,1-step ahead,2.862969131881954,-0.9880539698668782
Cutoff +2m,2,120,2021 Q4,2022 Q2,gdp_growth,2,1.9935381835889772,AR(2),2022-06-30,Other,4.56849934844854,-2.574961164859563
Cutoff +2m,2,120,2021 Q4,2022 Q2,gdp_growth,2,1.0532146678009102,MF-VAR,2022-06-30,Other,4.56849934844854,-3.51528468064763
Cutoff +2m,2,120,2021 Q4,2022 Q2,gdp_growth,2,-1.5421349698975444,MF-VAR (manual),2022-06-30,Other,4.56849934844854,-6.110634318346085
Cutoff +2m,2,120,2021 Q4,2022 Q2,gdp_growth,2,0.6014662074550534,MIDAS,2022-06-30,Other,4.56849934844854,-3.967033140993487
Cutoff +2m,2,120,2021 Q4,2022 Q2,gdp_growth,2,0.2446571335389299,MIDAS (trend),2022-06-30,Other,4.56849934844854,-4.32384221490961
Cutoff +2m,2,120,2021 Q4,2022 Q2,gdp_growth,2,1.827861937806168,MIDAS-Latent,2022-06-30,Other,4.56849934844854,-2.740637410642372
Cutoff +2m,2,120,2021 Q4,2022 Q2,gdp_growth,2,1.8210828312328065,MIDAS-Latent (trend),2022-06-30,Other,4.56849934844854,-2.747416517215734
Cutoff +2m,2,120,2021 Q4,2022 Q3,gdp_growth,3,1.8832562917888327,AR(2),2022-09-30,Other,-1.4984497864681146,3.381706078256947
Cutoff +2m,2,120,2021 Q4,2022 Q3,gdp_growth,3,1.333862765480334,MF-VAR,2022-09-30,Other,-1.4984497864681146,2.8323125519484487
Cutoff +2m,2,120,2021 Q4,2022 Q3,gdp_growth,3,-1.7960765222939108,MF-VAR (manual),2022-09-30,Other,-1.4984497864681146,-0.2976267358257962
Cutoff +2m,2,120,2021 Q4,2022 Q3,gdp_growth,3,0.6806559817223752,MIDAS,2022-09-30,Other,-1.4984497864681146,2.1791057681904897
Cutoff +2m,2,120,2021 Q4,2022 Q3,gdp_growth,3,0.309347975608187,MIDAS (trend),2022-09-30,Other,-1.4984497864681146,1.8077977620763013
Cutoff +2m,2,120,2021 Q4,2022 Q3,gdp_growth,3,1.837954673727453,MIDAS-Latent,2022-09-30,Other,-1.4984497864681146,3.336404460195568
Cutoff +2m,2,120,2021 Q4,2022 Q3,gdp_growth,3,1.831016440767911,MIDAS-Latent (trend),2022-09-30,Other,-1.4984497864681146,3.3294662272360256
Cutoff +2m,2,120,2021 Q4,2022 Q4,gdp_growth,4,1.8589875148336727,AR(2),2022-12-31,1-year ahead,-0.003299605891982,1.8622871207256548
Cutoff +2m,2,120,2021 Q4,2022 Q4,gdp_growth,4,1.0931576945406385,MF-VAR,2022-12-31,1-year ahead,-0.003299605891982,1.0964573004326204
Cutoff +2m,2,120,2021 Q4,2022 Q4,gdp_growth,4,-1.685025400388496,MF-VAR (manual),2022-12-31,1-year ahead,-0.003299605891982,-1.681725794496514
Cutoff +2m,2,120,2021 Q4,2022 Q4,gdp_growth,4,0.602351037941927,MIDAS,2022-12-31,1-year ahead,-0.003299605891982,0.6056506438339091
Cutoff +2m,2,120,2021 Q4,2022 Q4,gdp_growth,4,0.2218206630847677,MIDAS (trend),2022-12-31,1-year ahead,-0.003299605891982,0.2251202689767498
Cutoff +2m,2,120,2021 Q4,2022 Q4,gdp_growth,4,1.8375400949353056,MIDAS-Latent,2022-12-31,1-year ahead,-0.003299605891982,1.840839700827288
Cutoff +2m,2,120,2021 Q4,2022 Q4,gdp_growth,4,1.8304876737696645,MIDAS-Latent (trend),2022-12-31,1-year ahead,-0.003299605891982,1.8337872796616463
Cutoff +2m,2,120,2021 Q4,2022 Q1,inflation,1,1.820911934939892,AR(2),2022-03-31,1-step ahead,2.4487738699512818,-0.6278619350113896
Cutoff +2m,2,120,2021 Q4,2022 Q1,inflation,1,0.5303241053624892,MF-VAR,2022-03-31,1-step ahead,2.4487738699512818,-1.9184497645887928
Cutoff +2m,2,120,2021 Q4,2022 Q1,inflation,1,3.1771396749337297,MF-VAR (manual),2022-03-31,1-step ahead,2.4487738699512818,0.728365804982448
Cutoff +2m,2,120,2021 Q4,2022 Q1,inflation,1,1.1299420835716296,MIDAS,2022-03-31,1-step ahead,2.4487738699512818,-1.318831786379652
Cutoff +2m,2,120,2021 Q4,2022 Q1,inflation,1,0.464709405662787,MIDAS (trend),2022-03-31,1-step ahead,2.4487738699512818,-1.9840644642884948
Cutoff +2m,2,120,2021 Q4,2022 Q1,inflation,1,2.894245633919673,MIDAS-Latent,2022-03-31,1-step ahead,2.4487738699512818,0.4454717639683911
Cutoff +2m,2,120,2021 Q4,2022 Q1,inflation,1,2.83051196523266,MIDAS-Latent (trend),2022-03-31,1-step ahead,2.4487738699512818,0.3817380952813778
Cutoff +2m,2,120,2021 Q4,2022 Q2,inflation,2,1.3986998636980137,AR(2),2022-06-30,Other,4.516735213599077,-3.118035349901063
Cutoff +2m,2,120,2021 Q4,2022 Q2,inflation,2,0.5344814242551889,MF-VAR,2022-06-30,Other,4.516735213599077,-3.982253789343888
Cutoff +2m,2,120,2021 Q4,2022 Q2,inflation,2,3.220915890060472,MF-VAR (manual),2022-06-30,Other,4.516735213599077,-1.2958193235386046
Cutoff +2m,2,120,2021 Q4,2022 Q2,inflation,2,1.4477565920716629,MIDAS,2022-06-30,Other,4.516735213599077,-3.068978621527414
Cutoff +2m,2,120,2021 Q4,2022 Q2,inflation,2,0.6786915113782706,MIDAS (trend),2022-06-30,Other,4.516735213599077,-3.8380437022208063
Cutoff +2m,2,120,2021 Q4,2022 Q2,inflation,2,2.899314777018336,MIDAS-Latent,2022-06-30,Other,4.516735213599077,-1.617420436580741
Cutoff +2m,2,120,2021 Q4,2022 Q2,inflation,2,2.827951931527948,MIDAS-Latent (trend),2022-06-30,Other,4.516735213599077,-1.688783282071129
Cutoff +2m,2,120,2021 Q4,2022 Q3,inflation,3,1.1086011569262284,AR(2),2022-09-30,Other,3.320870259523545,-2.2122691025973165
Cutoff +2m,2,120,2021 Q4,2022 Q3,inflation,3,0.1695499110622418,MF-VAR,2022-09-30,Other,3.320870259523545,-3.1513203484613035
Cutoff +2m,2,120,2021 Q4,2022 Q3,inflation,3,3.172982088984889,MF-VAR (manual),2022-09-30,Other,3.320870259523545,-0.1478881705386561
Cutoff +2m,2,120,2021 Q4,2022 Q3,inflation,3,0.8270046376954302,MIDAS,2022-09-30,Other,3.320870259523545,-2.4938656218281148
Cutoff +2m,2,120,2021 Q4,2022 Q3,inflation,3,0.0735676215852021,MIDAS (trend),2022-09-30,Other,3.320870259523545,-3.247302637938343
Cutoff +2m,2,120,2021 Q4,2022 Q3,inflation,3,2.8992688992016515,MIDAS-Latent,2022-09-30,Other,3.320870259523545,-0.4216013603218935
Cutoff +2m,2,120,2021 Q4,2022 Q3,inflation,3,2.8273203894412235,MIDAS-Latent (trend),2022-09-30,Other,3.320870259523545,-0.4935498700823215
Cutoff +2m,2,120,2021 Q4,2022 Q4,inflation,4,0.9352777804706236,AR(2),2022-12-31,1-year ahead,1.4337160386958203,-0.4984382582251967
Cutoff +2m,2,120,2021 Q4,2022 Q4,inflation,4,0.0247944259302025,MF-VAR,2022-12-31,1-year ahead,1.4337160386958203,-1.4089216127656177
Cutoff +2m,2,120,2021 Q4,2022 Q4,inflation,4,3.2663223308979656,MF-VAR (manual),2022-12-31,1-year ahead,1.4337160386958203,1.832606292202145
Cutoff +2m,2,120,2021 Q4,2022 Q4,inflation,4,0.938126517912032,MIDAS,2022-12-31,1-year ahead,1.4337160386958203,-0.4955895207837884
Cutoff +2m,2,120,2021 Q4,2022 Q4,inflation,4,0.1163516959783073,MIDAS (trend),2022-12-31,1-year ahead,1.4337160386958203,-1.317364342717513
Cutoff +2m,2,120,2021 Q4,2022 Q4,inflation,4,2.8992898881563165,MIDAS-Latent,2022-12-31,1-year ahead,1.4337160386958203,1.4655738494604962
Cutoff +2m,2,120,2021 Q4,2022 Q4,inflation,4,2.8265815867392226,MIDAS-Latent (trend),2022-12-31,1-year ahead,1.4337160386958203,1.3928655480434022
Cutoff +2m,2,121,2022 Q1,2022 Q2,exch_rate,1,0.0327058773575654,AR(2),2022-06-30,1-step ahead,0.0271537094047716,0.0055521679527937
Cutoff +2m,2,121,2022 Q1,2022 Q2,exch_rate,1,0.0369683429578357,MF-VAR,2022-06-30,1-step ahead,0.0271537094047716,0.0098146335530641
Cutoff +2m,2,121,2022 Q1,2022 Q2,exch_rate,1,0.038775183750771,MF-VAR (manual),2022-06-30,1-step ahead,0.0271537094047716,0.0116214743459994
Cutoff +2m,2,121,2022 Q1,2022 Q2,exch_rate,1,0.0393205602556488,MIDAS,2022-06-30,1-step ahead,0.0271537094047716,0.0121668508508772
Cutoff +2m,2,121,2022 Q1,2022 Q2,exch_rate,1,0.0376430785497236,MIDAS (trend),2022-06-30,1-step ahead,0.0271537094047716,0.010489369144952
Cutoff +2m,2,121,2022 Q1,2022 Q2,exch_rate,1,0.0481400757472805,MIDAS-Latent,2022-06-30,1-step ahead,0.0271537094047716,0.0209863663425089
Cutoff +2m,2,121,2022 Q1,2022 Q2,exch_rate,1,0.0351344645585245,MIDAS-Latent (trend),2022-06-30,1-step ahead,0.0271537094047716,0.0079807551537529
Cutoff +2m,2,121,2022 Q1,2022 Q3,exch_rate,2,0.0257848064224261,AR(2),2022-09-30,Other,-0.026739916121992,0.0525247225444181
Cutoff +2m,2,121,2022 Q1,2022 Q3,exch_rate,2,0.0292990718526627,MF-VAR,2022-09-30,Other,-0.026739916121992,0.0560389879746548
Cutoff +2m,2,121,2022 Q1,2022 Q3,exch_rate,2,0.0373912707636389,MF-VAR (manual),2022-09-30,Other,-0.026739916121992,0.064131186885631
Cutoff +2m,2,121,2022 Q1,2022 Q3,exch_rate,2,0.0095592432272138,MIDAS,2022-09-30,Other,-0.026739916121992,0.0362991593492059
Cutoff +2m,2,121,2022 Q1,2022 Q3,exch_rate,2,0.0092360128651307,MIDAS (trend),2022-09-30,Other,-0.026739916121992,0.0359759289871227
Cutoff +2m,2,121,2022 Q1,2022 Q3,exch_rate,2,0.0313906287081503,MIDAS-Latent,2022-09-30,Other,-0.026739916121992,0.0581305448301423
Cutoff +2m,2,121,2022 Q1,2022 Q3,exch_rate,2,0.0309868371770571,MIDAS-Latent (trend),2022-09-30,Other,-0.026739916121992,0.0577267532990492
Cutoff +2m,2,121,2022 Q1,2022 Q4,exch_rate,3,0.0234249050981128,AR(2),2022-12-31,Other,-0.0168636904646506,0.0402885955627634
Cutoff +2m,2,121,2022 Q1,2022 Q4,exch_rate,3,0.0210934419835519,MF-VAR,2022-12-31,Other,-0.0168636904646506,0.0379571324482026
Cutoff +2m,2,121,2022 Q1,2022 Q4,exch_rate,3,0.0361962123794527,MF-VAR (manual),2022-12-31,Other,-0.0168636904646506,0.0530599028441034
Cutoff +2m,2,121,2022 Q1,2022 Q4,exch_rate,3,0.0125375957238047,MIDAS,2022-12-31,Other,-0.0168636904646506,0.0294012861884553
Cutoff +2m,2,121,2022 Q1,2022 Q4,exch_rate,3,0.0100165625125851,MIDAS (trend),2022-12-31,Other,-0.0168636904646506,0.0268802529772357
Cutoff +2m,2,121,2022 Q1,2022 Q4,exch_rate,3,0.0430346241849789,MIDAS-Latent,2022-12-31,Other,-0.0168636904646506,0.0598983146496295
Cutoff +2m,2,121,2022 Q1,2022 Q4,exch_rate,3,0.026171229626748,MIDAS-Latent (trend),2022-12-31,Other,-0.0168636904646506,0.0430349200913986
Cutoff +2m,2,121,2022 Q1,2023 Q1,exch_rate,4,0.0193487978636888,AR(2),2023-03-31,1-year ahead,-0.0076462771143125,0.0269950749780013
Cutoff +2m,2,121,2022 Q1,2023 Q1,exch_rate,4,0.0126671650969329,MF-VAR,2023-03-31,1-year ahead,-0.0076462771143125,0.0203134422112455
Cutoff +2m,2,121,2022 Q1,2023 Q1,exch_rate,4,0.0361206122981648,MF-VAR (manual),2023-03-31,1-year ahead,-0.0076462771143125,0.0437668894124773
Cutoff +2m,2,121,2022 Q1,2023 Q1,exch_rate,4,-0.0167241751462485,MIDAS,2023-03-31,1-year ahead,-0.0076462771143125,-0.0090778980319359
Cutoff +2m,2,121,2022 Q1,2023 Q1,exch_rate,4,-0.0160334053115837,MIDAS (trend),2023-03-31,1-year ahead,-0.0076462771143125,-0.0083871281972712
Cutoff +2m,2,121,2022 Q1,2023 Q1,exch_rate,4,0.0265745681232179,MIDAS-Latent,2023-03-31,1-year ahead,-0.0076462771143125,0.0342208452375305
Cutoff +2m,2,121,2022 Q1,2023 Q1,exch_rate,4,0.0214813691954446,MIDAS-Latent (trend),2023-03-31,1-year ahead,-0.0076462771143125,0.0291276463097571
Cutoff +2m,2,121,2022 Q1,2022 Q2,gdp_growth,1,1.8911162506488388,AR(2),2022-06-30,1-step ahead,4.56849934844854,-2.677383097799701
Cutoff +2m,2,121,2022 Q1,2022 Q2,gdp_growth,1,2.7422032651156263,MF-VAR,2022-06-30,1-step ahead,4.56849934844854,-1.826296083332914
Cutoff +2m,2,121,2022 Q1,2022 Q2,gdp_growth,1,3.821496806648744,MF-VAR (manual),2022-06-30,1-step ahead,4.56849934844854,-0.7470025417997963
Cutoff +2m,2,121,2022 Q1,2022 Q2,gdp_growth,1,3.321006833825722,MIDAS,2022-06-30,1-step ahead,4.56849934844854,-1.2474925146228184
Cutoff +2m,2,121,2022 Q1,2022 Q2,gdp_growth,1,2.9906105705310853,MIDAS (trend),2022-06-30,1-step ahead,4.56849934844854,-1.577888777917455
Cutoff +2m,2,121,2022 Q1,2022 Q2,gdp_growth,1,2.0087860267863222,MIDAS-Latent,2022-06-30,1-step ahead,4.56849934844854,-2.559713321662218
Cutoff +2m,2,121,2022 Q1,2022 Q2,gdp_growth,1,2.02776151353512,MIDAS-Latent (trend),2022-06-30,1-step ahead,4.56849934844854,-2.5407378349134206
Cutoff +2m,2,121,2022 Q1,2022 Q3,gdp_growth,2,1.8045587546367536,AR(2),2022-09-30,Other,-1.4984497864681146,3.3030085411048686
Cutoff +2m,2,121,2022 Q1,2022 Q3,gdp_growth,2,2.666180495285924,MF-VAR,2022-09-30,Other,-1.4984497864681146,4.164630281754039
Cutoff +2m,2,121,2022 Q1,2022 Q3,gdp_growth,2,3.4619888821924443,MF-VAR (manual),2022-09-30,Other,-1.4984497864681146,4.960438668660559
Cutoff +2m,2,121,2022 Q1,2022 Q3,gdp_growth,2,0.2169409799811298,MIDAS,2022-09-30,Other,-1.4984497864681146,1.7153907664492445
Cutoff +2m,2,121,2022 Q1,2022 Q3,gdp_growth,2,-0.1383576825366508,MIDAS (trend),2022-09-30,Other,-1.4984497864681146,1.3600921039314635
Cutoff +2m,2,121,2022 Q1,2022 Q3,gdp_growth,2,2.0294402180109343,MIDAS-Latent,2022-09-30,Other,-1.4984497864681146,3.527890004479049
Cutoff +2m,2,121,2022 Q1,2022 Q3,gdp_growth,2,2.0486090947887208,MIDAS-Latent (trend),2022-09-30,Other,-1.4984497864681146,3.5470588812568358
Cutoff +2m,2,121,2022 Q1,2022 Q4,gdp_growth,3,1.8828742578001312,AR(2),2022-12-31,Other,-0.003299605891982,1.8861738636921133
Cutoff +2m,2,121,2022 Q1,2022 Q4,gdp_growth,3,1.1333241417764808,MF-VAR,2022-12-31,Other,-0.003299605891982,1.1366237476684629
Cutoff +2m,2,121,2022 Q1,2022 Q4,gdp_growth,3,3.710597640402262,MF-VAR (manual),2022-12-31,Other,-0.003299605891982,3.713897246294244
Cutoff +2m,2,121,2022 Q1,2022 Q4,gdp_growth,3,0.2314501093111435,MIDAS,2022-12-31,Other,-0.003299605891982,0.2347497152031256
Cutoff +2m,2,121,2022 Q1,2022 Q4,gdp_growth,3,-0.1399331331840017,MIDAS (trend),2022-12-31,Other,-0.003299605891982,-0.1366335272920196
Cutoff +2m,2,121,2022 Q1,2022 Q4,gdp_growth,3,2.0217311531281545,MIDAS-Latent,2022-12-31,Other,-0.003299605891982,2.0250307590201366
Cutoff +2m,2,121,2022 Q1,2022 Q4,gdp_growth,3,2.041434487994547,MIDAS-Latent (trend),2022-12-31,Other,-0.003299605891982,2.0447340938865293
Cutoff +2m,2,121,2022 Q1,2023 Q1,gdp_growth,4,1.8826888686712808,AR(2),2023-03-31,1-year ahead,-1.4211511197238735,3.303839988395154
Cutoff +2m,2,121,2022 Q1,2023 Q1,gdp_growth,4,0.5103327494040022,MF-VAR,2023-03-31,1-year ahead,-1.4211511197238735,1.931483869127876
Cutoff +2m,2,121,2022 Q1,2023 Q1,gdp_growth,4,4.0692502043535175,MF-VAR (manual),2023-03-31,1-year ahead,-1.4211511197238735,5.490401324077391
Cutoff +2m,2,121,2022 Q1,2023 Q1,gdp_growth,4,0.1331235027213667,MIDAS,2023-03-31,1-year ahead,-1.4211511197238735,1.5542746224452404
Cutoff +2m,2,121,2022 Q1,2023 Q1,gdp_growth,4,-0.2512906669406334,MIDAS (trend),2023-03-31,1-year ahead,-1.4211511197238735,1.16986045278324
Cutoff +2m,2,121,2022 Q1,2023 Q1,gdp_growth,4,2.021917558711808,MIDAS-Latent,2023-03-31,1-year ahead,-1.4211511197238735,3.443068678435681
Cutoff +2m,2,121,2022 Q1,2023 Q1,gdp_growth,4,2.041939304990204,MIDAS-Latent (trend),2023-03-31,1-year ahead,-1.4211511197238735,3.463090424714077
Cutoff +2m,2,121,2022 Q1,2022 Q2,inflation,1,1.7129828466617631,AR(2),2022-06-30,1-step ahead,4.516735213599077,-2.8037523669373137
Cutoff +2m,2,121,2022 Q1,2022 Q2,inflation,1,1.3324987832860575,MF-VAR,2022-06-30,1-step ahead,4.516735213599077,-3.1842364303130197
Cutoff +2m,2,121,2022 Q1,2022 Q2,inflation,1,2.760726807237348,MF-VAR (manual),2022-06-30,1-step ahead,4.516735213599077,-1.7560084063617287
Cutoff +2m,2,121,2022 Q1,2022 Q2,inflation,1,1.6724048694520643,MIDAS,2022-06-30,1-step ahead,4.516735213599077,-2.8443303441470125
Cutoff +2m,2,121,2022 Q1,2022 Q2,inflation,1,1.035777252486675,MIDAS (trend),2022-06-30,1-step ahead,4.516735213599077,-3.4809579611124017
Cutoff +2m,2,121,2022 Q1,2022 Q2,inflation,1,2.0022922240996253,MIDAS-Latent,2022-06-30,1-step ahead,4.516735213599077,-2.514442989499452
Cutoff +2m,2,121,2022 Q1,2022 Q2,inflation,1,1.9829475161689365,MIDAS-Latent (trend),2022-06-30,1-step ahead,4.516735213599077,-2.5337876974301405
Cutoff +2m,2,121,2022 Q1,2022 Q3,inflation,2,1.3157488582003616,AR(2),2022-09-30,Other,3.320870259523545,-2.0051214013231835
Cutoff +2m,2,121,2022 Q1,2022 Q3,inflation,2,1.3303994538021624,MF-VAR,2022-09-30,Other,3.320870259523545,-1.990470805721383
Cutoff +2m,2,121,2022 Q1,2022 Q3,inflation,2,2.768840295878039,MF-VAR (manual),2022-09-30,Other,3.320870259523545,-0.5520299636455062
Cutoff +2m,2,121,2022 Q1,2022 Q3,inflation,2,1.3422871589324814,MIDAS,2022-09-30,Other,3.320870259523545,-1.978583100591064
Cutoff +2m,2,121,2022 Q1,2022 Q3,inflation,2,0.7367682221755733,MIDAS (trend),2022-09-30,Other,3.320870259523545,-2.584102037347972
Cutoff +2m,2,121,2022 Q1,2022 Q3,inflation,2,2.002774507357803,MIDAS-Latent,2022-09-30,Other,3.320870259523545,-1.3180957521657422
Cutoff +2m,2,121,2022 Q1,2022 Q3,inflation,2,1.9839827167663484,MIDAS-Latent (trend),2022-09-30,Other,3.320870259523545,-1.336887542757197
Cutoff +2m,2,121,2022 Q1,2022 Q4,inflation,3,1.0666113090249585,AR(2),2022-12-31,Other,1.4337160386958203,-0.3671047296708618
Cutoff +2m,2,121,2022 Q1,2022 Q4,inflation,3,0.2530575931801757,MF-VAR,2022-12-31,Other,1.4337160386958203,-1.1806584455156446
Cutoff +2m,2,121,2022 Q1,2022 Q4,inflation,3,2.7432524615117995,MF-VAR (manual),2022-12-31,Other,1.4337160386958203,1.3095364228159792
Cutoff +2m,2,121,2022 Q1,2022 Q4,inflation,3,1.0667590112949807,MIDAS,2022-12-31,Other,1.4337160386958203,-0.3669570274008396
Cutoff +2m,2,121,2022 Q1,2022 Q4,inflation,3,0.3537909562291589,MIDAS (trend),2022-12-31,Other,1.4337160386958203,-1.0799250824666613
Cutoff +2m,2,121,2022 Q1,2022 Q4,inflation,3,2.003246152763588,MIDAS-Latent,2022-12-31,Other,1.4337160386958203,0.5695301140677675
Cutoff +2m,2,121,2022 Q1,2022 Q4,inflation,3,1.985043480170104,MIDAS-Latent (trend),2022-12-31,Other,1.4337160386958203,0.5513274414742837
Cutoff +2m,2,121,2022 Q1,2023 Q1,inflation,4,0.9149102322352438,AR(2),2023-03-31,1-year ahead,3.17581391503019,-2.2609036827949462
Cutoff +2m,2,121,2022 Q1,2023 Q1,inflation,4,0.0323724948894244,MF-VAR,2023-03-31,1-year ahead,3.17581391503019,-3.143441420140766
Cutoff +2m,2,121,2022 Q1,2023 Q1,inflation,4,2.6795318763271325,MF-VAR (manual),2023-03-31,1-year ahead,3.17581391503019,-0.4962820387030575
Cutoff +2m,2,121,2022 Q1,2023 Q1,inflation,4,0.9496024514332309,MIDAS,2023-03-31,1-year ahead,3.17581391503019,-2.226211463596959
Cutoff +2m,2,121,2022 Q1,2023 Q1,inflation,4,0.2662543191119755,MIDAS (trend),2023-03-31,1-year ahead,3.17581391503019,-2.9095595959182146
Cutoff +2m,2,121,2022 Q1,2023 Q1,inflation,4,2.0032456432987864,MIDAS-Latent,2023-03-31,1-year ahead,3.17581391503019,-1.1725682717314037
Cutoff +2m,2,121,2022 Q1,2023 Q1,inflation,4,1.9848174468031612,MIDAS-Latent (trend),2023-03-31,1-year ahead,3.17581391503019,-1.1909964682270286
Cutoff +2m,2,122,2022 Q2,2022 Q3,exch_rate,1,0.0194127032655174,AR(2),2022-09-30,1-step ahead,-0.026739916121992,0.0461526193875095
Cutoff +2m,2,122,2022 Q2,2022 Q3,exch_rate,1,0.0051046837847393,MF-VAR,2022-09-30,1-step ahead,-0.026739916121992,0.0318445999067314
Cutoff +2m,2,122,2022 Q2,2022 Q3,exch_rate,1,0.0195849718447023,MF-VAR (manual),2022-09-30,1-step ahead,-0.026739916121992,0.0463248879666944
Cutoff +2m,2,122,2022 Q2,2022 Q3,exch_rate,1,0.0186221413815969,MIDAS,2022-09-30,1-step ahead,-0.026739916121992,0.045362057503589
Cutoff +2m,2,122,2022 Q2,2022 Q3,exch_rate,1,0.0176812855367958,MIDAS (trend),2022-09-30,1-step ahead,-0.026739916121992,0.0444212016587879
Cutoff +2m,2,122,2022 Q2,2022 Q3,exch_rate,1,0.0306247115804163,MIDAS-Latent,2022-09-30,1-step ahead,-0.026739916121992,0.0573646277024083
Cutoff +2m,2,122,2022 Q2,2022 Q3,exch_rate,1,0.0214545561932316,MIDAS-Latent (trend),2022-09-30,1-step ahead,-0.026739916121992,0.0481944723152237
Cutoff +2m,2,122,2022 Q2,2022 Q4,exch_rate,2,0.0172473387367826,AR(2),2022-12-31,Other,-0.0168636904646506,0.0341110292014333
Cutoff +2m,2,122,2022 Q2,2022 Q4,exch_rate,2,0.0012788854087928,MF-VAR,2022-12-31,Other,-0.0168636904646506,0.0181425758734434
Cutoff +2m,2,122,2022 Q2,2022 Q4,exch_rate,2,0.0187461276120617,MF-VAR (manual),2022-12-31,Other,-0.0168636904646506,0.0356098180767123
Cutoff +2m,2,122,2022 Q2,2022 Q4,exch_rate,2,0.0294827019419567,MIDAS,2022-12-31,Other,-0.0168636904646506,0.0463463924066074
Cutoff +2m,2,122,2022 Q2,2022 Q4,exch_rate,2,0.0273384155431475,MIDAS (trend),2022-12-31,Other,-0.0168636904646506,0.0442021060077982
Cutoff +2m,2,122,2022 Q2,2022 Q4,exch_rate,2,0.0216409309108763,MIDAS-Latent,2022-12-31,Other,-0.0168636904646506,0.0385046213755269
Cutoff +2m,2,122,2022 Q2,2022 Q4,exch_rate,2,0.0169689071434629,MIDAS-Latent (trend),2022-12-31,Other,-0.0168636904646506,0.0338325976081135
Cutoff +2m,2,122,2022 Q2,2023 Q1,exch_rate,3,0.0135615380615941,AR(2),2023-03-31,Other,-0.0076462771143125,0.0212078151759066
Cutoff +2m,2,122,2022 Q2,2023 Q1,exch_rate,3,-0.0027019719413415,MF-VAR,2023-03-31,Other,-0.0076462771143125,0.004944305172971
Cutoff +2m,2,122,2022 Q2,2023 Q1,exch_rate,3,0.0181843691430499,MF-VAR (manual),2023-03-31,Other,-0.0076462771143125,0.0258306462573624
Cutoff +2m,2,122,2022 Q2,2023 Q1,exch_rate,3,0.0210852511848669,MIDAS,2023-03-31,Other,-0.0076462771143125,0.0287315282991794
Cutoff +2m,2,122,2022 Q2,2023 Q1,exch_rate,3,0.0183524619491874,MIDAS (trend),2023-03-31,Other,-0.0076462771143125,0.0259987390634999
Cutoff +2m,2,122,2022 Q2,2023 Q1,exch_rate,3,0.0250534835854309,MIDAS-Latent,2023-03-31,Other,-0.0076462771143125,0.0326997606997435
Cutoff +2m,2,122,2022 Q2,2023 Q1,exch_rate,3,0.0123436939396311,MIDAS-Latent (trend),2023-03-31,Other,-0.0076462771143125,0.0199899710539437
Cutoff +2m,2,122,2022 Q2,2023 Q2,exch_rate,4,0.0129163369047498,AR(2),2023-06-30,1-year ahead,-0.0215096318847173,0.0344259687894672
Cutoff +2m,2,122,2022 Q2,2023 Q2,exch_rate,4,-0.0029260837083447,MF-VAR,2023-06-30,1-year ahead,-0.0215096318847173,0.0185835481763725
Cutoff +2m,2,122,2022 Q2,2023 Q2,exch_rate,4,0.0174580944056804,MF-VAR (manual),2023-06-30,1-year ahead,-0.0215096318847173,0.0389677262903977
Cutoff +2m,2,122,2022 Q2,2023 Q2,exch_rate,4,0.0317750824388967,MIDAS,2023-06-30,1-year ahead,-0.0215096318847173,0.053284714323614
Cutoff +2m,2,122,2022 Q2,2023 Q2,exch_rate,4,0.0266253252208013,MIDAS (trend),2023-06-30,1-year ahead,-0.0215096318847173,0.0481349571055187
Cutoff +2m,2,122,2022 Q2,2023 Q2,exch_rate,4,0.0162209841515301,MIDAS-Latent,2023-06-30,1-year ahead,-0.0215096318847173,0.0377306160362474
Cutoff +2m,2,122,2022 Q2,2023 Q2,exch_rate,4,0.0076692262087474,MIDAS-Latent (trend),2023-06-30,1-year ahead,-0.0215096318847173,0.0291788580934648
Cutoff +2m,2,122,2022 Q2,2022 Q3,gdp_growth,1,1.609756570803674,AR(2),2022-09-30,1-step ahead,-1.4984497864681146,3.1082063572717886
Cutoff +2m,2,122,2022 Q2,2022 Q3,gdp_growth,1,0.6641000774100945,MF-VAR,2022-09-30,1-step ahead,-1.4984497864681146,2.162549863878209
Cutoff +2m,2,122,2022 Q2,2022 Q3,gdp_growth,1,1.4343712118238718,MF-VAR (manual),2022-09-30,1-step ahead,-1.4984497864681146,2.9328209982919864
Cutoff +2m,2,122,2022 Q2,2022 Q3,gdp_growth,1,-0.4237554467434984,MIDAS,2022-09-30,1-step ahead,-1.4984497864681146,1.074694339724616
Cutoff +2m,2,122,2022 Q2,2022 Q3,gdp_growth,1,-0.6786681022379394,MIDAS (trend),2022-09-30,1-step ahead,-1.4984497864681146,0.8197816842301752
Cutoff +2m,2,122,2022 Q2,2022 Q3,gdp_growth,1,4.817412229839883,MIDAS-Latent,2022-09-30,1-step ahead,-1.4984497864681146,6.315862016307998
Cutoff +2m,2,122,2022 Q2,2022 Q3,gdp_growth,1,4.85063107365597,MIDAS-Latent (trend),2022-09-30,1-step ahead,-1.4984497864681146,6.349080860124085
Cutoff +2m,2,122,2022 Q2,2022 Q4,gdp_growth,2,1.7255921566926302,AR(2),2022-12-31,Other,-0.003299605891982,1.7288917625846123
Cutoff +2m,2,122,2022 Q2,2022 Q4,gdp_growth,2,0.6476510527210626,MF-VAR,2022-12-31,Other,-0.003299605891982,0.6509506586130447
Cutoff +2m,2,122,2022 Q2,2022 Q4,gdp_growth,2,0.3596873650286239,MF-VAR (manual),2022-12-31,Other,-0.003299605891982,0.362986970920606
Cutoff +2m,2,122,2022 Q2,2022 Q4,gdp_growth,2,2.8223167669593194,MIDAS,2022-12-31,Other,-0.003299605891982,2.825616372851301
Cutoff +2m,2,122,2022 Q2,2022 Q4,gdp_growth,2,2.553948830236178,MIDAS (trend),2022-12-31,Other,-0.003299605891982,2.55724843612816
Cutoff +2m,2,122,2022 Q2,2022 Q4,gdp_growth,2,4.833209075977576,MIDAS-Latent,2022-12-31,Other,-0.003299605891982,4.836508681869558
Cutoff +2m,2,122,2022 Q2,2022 Q4,gdp_growth,2,4.866847828719306,MIDAS-Latent (trend),2022-12-31,Other,-0.003299605891982,4.8701474346112885
Cutoff +2m,2,122,2022 Q2,2023 Q1,gdp_growth,3,1.9358472703660807,AR(2),2023-03-31,Other,-1.4211511197238735,3.356998390089955
Cutoff +2m,2,122,2022 Q2,2023 Q1,gdp_growth,3,0.2292522312540488,MF-VAR,2023-03-31,Other,-1.4211511197238735,1.6504033509779223
Cutoff +2m,2,122,2022 Q2,2023 Q1,gdp_growth,3,-0.1616808856591655,MF-VAR (manual),2023-03-31,Other,-1.4211511197238735,1.259470234064708
Cutoff +2m,2,122,2022 Q2,2023 Q1,gdp_growth,3,2.6723438038867258,MIDAS,2023-03-31,Other,-1.4211511197238735,4.093494923610599
Cutoff +2m,2,122,2022 Q2,2023 Q1,gdp_growth,3,2.384324656467521,MIDAS (trend),2023-03-31,Other,-1.4211511197238735,3.805475776191394
Cutoff +2m,2,122,2022 Q2,2023 Q1,gdp_growth,3,4.835514539962228,MIDAS-Latent,2023-03-31,Other,-1.4211511197238735,6.256665659686101
Cutoff +2m,2,122,2022 Q2,2023 Q1,gdp_growth,3,4.869999385657243,MIDAS-Latent (trend),2023-03-31,Other,-1.4211511197238735,6.2911505053811165
Cutoff +2m,2,122,2022 Q2,2023 Q2,gdp_growth,4,1.9100108904310045,AR(2),2023-06-30,1-year ahead,-1.9508697250607556,3.86088061549176
Cutoff +2m,2,122,2022 Q2,2023 Q2,gdp_growth,4,0.3953461839076202,MF-VAR,2023-06-30,1-year ahead,-1.9508697250607556,2.346215908968376
Cutoff +2m,2,122,2022 Q2,2023 Q2,gdp_growth,4,-0.9041964533294936,MF-VAR (manual),2023-06-30,1-year ahead,-1.9508697250607556,1.0466732717312617
Cutoff +2m,2,122,2022 Q2,2023 Q2,gdp_growth,4,2.76985947330037,MIDAS,2023-06-30,1-year ahead,-1.9508697250607556,4.720729198361125
Cutoff +2m,2,122,2022 Q2,2023 Q2,gdp_growth,4,2.4815943781454832,MIDAS (trend),2023-06-30,1-year ahead,-1.9508697250607556,4.432464103206239
Cutoff +2m,2,122,2022 Q2,2023 Q2,gdp_growth,4,4.835660852437653,MIDAS-Latent,2023-06-30,1-year ahead,-1.9508697250607556,6.786530577498408
Cutoff +2m,2,122,2022 Q2,2023 Q2,gdp_growth,4,4.870710142081106,MIDAS-Latent (trend),2023-06-30,1-year ahead,-1.9508697250607556,6.821579867141861
Cutoff +2m,2,122,2022 Q2,2022 Q3,inflation,1,2.6977163111225217,AR(2),2022-09-30,1-step ahead,3.320870259523545,-0.6231539484010233
Cutoff +2m,2,122,2022 Q2,2022 Q3,inflation,1,1.210300184597025,MF-VAR,2022-09-30,1-step ahead,3.320870259523545,-2.11057007492652
Cutoff +2m,2,122,2022 Q2,2022 Q3,inflation,1,4.773358741285478,MF-VAR (manual),2022-09-30,1-step ahead,3.320870259523545,1.4524884817619332
Cutoff +2m,2,122,2022 Q2,2022 Q3,inflation,1,1.2366314016591176,MIDAS,2022-09-30,1-step ahead,3.320870259523545,-2.0842388578644275
Cutoff +2m,2,122,2022 Q2,2022 Q3,inflation,1,0.8092893261963547,MIDAS (trend),2022-09-30,1-step ahead,3.320870259523545,-2.51158093332719
Cutoff +2m,2,122,2022 Q2,2022 Q3,inflation,1,4.276911125557992,MIDAS-Latent,2022-09-30,1-step ahead,3.320870259523545,0.9560408660344466
Cutoff +2m,2,122,2022 Q2,2022 Q3,inflation,1,4.2776548309940665,MIDAS-Latent (trend),2022-09-30,1-step ahead,3.320870259523545,0.9567845714705214
Cutoff +2m,2,122,2022 Q2,2022 Q4,inflation,2,2.03764500038292,AR(2),2022-12-31,Other,1.4337160386958203,0.6039289616870995
Cutoff +2m,2,122,2022 Q2,2022 Q4,inflation,2,1.2065985828673256,MF-VAR,2022-12-31,Other,1.4337160386958203,-0.2271174558284947
Cutoff +2m,2,122,2022 Q2,2022 Q4,inflation,2,4.611237307423146,MF-VAR (manual),2022-12-31,Other,1.4337160386958203,3.1775212687273253
Cutoff +2m,2,122,2022 Q2,2022 Q4,inflation,2,2.158418109775046,MIDAS,2022-12-31,Other,1.4337160386958203,0.7247020710792258
Cutoff +2m,2,122,2022 Q2,2022 Q4,inflation,2,1.5613152745872916,MIDAS (trend),2022-12-31,Other,1.4337160386958203,0.1275992358914712
Cutoff +2m,2,122,2022 Q2,2022 Q4,inflation,2,4.267360016093673,MIDAS-Latent,2022-12-31,Other,1.4337160386958203,2.833643977397853
Cutoff +2m,2,122,2022 Q2,2022 Q4,inflation,2,4.268226019310585,MIDAS-Latent (trend),2022-12-31,Other,1.4337160386958203,2.834509980614765
Cutoff +2m,2,122,2022 Q2,2023 Q1,inflation,3,1.540843374629032,AR(2),2023-03-31,Other,3.17581391503019,-1.634970540401158
Cutoff +2m,2,122,2022 Q2,2023 Q1,inflation,3,0.1023562337543676,MF-VAR,2023-03-31,Other,3.17581391503019,-3.0734576812758223
Cutoff +2m,2,122,2022 Q2,2023 Q1,inflation,3,4.742834795510038,MF-VAR (manual),2023-03-31,Other,3.17581391503019,1.5670208804798476
Cutoff +2m,2,122,2022 Q2,2023 Q1,inflation,3,0.8841944211901562,MIDAS,2023-03-31,Other,3.17581391503019,-2.2916194938400336
Cutoff +2m,2,122,2022 Q2,2023 Q1,inflation,3,0.3341570872588215,MIDAS (trend),2023-03-31,Other,3.17581391503019,-2.8416568277713687
Cutoff +2m,2,122,2022 Q2,2023 Q1,inflation,3,4.268467670317528,MIDAS-Latent,2023-03-31,Other,3.17581391503019,1.092653755287338
Cutoff +2m,2,122,2022 Q2,2023 Q1,inflation,3,4.269324930445323,MIDAS-Latent (trend),2023-03-31,Other,3.17581391503019,1.0935110154151326
Cutoff +2m,2,122,2022 Q2,2023 Q2,inflation,4,1.2379206357623311,AR(2),2023-06-30,1-year ahead,0.5501119867577842,0.687808649004547
Cutoff +2m,2,122,2022 Q2,2023 Q2,inflation,4,-0.0478133358567697,MF-VAR,2023-06-30,1-year ahead,0.5501119867577842,-0.5979253226145539
Cutoff +2m,2,122,2022 Q2,2023 Q2,inflation,4,4.784306749777329,MF-VAR (manual),2023-06-30,1-year ahead,0.5501119867577842,4.234194763019545
Cutoff +2m,2,122,2022 Q2,2023 Q2,inflation,4,1.242281398507294,MIDAS,2023-06-30,1-year ahead,0.5501119867577842,0.6921694117495099
Cutoff +2m,2,122,2022 Q2,2023 Q2,inflation,4,0.5760192003823267,MIDAS (trend),2023-06-30,1-year ahead,0.5501119867577842,0.0259072136245425
Cutoff +2m,2,122,2022 Q2,2023 Q2,inflation,4,4.268511783178863,MIDAS-Latent,2023-06-30,1-year ahead,0.5501119867577842,3.718399796421079
Cutoff +2m,2,122,2022 Q2,2023 Q2,inflation,4,4.269375872635278,MIDAS-Latent (trend),2023-06-30,1-year ahead,0.5501119867577842,3.719263885877494
Cutoff +2m,2,123,2022 Q3,2022 Q4,exch_rate,1,-0.0328508214938715,AR(2),2022-12-31,1-step ahead,-0.0168636904646506,-0.0159871310292209
Cutoff +2m,2,123,2022 Q3,2022 Q4,exch_rate,1,-0.0006510257498460265,MF-VAR,2022-12-31,1-step ahead,-0.0168636904646506,0.0162126647148046
Cutoff +2m,2,123,2022 Q3,2022 Q4,exch_rate,1,0.9799623194791248,MF-VAR (manual),2022-12-31,1-step ahead,-0.0168636904646506,0.9968260099437756
Cutoff +2m,2,123,2022 Q3,2022 Q4,exch_rate,1,0.027470800089571,MIDAS,2022-12-31,1-step ahead,-0.0168636904646506,0.0443344905542216
Cutoff +2m,2,123,2022 Q3,2022 Q4,exch_rate,1,0.0253430885848103,MIDAS (trend),2022-12-31,1-step ahead,-0.0168636904646506,0.0422067790494609
Cutoff +2m,2,123,2022 Q3,2022 Q4,exch_rate,1,0.0190137154779291,MIDAS-Latent,2022-12-31,1-step ahead,-0.0168636904646506,0.0358774059425798
Cutoff +2m,2,123,2022 Q3,2022 Q4,exch_rate,1,-0.0265630850372358,MIDAS-Latent (trend),2022-12-31,1-step ahead,-0.0168636904646506,-0.0096993945725852
Cutoff +2m,2,123,2022 Q3,2023 Q1,exch_rate,2,-0.0341474693559849,AR(2),2023-03-31,Other,-0.0076462771143125,-0.0265011922416724
Cutoff +2m,2,123,2022 Q3,2023 Q1,exch_rate,2,-0.0061229187340492,MF-VAR,2023-03-31,Other,-0.0076462771143125,0.0015233583802632
Cutoff +2m,2,123,2022 Q3,2023 Q1,exch_rate,2,0.974318534055964,MF-VAR (manual),2023-03-31,Other,-0.0076462771143125,0.9819648111702765
Cutoff +2m,2,123,2022 Q3,2023 Q1,exch_rate,2,-0.0313078513537958,MIDAS,2023-03-31,Other,-0.0076462771143125,-0.0236615742394832
Cutoff +2m,2,123,2022 Q3,2023 Q1,exch_rate,2,-0.0289661380656864,MIDAS (trend),2023-03-31,Other,-0.0076462771143125,-0.0213198609513739
Cutoff +2m,2,123,2022 Q3,2023 Q1,exch_rate,2,-0.0340138317749752,MIDAS-Latent,2023-03-31,Other,-0.0076462771143125,-0.0263675546606627
Cutoff +2m,2,123,2022 Q3,2023 Q1,exch_rate,2,-0.0291166297566211,MIDAS-Latent (trend),2023-03-31,Other,-0.0076462771143125,-0.0214703526423085
Cutoff +2m,2,123,2022 Q3,2023 Q2,exch_rate,3,-0.0316360095078652,AR(2),2023-06-30,Other,-0.0215096318847173,-0.0101263776231478
Cutoff +2m,2,123,2022 Q3,2023 Q2,exch_rate,3,-0.0005615797476066146,MF-VAR,2023-06-30,Other,-0.0215096318847173,0.0209480521371107
Cutoff +2m,2,123,2022 Q3,2023 Q2,exch_rate,3,0.970032961914093,MF-VAR (manual),2023-06-30,Other,-0.0215096318847173,0.9915425937988104
Cutoff +2m,2,123,2022 Q3,2023 Q2,exch_rate,3,0.0222686403188598,MIDAS,2023-06-30,Other,-0.0215096318847173,0.0437782722035771
Cutoff +2m,2,123,2022 Q3,2023 Q2,exch_rate,3,0.0177513723881337,MIDAS (trend),2023-06-30,Other,-0.0215096318847173,0.039261004272851
Cutoff +2m,2,123,2022 Q3,2023 Q2,exch_rate,3,0.0110045324182436,MIDAS-Latent,2023-06-30,Other,-0.0215096318847173,0.0325141643029609
Cutoff +2m,2,123,2022 Q3,2023 Q2,exch_rate,3,-0.0339941082351963,MIDAS-Latent (trend),2023-06-30,Other,-0.0215096318847173,-0.0124844763504789
Cutoff +2m,2,123,2022 Q3,2023 Q3,exch_rate,4,-0.0348220573424138,AR(2),2023-09-30,1-year ahead,-0.039378982531476,0.0045569251890621
Cutoff +2m,2,123,2022 Q3,2023 Q3,exch_rate,4,-0.0054002442806203,MF-VAR,2023-09-30,1-year ahead,-0.039378982531476,0.0339787382508556
Cutoff +2m,2,123,2022 Q3,2023 Q3,exch_rate,4,0.9651520634854676,MF-VAR (manual),2023-09-30,1-year ahead,-0.039378982531476,1.0045310460169437
Cutoff +2m,2,123,2022 Q3,2023 Q3,exch_rate,4,-0.0358223451847362,MIDAS,2023-09-30,1-year ahead,-0.039378982531476,0.0035566373467397
Cutoff +2m,2,123,2022 Q3,2023 Q3,exch_rate,4,-0.0318686708408489,MIDAS (trend),2023-09-30,1-year ahead,-0.039378982531476,0.007510311690627
Cutoff +2m,2,123,2022 Q3,2023 Q3,exch_rate,4,-0.0411708545625897,MIDAS-Latent,2023-09-30,1-year ahead,-0.039378982531476,-0.0017918720311137
Cutoff +2m,2,123,2022 Q3,2023 Q3,exch_rate,4,-0.0387542358921923,MIDAS-Latent (trend),2023-09-30,1-year ahead,-0.039378982531476,0.0006247466392836562
Cutoff +2m,2,123,2022 Q3,2022 Q4,gdp_growth,1,1.9563541192703704,AR(2),2022-12-31,1-step ahead,-0.003299605891982,1.9596537251623525
Cutoff +2m,2,123,2022 Q3,2022 Q4,gdp_growth,1,0.8735646606437589,MF-VAR,2022-12-31,1-step ahead,-0.003299605891982,0.876864266535741
Cutoff +2m,2,123,2022 Q3,2022 Q4,gdp_growth,1,-2.01608430265613,MF-VAR (manual),2022-12-31,1-step ahead,-0.003299605891982,-2.012784696764148
Cutoff +2m,2,123,2022 Q3,2022 Q4,gdp_growth,1,3.0939167855781493,MIDAS,2022-12-31,1-step ahead,-0.003299605891982,3.0972163914701314
Cutoff +2m,2,123,2022 Q3,2022 Q4,gdp_growth,1,2.79085651240708,MIDAS (trend),2022-12-31,1-step ahead,-0.003299605891982,2.7941561182990617
Cutoff +2m,2,123,2022 Q3,2022 Q4,gdp_growth,1,-0.2185476840612698,MIDAS-Latent,2022-12-31,1-step ahead,-0.003299605891982,-0.2152480781692877
Cutoff +2m,2,123,2022 Q3,2022 Q4,gdp_growth,1,-0.2269626414277001,MIDAS-Latent (trend),2022-12-31,1-step ahead,-0.003299605891982,-0.223663035535718
Cutoff +2m,2,123,2022 Q3,2023 Q1,gdp_growth,2,2.1202598013305365,AR(2),2023-03-31,Other,-1.4211511197238735,3.54141092105441
Cutoff +2m,2,123,2022 Q3,2023 Q1,gdp_growth,2,0.8290703622787966,MF-VAR,2023-03-31,Other,-1.4211511197238735,2.25022148200267
Cutoff +2m,2,123,2022 Q3,2023 Q1,gdp_growth,2,-1.947477106072128,MF-VAR (manual),2023-03-31,Other,-1.4211511197238735,-0.5263259863482546
Cutoff +2m,2,123,2022 Q3,2023 Q1,gdp_growth,2,2.126984678656753,MIDAS,2023-03-31,Other,-1.4211511197238735,3.5481357983806263
Cutoff +2m,2,123,2022 Q3,2023 Q1,gdp_growth,2,1.815966060342703,MIDAS (trend),2023-03-31,Other,-1.4211511197238735,3.2371171800665763
Cutoff +2m,2,123,2022 Q3,2023 Q1,gdp_growth,2,-0.2715612820761913,MIDAS-Latent,2023-03-31,Other,-1.4211511197238735,1.149589837647682
Cutoff +2m,2,123,2022 Q3,2023 Q1,gdp_growth,2,-0.2802526809258087,MIDAS-Latent (trend),2023-03-31,Other,-1.4211511197238735,1.1408984387980647
Cutoff +2m,2,123,2022 Q3,2023 Q2,gdp_growth,3,1.844525725192821,AR(2),2023-06-30,Other,-1.9508697250607556,3.7953954502535767
Cutoff +2m,2,123,2022 Q3,2023 Q2,gdp_growth,3,0.5031877466109937,MF-VAR,2023-06-30,Other,-1.9508697250607556,2.4540574716717494
Cutoff +2m,2,123,2022 Q3,2023 Q2,gdp_growth,3,-2.388146423585675,MF-VAR (manual),2023-06-30,Other,-1.9508697250607556,-0.4372766985249194
Cutoff +2m,2,123,2022 Q3,2023 Q2,gdp_growth,3,2.264393695745263,MIDAS,2023-06-30,Other,-1.9508697250607556,4.215263420806018
Cutoff +2m,2,123,2022 Q3,2023 Q2,gdp_growth,3,1.946266179567687,MIDAS (trend),2023-06-30,Other,-1.9508697250607556,3.8971359046284415
Cutoff +2m,2,123,2022 Q3,2023 Q2,gdp_growth,3,-0.260377371671381,MIDAS-Latent,2023-06-30,Other,-1.9508697250607556,1.6904923533893743
Cutoff +2m,2,123,2022 Q3,2023 Q2,gdp_growth,3,-0.2692515155918624,MIDAS-Latent (trend),2023-06-30,Other,-1.9508697250607556,1.681618209468893
Cutoff +2m,2,123,2022 Q3,2023 Q3,gdp_growth,4,1.8557079464721025,AR(2),2023-09-30,1-year ahead,0.2820471274915803,1.573660818980522
Cutoff +2m,2,123,2022 Q3,2023 Q3,gdp_growth,4,0.2531820159139315,MF-VAR,2023-09-30,1-year ahead,0.2820471274915803,-0.0288651115776488
Cutoff +2m,2,123,2022 Q3,2023 Q3,gdp_growth,4,-2.7933469336169896,MF-VAR (manual),2023-09-30,1-year ahead,0.2820471274915803,-3.07539406110857
Cutoff +2m,2,123,2022 Q3,2023 Q3,gdp_growth,4,2.2354619481769955,MIDAS,2023-09-30,1-year ahead,0.2820471274915803,1.9534148206854152
Cutoff +2m,2,123,2022 Q3,2023 Q3,gdp_growth,4,1.9105416841774236,MIDAS (trend),2023-09-30,1-year ahead,0.2820471274915803,1.628494556685843
Cutoff +2m,2,123,2022 Q3,2023 Q3,gdp_growth,4,-0.260840609702884,MIDAS-Latent,2023-09-30,1-year ahead,0.2820471274915803,-0.5428877371944644
Cutoff +2m,2,123,2022 Q3,2023 Q3,gdp_growth,4,-0.2698565723573871,MIDAS-Latent (trend),2023-09-30,1-year ahead,0.2820471274915803,-0.5519036998489675
Cutoff +2m,2,123,2022 Q3,2022 Q4,inflation,1,2.3505763656811207,AR(2),2022-12-31,1-step ahead,1.4337160386958203,0.9168603269853004
Cutoff +2m,2,123,2022 Q3,2022 Q4,inflation,1,0.4379832873871916,MF-VAR,2022-12-31,1-step ahead,1.4337160386958203,-0.9957327513086288
Cutoff +2m,2,123,2022 Q3,2022 Q4,inflation,1,2.961039777167417,MF-VAR (manual),2022-12-31,1-step ahead,1.4337160386958203,1.5273237384715972
Cutoff +2m,2,123,2022 Q3,2022 Q4,inflation,1,2.2650501515544126,MIDAS,2022-12-31,1-step ahead,1.4337160386958203,0.8313341128585923
Cutoff +2m,2,123,2022 Q3,2022 Q4,inflation,1,1.822020322409468,MIDAS (trend),2022-12-31,1-step ahead,1.4337160386958203,0.3883042837136474
Cutoff +2m,2,123,2022 Q3,2022 Q4,inflation,1,3.9382147210119696,MIDAS-Latent,2022-12-31,1-step ahead,1.4337160386958203,2.504498682316149
Cutoff +2m,2,123,2022 Q3,2022 Q4,inflation,1,3.8926583489471134,MIDAS-Latent (trend),2022-12-31,1-step ahead,1.4337160386958203,2.458942310251294
Cutoff +2m,2,123,2022 Q3,2023 Q1,inflation,2,1.7602632357649248,AR(2),2023-03-31,Other,3.17581391503019,-1.4155506792652652
Cutoff +2m,2,123,2022 Q3,2023 Q1,inflation,2,0.423346566983466,MF-VAR,2023-03-31,Other,3.17581391503019,-2.752467348046724
Cutoff +2m,2,123,2022 Q3,2023 Q1,inflation,2,2.9040859801702603,MF-VAR (manual),2023-03-31,Other,3.17581391503019,-0.2717279348599297
Cutoff +2m,2,123,2022 Q3,2023 Q1,inflation,2,1.767297085282595,MIDAS,2023-03-31,Other,3.17581391503019,-1.4085168297475947
Cutoff +2m,2,123,2022 Q3,2023 Q1,inflation,2,1.381773463729164,MIDAS (trend),2023-03-31,Other,3.17581391503019,-1.7940404513010262
Cutoff +2m,2,123,2022 Q3,2023 Q1,inflation,2,3.938605072957916,MIDAS-Latent,2023-03-31,Other,3.17581391503019,0.762791157927726
Cutoff +2m,2,123,2022 Q3,2023 Q1,inflation,2,3.896416972785865,MIDAS-Latent (trend),2023-03-31,Other,3.17581391503019,0.720603057755675
Cutoff +2m,2,123,2022 Q3,2023 Q2,inflation,3,1.382804133243399,AR(2),2023-06-30,Other,0.5501119867577842,0.8326921464856145
Cutoff +2m,2,123,2022 Q3,2023 Q2,inflation,3,0.1146623417680735,MF-VAR,2023-06-30,Other,0.5501119867577842,-0.4354496449897106
Cutoff +2m,2,123,2022 Q3,2023 Q2,inflation,3,2.9331405911120645,MF-VAR (manual),2023-06-30,Other,0.5501119867577842,2.3830286043542803
Cutoff +2m,2,123,2022 Q3,2023 Q2,inflation,3,1.3413996543155076,MIDAS,2023-06-30,Other,0.5501119867577842,0.7912876675577234
Cutoff +2m,2,123,2022 Q3,2023 Q2,inflation,3,0.8360648951811858,MIDAS (trend),2023-06-30,Other,0.5501119867577842,0.2859529084234016
Cutoff +2m,2,123,2022 Q3,2023 Q2,inflation,3,3.9384035605621888,MIDAS-Latent,2023-06-30,Other,0.5501119867577842,3.3882915738044046
Cutoff +2m,2,123,2022 Q3,2023 Q2,inflation,3,3.8939529134533353,MIDAS-Latent (trend),2023-06-30,Other,0.5501119867577842,3.343840926695551
Cutoff +2m,2,123,2022 Q3,2023 Q3,inflation,4,1.1437213474773356,AR(2),2023-09-30,1-year ahead,1.2606093578710895,-0.1168880103937541
Cutoff +2m,2,123,2022 Q3,2023 Q3,inflation,4,0.0129947042092206,MF-VAR,2023-09-30,1-year ahead,1.2606093578710895,-1.247614653661869
Cutoff +2m,2,123,2022 Q3,2023 Q3,inflation,4,2.8908464254999364,MF-VAR (manual),2023-09-30,1-year ahead,1.2606093578710895,1.630237067628847
Cutoff +2m,2,123,2022 Q3,2023 Q3,inflation,4,1.1406156849810694,MIDAS,2023-09-30,1-year ahead,1.2606093578710895,-0.1199936728900203
Cutoff +2m,2,123,2022 Q3,2023 Q3,inflation,4,0.6726458483893604,MIDAS (trend),2023-09-30,1-year ahead,1.2606093578710895,-0.5879635094817294
Cutoff +2m,2,123,2022 Q3,2023 Q3,inflation,4,3.938403433144255,MIDAS-Latent,2023-09-30,1-year ahead,1.2606093578710895,2.677794075273165
Cutoff +2m,2,123,2022 Q3,2023 Q3,inflation,4,3.893488492799496,MIDAS-Latent (trend),2023-09-30,1-year ahead,1.2606093578710895,2.632879134928406
Cutoff +2m,2,124,2022 Q4,2023 Q1,exch_rate,1,-0.0160079834769955,AR(2),2023-03-31,1-step ahead,-0.0076462771143125,-0.008361706362683
Cutoff +2m,2,124,2022 Q4,2023 Q1,exch_rate,1,0.0079030453520165,MF-VAR,2023-03-31,1-step ahead,-0.0076462771143125,0.015549322466329
Cutoff +2m,2,124,2022 Q4,2023 Q1,exch_rate,1,0.9792102587414836,MF-VAR (manual),2023-03-31,1-step ahead,-0.0076462771143125,0.986856535855796
Cutoff +2m,2,124,2022 Q4,2023 Q1,exch_rate,1,-0.0280571352944033,MIDAS,2023-03-31,1-step ahead,-0.0076462771143125,-0.0204108581800908
Cutoff +2m,2,124,2022 Q4,2023 Q1,exch_rate,1,-0.0254794104922495,MIDAS (trend),2023-03-31,1-step ahead,-0.0076462771143125,-0.017833133377937
Cutoff +2m,2,124,2022 Q4,2023 Q1,exch_rate,1,-0.0359641053103043,MIDAS-Latent,2023-03-31,1-step ahead,-0.0076462771143125,-0.0283178281959917
Cutoff +2m,2,124,2022 Q4,2023 Q1,exch_rate,1,-0.0292675202373381,MIDAS-Latent (trend),2023-03-31,1-step ahead,-0.0076462771143125,-0.0216212431230256
Cutoff +2m,2,124,2022 Q4,2023 Q2,exch_rate,2,-0.0139092071119218,AR(2),2023-06-30,Other,-0.0215096318847173,0.0076004247727954
Cutoff +2m,2,124,2022 Q4,2023 Q2,exch_rate,2,0.0057115739544348,MF-VAR,2023-06-30,Other,-0.0215096318847173,0.0272212058391521
Cutoff +2m,2,124,2022 Q4,2023 Q2,exch_rate,2,0.975301600034654,MF-VAR (manual),2023-06-30,Other,-0.0215096318847173,0.9968112319193714
Cutoff +2m,2,124,2022 Q4,2023 Q2,exch_rate,2,-0.0248109055154754,MIDAS,2023-06-30,Other,-0.0215096318847173,-0.003301273630758
Cutoff +2m,2,124,2022 Q4,2023 Q2,exch_rate,2,-0.0235138187402108,MIDAS (trend),2023-06-30,Other,-0.0215096318847173,-0.0020041868554935
Cutoff +2m,2,124,2022 Q4,2023 Q2,exch_rate,2,-0.0262096970197493,MIDAS-Latent,2023-06-30,Other,-0.0215096318847173,-0.004700065135032
Cutoff +2m,2,124,2022 Q4,2023 Q2,exch_rate,2,-0.0344421784963699,MIDAS-Latent (trend),2023-06-30,Other,-0.0215096318847173,-0.0129325466116526
Cutoff +2m,2,124,2022 Q4,2023 Q3,exch_rate,3,-0.0179653310644757,AR(2),2023-09-30,Other,-0.039378982531476,0.0214136514670002
Cutoff +2m,2,124,2022 Q4,2023 Q3,exch_rate,3,0.0005833619164281579,MF-VAR,2023-09-30,Other,-0.039378982531476,0.0399623444479041
Cutoff +2m,2,124,2022 Q4,2023 Q3,exch_rate,3,0.968279554477062,MF-VAR (manual),2023-09-30,Other,-0.039378982531476,1.007658537008538
Cutoff +2m,2,124,2022 Q4,2023 Q3,exch_rate,3,-0.0359179886096011,MIDAS,2023-09-30,Other,-0.039378982531476,0.0034609939218748
Cutoff +2m,2,124,2022 Q4,2023 Q3,exch_rate,3,-0.0317866810498785,MIDAS (trend),2023-09-30,Other,-0.039378982531476,0.0075923014815974
Cutoff +2m,2,124,2022 Q4,2023 Q3,exch_rate,3,-0.0450745196136914,MIDAS-Latent,2023-09-30,Other,-0.039378982531476,-0.0056955370822153
Cutoff +2m,2,124,2022 Q4,2023 Q3,exch_rate,3,-0.0388375377627643,MIDAS-Latent (trend),2023-09-30,Other,-0.039378982531476,0.0005414447687117005
Cutoff +2m,2,124,2022 Q4,2023 Q4,exch_rate,4,-0.0182105979562074,AR(2),2023-12-31,1-year ahead,-0.0468808158867381,0.0286702179305306
Cutoff +2m,2,124,2022 Q4,2023 Q4,exch_rate,4,-0.0005517876930960522,MF-VAR,2023-12-31,1-year ahead,-0.0468808158867381,0.0463290281936421
Cutoff +2m,2,124,2022 Q4,2023 Q4,exch_rate,4,0.9647905047526352,MF-VAR (manual),2023-12-31,1-year ahead,-0.0468808158867381,1.0116713206393733
Cutoff +2m,2,124,2022 Q4,2023 Q4,exch_rate,4,-0.0326968047430099,MIDAS,2023-12-31,1-year ahead,-0.0468808158867381,0.0141840111437282
Cutoff +2m,2,124,2022 Q4,2023 Q4,exch_rate,4,-0.0304531231117485,MIDAS (trend),2023-12-31,1-year ahead,-0.0468808158867381,0.0164276927749896
Cutoff +2m,2,124,2022 Q4,2023 Q4,exch_rate,4,-0.035440426145189,MIDAS-Latent,2023-12-31,1-year ahead,-0.0468808158867381,0.0114403897415491
Cutoff +2m,2,124,2022 Q4,2023 Q4,exch_rate,4,-0.0434857548416487,MIDAS-Latent (trend),2023-12-31,1-year ahead,-0.0468808158867381,0.0033950610450894
Cutoff +2m,2,124,2022 Q4,2023 Q1,gdp_growth,1,2.2698646945430863,AR(2),2023-03-31,1-step ahead,-1.4211511197238735,3.69101581426696
Cutoff +2m,2,124,2022 Q4,2023 Q1,gdp_growth,1,1.1728941965731647,MF-VAR,2023-03-31,1-step ahead,-1.4211511197238735,2.5940453162970383
Cutoff +2m,2,124,2022 Q4,2023 Q1,gdp_growth,1,-0.0582814593050752,MF-VAR (manual),2023-03-31,1-step ahead,-1.4211511197238735,1.3628696604187982
Cutoff +2m,2,124,2022 Q4,2023 Q1,gdp_growth,1,3.887925142389868,MIDAS,2023-03-31,1-step ahead,-1.4211511197238735,5.3090762621137415
Cutoff +2m,2,124,2022 Q4,2023 Q1,gdp_growth,1,3.526498793330268,MIDAS (trend),2023-03-31,1-step ahead,-1.4211511197238735,4.947649913054141
Cutoff +2m,2,124,2022 Q4,2023 Q1,gdp_growth,1,-0.2222618128212086,MIDAS-Latent,2023-03-31,1-step ahead,-1.4211511197238735,1.198889306902665
Cutoff +2m,2,124,2022 Q4,2023 Q1,gdp_growth,1,-0.2141916567037145,MIDAS-Latent (trend),2023-03-31,1-step ahead,-1.4211511197238735,1.206959463020159
Cutoff +2m,2,124,2022 Q4,2023 Q2,gdp_growth,2,1.9662360130858545,AR(2),2023-06-30,Other,-1.9508697250607556,3.91710573814661
Cutoff +2m,2,124,2022 Q4,2023 Q2,gdp_growth,2,1.1586624163878545,MF-VAR,2023-06-30,Other,-1.9508697250607556,3.10953214144861
Cutoff +2m,2,124,2022 Q4,2023 Q2,gdp_growth,2,-0.6416395131596394,MF-VAR (manual),2023-06-30,Other,-1.9508697250607556,1.309230211901116
Cutoff +2m,2,124,2022 Q4,2023 Q2,gdp_growth,2,2.0290038497638587,MIDAS,2023-06-30,Other,-1.9508697250607556,3.979873574824614
Cutoff +2m,2,124,2022 Q4,2023 Q2,gdp_growth,2,1.6415708905456037,MIDAS (trend),2023-06-30,Other,-1.9508697250607556,3.592440615606358
Cutoff +2m,2,124,2022 Q4,2023 Q2,gdp_growth,2,-0.2061050929074702,MIDAS-Latent,2023-06-30,Other,-1.9508697250607556,1.7447646321532853
Cutoff +2m,2,124,2022 Q4,2023 Q2,gdp_growth,2,-0.1979487753658688,MIDAS-Latent (trend),2023-06-30,Other,-1.9508697250607556,1.7529209496948863
Cutoff +2m,2,124,2022 Q4,2023 Q3,gdp_growth,3,1.8159697227702227,AR(2),2023-09-30,Other,0.2820471274915803,1.5339225952786424
Cutoff +2m,2,124,2022 Q4,2023 Q3,gdp_growth,3,0.5605359087464128,MF-VAR,2023-09-30,Other,0.2820471274915803,0.2784887812548324
Cutoff +2m,2,124,2022 Q4,2023 Q3,gdp_growth,3,0.1959348354302812,MF-VAR (manual),2023-09-30,Other,0.2820471274915803,-0.086112292061299
Cutoff +2m,2,124,2022 Q4,2023 Q3,gdp_growth,3,2.1292659123726465,MIDAS,2023-09-30,Other,0.2820471274915803,1.8472187848810664
Cutoff +2m,2,124,2022 Q4,2023 Q3,gdp_growth,3,1.7351613827815495,MIDAS (trend),2023-09-30,Other,0.2820471274915803,1.4531142552899694
Cutoff +2m,2,124,2022 Q4,2023 Q3,gdp_growth,3,-0.2084712171236249,MIDAS-Latent,2023-09-30,Other,0.2820471274915803,-0.4905183446152053
Cutoff +2m,2,124,2022 Q4,2023 Q3,gdp_growth,3,-0.200091482232946,MIDAS-Latent (trend),2023-09-30,Other,0.2820471274915803,-0.4821386097245264
Cutoff +2m,2,124,2022 Q4,2023 Q4,gdp_growth,4,1.8518440020687388,AR(2),2023-12-31,1-year ahead,0.930949540396142,0.9208944616725968
Cutoff +2m,2,124,2022 Q4,2023 Q4,gdp_growth,4,0.5641842802910617,MF-VAR,2023-12-31,1-year ahead,0.930949540396142,-0.3667652601050803
Cutoff +2m,2,124,2022 Q4,2023 Q4,gdp_growth,4,0.1451804688315106,MF-VAR (manual),2023-12-31,1-year ahead,0.930949540396142,-0.7857690715646315
Cutoff +2m,2,124,2022 Q4,2023 Q4,gdp_growth,4,2.0813685805342907,MIDAS,2023-12-31,1-year ahead,0.930949540396142,1.1504190401381489
Cutoff +2m,2,124,2022 Q4,2023 Q4,gdp_growth,4,1.6756821818839798,MIDAS (trend),2023-12-31,1-year ahead,0.930949540396142,0.7447326414878377
Cutoff +2m,2,124,2022 Q4,2023 Q4,gdp_growth,4,-0.2082966262351898,MIDAS-Latent,2023-12-31,1-year ahead,0.930949540396142,-1.1392461666313318
Cutoff +2m,2,124,2022 Q4,2023 Q4,gdp_growth,4,-0.1997864130411281,MIDAS-Latent (trend),2023-12-31,1-year ahead,0.930949540396142,-1.1307359534372703
Cutoff +2m,2,124,2022 Q4,2023 Q1,inflation,1,1.306932490252874,AR(2),2023-03-31,1-step ahead,3.17581391503019,-1.868881424777316
Cutoff +2m,2,124,2022 Q4,2023 Q1,inflation,1,0.7606632437070837,MF-VAR,2023-03-31,1-step ahead,3.17581391503019,-2.415150671323106
Cutoff +2m,2,124,2022 Q4,2023 Q1,inflation,1,0.9917510554583048,MF-VAR (manual),2023-03-31,1-step ahead,3.17581391503019,-2.184062859571885
Cutoff +2m,2,124,2022 Q4,2023 Q1,inflation,1,1.8384531545607727,MIDAS,2023-03-31,1-step ahead,3.17581391503019,-1.3373607604694169
Cutoff +2m,2,124,2022 Q4,2023 Q1,inflation,1,1.4672955489360755,MIDAS (trend),2023-03-31,1-step ahead,3.17581391503019,-1.7085183660941143
Cutoff +2m,2,124,2022 Q4,2023 Q1,inflation,1,1.524720143143728,MIDAS-Latent,2023-03-31,1-step ahead,3.17581391503019,-1.651093771886462
Cutoff +2m,2,124,2022 Q4,2023 Q1,inflation,1,1.501760755116081,MIDAS-Latent (trend),2023-03-31,1-step ahead,3.17581391503019,-1.674053159914109
Cutoff +2m,2,124,2022 Q4,2023 Q2,inflation,2,1.088029835307776,AR(2),2023-06-30,Other,0.5501119867577842,0.5379178485499918
Cutoff +2m,2,124,2022 Q4,2023 Q2,inflation,2,0.7564201208957081,MF-VAR,2023-06-30,Other,0.5501119867577842,0.2063081341379239
Cutoff +2m,2,124,2022 Q4,2023 Q2,inflation,2,0.9895719780531947,MF-VAR (manual),2023-06-30,Other,0.5501119867577842,0.4394599912954106
Cutoff +2m,2,124,2022 Q4,2023 Q2,inflation,2,0.995435478068834,MIDAS,2023-06-30,Other,0.5501119867577842,0.44532349131105
Cutoff +2m,2,124,2022 Q4,2023 Q2,inflation,2,0.6779104384201656,MIDAS (trend),2023-06-30,Other,0.5501119867577842,0.1277984516623814
Cutoff +2m,2,124,2022 Q4,2023 Q2,inflation,2,1.520786947916972,MIDAS-Latent,2023-06-30,Other,0.5501119867577842,0.9706749611591878
Cutoff +2m,2,124,2022 Q4,2023 Q2,inflation,2,1.5005337517006874,MIDAS-Latent (trend),2023-06-30,Other,0.5501119867577842,0.9504217649429032
Cutoff +2m,2,124,2022 Q4,2023 Q3,inflation,3,0.9642625786779898,AR(2),2023-09-30,Other,1.2606093578710895,-0.2963467791930999
Cutoff +2m,2,124,2022 Q4,2023 Q3,inflation,3,0.1814202629140716,MF-VAR,2023-09-30,Other,1.2606093578710895,-1.0791890949570182
Cutoff +2m,2,124,2022 Q4,2023 Q3,inflation,3,1.0313165047235386,MF-VAR (manual),2023-09-30,Other,1.2606093578710895,-0.2292928531475511
Cutoff +2m,2,124,2022 Q4,2023 Q3,inflation,3,1.152554924137837,MIDAS,2023-09-30,Other,1.2606093578710895,-0.1080544337332527
Cutoff +2m,2,124,2022 Q4,2023 Q3,inflation,3,0.6850050864379711,MIDAS (trend),2023-09-30,Other,1.2606093578710895,-0.5756042714331187
Cutoff +2m,2,124,2022 Q4,2023 Q3,inflation,3,1.5209766181120623,MIDAS-Latent,2023-09-30,Other,1.2606093578710895,0.2603672602409725
Cutoff +2m,2,124,2022 Q4,2023 Q3,inflation,3,1.5002766296695893,MIDAS-Latent (trend),2023-09-30,Other,1.2606093578710895,0.2396672717984995
Cutoff +2m,2,124,2022 Q4,2023 Q4,inflation,4,0.8823349900270006,AR(2),2023-12-31,1-year ahead,1.5459954544169818,-0.6636604643899813
Cutoff +2m,2,124,2022 Q4,2023 Q4,inflation,4,0.0782853446934033,MF-VAR,2023-12-31,1-year ahead,1.5459954544169818,-1.4677101097235783
Cutoff +2m,2,124,2022 Q4,2023 Q4,inflation,4,1.1230583526866815,MF-VAR (manual),2023-12-31,1-year ahead,1.5459954544169818,-0.4229371017303001
Cutoff +2m,2,124,2022 Q4,2023 Q4,inflation,4,0.8252944254960791,MIDAS,2023-12-31,1-year ahead,1.5459954544169818,-0.7207010289209027
Cutoff +2m,2,124,2022 Q4,2023 Q4,inflation,4,0.4026362035173343,MIDAS (trend),2023-12-31,1-year ahead,1.5459954544169818,-1.1433592508996475
Cutoff +2m,2,124,2022 Q4,2023 Q4,inflation,4,1.520968420570748,MIDAS-Latent,2023-12-31,1-year ahead,1.5459954544169818,-0.0250270338462339
Cutoff +2m,2,124,2022 Q4,2023 Q4,inflation,4,1.4999851452264383,MIDAS-Latent (trend),2023-12-31,1-year ahead,1.5459954544169818,-0.0460103091905435
Cutoff +2m,2,125,2023 Q1,2023 Q2,exch_rate,1,-0.0043966165402512,AR(2),2023-06-30,1-step ahead,-0.0215096318847173,0.017113015344466
Cutoff +2m,2,125,2023 Q1,2023 Q2,exch_rate,1,0.006260617369065,MF-VAR,2023-06-30,1-step ahead,-0.0215096318847173,0.0277702492537823
Cutoff +2m,2,125,2023 Q1,2023 Q2,exch_rate,1,0.9728970956564864,MF-VAR (manual),2023-06-30,1-step ahead,-0.0215096318847173,0.9944067275412038
Cutoff +2m,2,125,2023 Q1,2023 Q2,exch_rate,1,-0.0350826974444669,MIDAS,2023-06-30,1-step ahead,-0.0215096318847173,-0.0135730655597496
Cutoff +2m,2,125,2023 Q1,2023 Q2,exch_rate,1,-0.0333823732569492,MIDAS (trend),2023-06-30,1-step ahead,-0.0215096318847173,-0.0118727413722319
Cutoff +2m,2,125,2023 Q1,2023 Q2,exch_rate,1,-0.0241635207617156,MIDAS-Latent,2023-06-30,1-step ahead,-0.0215096318847173,-0.0026538888769983
Cutoff +2m,2,125,2023 Q1,2023 Q2,exch_rate,1,-0.0132873739344614,MIDAS-Latent (trend),2023-06-30,1-step ahead,-0.0215096318847173,0.0082222579502558
Cutoff +2m,2,125,2023 Q1,2023 Q3,exch_rate,2,-0.008848744618829,AR(2),2023-09-30,Other,-0.039378982531476,0.0305302379126469
Cutoff +2m,2,125,2023 Q1,2023 Q3,exch_rate,2,-0.0011337838994978,MF-VAR,2023-09-30,Other,-0.039378982531476,0.0382451986319781
Cutoff +2m,2,125,2023 Q1,2023 Q3,exch_rate,2,0.9662611830460734,MF-VAR (manual),2023-09-30,Other,-0.039378982531476,1.0056401655775495
Cutoff +2m,2,125,2023 Q1,2023 Q3,exch_rate,2,0.0092391355926428,MIDAS,2023-09-30,Other,-0.039378982531476,0.0486181181241188
Cutoff +2m,2,125,2023 Q1,2023 Q3,exch_rate,2,0.0073670020277886,MIDAS (trend),2023-09-30,Other,-0.039378982531476,0.0467459845592646
Cutoff +2m,2,125,2023 Q1,2023 Q3,exch_rate,2,-0.0150725229160351,MIDAS-Latent,2023-09-30,Other,-0.039378982531476,0.0243064596154408
Cutoff +2m,2,125,2023 Q1,2023 Q3,exch_rate,2,-0.0184973601231656,MIDAS-Latent (trend),2023-09-30,Other,-0.039378982531476,0.0208816224083103
Cutoff +2m,2,125,2023 Q1,2023 Q4,exch_rate,3,-0.0097807473072989,AR(2),2023-12-31,Other,-0.0468808158867381,0.0371000685794392
Cutoff +2m,2,125,2023 Q1,2023 Q4,exch_rate,3,0.0006309115786788097,MF-VAR,2023-12-31,Other,-0.0468808158867381,0.0475117274654169
Cutoff +2m,2,125,2023 Q1,2023 Q4,exch_rate,3,0.9621501535357264,MF-VAR (manual),2023-12-31,Other,-0.0468808158867381,1.0090309694224646
Cutoff +2m,2,125,2023 Q1,2023 Q4,exch_rate,3,-0.0179375539422563,MIDAS,2023-12-31,Other,-0.0468808158867381,0.0289432619444818
Cutoff +2m,2,125,2023 Q1,2023 Q4,exch_rate,3,-0.0163964947850385,MIDAS (trend),2023-12-31,Other,-0.0468808158867381,0.0304843211016996
Cutoff +2m,2,125,2023 Q1,2023 Q4,exch_rate,3,-0.031363234931203,MIDAS-Latent,2023-12-31,Other,-0.0468808158867381,0.0155175809555351
Cutoff +2m,2,125,2023 Q1,2023 Q4,exch_rate,3,-0.0231266432418824,MIDAS-Latent (trend),2023-12-31,Other,-0.0468808158867381,0.0237541726448557
Cutoff +2m,2,125,2023 Q1,2024 Q1,exch_rate,4,-0.012730897416489,AR(2),2024-03-31,1-year ahead,-0.0520926948589058,0.0393617974424168
Cutoff +2m,2,125,2023 Q1,2024 Q1,exch_rate,4,-0.0022880738190313,MF-VAR,2024-03-31,1-year ahead,-0.0520926948589058,0.0498046210398744
Cutoff +2m,2,125,2023 Q1,2024 Q1,exch_rate,4,0.9583009400548924,MF-VAR (manual),2024-03-31,1-year ahead,-0.0520926948589058,1.010393634913798
Cutoff +2m,2,125,2023 Q1,2024 Q1,exch_rate,4,0.0259647001263373,MIDAS,2024-03-31,1-year ahead,-0.0520926948589058,0.0780573949852432
Cutoff +2m,2,125,2023 Q1,2024 Q1,exch_rate,4,0.0200556651568977,MIDAS (trend),2024-03-31,1-year ahead,-0.0520926948589058,0.0721483600158036
Cutoff +2m,2,125,2023 Q1,2024 Q1,exch_rate,4,-0.0223969188196296,MIDAS-Latent,2024-03-31,1-year ahead,-0.0520926948589058,0.0296957760392762
Cutoff +2m,2,125,2023 Q1,2024 Q1,exch_rate,4,-0.0277727751068269,MIDAS-Latent (trend),2024-03-31,1-year ahead,-0.0520926948589058,0.0243199197520788
Cutoff +2m,2,125,2023 Q1,2023 Q2,gdp_growth,1,2.220398207959896,AR(2),2023-06-30,1-step ahead,-1.9508697250607556,4.171267933020651
Cutoff +2m,2,125,2023 Q1,2023 Q2,gdp_growth,1,1.94204303931178,MF-VAR,2023-06-30,1-step ahead,-1.9508697250607556,3.892912764372536
Cutoff +2m,2,125,2023 Q1,2023 Q2,gdp_growth,1,-2.2264742514476383,MF-VAR (manual),2023-06-30,1-step ahead,-1.9508697250607556,-0.2756045263868829
Cutoff +2m,2,125,2023 Q1,2023 Q2,gdp_growth,1,-2.2470885591099923,MIDAS,2023-06-30,1-step ahead,-1.9508697250607556,-0.2962188340492369
Cutoff +2m,2,125,2023 Q1,2023 Q2,gdp_growth,1,-2.699459843745628,MIDAS (trend),2023-06-30,1-step ahead,-1.9508697250607556,-0.7485901186848727
Cutoff +2m,2,125,2023 Q1,2023 Q2,gdp_growth,1,-1.1214697481252072,MIDAS-Latent,2023-06-30,1-step ahead,-1.9508697250607556,0.8293999769355482
Cutoff +2m,2,125,2023 Q1,2023 Q2,gdp_growth,1,-1.0958716651862144,MIDAS-Latent (trend),2023-06-30,1-step ahead,-1.9508697250607556,0.854998059874541
Cutoff +2m,2,125,2023 Q1,2023 Q3,gdp_growth,2,2.0331361113952604,AR(2),2023-09-30,Other,0.2820471274915803,1.75108898390368
Cutoff +2m,2,125,2023 Q1,2023 Q3,gdp_growth,2,1.9245302273186624,MF-VAR,2023-09-30,Other,0.2820471274915803,1.6424830998270818
Cutoff +2m,2,125,2023 Q1,2023 Q3,gdp_growth,2,-1.5668517605340382,MF-VAR (manual),2023-09-30,Other,0.2820471274915803,-1.8488988880256183
Cutoff +2m,2,125,2023 Q1,2023 Q3,gdp_growth,2,3.7893738983417258,MIDAS,2023-09-30,Other,0.2820471274915803,3.507326770850145
Cutoff +2m,2,125,2023 Q1,2023 Q3,gdp_growth,2,3.3231395981960943,MIDAS (trend),2023-09-30,Other,0.2820471274915803,3.041092470704514
Cutoff +2m,2,125,2023 Q1,2023 Q3,gdp_growth,2,-1.1341624016691791,MIDAS-Latent,2023-09-30,Other,0.2820471274915803,-1.4162095291607597
Cutoff +2m,2,125,2023 Q1,2023 Q3,gdp_growth,2,-1.108074832072578,MIDAS-Latent (trend),2023-09-30,Other,0.2820471274915803,-1.3901219595641583
Cutoff +2m,2,125,2023 Q1,2023 Q4,gdp_growth,3,1.7863450824827494,AR(2),2023-12-31,Other,0.930949540396142,0.8553955420866073
Cutoff +2m,2,125,2023 Q1,2023 Q4,gdp_growth,3,0.5000506935130309,MF-VAR,2023-12-31,Other,0.930949540396142,-0.4308988468831112
Cutoff +2m,2,125,2023 Q1,2023 Q4,gdp_growth,3,-3.091444389079961,MF-VAR (manual),2023-12-31,Other,0.930949540396142,-4.022393929476103
Cutoff +2m,2,125,2023 Q1,2023 Q4,gdp_growth,3,3.765646494311,MIDAS,2023-12-31,Other,0.930949540396142,2.8346969539148583
Cutoff +2m,2,125,2023 Q1,2023 Q4,gdp_growth,3,3.275601142349441,MIDAS (trend),2023-12-31,Other,0.930949540396142,2.344651601953299
Cutoff +2m,2,125,2023 Q1,2023 Q4,gdp_growth,3,-1.1314796441404982,MIDAS-Latent,2023-12-31,Other,0.930949540396142,-2.06242918453664
Cutoff +2m,2,125,2023 Q1,2023 Q4,gdp_growth,3,-1.1047637266221957,MIDAS-Latent (trend),2023-12-31,Other,0.930949540396142,-2.035713267018337
Cutoff +2m,2,125,2023 Q1,2024 Q1,gdp_growth,4,1.8193959006783564,AR(2),2024-03-31,1-year ahead,4.097725749483772,-2.278329848805415
Cutoff +2m,2,125,2023 Q1,2024 Q1,gdp_growth,4,0.207069030757484,MF-VAR,2024-03-31,1-year ahead,4.097725749483772,-3.8906567187262873
Cutoff +2m,2,125,2023 Q1,2024 Q1,gdp_growth,4,-2.2775734845770685,MF-VAR (manual),2024-03-31,1-year ahead,4.097725749483772,-6.37529923406084
Cutoff +2m,2,125,2023 Q1,2024 Q1,gdp_growth,4,3.939061061582245,MIDAS,2024-03-31,1-year ahead,4.097725749483772,-0.1586646879015267
Cutoff +2m,2,125,2023 Q1,2024 Q1,gdp_growth,4,3.457228761846755,MIDAS (trend),2024-03-31,1-year ahead,4.097725749483772,-0.6404969876370163
Cutoff +2m,2,125,2023 Q1,2024 Q1,gdp_growth,4,-1.1315932691939088,MIDAS-Latent,2024-03-31,1-year ahead,4.097725749483772,-5.22931901867768
Cutoff +2m,2,125,2023 Q1,2024 Q1,gdp_growth,4,-1.10445629524605,MIDAS-Latent (trend),2024-03-31,1-year ahead,4.097725749483772,-5.202182044729821
Cutoff +2m,2,125,2023 Q1,2023 Q2,inflation,1,2.02638517481206,AR(2),2023-06-30,1-step ahead,0.5501119867577842,1.4762731880542752
Cutoff +2m,2,125,2023 Q1,2023 Q2,inflation,1,1.154273881747785,MF-VAR,2023-06-30,1-step ahead,0.5501119867577842,0.6041618949900005
Cutoff +2m,2,125,2023 Q1,2023 Q2,inflation,1,3.8214358033409273,MF-VAR (manual),2023-06-30,1-step ahead,0.5501119867577842,3.271323816583143
Cutoff +2m,2,125,2023 Q1,2023 Q2,inflation,1,0.7069327527895034,MIDAS,2023-06-30,1-step ahead,0.5501119867577842,0.1568207660317192
Cutoff +2m,2,125,2023 Q1,2023 Q2,inflation,1,0.4700717169444299,MIDAS (trend),2023-06-30,1-step ahead,0.5501119867577842,-0.0800402698133542
Cutoff +2m,2,125,2023 Q1,2023 Q2,inflation,1,2.474486842724298,MIDAS-Latent,2023-06-30,1-step ahead,0.5501119867577842,1.924374855966514
Cutoff +2m,2,125,2023 Q1,2023 Q2,inflation,1,2.488696656889497,MIDAS-Latent (trend),2023-06-30,1-step ahead,0.5501119867577842,1.938584670131713
Cutoff +2m,2,125,2023 Q1,2023 Q3,inflation,2,1.6632155787944432,AR(2),2023-09-30,Other,1.2606093578710895,0.4026062209233534
Cutoff +2m,2,125,2023 Q1,2023 Q3,inflation,2,1.1503777384875251,MF-VAR,2023-09-30,Other,1.2606093578710895,-0.1102316193835644
Cutoff +2m,2,125,2023 Q1,2023 Q3,inflation,2,3.9037039342220847,MF-VAR (manual),2023-09-30,Other,1.2606093578710895,2.643094576350995
Cutoff +2m,2,125,2023 Q1,2023 Q3,inflation,2,1.6504052623665642,MIDAS,2023-09-30,Other,1.2606093578710895,0.3897959044954744
Cutoff +2m,2,125,2023 Q1,2023 Q3,inflation,2,1.345119172179088,MIDAS (trend),2023-09-30,Other,1.2606093578710895,0.0845098143079983
Cutoff +2m,2,125,2023 Q1,2023 Q3,inflation,2,2.489702835560489,MIDAS-Latent,2023-09-30,Other,1.2606093578710895,1.2290934776893998
Cutoff +2m,2,125,2023 Q1,2023 Q3,inflation,2,2.505678991001444,MIDAS-Latent (trend),2023-09-30,Other,1.2606093578710895,1.2450696331303543
Cutoff +2m,2,125,2023 Q1,2023 Q4,inflation,3,1.3503250037683312,AR(2),2023-12-31,Other,1.5459954544169818,-0.1956704506486506
Cutoff +2m,2,125,2023 Q1,2023 Q4,inflation,3,0.3719773647315986,MF-VAR,2023-12-31,Other,1.5459954544169818,-1.1740180896853831
Cutoff +2m,2,125,2023 Q1,2023 Q4,inflation,3,3.9381435273652334,MF-VAR (manual),2023-12-31,Other,1.5459954544169818,2.392148072948252
Cutoff +2m,2,125,2023 Q1,2023 Q4,inflation,3,0.6444196693988353,MIDAS,2023-12-31,Other,1.5459954544169818,-0.9015757850181464
Cutoff +2m,2,125,2023 Q1,2023 Q4,inflation,3,0.3066524634504008,MIDAS (trend),2023-12-31,Other,1.5459954544169818,-1.239342990966581
Cutoff +2m,2,125,2023 Q1,2023 Q4,inflation,3,2.4835772396034543,MIDAS-Latent,2023-12-31,Other,1.5459954544169818,0.9375817851864724
Cutoff +2m,2,125,2023 Q1,2023 Q4,inflation,3,2.49925543719701,MIDAS-Latent (trend),2023-12-31,Other,1.5459954544169818,0.953259982780028
Cutoff +2m,2,125,2023 Q1,2024 Q1,inflation,4,1.153853943201059,AR(2),2024-03-31,1-year ahead,1.20167733791412,-0.0478233947130608
Cutoff +2m,2,125,2023 Q1,2024 Q1,inflation,4,0.2391819128090638,MF-VAR,2024-03-31,1-year ahead,1.20167733791412,-0.962495425105056
Cutoff +2m,2,125,2023 Q1,2024 Q1,inflation,4,4.152222998177921,MF-VAR (manual),2024-03-31,1-year ahead,1.20167733791412,2.950545660263801
Cutoff +2m,2,125,2023 Q1,2024 Q1,inflation,4,1.028852815275422,MIDAS,2024-03-31,1-year ahead,1.20167733791412,-0.1728245226386979
Cutoff +2m,2,125,2023 Q1,2024 Q1,inflation,4,0.6376009009287766,MIDAS (trend),2024-03-31,1-year ahead,1.20167733791412,-0.5640764369853433
Cutoff +2m,2,125,2023 Q1,2024 Q1,inflation,4,2.483710140539238,MIDAS-Latent,2024-03-31,1-year ahead,1.20167733791412,1.282032802625118
Cutoff +2m,2,125,2023 Q1,2024 Q1,inflation,4,2.4996159989302864,MIDAS-Latent (trend),2024-03-31,1-year ahead,1.20167733791412,1.2979386610161665
Cutoff +2m,2,126,2023 Q2,2023 Q3,exch_rate,1,-0.0281886218179446,AR(2),2023-09-30,1-step ahead,-0.039378982531476,0.0111903607135313
Cutoff +2m,2,126,2023 Q2,2023 Q3,exch_rate,1,-0.0153696548767233,MF-VAR,2023-09-30,1-step ahead,-0.039378982531476,0.0240093276547526
Cutoff +2m,2,126,2023 Q2,2023 Q3,exch_rate,1,0.9590811086966246,MF-VAR (manual),2023-09-30,1-step ahead,-0.039378982531476,0.9984600912281004
Cutoff +2m,2,126,2023 Q2,2023 Q3,exch_rate,1,-0.0130714094867351,MIDAS,2023-09-30,1-step ahead,-0.039378982531476,0.0263075730447408
Cutoff +2m,2,126,2023 Q2,2023 Q3,exch_rate,1,-0.0135507525028686,MIDAS (trend),2023-09-30,1-step ahead,-0.039378982531476,0.0258282300286073
Cutoff +2m,2,126,2023 Q2,2023 Q3,exch_rate,1,-0.0152173640841163,MIDAS-Latent,2023-09-30,1-step ahead,-0.039378982531476,0.0241616184473596
Cutoff +2m,2,126,2023 Q2,2023 Q3,exch_rate,1,-0.0270477819034627,MIDAS-Latent (trend),2023-09-30,1-step ahead,-0.039378982531476,0.0123312006280132
Cutoff +2m,2,126,2023 Q2,2023 Q4,exch_rate,2,-0.0284823806183497,AR(2),2023-12-31,Other,-0.0468808158867381,0.0183984352683884
Cutoff +2m,2,126,2023 Q2,2023 Q4,exch_rate,2,-0.0191972327687573,MF-VAR,2023-12-31,Other,-0.0468808158867381,0.0276835831179808
Cutoff +2m,2,126,2023 Q2,2023 Q4,exch_rate,2,0.953412260656596,MF-VAR (manual),2023-12-31,Other,-0.0468808158867381,1.0002930765433342
Cutoff +2m,2,126,2023 Q2,2023 Q4,exch_rate,2,-0.0314283549612041,MIDAS,2023-12-31,Other,-0.0468808158867381,0.0154524609255339
Cutoff +2m,2,126,2023 Q2,2023 Q4,exch_rate,2,-0.0305494911682882,MIDAS (trend),2023-12-31,Other,-0.0468808158867381,0.0163313247184498
Cutoff +2m,2,126,2023 Q2,2023 Q4,exch_rate,2,-0.0288738403410914,MIDAS-Latent,2023-12-31,Other,-0.0468808158867381,0.0180069755456466
Cutoff +2m,2,126,2023 Q2,2023 Q4,exch_rate,2,-0.0313724028856791,MIDAS-Latent (trend),2023-12-31,Other,-0.0468808158867381,0.015508413001059
Cutoff +2m,2,126,2023 Q2,2024 Q1,exch_rate,3,-0.0303003616450171,AR(2),2024-03-31,Other,-0.0520926948589058,0.0217923332138886
Cutoff +2m,2,126,2023 Q2,2024 Q1,exch_rate,3,-0.0148259615990576,MF-VAR,2024-03-31,Other,-0.0520926948589058,0.0372667332598482
Cutoff +2m,2,126,2023 Q2,2024 Q1,exch_rate,3,0.9476545381592074,MF-VAR (manual),2024-03-31,Other,-0.0520926948589058,0.9997472330181132
Cutoff +2m,2,126,2023 Q2,2024 Q1,exch_rate,3,-0.0230825634006638,MIDAS,2024-03-31,Other,-0.0520926948589058,0.029010131458242
Cutoff +2m,2,126,2023 Q2,2024 Q1,exch_rate,3,-0.0238107824520269,MIDAS (trend),2024-03-31,Other,-0.0520926948589058,0.0282819124068789
Cutoff +2m,2,126,2023 Q2,2024 Q1,exch_rate,3,-0.0226754700876749,MIDAS-Latent,2024-03-31,Other,-0.0520926948589058,0.0294172247712309
Cutoff +2m,2,126,2023 Q2,2024 Q1,exch_rate,3,-0.0360087080793173,MIDAS-Latent (trend),2024-03-31,Other,-0.0520926948589058,0.0160839867795884
Cutoff +2m,2,126,2023 Q2,2024 Q2,exch_rate,4,-0.029198862578961,AR(2),2024-06-30,1-year ahead,-0.0267972086362981,-0.0024016539426629
Cutoff +2m,2,126,2023 Q2,2024 Q2,exch_rate,4,-0.011683485409352,MF-VAR,2024-06-30,1-year ahead,-0.0267972086362981,0.0151137232269461
Cutoff +2m,2,126,2023 Q2,2024 Q2,exch_rate,4,0.941312272681834,MF-VAR (manual),2024-06-30,1-year ahead,-0.0267972086362981,0.968109481318132
Cutoff +2m,2,126,2023 Q2,2024 Q2,exch_rate,4,-0.0412384300503457,MIDAS,2024-06-30,1-year ahead,-0.0267972086362981,-0.0144412214140475
Cutoff +2m,2,126,2023 Q2,2024 Q2,exch_rate,4,-0.0396344398951867,MIDAS (trend),2024-06-30,1-year ahead,-0.0267972086362981,-0.0128372312588886
Cutoff +2m,2,126,2023 Q2,2024 Q2,exch_rate,4,-0.036128155014664,MIDAS-Latent,2024-06-30,1-year ahead,-0.0267972086362981,-0.0093309463783659
Cutoff +2m,2,126,2023 Q2,2024 Q2,exch_rate,4,-0.0406904461304133,MIDAS-Latent (trend),2024-06-30,1-year ahead,-0.0267972086362981,-0.0138932374941152
Cutoff +2m,2,126,2023 Q2,2023 Q3,gdp_growth,1,2.2936311035770065,AR(2),2023-09-30,1-step ahead,0.2820471274915803,2.011583976085426
Cutoff +2m,2,126,2023 Q2,2023 Q3,gdp_growth,1,-0.2569309441523211,MF-VAR,2023-09-30,1-step ahead,0.2820471274915803,-0.5389780716439014
Cutoff +2m,2,126,2023 Q2,2023 Q3,gdp_growth,1,-3.604228797427171,MF-VAR (manual),2023-09-30,1-step ahead,0.2820471274915803,-3.8862759249187513
Cutoff +2m,2,126,2023 Q2,2023 Q3,gdp_growth,1,1.928272757866112,MIDAS,2023-09-30,1-step ahead,0.2820471274915803,1.6462256303745315
Cutoff +2m,2,126,2023 Q2,2023 Q3,gdp_growth,1,1.4048589947892354,MIDAS (trend),2023-09-30,1-step ahead,0.2820471274915803,1.122811867297655
Cutoff +2m,2,126,2023 Q2,2023 Q3,gdp_growth,1,-1.5707413958796927,MIDAS-Latent,2023-09-30,1-step ahead,0.2820471274915803,-1.852788523371273
Cutoff +2m,2,126,2023 Q2,2023 Q3,gdp_growth,1,-1.5557678611193952,MIDAS-Latent (trend),2023-09-30,1-step ahead,0.2820471274915803,-1.837814988610976
Cutoff +2m,2,126,2023 Q2,2023 Q4,gdp_growth,2,2.01805189978506,AR(2),2023-12-31,Other,0.930949540396142,1.0871023593889175
Cutoff +2m,2,126,2023 Q2,2023 Q4,gdp_growth,2,-0.2557301970258605,MF-VAR,2023-12-31,Other,0.930949540396142,-1.1866797374220026
Cutoff +2m,2,126,2023 Q2,2023 Q4,gdp_growth,2,-3.4594144888080645,MF-VAR (manual),2023-12-31,Other,0.930949540396142,-4.390364029204207
Cutoff +2m,2,126,2023 Q2,2023 Q4,gdp_growth,2,1.6492508792405818,MIDAS,2023-12-31,Other,0.930949540396142,0.7183013388444397
Cutoff +2m,2,126,2023 Q2,2023 Q4,gdp_growth,2,1.1452309653096586,MIDAS (trend),2023-12-31,Other,0.930949540396142,0.2142814249135165
Cutoff +2m,2,126,2023 Q2,2023 Q4,gdp_growth,2,-1.5756745301915598,MIDAS-Latent,2023-12-31,Other,0.930949540396142,-2.506624070587702
Cutoff +2m,2,126,2023 Q2,2023 Q4,gdp_growth,2,-1.5604489370203505,MIDAS-Latent (trend),2023-12-31,Other,0.930949540396142,-2.4913984774164923
Cutoff +2m,2,126,2023 Q2,2024 Q1,gdp_growth,3,1.7508022214626329,AR(2),2024-03-31,Other,4.097725749483772,-2.3469235280211387
Cutoff +2m,2,126,2023 Q2,2024 Q1,gdp_growth,3,-0.2841800410501582,MF-VAR,2024-03-31,Other,4.097725749483772,-4.38190579053393
Cutoff +2m,2,126,2023 Q2,2024 Q1,gdp_growth,3,-3.945378465811081,MF-VAR (manual),2024-03-31,Other,4.097725749483772,-8.043104215294854
Cutoff +2m,2,126,2023 Q2,2024 Q1,gdp_growth,3,1.7689431400179487,MIDAS,2024-03-31,Other,4.097725749483772,-2.328782609465823
Cutoff +2m,2,126,2023 Q2,2024 Q1,gdp_growth,3,1.2481781599481288,MIDAS (trend),2024-03-31,Other,4.097725749483772,-2.849547589535643
Cutoff +2m,2,126,2023 Q2,2024 Q1,gdp_growth,3,-1.5721344919812663,MIDAS-Latent,2024-03-31,Other,4.097725749483772,-5.669860241465038
Cutoff +2m,2,126,2023 Q2,2024 Q1,gdp_growth,3,-1.556531477451534,MIDAS-Latent (trend),2024-03-31,Other,4.097725749483772,-5.6542572269353055
Cutoff +2m,2,126,2023 Q2,2024 Q2,gdp_growth,4,1.7890770690687845,AR(2),2024-06-30,1-year ahead,1.9600339339092443,-0.17095686484046
Cutoff +2m,2,126,2023 Q2,2024 Q2,gdp_growth,4,0.0625225323319744,MF-VAR,2024-06-30,1-year ahead,1.9600339339092443,-1.8975114015772696
Cutoff +2m,2,126,2023 Q2,2024 Q2,gdp_growth,4,-4.717524757713322,MF-VAR (manual),2024-06-30,1-year ahead,1.9600339339092443,-6.677558691622567
Cutoff +2m,2,126,2023 Q2,2024 Q2,gdp_growth,4,1.7603338250453675,MIDAS,2024-06-30,1-year ahead,1.9600339339092443,-0.1997001088638768
Cutoff +2m,2,126,2023 Q2,2024 Q2,gdp_growth,4,1.2316918411401463,MIDAS (trend),2024-06-30,1-year ahead,1.9600339339092443,-0.7283420927690978
Cutoff +2m,2,126,2023 Q2,2024 Q2,gdp_growth,4,-1.572180433003337,MIDAS-Latent,2024-06-30,1-year ahead,1.9600339339092443,-3.5322143669125814
Cutoff +2m,2,126,2023 Q2,2024 Q2,gdp_growth,4,-1.5563310071824097,MIDAS-Latent (trend),2024-06-30,1-year ahead,1.9600339339092443,-3.5163649410916538
Cutoff +2m,2,126,2023 Q2,2023 Q3,inflation,1,0.9410505896358649,AR(2),2023-09-30,1-step ahead,1.2606093578710895,-0.319558768235225
Cutoff +2m,2,126,2023 Q2,2023 Q3,inflation,1,0.0397064869154275,MF-VAR,2023-09-30,1-step ahead,1.2606093578710895,-1.2209028709556622
Cutoff +2m,2,126,2023 Q2,2023 Q3,inflation,1,-0.2276740296170653,MF-VAR (manual),2023-09-30,1-step ahead,1.2606093578710895,-1.4882833874881551
Cutoff +2m,2,126,2023 Q2,2023 Q3,inflation,1,1.7031952937555304,MIDAS,2023-09-30,1-step ahead,1.2606093578710895,0.4425859358844406
Cutoff +2m,2,126,2023 Q2,2023 Q3,inflation,1,1.3975865125896247,MIDAS (trend),2023-09-30,1-step ahead,1.2606093578710895,0.136977154718535
Cutoff +2m,2,126,2023 Q2,2023 Q3,inflation,1,0.9019199057223208,MIDAS-Latent,2023-09-30,1-step ahead,1.2606093578710895,-0.358689452148769
Cutoff +2m,2,126,2023 Q2,2023 Q3,inflation,1,0.9193713325584772,MIDAS-Latent (trend),2023-09-30,1-step ahead,1.2606093578710895,-0.3412380253126126
Cutoff +2m,2,126,2023 Q2,2023 Q4,inflation,2,0.8208368016683515,AR(2),2023-12-31,Other,1.5459954544169818,-0.7251586527486303
Cutoff +2m,2,126,2023 Q2,2023 Q4,inflation,2,0.0416229055330319,MF-VAR,2023-12-31,Other,1.5459954544169818,-1.50437254888395
Cutoff +2m,2,126,2023 Q2,2023 Q4,inflation,2,-0.3133412178021286,MF-VAR (manual),2023-12-31,Other,1.5459954544169818,-1.8593366722191105
Cutoff +2m,2,126,2023 Q2,2023 Q4,inflation,2,0.6676074874325314,MIDAS,2023-12-31,Other,1.5459954544169818,-0.8783879669844504
Cutoff +2m,2,126,2023 Q2,2023 Q4,inflation,2,0.4392843895999935,MIDAS (trend),2023-12-31,Other,1.5459954544169818,-1.1067110648169882
Cutoff +2m,2,126,2023 Q2,2023 Q4,inflation,2,0.8850383939593445,MIDAS-Latent,2023-12-31,Other,1.5459954544169818,-0.6609570604576374
Cutoff +2m,2,126,2023 Q2,2023 Q4,inflation,2,0.899869365369613,MIDAS-Latent (trend),2023-12-31,Other,1.5459954544169818,-0.6461260890473688
Cutoff +2m,2,126,2023 Q2,2024 Q1,inflation,3,0.8083812261854484,AR(2),2024-03-31,Other,1.20167733791412,-0.3932961117286715
Cutoff +2m,2,126,2023 Q2,2024 Q1,inflation,3,-0.0723357347613213,MF-VAR,2024-03-31,Other,1.20167733791412,-1.2740130726754413
Cutoff +2m,2,126,2023 Q2,2024 Q1,inflation,3,-0.4316353440312006,MF-VAR (manual),2024-03-31,Other,1.20167733791412,-1.6333126819453203
Cutoff +2m,2,126,2023 Q2,2024 Q1,inflation,3,1.1366366834106765,MIDAS,2024-03-31,Other,1.20167733791412,-0.0650406545034436
Cutoff +2m,2,126,2023 Q2,2024 Q1,inflation,3,0.7591233497311168,MIDAS (trend),2024-03-31,Other,1.20167733791412,-0.442553988183003
Cutoff +2m,2,126,2023 Q2,2024 Q1,inflation,3,0.8873002841831962,MIDAS-Latent,2024-03-31,Other,1.20167733791412,-0.3143770537309237
Cutoff +2m,2,126,2023 Q2,2024 Q1,inflation,3,0.9028805225544928,MIDAS-Latent (trend),2024-03-31,Other,1.20167733791412,-0.298796815359627
Cutoff +2m,2,126,2023 Q2,2024 Q2,inflation,4,0.7880183237045139,AR(2),2024-06-30,1-year ahead,1.3948747405589046,-0.6068564168543907
Cutoff +2m,2,126,2023 Q2,2024 Q2,inflation,4,0.0164632834180058,MF-VAR,2024-06-30,1-year ahead,1.3948747405589046,-1.3784114571408987
Cutoff +2m,2,126,2023 Q2,2024 Q2,inflation,4,-0.2892544551290223,MF-VAR (manual),2024-06-30,1-year ahead,1.3948747405589046,-1.684129195687927
Cutoff +2m,2,126,2023 Q2,2024 Q2,inflation,4,0.7154000622431161,MIDAS,2024-06-30,1-year ahead,1.3948747405589046,-0.6794746783157884
Cutoff +2m,2,126,2023 Q2,2024 Q2,inflation,4,0.3894565340829378,MIDAS (trend),2024-06-30,1-year ahead,1.3948747405589046,-1.0054182064759667
Cutoff +2m,2,126,2023 Q2,2024 Q2,inflation,4,0.88719174732441,MIDAS-Latent,2024-06-30,1-year ahead,1.3948747405589046,-0.5076829932344946
Cutoff +2m,2,126,2023 Q2,2024 Q2,inflation,4,0.9029693608877734,MIDAS-Latent (trend),2024-06-30,1-year ahead,1.3948747405589046,-0.4919053796711312
Cutoff +2m,2,127,2023 Q3,2023 Q4,exch_rate,1,-0.040988269233458,AR(2),2023-12-31,1-step ahead,-0.0468808158867381,0.0058925466532801
Cutoff +2m,2,127,2023 Q3,2023 Q4,exch_rate,1,-0.0159381912253186,MF-VAR,2023-12-31,1-step ahead,-0.0468808158867381,0.0309426246614195
Cutoff +2m,2,127,2023 Q3,2023 Q4,exch_rate,1,0.9603943279449482,MF-VAR (manual),2023-12-31,1-step ahead,-0.0468808158867381,1.0072751438316865
Cutoff +2m,2,127,2023 Q3,2023 Q4,exch_rate,1,-0.0230157350304214,MIDAS,2023-12-31,1-step ahead,-0.0468808158867381,0.0238650808563167
Cutoff +2m,2,127,2023 Q3,2023 Q4,exch_rate,1,-0.0234213196302965,MIDAS (trend),2023-12-31,1-step ahead,-0.0468808158867381,0.0234594962564415
Cutoff +2m,2,127,2023 Q3,2023 Q4,exch_rate,1,-0.0302160671950088,MIDAS-Latent,2023-12-31,1-step ahead,-0.0468808158867381,0.0166647486917293
Cutoff +2m,2,127,2023 Q3,2023 Q4,exch_rate,1,-0.0442507768379098,MIDAS-Latent (trend),2023-12-31,1-step ahead,-0.0468808158867381,0.0026300390488283
Cutoff +2m,2,127,2023 Q3,2024 Q1,exch_rate,2,-0.0422834351292462,AR(2),2024-03-31,Other,-0.0520926948589058,0.0098092597296595
Cutoff +2m,2,127,2023 Q3,2024 Q1,exch_rate,2,-0.0216309901621115,MF-VAR,2024-03-31,Other,-0.0520926948589058,0.0304617046967943
Cutoff +2m,2,127,2023 Q3,2024 Q1,exch_rate,2,0.9559238996284588,MF-VAR (manual),2024-03-31,Other,-0.0520926948589058,1.0080165944873647
Cutoff +2m,2,127,2023 Q3,2024 Q1,exch_rate,2,-0.025307977103916,MIDAS,2024-03-31,Other,-0.0520926948589058,0.0267847177549898
Cutoff +2m,2,127,2023 Q3,2024 Q1,exch_rate,2,-0.025254676576113,MIDAS (trend),2024-03-31,Other,-0.0520926948589058,0.0268380182827928
Cutoff +2m,2,127,2023 Q3,2024 Q1,exch_rate,2,-0.0478398492235704,MIDAS-Latent,2024-03-31,Other,-0.0520926948589058,0.0042528456353354
Cutoff +2m,2,127,2023 Q3,2024 Q1,exch_rate,2,-0.0484848308933328,MIDAS-Latent (trend),2024-03-31,Other,-0.0520926948589058,0.003607863965573
Cutoff +2m,2,127,2023 Q3,2024 Q2,exch_rate,3,-0.0403651629384255,AR(2),2024-06-30,Other,-0.0267972086362981,-0.0135679543021274
Cutoff +2m,2,127,2023 Q3,2024 Q2,exch_rate,3,-0.012785634018011,MF-VAR,2024-06-30,Other,-0.0267972086362981,0.0140115746182871
Cutoff +2m,2,127,2023 Q3,2024 Q2,exch_rate,3,0.9507357749790382,MF-VAR (manual),2024-06-30,Other,-0.0267972086362981,0.9775329836153362
Cutoff +2m,2,127,2023 Q3,2024 Q2,exch_rate,3,-0.009084799554098,MIDAS,2024-06-30,Other,-0.0267972086362981,0.0177124090822
Cutoff +2m,2,127,2023 Q3,2024 Q2,exch_rate,3,-0.0112522640434165,MIDAS (trend),2024-06-30,Other,-0.0267972086362981,0.0155449445928815
Cutoff +2m,2,127,2023 Q3,2024 Q2,exch_rate,3,-0.0388028547726638,MIDAS-Latent,2024-06-30,Other,-0.0267972086362981,-0.0120056461363657
Cutoff +2m,2,127,2023 Q3,2024 Q2,exch_rate,3,-0.0531456564876801,MIDAS-Latent (trend),2024-06-30,Other,-0.0267972086362981,-0.026348447851382
Cutoff +2m,2,127,2023 Q3,2024 Q3,exch_rate,4,-0.0441929160573436,AR(2),2024-09-30,1-year ahead,-0.0499588177936345,0.0057659017362909
Cutoff +2m,2,127,2023 Q3,2024 Q3,exch_rate,4,-0.0151706903655689,MF-VAR,2024-09-30,1-year ahead,-0.0499588177936345,0.0347881274280656
Cutoff +2m,2,127,2023 Q3,2024 Q3,exch_rate,4,0.9444805857318468,MF-VAR (manual),2024-09-30,1-year ahead,-0.0499588177936345,0.9944394035254812
Cutoff +2m,2,127,2023 Q3,2024 Q3,exch_rate,4,-0.0113574199580288,MIDAS,2024-09-30,1-year ahead,-0.0499588177936345,0.0386013978356057
Cutoff +2m,2,127,2023 Q3,2024 Q3,exch_rate,4,-0.0133711066012331,MIDAS (trend),2024-09-30,1-year ahead,-0.0499588177936345,0.0365877111924014
Cutoff +2m,2,127,2023 Q3,2024 Q3,exch_rate,4,-0.0561844428969413,MIDAS-Latent,2024-09-30,1-year ahead,-0.0499588177936345,-0.0062256251033067
Cutoff +2m,2,127,2023 Q3,2024 Q3,exch_rate,4,-0.0578274221250042,MIDAS-Latent (trend),2024-09-30,1-year ahead,-0.0499588177936345,-0.0078686043313696
Cutoff +2m,2,127,2023 Q3,2023 Q4,gdp_growth,1,2.1388726269284764,AR(2),2023-12-31,1-step ahead,0.930949540396142,1.2079230865323345
Cutoff +2m,2,127,2023 Q3,2023 Q4,gdp_growth,1,-0.7139683247833835,MF-VAR,2023-12-31,1-step ahead,0.930949540396142,-1.6449178651795255
Cutoff +2m,2,127,2023 Q3,2023 Q4,gdp_growth,1,0.2457527922090865,MF-VAR (manual),2023-12-31,1-step ahead,0.930949540396142,-0.6851967481870556
Cutoff +2m,2,127,2023 Q3,2023 Q4,gdp_growth,1,0.2175939270337666,MIDAS,2023-12-31,1-step ahead,0.930949540396142,-0.7133556133623755
Cutoff +2m,2,127,2023 Q3,2023 Q4,gdp_growth,1,-0.289854686449974,MIDAS (trend),2023-12-31,1-step ahead,0.930949540396142,-1.220804226846116
Cutoff +2m,2,127,2023 Q3,2023 Q4,gdp_growth,1,1.0198866877866293,MIDAS-Latent,2023-12-31,1-step ahead,0.930949540396142,0.0889371473904871
Cutoff +2m,2,127,2023 Q3,2023 Q4,gdp_growth,1,0.996188417101402,MIDAS-Latent (trend),2023-12-31,1-step ahead,0.930949540396142,0.0652388767052599
Cutoff +2m,2,127,2023 Q3,2024 Q1,gdp_growth,2,1.8617253193530436,AR(2),2024-03-31,Other,4.097725749483772,-2.236000430130728
Cutoff +2m,2,127,2023 Q3,2024 Q1,gdp_growth,2,-0.6887800990174562,MF-VAR,2024-03-31,Other,4.097725749483772,-4.786505848501228
Cutoff +2m,2,127,2023 Q3,2024 Q1,gdp_growth,2,0.6741672432349637,MF-VAR (manual),2024-03-31,Other,4.097725749483772,-3.423558506248808
Cutoff +2m,2,127,2023 Q3,2024 Q1,gdp_growth,2,3.7179457996184255,MIDAS,2024-03-31,Other,4.097725749483772,-0.3797799498653451
Cutoff +2m,2,127,2023 Q3,2024 Q1,gdp_growth,2,3.229911273605851,MIDAS (trend),2024-03-31,Other,4.097725749483772,-0.8678144758779207
Cutoff +2m,2,127,2023 Q3,2024 Q1,gdp_growth,2,1.0473497146976365,MIDAS-Latent,2024-03-31,Other,4.097725749483772,-3.050376034786135
Cutoff +2m,2,127,2023 Q3,2024 Q1,gdp_growth,2,1.023235557036176,MIDAS-Latent (trend),2024-03-31,Other,4.097725749483772,-3.074490192447596
Cutoff +2m,2,127,2023 Q3,2024 Q2,gdp_growth,3,1.7600483316546218,AR(2),2024-06-30,Other,1.9600339339092443,-0.1999856022546224
Cutoff +2m,2,127,2023 Q3,2024 Q2,gdp_growth,3,-0.0525398033146362,MF-VAR,2024-06-30,Other,1.9600339339092443,-2.0125737372238808
Cutoff +2m,2,127,2023 Q3,2024 Q2,gdp_growth,3,-0.1232950872077615,MF-VAR (manual),2024-06-30,Other,1.9600339339092443,-2.083329021117006
Cutoff +2m,2,127,2023 Q3,2024 Q2,gdp_growth,3,3.71596922592754,MIDAS,2024-06-30,Other,1.9600339339092443,1.7559352920182958
Cutoff +2m,2,127,2023 Q3,2024 Q2,gdp_growth,3,3.203850842879416,MIDAS (trend),2024-06-30,Other,1.9600339339092443,1.2438169089701714
Cutoff +2m,2,127,2023 Q3,2024 Q2,gdp_growth,3,1.0564245298557675,MIDAS-Latent,2024-06-30,Other,1.9600339339092443,-0.9036094040534768
Cutoff +2m,2,127,2023 Q3,2024 Q2,gdp_growth,3,1.0316262048754803,MIDAS-Latent (trend),2024-06-30,Other,1.9600339339092443,-0.9284077290337638
Cutoff +2m,2,127,2023 Q3,2024 Q3,gdp_growth,4,1.7853400071535297,AR(2),2024-09-30,1-year ahead,1.7249375962080649,0.0604024109454646
Cutoff +2m,2,127,2023 Q3,2024 Q3,gdp_growth,4,0.4106903679312854,MF-VAR,2024-09-30,1-year ahead,1.7249375962080649,-1.3142472282767794
Cutoff +2m,2,127,2023 Q3,2024 Q3,gdp_growth,4,1.1675742822532982,MF-VAR (manual),2024-09-30,1-year ahead,1.7249375962080649,-0.5573633139547667
Cutoff +2m,2,127,2023 Q3,2024 Q3,gdp_growth,4,3.8233138321076914,MIDAS,2024-09-30,1-year ahead,1.7249375962080649,2.0983762358996265
Cutoff +2m,2,127,2023 Q3,2024 Q3,gdp_growth,4,3.3095279040211474,MIDAS (trend),2024-09-30,1-year ahead,1.7249375962080649,1.5845903078130823
Cutoff +2m,2,127,2023 Q3,2024 Q3,gdp_growth,4,1.0567623023286892,MIDAS-Latent,2024-09-30,1-year ahead,1.7249375962080649,-0.6681752938793757
Cutoff +2m,2,127,2023 Q3,2024 Q3,gdp_growth,4,1.0315766546466645,MIDAS-Latent (trend),2024-09-30,1-year ahead,1.7249375962080649,-0.6933609415614006
Cutoff +2m,2,127,2023 Q3,2023 Q4,inflation,1,0.974378848507337,AR(2),2023-12-31,1-step ahead,1.5459954544169818,-0.5716166059096448
Cutoff +2m,2,127,2023 Q3,2023 Q4,inflation,1,0.1895376639922784,MF-VAR,2023-12-31,1-step ahead,1.5459954544169818,-1.3564577904247033
Cutoff +2m,2,127,2023 Q3,2023 Q4,inflation,1,1.652171154850224,MF-VAR (manual),2023-12-31,1-step ahead,1.5459954544169818,0.1061757004332422
Cutoff +2m,2,127,2023 Q3,2023 Q4,inflation,1,0.3967414989845213,MIDAS,2023-12-31,1-step ahead,1.5459954544169818,-1.1492539554324606
Cutoff +2m,2,127,2023 Q3,2023 Q4,inflation,1,0.152849753250873,MIDAS (trend),2023-12-31,1-step ahead,1.5459954544169818,-1.3931457011661088
Cutoff +2m,2,127,2023 Q3,2023 Q4,inflation,1,1.327254551529294,MIDAS-Latent,2023-12-31,1-step ahead,1.5459954544169818,-0.2187409028876878
Cutoff +2m,2,127,2023 Q3,2023 Q4,inflation,1,1.3313347907147672,MIDAS-Latent (trend),2023-12-31,1-step ahead,1.5459954544169818,-0.2146606637022146
Cutoff +2m,2,127,2023 Q3,2024 Q1,inflation,2,0.9260431532902356,AR(2),2024-03-31,Other,1.20167733791412,-0.2756341846238844
Cutoff +2m,2,127,2023 Q3,2024 Q1,inflation,2,0.180756134820587,MF-VAR,2024-03-31,Other,1.20167733791412,-1.0209212030935328
Cutoff +2m,2,127,2023 Q3,2024 Q1,inflation,2,1.7798501932572643,MF-VAR (manual),2024-03-31,Other,1.20167733791412,0.5781728553431444
Cutoff +2m,2,127,2023 Q3,2024 Q1,inflation,2,0.8725708079117078,MIDAS,2024-03-31,Other,1.20167733791412,-0.3291065300024121
Cutoff +2m,2,127,2023 Q3,2024 Q1,inflation,2,0.6136184047622133,MIDAS (trend),2024-03-31,Other,1.20167733791412,-0.5880589331519066
Cutoff +2m,2,127,2023 Q3,2024 Q1,inflation,2,1.3299744149204356,MIDAS-Latent,2024-03-31,Other,1.20167733791412,0.1282970770063156
Cutoff +2m,2,127,2023 Q3,2024 Q1,inflation,2,1.334277330350794,MIDAS-Latent (trend),2024-03-31,Other,1.20167733791412,0.132599992436674
Cutoff +2m,2,127,2023 Q3,2024 Q2,inflation,3,0.8663007031449192,AR(2),2024-06-30,Other,1.3948747405589046,-0.5285740374139853
Cutoff +2m,2,127,2023 Q3,2024 Q2,inflation,3,0.0392037424159499,MF-VAR,2024-06-30,Other,1.3948747405589046,-1.3556709981429549
Cutoff +2m,2,127,2023 Q3,2024 Q2,inflation,3,1.6725284695926137,MF-VAR (manual),2024-06-30,Other,1.3948747405589046,0.2776537290337089
Cutoff +2m,2,127,2023 Q3,2024 Q2,inflation,3,0.5235001830495191,MIDAS,2024-06-30,Other,1.3948747405589046,-0.8713745575093855
Cutoff +2m,2,127,2023 Q3,2024 Q2,inflation,3,0.1861798167753117,MIDAS (trend),2024-06-30,Other,1.3948747405589046,-1.208694923783593
Cutoff +2m,2,127,2023 Q3,2024 Q2,inflation,3,1.3302295401746536,MIDAS-Latent,2024-06-30,Other,1.3948747405589046,-0.064645200384251
Cutoff +2m,2,127,2023 Q3,2024 Q2,inflation,3,1.334627191340436,MIDAS-Latent (trend),2024-06-30,Other,1.3948747405589046,-0.0602475492184686
Cutoff +2m,2,127,2023 Q3,2024 Q3,inflation,4,0.8312440941737294,AR(2),2024-09-30,1-year ahead,0.0458441151209854,0.785399979052744
Cutoff +2m,2,127,2023 Q3,2024 Q3,inflation,4,0.0400811342243179,MF-VAR,2024-09-30,1-year ahead,0.0458441151209854,-0.0057629808966674
Cutoff +2m,2,127,2023 Q3,2024 Q3,inflation,4,1.6021529191874808,MF-VAR (manual),2024-09-30,1-year ahead,0.0458441151209854,1.5563088040664954
Cutoff +2m,2,127,2023 Q3,2024 Q3,inflation,4,0.7157726845511245,MIDAS,2024-09-30,1-year ahead,0.0458441151209854,0.6699285694301391
Cutoff +2m,2,127,2023 Q3,2024 Q3,inflation,4,0.358689380237438,MIDAS (trend),2024-09-30,1-year ahead,0.0458441151209854,0.3128452651164526
Cutoff +2m,2,127,2023 Q3,2024 Q3,inflation,4,1.3302399521158756,MIDAS-Latent,2024-09-30,1-year ahead,0.0458441151209854,1.2843958369948902
Cutoff +2m,2,127,2023 Q3,2024 Q3,inflation,4,1.3347023618516474,MIDAS-Latent (trend),2024-09-30,1-year ahead,0.0458441151209854,1.288858246730662
Cutoff +2m,2,128,2023 Q4,2024 Q1,exch_rate,1,-0.0489038857540905,AR(2),2024-03-31,1-step ahead,-0.0520926948589058,0.0031888091048152
Cutoff +2m,2,128,2023 Q4,2024 Q1,exch_rate,1,-0.029027761931361,MF-VAR,2024-03-31,1-step ahead,-0.0520926948589058,0.0230649329275448
Cutoff +2m,2,128,2023 Q4,2024 Q1,exch_rate,1,0.9515203268481291,MF-VAR (manual),2024-03-31,1-step ahead,-0.0520926948589058,1.003613021707035
Cutoff +2m,2,128,2023 Q4,2024 Q1,exch_rate,1,-0.0550160509654576,MIDAS,2024-03-31,1-step ahead,-0.0520926948589058,-0.0029233561065517
Cutoff +2m,2,128,2023 Q4,2024 Q1,exch_rate,1,-0.0533476801904344,MIDAS (trend),2024-03-31,1-step ahead,-0.0520926948589058,-0.0012549853315286
Cutoff +2m,2,128,2023 Q4,2024 Q1,exch_rate,1,-0.0488291966506963,MIDAS-Latent,2024-03-31,1-step ahead,-0.0520926948589058,0.0032634982082095
Cutoff +2m,2,128,2023 Q4,2024 Q1,exch_rate,1,-0.0529107573381058,MIDAS-Latent (trend),2024-03-31,1-step ahead,-0.0520926948589058,-0.0008180624791999519
Cutoff +2m,2,128,2023 Q4,2024 Q2,exch_rate,2,-0.0467115520635319,AR(2),2024-06-30,Other,-0.0267972086362981,-0.0199143434272338
Cutoff +2m,2,128,2023 Q4,2024 Q2,exch_rate,2,-0.0312085990447225,MF-VAR,2024-06-30,Other,-0.0267972086362981,-0.0044113904084244
Cutoff +2m,2,128,2023 Q4,2024 Q2,exch_rate,2,0.9451531547727992,MF-VAR (manual),2024-06-30,Other,-0.0267972086362981,0.9719503634090972
Cutoff +2m,2,128,2023 Q4,2024 Q2,exch_rate,2,-0.0425848107057746,MIDAS,2024-06-30,Other,-0.0267972086362981,-0.0157876020694765
Cutoff +2m,2,128,2023 Q4,2024 Q2,exch_rate,2,-0.0416591392083076,MIDAS (trend),2024-06-30,Other,-0.0267972086362981,-0.0148619305720095
Cutoff +2m,2,128,2023 Q4,2024 Q2,exch_rate,2,-0.0562396925366928,MIDAS-Latent,2024-06-30,Other,-0.0267972086362981,-0.0294424839003947
Cutoff +2m,2,128,2023 Q4,2024 Q2,exch_rate,2,-0.0574773016676151,MIDAS-Latent (trend),2024-06-30,Other,-0.0267972086362981,-0.0306800930313169
Cutoff +2m,2,128,2023 Q4,2024 Q3,exch_rate,3,-0.0500984716128013,AR(2),2024-09-30,Other,-0.0499588177936345,-0.00013965381916679342
Cutoff +2m,2,128,2023 Q4,2024 Q3,exch_rate,3,-0.0292721709994507,MF-VAR,2024-09-30,Other,-0.0499588177936345,0.0206866467941837
Cutoff +2m,2,128,2023 Q4,2024 Q3,exch_rate,3,0.9400984016190564,MF-VAR (manual),2024-09-30,Other,-0.0499588177936345,0.9900572194126908
Cutoff +2m,2,128,2023 Q4,2024 Q3,exch_rate,3,-0.0506678049297425,MIDAS,2024-09-30,Other,-0.0499588177936345,-0.0007089871361079941
Cutoff +2m,2,128,2023 Q4,2024 Q3,exch_rate,3,-0.0479900722564802,MIDAS (trend),2024-09-30,Other,-0.0499588177936345,0.0019687455371542
Cutoff +2m,2,128,2023 Q4,2024 Q3,exch_rate,3,-0.0581643510770666,MIDAS-Latent,2024-09-30,Other,-0.0499588177936345,-0.0082055332834321
Cutoff +2m,2,128,2023 Q4,2024 Q3,exch_rate,3,-0.0620974551478561,MIDAS-Latent (trend),2024-09-30,Other,-0.0499588177936345,-0.0121386373542215
Cutoff +2m,2,128,2023 Q4,2024 Q4,exch_rate,4,-0.0495961843930009,AR(2),2024-12-31,1-year ahead,-0.0661682155181257,0.0165720311251247
Cutoff +2m,2,128,2023 Q4,2024 Q4,exch_rate,4,-0.0288258515620796,MF-VAR,2024-12-31,1-year ahead,-0.0661682155181257,0.037342363956046
Cutoff +2m,2,128,2023 Q4,2024 Q4,exch_rate,4,0.9339266697595908,MF-VAR (manual),2024-12-31,1-year ahead,-0.0661682155181257,1.0000948852777167
Cutoff +2m,2,128,2023 Q4,2024 Q4,exch_rate,4,-0.0383163925558555,MIDAS,2024-12-31,1-year ahead,-0.0661682155181257,0.0278518229622701
Cutoff +2m,2,128,2023 Q4,2024 Q4,exch_rate,4,-0.0378337850420835,MIDAS (trend),2024-12-31,1-year ahead,-0.0661682155181257,0.0283344304760421
Cutoff +2m,2,128,2023 Q4,2024 Q4,exch_rate,4,-0.0654846215597282,MIDAS-Latent,2024-12-31,1-year ahead,-0.0661682155181257,0.0006835939583974271
Cutoff +2m,2,128,2023 Q4,2024 Q4,exch_rate,4,-0.0667709083824326,MIDAS-Latent (trend),2024-12-31,1-year ahead,-0.0661682155181257,-0.0006026928643069335
Cutoff +2m,2,128,2023 Q4,2024 Q1,gdp_growth,1,1.93680300815554,AR(2),2024-03-31,1-step ahead,4.097725749483772,-2.1609227413282315
Cutoff +2m,2,128,2023 Q4,2024 Q1,gdp_growth,1,-0.3598072369216087,MF-VAR,2024-03-31,1-step ahead,4.097725749483772,-4.45753298640538
Cutoff +2m,2,128,2023 Q4,2024 Q1,gdp_growth,1,-0.8701012859146104,MF-VAR (manual),2024-03-31,1-step ahead,4.097725749483772,-4.967827035398382
Cutoff +2m,2,128,2023 Q4,2024 Q1,gdp_growth,1,-1.1940442225386187,MIDAS,2024-03-31,1-step ahead,4.097725749483772,-5.29176997202239
Cutoff +2m,2,128,2023 Q4,2024 Q1,gdp_growth,1,-1.677981744849068,MIDAS (trend),2024-03-31,1-step ahead,4.097725749483772,-5.77570749433284
Cutoff +2m,2,128,2023 Q4,2024 Q1,gdp_growth,1,1.466907014122503,MIDAS-Latent,2024-03-31,1-step ahead,4.097725749483772,-2.630818735361269
Cutoff +2m,2,128,2023 Q4,2024 Q1,gdp_growth,1,1.4364096541309548,MIDAS-Latent (trend),2024-03-31,1-step ahead,4.097725749483772,-2.6613160953528165
Cutoff +2m,2,128,2023 Q4,2024 Q2,gdp_growth,2,1.824875056582622,AR(2),2024-06-30,Other,1.9600339339092443,-0.1351588773266223
Cutoff +2m,2,128,2023 Q4,2024 Q2,gdp_growth,2,-0.3786023934797964,MF-VAR,2024-06-30,Other,1.9600339339092443,-2.3386363273890405
Cutoff +2m,2,128,2023 Q4,2024 Q2,gdp_growth,2,-0.5042640188714034,MF-VAR (manual),2024-06-30,Other,1.9600339339092443,-2.4642979527806474
Cutoff +2m,2,128,2023 Q4,2024 Q2,gdp_growth,2,3.039757700459365,MIDAS,2024-06-30,Other,1.9600339339092443,1.0797237665501211
Cutoff +2m,2,128,2023 Q4,2024 Q2,gdp_growth,2,2.570168244476464,MIDAS (trend),2024-06-30,Other,1.9600339339092443,0.6101343105672199
Cutoff +2m,2,128,2023 Q4,2024 Q2,gdp_growth,2,1.4758645946941986,MIDAS-Latent,2024-06-30,Other,1.9600339339092443,-0.4841693392150457
Cutoff +2m,2,128,2023 Q4,2024 Q2,gdp_growth,2,1.4448360931654305,MIDAS-Latent (trend),2024-06-30,Other,1.9600339339092443,-0.515197840743814
Cutoff +2m,2,128,2023 Q4,2024 Q3,gdp_growth,3,1.768431553178856,AR(2),2024-09-30,Other,1.7249375962080649,0.0434939569707912
Cutoff +2m,2,128,2023 Q4,2024 Q3,gdp_growth,3,0.6765494354289932,MF-VAR,2024-09-30,Other,1.7249375962080649,-1.0483881607790717
Cutoff +2m,2,128,2023 Q4,2024 Q3,gdp_growth,3,-0.9223478719595324,MF-VAR (manual),2024-09-30,Other,1.7249375962080649,-2.647285468167597
Cutoff +2m,2,128,2023 Q4,2024 Q3,gdp_growth,3,2.974853223030653,MIDAS,2024-09-30,Other,1.7249375962080649,1.2499156268225882
Cutoff +2m,2,128,2023 Q4,2024 Q3,gdp_growth,3,2.4811734992356533,MIDAS (trend),2024-09-30,Other,1.7249375962080649,0.7562359030275885
Cutoff +2m,2,128,2023 Q4,2024 Q3,gdp_growth,3,1.483263060408661,MIDAS-Latent,2024-09-30,Other,1.7249375962080649,-0.2416745357994039
Cutoff +2m,2,128,2023 Q4,2024 Q3,gdp_growth,3,1.4512921349018697,MIDAS-Latent (trend),2024-09-30,Other,1.7249375962080649,-0.2736454613061954
Cutoff +2m,2,128,2023 Q4,2024 Q4,gdp_growth,4,1.7795385136049149,AR(2),2024-12-31,1-year ahead,1.3156274812899935,0.4639110323149211
Cutoff +2m,2,128,2023 Q4,2024 Q4,gdp_growth,4,0.7843529829257321,MF-VAR,2024-12-31,1-year ahead,1.3156274812899935,-0.5312744983642617
Cutoff +2m,2,128,2023 Q4,2024 Q4,gdp_growth,4,-0.7941575933609768,MF-VAR (manual),2024-12-31,1-year ahead,1.3156274812899935,-2.1097850746509703
Cutoff +2m,2,128,2023 Q4,2024 Q4,gdp_growth,4,3.1041678149800216,MIDAS,2024-12-31,1-year ahead,1.3156274812899935,1.788540333690028
Cutoff +2m,2,128,2023 Q4,2024 Q4,gdp_growth,4,2.6066419431991976,MIDAS (trend),2024-12-31,1-year ahead,1.3156274812899935,1.291014461909204
Cutoff +2m,2,128,2023 Q4,2024 Q4,gdp_growth,4,1.4833867126683888,MIDAS-Latent,2024-12-31,1-year ahead,1.3156274812899935,0.1677592313783951
Cutoff +2m,2,128,2023 Q4,2024 Q4,gdp_growth,4,1.4509206660969196,MIDAS-Latent (trend),2024-12-31,1-year ahead,1.3156274812899935,0.1352931848069258
Cutoff +2m,2,128,2023 Q4,2024 Q1,inflation,1,1.2052009593604454,AR(2),2024-03-31,1-step ahead,1.20167733791412,0.0035236214463254
Cutoff +2m,2,128,2023 Q4,2024 Q1,inflation,1,0.4180769206295145,MF-VAR,2024-03-31,1-step ahead,1.20167733791412,-0.7836004172846054
Cutoff +2m,2,128,2023 Q4,2024 Q1,inflation,1,1.4951668936825913,MF-VAR (manual),2024-03-31,1-step ahead,1.20167733791412,0.2934895557684713
Cutoff +2m,2,128,2023 Q4,2024 Q1,inflation,1,0.6964257756789609,MIDAS,2024-03-31,1-step ahead,1.20167733791412,-0.505251562235159
Cutoff +2m,2,128,2023 Q4,2024 Q1,inflation,1,0.483471536251997,MIDAS (trend),2024-03-31,1-step ahead,1.20167733791412,-0.7182058016621229
Cutoff +2m,2,128,2023 Q4,2024 Q1,inflation,1,1.6197944384264762,MIDAS-Latent,2024-03-31,1-step ahead,1.20167733791412,0.4181171005123563
Cutoff +2m,2,128,2023 Q4,2024 Q1,inflation,1,1.6267137931962736,MIDAS-Latent (trend),2024-03-31,1-step ahead,1.20167733791412,0.4250364552821537
Cutoff +2m,2,128,2023 Q4,2024 Q2,inflation,2,1.075100988423929,AR(2),2024-06-30,Other,1.3948747405589046,-0.3197737521349755
Cutoff +2m,2,128,2023 Q4,2024 Q2,inflation,2,0.4200582279014647,MF-VAR,2024-06-30,Other,1.3948747405589046,-0.9748165126574398
Cutoff +2m,2,128,2023 Q4,2024 Q2,inflation,2,1.5048154199897716,MF-VAR (manual),2024-06-30,Other,1.3948747405589046,0.109940679430867
Cutoff +2m,2,128,2023 Q4,2024 Q2,inflation,2,1.034994160961021,MIDAS,2024-06-30,Other,1.3948747405589046,-0.3598805795978836
Cutoff +2m,2,128,2023 Q4,2024 Q2,inflation,2,0.815147793728173,MIDAS (trend),2024-06-30,Other,1.3948747405589046,-0.5797269468307316
Cutoff +2m,2,128,2023 Q4,2024 Q2,inflation,2,1.6206692627654702,MIDAS-Latent,2024-06-30,Other,1.3948747405589046,0.2257945222065656
Cutoff +2m,2,128,2023 Q4,2024 Q2,inflation,2,1.627797244167456,MIDAS-Latent (trend),2024-06-30,Other,1.3948747405589046,0.2329225036085513
Cutoff +2m,2,128,2023 Q4,2024 Q3,inflation,3,0.9695400567796272,AR(2),2024-09-30,Other,0.0458441151209854,0.9236959416586416
Cutoff +2m,2,128,2023 Q4,2024 Q3,inflation,3,0.0959263561653827,MF-VAR,2024-09-30,Other,0.0458441151209854,0.0500822410443972
Cutoff +2m,2,128,2023 Q4,2024 Q3,inflation,3,1.4548536732653892,MF-VAR (manual),2024-09-30,Other,0.0458441151209854,1.4090095581444038
Cutoff +2m,2,128,2023 Q4,2024 Q3,inflation,3,0.6920221385277939,MIDAS,2024-09-30,Other,0.0458441151209854,0.6461780234068085
Cutoff +2m,2,128,2023 Q4,2024 Q3,inflation,3,0.402533837843237,MIDAS (trend),2024-09-30,Other,0.0458441151209854,0.3566897227222516
Cutoff +2m,2,128,2023 Q4,2024 Q3,inflation,3,1.62089548663617,MIDAS-Latent,2024-09-30,Other,0.0458441151209854,1.5750513715151846
Cutoff +2m,2,128,2023 Q4,2024 Q3,inflation,3,1.6281760564056091,MIDAS-Latent (trend),2024-09-30,Other,0.0458441151209854,1.5823319412846235
Cutoff +2m,2,128,2023 Q4,2024 Q4,inflation,4,0.902086364923916,AR(2),2024-12-31,1-year ahead,-0.0252750777541166,0.9273614426780328
Cutoff +2m,2,128,2023 Q4,2024 Q4,inflation,4,0.0366837045226592,MF-VAR,2024-12-31,1-year ahead,-0.0252750777541166,0.0619587822767758
Cutoff +2m,2,128,2023 Q4,2024 Q4,inflation,4,1.5876760173582611,MF-VAR (manual),2024-12-31,1-year ahead,-0.0252750777541166,1.6129510951123778
Cutoff +2m,2,128,2023 Q4,2024 Q4,inflation,4,0.8287024918151522,MIDAS,2024-12-31,1-year ahead,-0.0252750777541166,0.8539775695692688
Cutoff +2m,2,128,2023 Q4,2024 Q4,inflation,4,0.5271937081435618,MIDAS (trend),2024-12-31,1-year ahead,-0.0252750777541166,0.5524687858976784
Cutoff +2m,2,128,2023 Q4,2024 Q4,inflation,4,1.6208981683282122,MIDAS-Latent,2024-12-31,1-year ahead,-0.0252750777541166,1.6461732460823288
Cutoff +2m,2,128,2023 Q4,2024 Q4,inflation,4,1.6282806983149214,MIDAS-Latent (trend),2024-12-31,1-year ahead,-0.0252750777541166,1.653555776069038
Cutoff +2m,2,129,2024 Q1,2024 Q2,exch_rate,1,-0.0503391687370321,AR(2),2024-06-30,1-step ahead,-0.0267972086362981,-0.023541960100734
Cutoff +2m,2,129,2024 Q1,2024 Q2,exch_rate,1,-0.0069992602319581,MF-VAR,2024-06-30,1-step ahead,-0.0267972086362981,0.01979794840434
Cutoff +2m,2,129,2024 Q1,2024 Q2,exch_rate,1,0.9579128580661382,MF-VAR (manual),2024-06-30,1-step ahead,-0.0267972086362981,0.9847100667024364
Cutoff +2m,2,129,2024 Q1,2024 Q2,exch_rate,1,-0.0415020366119929,MIDAS,2024-06-30,1-step ahead,-0.0267972086362981,-0.0147048279756948
Cutoff +2m,2,129,2024 Q1,2024 Q2,exch_rate,1,-0.0406475686285985,MIDAS (trend),2024-06-30,1-step ahead,-0.0267972086362981,-0.0138503599923004
Cutoff +2m,2,129,2024 Q1,2024 Q2,exch_rate,1,-0.0562816790133479,MIDAS-Latent,2024-06-30,1-step ahead,-0.0267972086362981,-0.0294844703770498
Cutoff +2m,2,129,2024 Q1,2024 Q2,exch_rate,1,-0.0680873939049486,MIDAS-Latent (trend),2024-06-30,1-step ahead,-0.0267972086362981,-0.0412901852686504
Cutoff +2m,2,129,2024 Q1,2024 Q3,exch_rate,2,-0.0536176865375309,AR(2),2024-09-30,Other,-0.0499588177936345,-0.0036588687438964
Cutoff +2m,2,129,2024 Q1,2024 Q3,exch_rate,2,-0.0149234865087791,MF-VAR,2024-09-30,Other,-0.0499588177936345,0.0350353312848554
Cutoff +2m,2,129,2024 Q1,2024 Q3,exch_rate,2,0.9539196507656456,MF-VAR (manual),2024-09-30,Other,-0.0499588177936345,1.00387846855928
Cutoff +2m,2,129,2024 Q1,2024 Q3,exch_rate,2,-0.0588256414986299,MIDAS,2024-09-30,Other,-0.0499588177936345,-0.0088668237049954
Cutoff +2m,2,129,2024 Q1,2024 Q3,exch_rate,2,-0.0571048002367861,MIDAS (trend),2024-09-30,Other,-0.0499588177936345,-0.0071459824431516
Cutoff +2m,2,129,2024 Q1,2024 Q3,exch_rate,2,-0.0614224222320993,MIDAS-Latent,2024-09-30,Other,-0.0499588177936345,-0.0114636044384648
Cutoff +2m,2,129,2024 Q1,2024 Q3,exch_rate,2,-0.0727327050997036,MIDAS-Latent (trend),2024-09-30,Other,-0.0499588177936345,-0.022773887306069
Cutoff +2m,2,129,2024 Q1,2024 Q4,exch_rate,3,-0.0529101532783102,AR(2),2024-12-31,Other,-0.0661682155181257,0.0132580622398154
Cutoff +2m,2,129,2024 Q1,2024 Q4,exch_rate,3,-0.009287721672335,MF-VAR,2024-12-31,Other,-0.0661682155181257,0.0568804938457906
Cutoff +2m,2,129,2024 Q1,2024 Q4,exch_rate,3,0.9477956635121472,MF-VAR (manual),2024-12-31,Other,-0.0661682155181257,1.013963879030273
Cutoff +2m,2,129,2024 Q1,2024 Q4,exch_rate,3,-0.0483063221044898,MIDAS,2024-12-31,Other,-0.0661682155181257,0.0178618934136358
Cutoff +2m,2,129,2024 Q1,2024 Q4,exch_rate,3,-0.0471720363397994,MIDAS (trend),2024-12-31,Other,-0.0661682155181257,0.0189961791783262
Cutoff +2m,2,129,2024 Q1,2024 Q4,exch_rate,3,-0.0655542318923779,MIDAS-Latent,2024-12-31,Other,-0.0661682155181257,0.0006139836257477299
Cutoff +2m,2,129,2024 Q1,2024 Q4,exch_rate,3,-0.0769579527506534,MIDAS-Latent (trend),2024-12-31,Other,-0.0661682155181257,-0.0107897372325277
Cutoff +2m,2,129,2024 Q1,2025 Q1,exch_rate,4,-0.0542225879380386,AR(2),2025-03-31,1-year ahead,-0.0556309255821735,0.0014083376441349
Cutoff +2m,2,129,2024 Q1,2025 Q1,exch_rate,4,-0.0105971704699336,MF-VAR,2025-03-31,1-year ahead,-0.0556309255821735,0.0450337551122398
Cutoff +2m,2,129,2024 Q1,2025 Q1,exch_rate,4,0.9447883705436002,MF-VAR (manual),2025-03-31,1-year ahead,-0.0556309255821735,1.0004192961257736
Cutoff +2m,2,129,2024 Q1,2025 Q1,exch_rate,4,-0.0655132348961042,MIDAS,2025-03-31,1-year ahead,-0.0556309255821735,-0.0098823093139306
Cutoff +2m,2,129,2024 Q1,2025 Q1,exch_rate,4,-0.0625723765396319,MIDAS (trend),2025-03-31,1-year ahead,-0.0556309255821735,-0.0069414509574583
Cutoff +2m,2,129,2024 Q1,2025 Q1,exch_rate,4,-0.0706248102734695,MIDAS-Latent,2025-03-31,1-year ahead,-0.0556309255821735,-0.0149938846912959
Cutoff +2m,2,129,2024 Q1,2025 Q1,exch_rate,4,-0.081625335580357,MIDAS-Latent (trend),2025-03-31,1-year ahead,-0.0556309255821735,-0.0259944099981835
Cutoff +2m,2,129,2024 Q1,2024 Q2,gdp_growth,1,1.6934210761901496,AR(2),2024-06-30,1-step ahead,1.9600339339092443,-0.2666128577190947
Cutoff +2m,2,129,2024 Q1,2024 Q2,gdp_growth,1,2.3797196391352724,MF-VAR,2024-06-30,1-step ahead,1.9600339339092443,0.4196857052260281
Cutoff +2m,2,129,2024 Q1,2024 Q2,gdp_growth,1,6.667443260441967,MF-VAR (manual),2024-06-30,1-step ahead,1.9600339339092443,4.707409326532723
Cutoff +2m,2,129,2024 Q1,2024 Q2,gdp_growth,1,4.201902856781982,MIDAS,2024-06-30,1-step ahead,1.9600339339092443,2.241868922872737
Cutoff +2m,2,129,2024 Q1,2024 Q2,gdp_growth,1,3.852347497641513,MIDAS (trend),2024-06-30,1-step ahead,1.9600339339092443,1.892313563732269
Cutoff +2m,2,129,2024 Q1,2024 Q2,gdp_growth,1,2.859150062359103,MIDAS-Latent,2024-06-30,1-step ahead,1.9600339339092443,0.8991161284498586
Cutoff +2m,2,129,2024 Q1,2024 Q2,gdp_growth,1,2.8541470122983097,MIDAS-Latent (trend),2024-06-30,1-step ahead,1.9600339339092443,0.8941130783890654
Cutoff +2m,2,129,2024 Q1,2024 Q3,gdp_growth,2,1.656860338626977,AR(2),2024-09-30,Other,1.7249375962080649,-0.0680772575810881
Cutoff +2m,2,129,2024 Q1,2024 Q3,gdp_growth,2,2.369777466544958,MF-VAR,2024-09-30,Other,1.7249375962080649,0.6448398703368929
Cutoff +2m,2,129,2024 Q1,2024 Q3,gdp_growth,2,7.827358828696504,MF-VAR (manual),2024-09-30,Other,1.7249375962080649,6.102421232488439
Cutoff +2m,2,129,2024 Q1,2024 Q3,gdp_growth,2,2.2377267124301508,MIDAS,2024-09-30,Other,1.7249375962080649,0.5127891162220859
Cutoff +2m,2,129,2024 Q1,2024 Q3,gdp_growth,2,1.8911444430209003,MIDAS (trend),2024-09-30,Other,1.7249375962080649,0.1662068468128354
Cutoff +2m,2,129,2024 Q1,2024 Q3,gdp_growth,2,2.89992264236177,MIDAS-Latent,2024-09-30,Other,1.7249375962080649,1.1749850461537052
Cutoff +2m,2,129,2024 Q1,2024 Q3,gdp_growth,2,2.894796577493192,MIDAS-Latent (trend),2024-09-30,Other,1.7249375962080649,1.169858981285127
Cutoff +2m,2,129,2024 Q1,2024 Q4,gdp_growth,3,1.8165414227443968,AR(2),2024-12-31,Other,1.3156274812899935,0.5009139414544028
Cutoff +2m,2,129,2024 Q1,2024 Q4,gdp_growth,3,1.265459600030043,MF-VAR,2024-12-31,Other,1.3156274812899935,-0.0501678812599504
Cutoff +2m,2,129,2024 Q1,2024 Q4,gdp_growth,3,6.702368965479701,MF-VAR (manual),2024-12-31,Other,1.3156274812899935,5.386741484189708
Cutoff +2m,2,129,2024 Q1,2024 Q4,gdp_growth,3,2.240428311139614,MIDAS,2024-12-31,Other,1.3156274812899935,0.9248008298496204
Cutoff +2m,2,129,2024 Q1,2024 Q4,gdp_growth,3,1.879353154799404,MIDAS (trend),2024-12-31,Other,1.3156274812899935,0.56372567350941
Cutoff +2m,2,129,2024 Q1,2024 Q4,gdp_growth,3,2.883975848853681,MIDAS-Latent,2024-12-31,Other,1.3156274812899935,1.5683483675636871
Cutoff +2m,2,129,2024 Q1,2024 Q4,gdp_growth,3,2.878724402159869,MIDAS-Latent (trend),2024-12-31,Other,1.3156274812899935,1.5630969208698753
Cutoff +2m,2,129,2024 Q1,2025 Q1,gdp_growth,4,1.8076166108181853,AR(2),2025-03-31,1-year ahead,2.243007314440604,-0.4353907036224185
Cutoff +2m,2,129,2024 Q1,2025 Q1,gdp_growth,4,1.0011996923043849,MF-VAR,2025-03-31,1-year ahead,2.243007314440604,-1.241807622136219
Cutoff +2m,2,129,2024 Q1,2025 Q1,gdp_growth,4,6.481315082301549,MF-VAR (manual),2025-03-31,1-year ahead,2.243007314440604,4.238307767860945
Cutoff +2m,2,129,2024 Q1,2025 Q1,gdp_growth,4,2.1894918254340743,MIDAS,2025-03-31,1-year ahead,2.243007314440604,-0.0535154890065294
Cutoff +2m,2,129,2024 Q1,2025 Q1,gdp_growth,4,1.8227926151977272,MIDAS (trend),2025-03-31,1-year ahead,2.243007314440604,-0.4202146992428766
Cutoff +2m,2,129,2024 Q1,2025 Q1,gdp_growth,4,2.884500800151251,MIDAS-Latent,2025-03-31,1-year ahead,2.243007314440604,0.6414934857106473
Cutoff +2m,2,129,2024 Q1,2025 Q1,gdp_growth,4,2.879168735233234,MIDAS-Latent (trend),2025-03-31,1-year ahead,2.243007314440604,0.63616142079263
Cutoff +2m,2,129,2024 Q1,2024 Q2,inflation,1,1.074861853522473,AR(2),2024-06-30,1-step ahead,1.3948747405589046,-0.3200128870364316
Cutoff +2m,2,129,2024 Q1,2024 Q2,inflation,1,0.9572236561837972,MF-VAR,2024-06-30,1-step ahead,1.3948747405589046,-0.4376510843751072
Cutoff +2m,2,129,2024 Q1,2024 Q2,inflation,1,1.6254914948261376,MF-VAR (manual),2024-06-30,1-step ahead,1.3948747405589046,0.230616754267233
Cutoff +2m,2,129,2024 Q1,2024 Q2,inflation,1,1.1432964755543933,MIDAS,2024-06-30,1-step ahead,1.3948747405589046,-0.2515782650045113
Cutoff +2m,2,129,2024 Q1,2024 Q2,inflation,1,0.9394366965832224,MIDAS (trend),2024-06-30,1-step ahead,1.3948747405589046,-0.4554380439756823
Cutoff +2m,2,129,2024 Q1,2024 Q2,inflation,1,0.8069733422888393,MIDAS-Latent,2024-06-30,1-step ahead,1.3948747405589046,-0.5879013982700653
Cutoff +2m,2,129,2024 Q1,2024 Q2,inflation,1,0.8255401996419798,MIDAS-Latent (trend),2024-06-30,1-step ahead,1.3948747405589046,-0.5693345409169248
Cutoff +2m,2,129,2024 Q1,2024 Q3,inflation,2,0.970475422528216,AR(2),2024-09-30,Other,0.0458441151209854,0.9246313074072304
Cutoff +2m,2,129,2024 Q1,2024 Q3,inflation,2,0.961100695244464,MF-VAR,2024-09-30,Other,0.0458441151209854,0.9152565801234788
Cutoff +2m,2,129,2024 Q1,2024 Q3,inflation,2,1.639514484954071,MF-VAR (manual),2024-09-30,Other,0.0458441151209854,1.5936703698330856
Cutoff +2m,2,129,2024 Q1,2024 Q3,inflation,2,0.926879175595858,MIDAS,2024-09-30,Other,0.0458441151209854,0.8810350604748726
Cutoff +2m,2,129,2024 Q1,2024 Q3,inflation,2,0.7338488631524208,MIDAS (trend),2024-09-30,Other,0.0458441151209854,0.6880047480314354
Cutoff +2m,2,129,2024 Q1,2024 Q3,inflation,2,0.8069942713448791,MIDAS-Latent,2024-09-30,Other,0.0458441151209854,0.7611501562238937
Cutoff +2m,2,129,2024 Q1,2024 Q3,inflation,2,0.825487104840067,MIDAS-Latent (trend),2024-09-30,Other,0.0458441151209854,0.7796429897190816
Cutoff +2m,2,129,2024 Q1,2024 Q4,inflation,3,0.9039389621192032,AR(2),2024-12-31,Other,-0.0252750777541166,0.92921403987332
Cutoff +2m,2,129,2024 Q1,2024 Q4,inflation,3,0.2843731705397608,MF-VAR,2024-12-31,Other,-0.0252750777541166,0.3096482482938775
Cutoff +2m,2,129,2024 Q1,2024 Q4,inflation,3,1.784648897146318,MF-VAR (manual),2024-12-31,Other,-0.0252750777541166,1.8099239749004343
Cutoff +2m,2,129,2024 Q1,2024 Q4,inflation,3,0.9032749558403056,MIDAS,2024-12-31,Other,-0.0252750777541166,0.928550033594422
Cutoff +2m,2,129,2024 Q1,2024 Q4,inflation,3,0.6292519864208336,MIDAS (trend),2024-12-31,Other,-0.0252750777541166,0.6545270641749502
Cutoff +2m,2,129,2024 Q1,2024 Q4,inflation,3,0.8070182630596557,MIDAS-Latent,2024-12-31,Other,-0.0252750777541166,0.8322933408137724
Cutoff +2m,2,129,2024 Q1,2024 Q4,inflation,3,0.8254034392369644,MIDAS-Latent (trend),2024-12-31,Other,-0.0252750777541166,0.850678516991081
Cutoff +2m,2,129,2024 Q1,2025 Q1,inflation,4,0.8586123290565986,AR(2),2025-03-31,1-year ahead,0.0204794402812069,0.8381328887753916
Cutoff +2m,2,129,2024 Q1,2025 Q1,inflation,4,0.1181235639711637,MF-VAR,2025-03-31,1-year ahead,0.0204794402812069,0.0976441236899567
Cutoff +2m,2,129,2024 Q1,2025 Q1,inflation,4,1.5926639286573123,MF-VAR (manual),2025-03-31,1-year ahead,0.0204794402812069,1.5721844883761054
Cutoff +2m,2,129,2024 Q1,2025 Q1,inflation,4,0.8157743383323236,MIDAS,2025-03-31,1-year ahead,0.0204794402812069,0.7952948980511166
Cutoff +2m,2,129,2024 Q1,2025 Q1,inflation,4,0.5466297292811679,MIDAS (trend),2025-03-31,1-year ahead,0.0204794402812069,0.526150288999961
Cutoff +2m,2,129,2024 Q1,2025 Q1,inflation,4,0.8070182617875026,MIDAS-Latent,2025-03-31,1-year ahead,0.0204794402812069,0.7865388215062956
Cutoff +2m,2,129,2024 Q1,2025 Q1,inflation,4,0.8256811043688866,MIDAS-Latent (trend),2025-03-31,1-year ahead,0.0204794402812069,0.8052016640876797
Cutoff +2m,2,130,2024 Q2,2024 Q3,exch_rate,1,-0.0265882633177475,AR(2),2024-09-30,1-step ahead,-0.0499588177936345,0.023370554475887
Cutoff +2m,2,130,2024 Q2,2024 Q3,exch_rate,1,-0.0235660702860367,MF-VAR,2024-09-30,1-step ahead,-0.0499588177936345,0.0263927475075977
Cutoff +2m,2,130,2024 Q2,2024 Q3,exch_rate,1,0.9542261280512222,MF-VAR (manual),2024-09-30,1-step ahead,-0.0499588177936345,1.0041849458448568
Cutoff +2m,2,130,2024 Q2,2024 Q3,exch_rate,1,-0.0601576423146046,MIDAS,2024-09-30,1-step ahead,-0.0499588177936345,-0.01019882452097
Cutoff +2m,2,130,2024 Q2,2024 Q3,exch_rate,1,-0.0589466331987599,MIDAS (trend),2024-09-30,1-step ahead,-0.0499588177936345,-0.0089878154051253
Cutoff +2m,2,130,2024 Q2,2024 Q3,exch_rate,1,-0.0595085227143406,MIDAS-Latent,2024-09-30,1-step ahead,-0.0499588177936345,-0.0095497049207061
Cutoff +2m,2,130,2024 Q2,2024 Q3,exch_rate,1,-0.0353486820475762,MIDAS-Latent (trend),2024-09-30,1-step ahead,-0.0499588177936345,0.0146101357460582
Cutoff +2m,2,130,2024 Q2,2024 Q4,exch_rate,2,-0.0267514677692005,AR(2),2024-12-31,Other,-0.0661682155181257,0.0394167477489251
Cutoff +2m,2,130,2024 Q2,2024 Q4,exch_rate,2,-0.0266616681600279,MF-VAR,2024-12-31,Other,-0.0661682155181257,0.0395065473580977
Cutoff +2m,2,130,2024 Q2,2024 Q4,exch_rate,2,0.9495945333893904,MF-VAR (manual),2024-12-31,Other,-0.0661682155181257,1.0157627489075165
Cutoff +2m,2,130,2024 Q2,2024 Q4,exch_rate,2,-0.0368861348409365,MIDAS,2024-12-31,Other,-0.0661682155181257,0.0292820806771891
Cutoff +2m,2,130,2024 Q2,2024 Q4,exch_rate,2,-0.0375270427741382,MIDAS (trend),2024-12-31,Other,-0.0661682155181257,0.0286411727439874
Cutoff +2m,2,130,2024 Q2,2024 Q4,exch_rate,2,-0.0345341249520017,MIDAS-Latent,2024-12-31,Other,-0.0661682155181257,0.0316340905661239
Cutoff +2m,2,130,2024 Q2,2024 Q4,exch_rate,2,-0.0411587852771871,MIDAS-Latent (trend),2024-12-31,Other,-0.0661682155181257,0.0250094302409385
Cutoff +2m,2,130,2024 Q2,2025 Q1,exch_rate,3,-0.0297871270725484,AR(2),2025-03-31,Other,-0.0556309255821735,0.025843798509625
Cutoff +2m,2,130,2024 Q2,2025 Q1,exch_rate,3,-0.0247823960706167,MF-VAR,2025-03-31,Other,-0.0556309255821735,0.0308485295115567
Cutoff +2m,2,130,2024 Q2,2025 Q1,exch_rate,3,0.9443734793819396,MF-VAR (manual),2025-03-31,Other,-0.0556309255821735,1.000004404964113
Cutoff +2m,2,130,2024 Q2,2025 Q1,exch_rate,3,-0.0699790088741124,MIDAS,2025-03-31,Other,-0.0556309255821735,-0.0143480832919389
Cutoff +2m,2,130,2024 Q2,2025 Q1,exch_rate,3,-0.0671309016428721,MIDAS (trend),2025-03-31,Other,-0.0556309255821735,-0.0114999760606985
Cutoff +2m,2,130,2024 Q2,2025 Q1,exch_rate,3,-0.0668302176985286,MIDAS-Latent,2025-03-31,Other,-0.0556309255821735,-0.011199292116355
Cutoff +2m,2,130,2024 Q2,2025 Q1,exch_rate,3,-0.0456766652771776,MIDAS-Latent (trend),2025-03-31,Other,-0.0556309255821735,0.0099542603049958
Cutoff +2m,2,130,2024 Q2,2025 Q2,exch_rate,4,-0.0301041172986884,AR(2),2025-06-30,1-year ahead,-0.0649137026204541,0.0348095853217656
Cutoff +2m,2,130,2024 Q2,2025 Q2,exch_rate,4,-0.0220040550523642,MF-VAR,2025-06-30,1-year ahead,-0.0649137026204541,0.0429096475680899
Cutoff +2m,2,130,2024 Q2,2025 Q2,exch_rate,4,0.9363475606487608,MF-VAR (manual),2025-06-30,1-year ahead,-0.0649137026204541,1.0012612632692148
Cutoff +2m,2,130,2024 Q2,2025 Q2,exch_rate,4,-0.0468941451455872,MIDAS,2025-06-30,1-year ahead,-0.0649137026204541,0.0180195574748669
Cutoff +2m,2,130,2024 Q2,2025 Q2,exch_rate,4,-0.048172884570097,MIDAS (trend),2025-06-30,1-year ahead,-0.0649137026204541,0.0167408180503571
Cutoff +2m,2,130,2024 Q2,2025 Q2,exch_rate,4,-0.0421728326574744,MIDAS-Latent,2025-06-30,1-year ahead,-0.0649137026204541,0.0227408699629796
Cutoff +2m,2,130,2024 Q2,2025 Q2,exch_rate,4,-0.0502992064422493,MIDAS-Latent (trend),2025-06-30,1-year ahead,-0.0649137026204541,0.0146144961782048
Cutoff +2m,2,130,2024 Q2,2024 Q3,gdp_growth,1,1.639321662007699,AR(2),2024-09-30,1-step ahead,1.7249375962080649,-0.0856159342003661
Cutoff +2m,2,130,2024 Q2,2024 Q3,gdp_growth,1,0.4004547122242123,MF-VAR,2024-09-30,1-step ahead,1.7249375962080649,-1.3244828839838525
Cutoff +2m,2,130,2024 Q2,2024 Q3,gdp_growth,1,1.022262176119793,MF-VAR (manual),2024-09-30,1-step ahead,1.7249375962080649,-0.7026754200882719
Cutoff +2m,2,130,2024 Q2,2024 Q3,gdp_growth,1,1.2615543464486152,MIDAS,2024-09-30,1-step ahead,1.7249375962080649,-0.4633832497594496
Cutoff +2m,2,130,2024 Q2,2024 Q3,gdp_growth,1,0.8328240103711723,MIDAS (trend),2024-09-30,1-step ahead,1.7249375962080649,-0.8921135858368926
Cutoff +2m,2,130,2024 Q2,2024 Q3,gdp_growth,1,2.2750439502605406,MIDAS-Latent,2024-09-30,1-step ahead,1.7249375962080649,0.5501063540524758
Cutoff +2m,2,130,2024 Q2,2024 Q3,gdp_growth,1,2.2789157955723973,MIDAS-Latent (trend),2024-09-30,1-step ahead,1.7249375962080649,0.5539781993643325
Cutoff +2m,2,130,2024 Q2,2024 Q4,gdp_growth,2,1.8017475659958448,AR(2),2024-12-31,Other,1.3156274812899935,0.4861200847058509
Cutoff +2m,2,130,2024 Q2,2024 Q4,gdp_growth,2,0.3282492685698901,MF-VAR,2024-12-31,Other,1.3156274812899935,-0.9873782127201036
Cutoff +2m,2,130,2024 Q2,2024 Q4,gdp_growth,2,1.0286472570144665,MF-VAR (manual),2024-12-31,Other,1.3156274812899935,-0.2869802242755273
Cutoff +2m,2,130,2024 Q2,2024 Q4,gdp_growth,2,1.8743857290961337,MIDAS,2024-12-31,Other,1.3156274812899935,0.5587582478061401
Cutoff +2m,2,130,2024 Q2,2024 Q4,gdp_growth,2,1.4700465644196008,MIDAS (trend),2024-12-31,Other,1.3156274812899935,0.154419083129607
Cutoff +2m,2,130,2024 Q2,2024 Q4,gdp_growth,2,2.2478904850401937,MIDAS-Latent,2024-12-31,Other,1.3156274812899935,0.9322630037502
Cutoff +2m,2,130,2024 Q2,2024 Q4,gdp_growth,2,2.251800148459062,MIDAS-Latent (trend),2024-12-31,Other,1.3156274812899935,0.9361726671690688
Cutoff +2m,2,130,2024 Q2,2025 Q1,gdp_growth,3,1.8112308644141004,AR(2),2025-03-31,Other,2.243007314440604,-0.4317764500265033
Cutoff +2m,2,130,2024 Q2,2025 Q1,gdp_growth,3,0.6547842678848286,MF-VAR,2025-03-31,Other,2.243007314440604,-1.5882230465557752
Cutoff +2m,2,130,2024 Q2,2025 Q1,gdp_growth,3,1.4177763148244216,MF-VAR (manual),2025-03-31,Other,2.243007314440604,-0.8252309996161822
Cutoff +2m,2,130,2024 Q2,2025 Q1,gdp_growth,3,1.8562674168123332,MIDAS,2025-03-31,Other,2.243007314440604,-0.3867398976282703
Cutoff +2m,2,130,2024 Q2,2025 Q1,gdp_growth,3,1.4343818579542469,MIDAS (trend),2025-03-31,Other,2.243007314440604,-0.8086254564863569
Cutoff +2m,2,130,2024 Q2,2025 Q1,gdp_growth,3,2.2518918165046906,MIDAS-Latent,2025-03-31,Other,2.243007314440604,0.0088845020640868
Cutoff +2m,2,130,2024 Q2,2025 Q1,gdp_growth,3,2.255913957612929,MIDAS-Latent (trend),2025-03-31,Other,2.243007314440604,0.0129066431723252
Cutoff +2m,2,130,2024 Q2,2025 Q2,gdp_growth,4,1.7999417880837747,AR(2),2025-06-30,1-year ahead,-0.09620412701139,1.8961459150951647
Cutoff +2m,2,130,2024 Q2,2025 Q2,gdp_growth,4,1.212048596452102,MF-VAR,2025-06-30,1-year ahead,-0.09620412701139,1.308252723463492
Cutoff +2m,2,130,2024 Q2,2025 Q2,gdp_growth,4,0.2079682183943698,MF-VAR (manual),2025-06-30,1-year ahead,-0.09620412701139,0.3041723454057599
Cutoff +2m,2,130,2024 Q2,2025 Q2,gdp_growth,4,1.8721640450996229,MIDAS,2025-06-30,1-year ahead,-0.09620412701139,1.968368172111013
Cutoff +2m,2,130,2024 Q2,2025 Q2,gdp_growth,4,1.4448081723433517,MIDAS (trend),2025-06-30,1-year ahead,-0.09620412701139,1.5410122993547417
Cutoff +2m,2,130,2024 Q2,2025 Q2,gdp_growth,4,2.251546906790343,MIDAS-Latent,2025-06-30,1-year ahead,-0.09620412701139,2.347751033801733
Cutoff +2m,2,130,2024 Q2,2025 Q2,gdp_growth,4,2.2556292363384123,MIDAS-Latent (trend),2025-06-30,1-year ahead,-0.09620412701139,2.3518333633498023
Cutoff +2m,2,130,2024 Q2,2024 Q3,inflation,1,1.1285279579742802,AR(2),2024-09-30,1-step ahead,0.0458441151209854,1.0826838428532948
Cutoff +2m,2,130,2024 Q2,2024 Q3,inflation,1,0.197077377945843,MF-VAR,2024-09-30,1-step ahead,0.0458441151209854,0.1512332628248576
Cutoff +2m,2,130,2024 Q2,2024 Q3,inflation,1,1.3234381756857898,MF-VAR (manual),2024-09-30,1-step ahead,0.0458441151209854,1.2775940605648044
Cutoff +2m,2,130,2024 Q2,2024 Q3,inflation,1,0.841389402300904,MIDAS,2024-09-30,1-step ahead,0.0458441151209854,0.7955452871799186
Cutoff +2m,2,130,2024 Q2,2024 Q3,inflation,1,0.6498248603052771,MIDAS (trend),2024-09-30,1-step ahead,0.0458441151209854,0.6039807451842917
Cutoff +2m,2,130,2024 Q2,2024 Q3,inflation,1,1.39400218236815,MIDAS-Latent,2024-09-30,1-step ahead,0.0458441151209854,1.3481580672471645
Cutoff +2m,2,130,2024 Q2,2024 Q3,inflation,1,1.4201861170423775,MIDAS-Latent (trend),2024-09-30,1-step ahead,0.0458441151209854,1.3743420019213923
Cutoff +2m,2,130,2024 Q2,2024 Q4,inflation,2,1.0232629667027502,AR(2),2024-12-31,Other,-0.0252750777541166,1.0485380444568668
Cutoff +2m,2,130,2024 Q2,2024 Q4,inflation,2,0.2032122835731329,MF-VAR,2024-12-31,Other,-0.0252750777541166,0.2284873613272495
Cutoff +2m,2,130,2024 Q2,2024 Q4,inflation,2,1.3548326769340269,MF-VAR (manual),2024-12-31,Other,-0.0252750777541166,1.3801077546881435
Cutoff +2m,2,130,2024 Q2,2024 Q4,inflation,2,1.0167097935740692,MIDAS,2024-12-31,Other,-0.0252750777541166,1.0419848713281858
Cutoff +2m,2,130,2024 Q2,2024 Q4,inflation,2,0.8332696135834012,MIDAS (trend),2024-12-31,Other,-0.0252750777541166,0.8585446913375179
Cutoff +2m,2,130,2024 Q2,2024 Q4,inflation,2,1.3951127293409062,MIDAS-Latent,2024-12-31,Other,-0.0252750777541166,1.4203878070950229
Cutoff +2m,2,130,2024 Q2,2024 Q4,inflation,2,1.42193288069182,MIDAS-Latent (trend),2024-12-31,Other,-0.0252750777541166,1.4472079584459363
Cutoff +2m,2,130,2024 Q2,2025 Q1,inflation,3,0.9386330491124244,AR(2),2025-03-31,Other,0.0204794402812069,0.9181536088312175
Cutoff +2m,2,130,2024 Q2,2025 Q1,inflation,3,-0.0803813767521482,MF-VAR,2025-03-31,Other,0.0204794402812069,-0.1008608170333552
Cutoff +2m,2,130,2024 Q2,2025 Q1,inflation,3,1.2640773879215257,MF-VAR (manual),2025-03-31,Other,0.0204794402812069,1.2435979476403185
Cutoff +2m,2,130,2024 Q2,2025 Q1,inflation,3,0.79239944397259,MIDAS,2025-03-31,Other,0.0204794402812069,0.771920003691383
Cutoff +2m,2,130,2024 Q2,2025 Q1,inflation,3,0.5394709381141619,MIDAS (trend),2025-03-31,Other,0.0204794402812069,0.518991497832955
Cutoff +2m,2,130,2024 Q2,2025 Q1,inflation,3,1.3951077136582726,MIDAS-Latent,2025-03-31,Other,0.0204794402812069,1.3746282733770656
Cutoff +2m,2,130,2024 Q2,2025 Q1,inflation,3,1.422495043149327,MIDAS-Latent (trend),2025-03-31,Other,0.0204794402812069,1.40201560286812
Cutoff +2m,2,130,2024 Q2,2025 Q2,inflation,4,0.8842620810634031,AR(2),2025-06-30,1-year ahead,0.0822912331411629,0.8019708479222402
Cutoff +2m,2,130,2024 Q2,2025 Q2,inflation,4,0.0084235980015334,MF-VAR,2025-06-30,1-year ahead,0.0822912331411629,-0.0738676351396294
Cutoff +2m,2,130,2024 Q2,2025 Q2,inflation,4,1.3259392143552429,MF-VAR (manual),2025-06-30,1-year ahead,0.0822912331411629,1.24364798121408
Cutoff +2m,2,130,2024 Q2,2025 Q2,inflation,4,0.8634513319639218,MIDAS,2025-06-30,1-year ahead,0.0822912331411629,0.7811600988227588
Cutoff +2m,2,130,2024 Q2,2025 Q2,inflation,4,0.6084534369275966,MIDAS (trend),2025-06-30,1-year ahead,0.0822912331411629,0.5261622037864336
Cutoff +2m,2,130,2024 Q2,2025 Q2,inflation,4,1.395114097359926,MIDAS-Latent,2025-06-30,1-year ahead,0.0822912331411629,1.3128228642187632
Cutoff +2m,2,130,2024 Q2,2025 Q2,inflation,4,1.4228909340648306,MIDAS-Latent (trend),2025-06-30,1-year ahead,0.0822912331411629,1.3405997009236676
