"CubeId";"snbnomu"
"PublishingDate";"2025-10-21 09:00"

"Date";"D0";"Value"
"1979-08";"5";"9"
"1979-08";"10";"382.2"
"1979-08";"20";"725.6"
"1979-08";"50";"953"
"1979-08";"100";"6171.7"
"1979-08";"200";
"1979-08";"500";"4276.4"
"1979-08";"1000";"8569.8"
"1979-08";"T";"21087.7"
"1979-08";"M";
"1979-09";"5";"9"
"1979-09";"10";"379.9"
"1979-09";"20";"725.3"
"1979-09";"50";"950.4"
"1979-09";"100";"6236.8"
"1979-09";"200";
"1979-09";"500";"4366.2"
"1979-09";"1000";"8816.3"
"1979-09";"T";"21483.9"
"1979-09";"M";
"1979-10";"5";"9"
"1979-10";"10";"374.6"
"1979-10";"20";"723.8"
"1979-10";"50";"945.1"
"1979-10";"100";"6201.1"
"1979-10";"200";
"1979-10";"500";"4303.1"
"1979-10";"1000";"8896.1"
"1979-10";"T";"21452.8"
"1979-10";"M";
"1979-11";"5";"9"
"1979-11";"10";"417.3"
"1979-11";"20";"728.5"
"1979-11";"50";"957.4"
"1979-11";"100";"6358"
"1979-11";"200";
"1979-11";"500";"4461.6"
"1979-11";"1000";"9220.8"
"1979-11";"T";"22152.6"
"1979-11";"M";
"1979-12";"5";"9"
"1979-12";"10";"429.2"
"1979-12";"20";"763"
"1979-12";"50";"1021.2"
"1979-12";"100";"6737"
"1979-12";"200";
"1979-12";"500";"4777.3"
"1979-12";"1000";"10024.2"
"1979-12";"T";"23760.9"
"1979-12";"M";
"1980-01";"5";"9"
"1980-01";"10";"404.8"
"1980-01";"20";"729.5"
"1980-01";"50";"968.5"
"1980-01";"100";"6270.5"
"1980-01";"200";
"1980-01";"500";"4354.9"
"1980-01";"1000";"9218.9"
"1980-01";"T";"21956.1"
"1980-01";"M";
"1980-02";"5";"9"
"1980-02";"10";"406.5"
"1980-02";"20";"724.9"
"1980-02";"50";"972.1"
"1980-02";"100";"6374.6"
"1980-02";"200";
"1980-02";"500";"4374.6"
"1980-02";"1000";"9156.1"
"1980-02";"T";"22017.8"
"1980-02";"M";
"1980-03";"5";"9"
"1980-03";"10";"410.4"
"1980-03";"20";"734.6"
"1980-03";"50";"1003.3"
"1980-03";"100";"6516.2"
"1980-03";"200";
"1980-03";"500";"4400.7"
"1980-03";"1000";"9133.3"
"1980-03";"T";"22207.5"
"1980-03";"M";
"1980-04";"5";"9"
"1980-04";"10";"406.8"
"1980-04";"20";"728.4"
"1980-04";"50";"985"
"1980-04";"100";"6428.7"
"1980-04";"200";
"1980-04";"500";"4362.5"
"1980-04";"1000";"9003.7"
"1980-04";"T";"21924.1"
"1980-04";"M";
"1980-05";"5";"9"
"1980-05";"10";"407.9"
"1980-05";"20";"733.6"
"1980-05";"50";"994.8"
"1980-05";"100";"6468.6"
"1980-05";"200";
"1980-05";"500";"4361.1"
"1980-05";"1000";"8935.1"
"1980-05";"T";"21910.1"
"1980-05";"M";
"1980-06";"5";"9"
"1980-06";"10";"412.9"
"1980-06";"20";"737.8"
"1980-06";"50";"1008.2"
"1980-06";"100";"6524.3"
"1980-06";"200";
"1980-06";"500";"4389"
"1980-06";"1000";"9061.4"
"1980-06";"T";"22142.6"
"1980-06";"M";
"1980-07";"5";"9"
"1980-07";"10";"408.9"
"1980-07";"20";"732.2"
"1980-07";"50";"1003.2"
"1980-07";"100";"6453.6"
"1980-07";"200";
"1980-07";"500";"4270.1"
"1980-07";"1000";"8708.1"
"1980-07";"T";"21585.1"
"1980-07";"M";
"1980-08";"5";"9"
"1980-08";"10";"409.2"
"1980-08";"20";"734.4"
"1980-08";"50";"1001.7"
"1980-08";"100";"6527.3"
"1980-08";"200";
"1980-08";"500";"4318.8"
"1980-08";"1000";"8789.1"
"1980-08";"T";"21789.5"
"1980-08";"M";
"1980-09";"5";"9"
"1980-09";"10";"408"
"1980-09";"20";"735.5"
"1980-09";"50";"997.7"
"1980-09";"100";"6524.8"
"1980-09";"200";
"1980-09";"500";"4317.6"
"1980-09";"1000";"8877.2"
"1980-09";"T";"21869.8"
"1980-09";"M";
"1980-10";"5";"9"
"1980-10";"10";"405.8"
"1980-10";"20";"733.4"
"1980-10";"50";"987.5"
"1980-10";"100";"6499.1"
"1980-10";"200";
"1980-10";"500";"4278.2"
"1980-10";"1000";"8885.4"
"1980-10";"T";"21798.4"
"1980-10";"M";
"1980-11";"5";"9"
"1980-11";"10";"407.5"
"1980-11";"20";"735.5"
"1980-11";"50";"994"
"1980-11";"100";"6621.1"
"1980-11";"200";
"1980-11";"500";"4441"
"1980-11";"1000";"9222.5"
"1980-11";"T";"22430.6"
"1980-11";"M";
"1980-12";"5";"9"
"1980-12";"10";"427.4"
"1980-12";"20";"773.5"
"1980-12";"50";"1060.9"
"1980-12";"100";"6983.4"
"1980-12";"200";
"1980-12";"500";"4688.8"
"1980-12";"1000";"10163.3"
"1980-12";"T";"24106.3"
"1980-12";"M";
"1981-01";"5";"9"
"1981-01";"10";"444"
"1981-01";"20";"748.4"
"1981-01";"50";"1015.3"
"1981-01";"100";"6589.6"
"1981-01";"200";
"1981-01";"500";"4369.9"
"1981-01";"1000";"9351.4"
"1981-01";"T";"22527.6"
"1981-01";"M";
"1981-02";"5";"9"
"1981-02";"10";"427.7"
"1981-02";"20";"734.8"
"1981-02";"50";"1014.2"
"1981-02";"100";"6622.6"
"1981-02";"200";
"1981-02";"500";"4357.4"
"1981-02";"1000";"9280.1"
"1981-02";"T";"22445.8"
"1981-02";"M";
"1981-03";"5";"9"
"1981-03";"10";"428.8"
"1981-03";"20";"743.8"
"1981-03";"50";"1022.7"
"1981-03";"100";"6679"
"1981-03";"200";
"1981-03";"500";"4324.9"
"1981-03";"1000";"9133.9"
"1981-03";"T";"22342.1"
"1981-03";"M";
"1981-04";"5";"9"
"1981-04";"10";"424.7"
"1981-04";"20";"745.8"
"1981-04";"50";"1025.5"
"1981-04";"100";"6681.5"
"1981-04";"200";
"1981-04";"500";"4314.5"
"1981-04";"1000";"9103.9"
"1981-04";"T";"22304.9"
"1981-04";"M";
"1981-05";"5";"9"
"1981-05";"10";"423.6"
"1981-05";"20";"749.6"
"1981-05";"50";"1028.2"
"1981-05";"100";"6715.9"
"1981-05";"200";
"1981-05";"500";"4339.2"
"1981-05";"1000";"9120.2"
"1981-05";"T";"22385.7"
"1981-05";"M";
"1981-06";"5";"9"
"1981-06";"10";"426.6"
"1981-06";"20";"756.5"
"1981-06";"50";"1053.1"
"1981-06";"100";"6737.3"
"1981-06";"200";
"1981-06";"500";"4299.8"
"1981-06";"1000";"9154.2"
"1981-06";"T";"22436.5"
"1981-06";"M";
"1981-07";"5";"9"
"1981-07";"10";"425.2"
"1981-07";"20";"752.8"
"1981-07";"50";"1050.3"
"1981-07";"100";"6662"
"1981-07";"200";
"1981-07";"500";"4181.2"
"1981-07";"1000";"8645.7"
"1981-07";"T";"21726.2"
"1981-07";"M";
"1981-08";"5";"9"
"1981-08";"10";"423.9"
"1981-08";"20";"754.4"
"1981-08";"50";"1049.1"
"1981-08";"100";"6757.5"
"1981-08";"200";
"1981-08";"500";"4217.9"
"1981-08";"1000";"8664.1"
"1981-08";"T";"21875.9"
"1981-08";"M";
"1981-09";"5";"9"
"1981-09";"10";"422.7"
"1981-09";"20";"753.6"
"1981-09";"50";"1037.3"
"1981-09";"100";"6731.7"
"1981-09";"200";
"1981-09";"500";"4206.6"
"1981-09";"1000";"8725.1"
"1981-09";"T";"21886"
"1981-09";"M";
"1981-10";"5";"9"
"1981-10";"10";"420.5"
"1981-10";"20";"751.1"
"1981-10";"50";"1022.8"
"1981-10";"100";"6709.3"
"1981-10";"200";
"1981-10";"500";"4176.1"
"1981-10";"1000";"8662.9"
"1981-10";"T";"21751.7"
"1981-10";"M";
"1981-11";"5";"9"
"1981-11";"10";"420.6"
"1981-11";"20";"751.2"
"1981-11";"50";"1022.9"
"1981-11";"100";"6781.3"
"1981-11";"200";
"1981-11";"500";"4267.5"
"1981-11";"1000";"8866.3"
"1981-11";"T";"22118.8"
"1981-11";"M";
"1981-12";"5";"9"
"1981-12";"10";"438.5"
"1981-12";"20";"785.5"
"1981-12";"50";"1082.3"
"1981-12";"100";"7054"
"1981-12";"200";
"1981-12";"500";"4426.4"
"1981-12";"1000";"9541"
"1981-12";"T";"23336.7"
"1981-12";"M";
"1982-01";"5";"9"
"1982-01";"10";"426.6"
"1982-01";"20";"759.4"
"1982-01";"50";"1036.5"
"1982-01";"100";"6712.7"
"1982-01";"200";
"1982-01";"500";"4193.7"
"1982-01";"1000";"8970.6"
"1982-01";"T";"22108.5"
"1982-01";"M";
"1982-02";"5";"9"
"1982-02";"10";"425.3"
"1982-02";"20";"756.2"
"1982-02";"50";"1038"
"1982-02";"100";"6707.2"
"1982-02";"200";
"1982-02";"500";"4201.4"
"1982-02";"1000";"8899.7"
"1982-02";"T";"22036.8"
"1982-02";"M";
"1982-03";"5";"9"
"1982-03";"10";"428.3"
"1982-03";"20";"762"
"1982-03";"50";"1052.9"
"1982-03";"100";"6796.8"
"1982-03";"200";
"1982-03";"500";"4145.8"
"1982-03";"1000";"8833.5"
"1982-03";"T";"22028.3"
"1982-03";"M";
"1982-04";"5";"9"
"1982-04";"10";"426.6"
"1982-04";"20";"758.9"
"1982-04";"50";"1040.5"
"1982-04";"100";"6800"
"1982-04";"200";
"1982-04";"500";"4165.3"
"1982-04";"1000";"8861.3"
"1982-04";"T";"22061.6"
"1982-04";"M";
"1982-05";"5";"9"
"1982-05";"10";"430.5"
"1982-05";"20";"765.5"
"1982-05";"50";"1051.2"
"1982-05";"100";"6849.1"
"1982-05";"200";
"1982-05";"500";"4212.2"
"1982-05";"1000";"9004.4"
"1982-05";"T";"22321.9"
"1982-05";"M";
"1982-06";"5";"9"
"1982-06";"10";"436.5"
"1982-06";"20";"773.4"
"1982-06";"50";"1066.3"
"1982-06";"100";"6858.3"
"1982-06";"200";
"1982-06";"500";"4197.3"
"1982-06";"1000";"9204.9"
"1982-06";"T";"22545.7"
"1982-06";"M";
"1982-07";"5";"9"
"1982-07";"10";"435.7"
"1982-07";"20";"771.5"
"1982-07";"50";"1066.1"
"1982-07";"100";"6829.9"
"1982-07";"200";
"1982-07";"500";"4132.6"
"1982-07";"1000";"8846.2"
"1982-07";"T";"22091"
"1982-07";"M";
"1982-08";"5";"9"
"1982-08";"10";"433.8"
"1982-08";"20";"771.2"
"1982-08";"50";"1059.1"
"1982-08";"100";"6850"
"1982-08";"200";
"1982-08";"500";"4145.8"
"1982-08";"1000";"8889.9"
"1982-08";"T";"22158.8"
"1982-08";"M";
"1982-09";"5";"9"
"1982-09";"10";"435.2"
"1982-09";"20";"773.9"
"1982-09";"50";"1061.4"
"1982-09";"100";"6891.4"
"1982-09";"200";
"1982-09";"500";"4165"
"1982-09";"1000";"9179.9"
"1982-09";"T";"22515.8"
"1982-09";"M";
"1982-10";"5";"9"
"1982-10";"10";"434.2"
"1982-10";"20";"774.1"
"1982-10";"50";"1052.7"
"1982-10";"100";"6915.7"
"1982-10";"200";
"1982-10";"500";"4190.4"
"1982-10";"1000";"9311.5"
"1982-10";"T";"22687.6"
"1982-10";"M";
"1982-11";"5";"9"
"1982-11";"10";"436.7"
"1982-11";"20";"777.8"
"1982-11";"50";"1056.4"
"1982-11";"100";"7004.6"
"1982-11";"200";
"1982-11";"500";"4277"
"1982-11";"1000";"9591.6"
"1982-11";"T";"23153.1"
"1982-11";"M";
"1982-12";"5";"9"
"1982-12";"10";"451.2"
"1982-12";"20";"804.7"
"1982-12";"50";"1106.4"
"1982-12";"100";"7216"
"1982-12";"200";
"1982-12";"500";"4409.4"
"1982-12";"1000";"10480.3"
"1982-12";"T";"24477"
"1982-12";"M";
"1983-01";"5";"9"
"1983-01";"10";"439.3"
"1983-01";"20";"778.9"
"1983-01";"50";"1063"
"1983-01";"100";"6889"
"1983-01";"200";
"1983-01";"500";"4149.9"
"1983-01";"1000";"9715.9"
"1983-01";"T";"23045"
"1983-01";"M";
"1983-02";"5";"9"
"1983-02";"10";"436.7"
"1983-02";"20";"772.5"
"1983-02";"50";"1063.2"
"1983-02";"100";"6870.4"
"1983-02";"200";
"1983-02";"500";"4145.3"
"1983-02";"1000";"9674.3"
"1983-02";"T";"22971.4"
"1983-02";"M";
"1983-03";"5";"9"
"1983-03";"10";"445.4"
"1983-03";"20";"787.6"
"1983-03";"50";"1097.4"
"1983-03";"100";"7093.8"
"1983-03";"200";
"1983-03";"500";"4157.1"
"1983-03";"1000";"9815.3"
"1983-03";"T";"23405.6"
"1983-03";"M";
"1983-04";"5";"9"
"1983-04";"10";"440.9"
"1983-04";"20";"779.5"
"1983-04";"50";"1075"
"1983-04";"100";"6978.2"
"1983-04";"200";
"1983-04";"500";"4141.2"
"1983-04";"1000";"9773.9"
"1983-04";"T";"23197.7"
"1983-04";"M";
"1983-05";"5";"9"
"1983-05";"10";"444"
"1983-05";"20";"782.5"
"1983-05";"50";"1079.1"
"1983-05";"100";"6951.8"
"1983-05";"200";
"1983-05";"500";"4103.9"
"1983-05";"1000";"9631.2"
"1983-05";"T";"23001.5"
"1983-05";"M";
"1983-06";"5";"9"
"1983-06";"10";"448.5"
"1983-06";"20";"787.9"
"1983-06";"50";"1090.4"
"1983-06";"100";"6972.6"
"1983-06";"200";
"1983-06";"500";"4121.7"
"1983-06";"1000";"9817"
"1983-06";"T";"23247.1"
"1983-06";"M";
"1983-07";"5";"9"
"1983-07";"10";"446.9"
"1983-07";"20";"784.1"
"1983-07";"50";"1085"
"1983-07";"100";"6922"
"1983-07";"200";
"1983-07";"500";"4080.3"
"1983-07";"1000";"9490.7"
"1983-07";"T";"22818"
"1983-07";"M";
"1983-08";"5";"9"
"1983-08";"10";"446.5"
"1983-08";"20";"784.2"
"1983-08";"50";"1082.8"
"1983-08";"100";"6926.3"
"1983-08";"200";
"1983-08";"500";"4048.9"
"1983-08";"1000";"9376"
"1983-08";"T";"22673.7"
"1983-08";"M";
"1983-09";"5";"9"
"1983-09";"10";"446.7"
"1983-09";"20";"785.6"
"1983-09";"50";"1082.5"
"1983-09";"100";"7000.2"
"1983-09";"200";
"1983-09";"500";"4081.4"
"1983-09";"1000";"9549.2"
"1983-09";"T";"22954.6"
"1983-09";"M";
"1983-10";"5";"9"
"1983-10";"10";"446.6"
"1983-10";"20";"787.4"
"1983-10";"50";"1076.8"
"1983-10";"100";"6983.4"
"1983-10";"200";
"1983-10";"500";"4077.1"
"1983-10";"1000";"9559.1"
"1983-10";"T";"22939.4"
"1983-10";"M";
"1983-11";"5";"9"
"1983-11";"10";"447.2"
"1983-11";"20";"787.6"
"1983-11";"50";"1078.8"
"1983-11";"100";"7038.1"
"1983-11";"200";
"1983-11";"500";"4140.1"
"1983-11";"1000";"9789.8"
"1983-11";"T";"23290.6"
"1983-11";"M";
"1983-12";"5";"9"
"1983-12";"10";"463.2"
"1983-12";"20";"819.1"
"1983-12";"50";"1129.9"
"1983-12";"100";"7310.3"
"1983-12";"200";
"1983-12";"500";"4331.2"
"1983-12";"1000";"10696.7"
"1983-12";"T";"24759.4"
"1983-12";"M";
"1984-01";"5";"9"
"1984-01";"10";"449.6"
"1984-01";"20";"791.1"
"1984-01";"50";"1086.5"
"1984-01";"100";"6940.2"
"1984-01";"200";
"1984-01";"500";"4077.7"
"1984-01";"1000";"9940.4"
"1984-01";"T";"23294.5"
"1984-01";"M";"1342.279808"
"1984-02";"5";"9"
"1984-02";"10";"448.7"
"1984-02";"20";"787.8"
"1984-02";"50";"1088.5"
"1984-02";"100";"6941.6"
"1984-02";"200";
"1984-02";"500";"4065"
"1984-02";"1000";"9869.7"
"1984-02";"T";"23210.3"
"1984-02";"M";"1344.195279"
"1984-03";"5";"9"
"1984-03";"10";"451.4"
"1984-03";"20";"793.4"
"1984-03";"50";"1100.3"
"1984-03";"100";"7043.3"
"1984-03";"200";
"1984-03";"500";"4076"
"1984-03";"1000";"10035.7"
"1984-03";"T";"23509.1"
"1984-03";"M";"1325.065144"
"1984-04";"5";"9"
"1984-04";"10";"453.1"
"1984-04";"20";"795.6"
"1984-04";"50";"1103.4"
"1984-04";"100";"7035.9"
"1984-04";"200";
"1984-04";"500";"4082.4"
"1984-04";"1000";"9980.4"
"1984-04";"T";"23459.8"
"1984-04";"M";"1331.499312"
"1984-05";"5";"9"
"1984-05";"10";"454"
"1984-05";"20";"796.2"
"1984-05";"50";"1103"
"1984-05";"100";"7016.7"
"1984-05";"200";
"1984-05";"500";"4070.3"
"1984-05";"1000";"10047"
"1984-05";"T";"23496.2"
"1984-05";"M";"1338.233687"
"1984-06";"5";"9"
"1984-06";"10";"458.7"
"1984-06";"20";"804.7"
"1984-06";"50";"1119.4"
"1984-06";"100";"7093.5"
"1984-06";"200";
"1984-06";"500";"4119.5"
"1984-06";"1000";"10365.3"
"1984-06";"T";"23970.1"
"1984-06";"M";"1341.835385"
"1984-07";"5";"9"
"1984-07";"10";"457"
"1984-07";"20";"799.5"
"1984-07";"50";"1116.6"
"1984-07";"100";"7005"
"1984-07";"200";
"1984-07";"500";"4040"
"1984-07";"1000";"9942.7"
"1984-07";"T";"23369.8"
"1984-07";"M";"1338.940412"
"1984-08";"5";"9"
"1984-08";"10";"458.9"
"1984-08";"20";"805.4"
"1984-08";"50";"1120"
"1984-08";"100";"7073.8"
"1984-08";"200";
"1984-08";"500";"4033.5"
"1984-08";"1000";"9889.8"
"1984-08";"T";"23390.4"
"1984-08";"M";"1347.075422"
"1984-09";"5";"9"
"1984-09";"10";"458.8"
"1984-09";"20";"806.6"
"1984-09";"50";"1112.8"
"1984-09";"100";"7095.9"
"1984-09";"200";
"1984-09";"500";"4087.2"
"1984-09";"1000";"10142.8"
"1984-09";"T";"23713.1"
"1984-09";"M";"1351.740216"
"1984-10";"5";"9"
"1984-10";"10";"456.4"
"1984-10";"20";"801.7"
"1984-10";"50";"1101.7"
"1984-10";"100";"7043.4"
"1984-10";"200";
"1984-10";"500";"4027.8"
"1984-10";"1000";"10023.1"
"1984-10";"T";"23463.1"
"1984-10";"M";"1363.901005"
"1984-11";"5";"9"
"1984-11";"10";"459.4"
"1984-11";"20";"808"
"1984-11";"50";"1110.3"
"1984-11";"100";"7184.7"
"1984-11";"200";
"1984-11";"500";"4120.5"
"1984-11";"1000";"10373.4"
"1984-11";"T";"24065.3"
"1984-11";"M";"1374.819451"
"1984-12";"5";"9"
"1984-12";"10";"478.9"
"1984-12";"20";"845.8"
"1984-12";"50";"1171.7"
"1984-12";"100";"7652.1"
"1984-12";"200";
"1984-12";"500";"4472.8"
"1984-12";"1000";"11859"
"1984-12";"T";"26489.3"
"1984-12";"M";"1395.421952"
"1985-01";"5";"9"
"1985-01";"10";"465.2"
"1985-01";"20";"814.4"
"1985-01";"50";"1114.9"
"1985-01";"100";"7063.2"
"1985-01";"200";
"1985-01";"500";"4053.1"
"1985-01";"1000";"10501.1"
"1985-01";"T";"24020.9"
"1985-01";"M";"1387.605096"
"1985-02";"5";"9"
"1985-02";"10";"464.4"
"1985-02";"20";"811.1"
"1985-02";"50";"1122"
"1985-02";"100";"7096.3"
"1985-02";"200";
"1985-02";"500";"4056.7"
"1985-02";"1000";"10428.4"
"1985-02";"T";"23987.9"
"1985-02";"M";"1386.805488"
"1985-03";"5";"9"
"1985-03";"10";"469.8"
"1985-03";"20";"819.8"
"1985-03";"50";"1142.3"
"1985-03";"100";"7216.7"
"1985-03";"200";
"1985-03";"500";"4078"
"1985-03";"1000";"10525"
"1985-03";"T";"24260.6"
"1985-03";"M";"1391.671098"
"1985-04";"5";"9"
"1985-04";"10";"465.7"
"1985-04";"20";"812.9"
"1985-04";"50";"1121.4"
"1985-04";"100";"7093.8"
"1985-04";"200";
"1985-04";"500";"4023.5"
"1985-04";"1000";"10371.6"
"1985-04";"T";"23897.9"
"1985-04";"M";"1398.595975"
"1985-05";"5";"9"
"1985-05";"10";"468.1"
"1985-05";"20";"815.2"
"1985-05";"50";"1129"
"1985-05";"100";"7137.2"
"1985-05";"200";
"1985-05";"500";"3996.3"
"1985-05";"1000";"10306.7"
"1985-05";"T";"23861.5"
"1985-05";"M";"1404.799323"
"1985-06";"5";"9"
"1985-06";"10";"471.2"
"1985-06";"20";"821.4"
"1985-06";"50";"1139.5"
"1985-06";"100";"7164.3"
"1985-06";"200";
"1985-06";"500";"4056.2"
"1985-06";"1000";"10631.4"
"1985-06";"T";"24293"
"1985-06";"M";"1413.093691"
"1985-07";"5";"9"
"1985-07";"10";"469.1"
"1985-07";"20";"814.9"
"1985-07";"50";"1126.9"
"1985-07";"100";"7074"
"1985-07";"200";
"1985-07";"500";"3956.5"
"1985-07";"1000";"10078.7"
"1985-07";"T";"23529.1"
"1985-07";"M";"1410.758589"
"1985-08";"5";"9"
"1985-08";"10";"469"
"1985-08";"20";"815.5"
"1985-08";"50";"1128.9"
"1985-08";"100";"7125.8"
"1985-08";"200";
"1985-08";"500";"3955.1"
"1985-08";"1000";"10070.5"
"1985-08";"T";"23573.8"
"1985-08";"M";"1413.063733"
"1985-09";"5";"9"
"1985-09";"10";"468.6"
"1985-09";"20";"817.6"
"1985-09";"50";"1124.7"
"1985-09";"100";"7136.8"
"1985-09";"200";
"1985-09";"500";"3962.8"
"1985-09";"1000";"10171.7"
"1985-09";"T";"23691.2"
"1985-09";"M";"1418.628434"
"1985-10";"5";"9"
"1985-10";"10";"469.5"
"1985-10";"20";"820.8"
"1985-10";"50";"1119.5"
"1985-10";"100";"7101.6"
"1985-10";"200";
"1985-10";"500";"3918.7"
"1985-10";"1000";"10146.6"
"1985-10";"T";"23585.7"
"1985-10";"M";"1427.202991"
"1985-11";"5";"9"
"1985-11";"10";"473.2"
"1985-11";"20";"827"
"1985-11";"50";"1121.4"
"1985-11";"100";"7243.4"
"1985-11";"200";
"1985-11";"500";"4032.5"
"1985-11";"1000";"10556.2"
"1985-11";"T";"24262.7"
"1985-11";"M";"1437.790471"
"1985-12";"5";"9"
"1985-12";"10";"492.8"
"1985-12";"20";"857.6"
"1985-12";"50";"1177.3"
"1985-12";"100";"7593.5"
"1985-12";"200";
"1985-12";"500";"4251.1"
"1985-12";"1000";"11480.3"
"1985-12";"T";"25861.6"
"1985-12";"M";"1451.295818"
"1986-01";"5";"9"
"1986-01";"10";"481.3"
"1986-01";"20";"829"
"1986-01";"50";"1127.9"
"1986-01";"100";"7141.2"
"1986-01";"200";
"1986-01";"500";"3941.2"
"1986-01";"1000";"10660.2"
"1986-01";"T";"24189.8"
"1986-01";"M";"1440.379284"
"1986-02";"5";"9"
"1986-02";"10";"481"
"1986-02";"20";"825.5"
"1986-02";"50";"1133.7"
"1986-02";"100";"7174.2"
"1986-02";"200";
"1986-02";"500";"3956.7"
"1986-02";"1000";"10601.1"
"1986-02";"T";"24181.2"
"1986-02";"M";"1440.662459"
"1986-03";"5";"9"
"1986-03";"10";"489.5"
"1986-03";"20";"843.1"
"1986-03";"50";"1167"
"1986-03";"100";"7375.2"
"1986-03";"200";
"1986-03";"500";"4027.8"
"1986-03";"1000";"10906.6"
"1986-03";"T";"24818.2"
"1986-03";"M";"1451.018633"
"1986-04";"5";"9"
"1986-04";"10";"486.1"
"1986-04";"20";"832.7"
"1986-04";"50";"1139.8"
"1986-04";"100";"7188.2"
"1986-04";"200";
"1986-04";"500";"3948.2"
"1986-04";"1000";"10616.7"
"1986-04";"T";"24220.7"
"1986-04";"M";"1454.99261"
"1986-05";"5";"9"
"1986-05";"10";"486.6"
"1986-05";"20";"835.8"
"1986-05";"50";"1146.5"
"1986-05";"100";"7247.5"
"1986-05";"200";
"1986-05";"500";"3937.3"
"1986-05";"1000";"10562.5"
"1986-05";"T";"24225.2"
"1986-05";"M";"1462.674095"
"1986-06";"5";"9"
"1986-06";"10";"487.2"
"1986-06";"20";"839.3"
"1986-06";"50";"1153.6"
"1986-06";"100";"7255.8"
"1986-06";"200";
"1986-06";"500";"3967.7"
"1986-06";"1000";"10675.8"
"1986-06";"T";"24388.4"
"1986-06";"M";"1469.378429"
"1986-07";"5";"9"
"1986-07";"10";"482.2"
"1986-07";"20";"829.5"
"1986-07";"50";"1144.3"
"1986-07";"100";"7177.7"
"1986-07";"200";
"1986-07";"500";"3892.3"
"1986-07";"1000";"10330.5"
"1986-07";"T";"23865.5"
"1986-07";"M";"1465.467119"
"1986-08";"5";"9"
"1986-08";"10";"482.7"
"1986-08";"20";"832.4"
"1986-08";"50";"1147.9"
"1986-08";"100";"7250.3"
"1986-08";"200";
"1986-08";"500";"3918.9"
"1986-08";"1000";"10371.5"
"1986-08";"T";"24012.7"
"1986-08";"M";"1471.445465"
"1986-09";"5";"9"
"1986-09";"10";"483.3"
"1986-09";"20";"837"
"1986-09";"50";"1149.4"
"1986-09";"100";"7245.2"
"1986-09";"200";
"1986-09";"500";"3921.4"
"1986-09";"1000";"10458.8"
"1986-09";"T";"24104.1"
"1986-09";"M";"1477.007626"
"1986-10";"5";"9"
"1986-10";"10";"483.4"
"1986-10";"20";"838.1"
"1986-10";"50";"1146.9"
"1986-10";"100";"7284.3"
"1986-10";"200";
"1986-10";"500";"3896.1"
"1986-10";"1000";"10537"
"1986-10";"T";"24194.8"
"1986-10";"M";"1485.331708"
"1986-11";"5";"9"
"1986-11";"10";"485.1"
"1986-11";"20";"840.6"
"1986-11";"50";"1148.7"
"1986-11";"100";"7391.4"
"1986-11";"200";
"1986-11";"500";"4007"
"1986-11";"1000";"10986.9"
"1986-11";"T";"24868.7"
"1986-11";"M";"1495.102789"
"1986-12";"5";"9"
"1986-12";"10";"505.5"
"1986-12";"20";"876.3"
"1986-12";"50";"1212.2"
"1986-12";"100";"7874.3"
"1986-12";"200";
"1986-12";"500";"4258.2"
"1986-12";"1000";"12283.4"
"1986-12";"T";"27018.9"
"1986-12";"M";"1517.868638"
"1987-01";"5";"9"
"1987-01";"10";"490.4"
"1987-01";"20";"847.7"
"1987-01";"50";"1159.2"
"1987-01";"100";"7350"
"1987-01";"200";
"1987-01";"500";"3971.3"
"1987-01";"1000";"11193.1"
"1987-01";"T";"25020.7"
"1987-01";"M";"1507.054465"
"1987-02";"5";"9"
"1987-02";"10";"489.2"
"1987-02";"20";"846.5"
"1987-02";"50";"1167.6"
"1987-02";"100";"7309.6"
"1987-02";"200";
"1987-02";"500";"3936"
"1987-02";"1000";"11037.5"
"1987-02";"T";"24795.4"
"1987-02";"M";"1505.608153"
"1987-03";"5";"9"
"1987-03";"10";"491.6"
"1987-03";"20";"850.3"
"1987-03";"50";"1172.4"
"1987-03";"100";"7393.9"
"1987-03";"200";
"1987-03";"500";"3951.4"
"1987-03";"1000";"11050.5"
"1987-03";"T";"24919.1"
"1987-03";"M";"1512.136301"
"1987-04";"5";"9"
"1987-04";"10";"493.6"
"1987-04";"20";"852.7"
"1987-04";"50";"1174.8"
"1987-04";"100";"7407.8"
"1987-04";"200";
"1987-04";"500";"3934"
"1987-04";"1000";"10990.6"
"1987-04";"T";"24862.5"
"1987-04";"M";"1522.302582"
"1987-05";"5";"9"
"1987-05";"10";"493.5"
"1987-05";"20";"853"
"1987-05";"50";"1173.4"
"1987-05";"100";"7431.6"
"1987-05";"200";
"1987-05";"500";"3948.5"
"1987-05";"1000";"11078.8"
"1987-05";"T";"24987.8"
"1987-05";"M";"1525.358178"
"1987-06";"5";"9"
"1987-06";"10";"498.5"
"1987-06";"20";"859.6"
"1987-06";"50";"1186.6"
"1987-06";"100";"7432.4"
"1987-06";"200";
"1987-06";"500";"3961.2"
"1987-06";"1000";"11266.4"
"1987-06";"T";"25213.7"
"1987-06";"M";"1529.872315"
"1987-07";"5";"9"
"1987-07";"10";"497.7"
"1987-07";"20";"854.6"
"1987-07";"50";"1183.8"
"1987-07";"100";"7430"
"1987-07";"200";
"1987-07";"500";"3913"
"1987-07";"1000";"10953.9"
"1987-07";"T";"24842"
"1987-07";"M";"1525.588628"
"1987-08";"5";"9"
"1987-08";"10";"497.7"
"1987-08";"20";"859.3"
"1987-08";"50";"1183.6"
"1987-08";"100";"7457.9"
"1987-08";"200";
"1987-08";"500";"3920.6"
"1987-08";"1000";"10894.4"
"1987-08";"T";"24822.5"
"1987-08";"M";"1531.998175"
"1987-09";"5";"9"
"1987-09";"10";"498.1"
"1987-09";"20";"861.1"
"1987-09";"50";"1184.2"
"1987-09";"100";"7476.6"
"1987-09";"200";
"1987-09";"500";"3931.9"
"1987-09";"1000";"11056.7"
"1987-09";"T";"25017.6"
"1987-09";"M";"1543.369776"
"1987-10";"5";"9"
"1987-10";"10";"499.1"
"1987-10";"20";"863.1"
"1987-10";"50";"1179.5"
"1987-10";"100";"7526.9"
"1987-10";"200";
"1987-10";"500";"3923.8"
"1987-10";"1000";"11251.6"
"1987-10";"T";"25253"
"1987-10";"M";"1549.922542"
"1987-11";"5";"9"
"1987-11";"10";"501.6"
"1987-11";"20";"866.9"
"1987-11";"50";"1184.6"
"1987-11";"100";"7627.3"
"1987-11";"200";
"1987-11";"500";"4019.3"
"1987-11";"1000";"11595.7"
"1987-11";"T";"25804.4"
"1987-11";"M";"1562.283812"
"1987-12";"5";"9"
"1987-12";"10";"516.7"
"1987-12";"20";"898"
"1987-12";"50";"1239.4"
"1987-12";"100";"8002"
"1987-12";"200";
"1987-12";"500";"4187.6"
"1987-12";"1000";"12489.6"
"1987-12";"T";"27342.3"
"1987-12";"M";"1582.391456"
"1988-01";"5";"9"
"1988-01";"10";"502.3"
"1988-01";"20";"867.3"
"1988-01";"50";"1185.6"
"1988-01";"100";"7553"
"1988-01";"200";
"1988-01";"500";"3962.2"
"1988-01";"1000";"11823.8"
"1988-01";"T";"25903.2"
"1988-01";"M";"1569.12197953"
"1988-02";"5";"9"
"1988-02";"10";"499.6"
"1988-02";"20";"863.8"
"1988-02";"50";"1188.5"
"1988-02";"100";"7506.2"
"1988-02";"200";
"1988-02";"500";"3936.7"
"1988-02";"1000";"11658.4"
"1988-02";"T";"25662.2"
"1988-02";"M";"1571.85518658"
"1988-03";"5";"9"
"1988-03";"10";"508.1"
"1988-03";"20";"881.2"
"1988-03";"50";"1226.2"
"1988-03";"100";"7802.6"
"1988-03";"200";
"1988-03";"500";"3948.9"
"1988-03";"1000";"11943"
"1988-03";"T";"26319"
"1988-03";"M";"1582.9227675"
"1988-04";"5";"9"
"1988-04";"10";"502.9"
"1988-04";"20";"870.8"
"1988-04";"50";"1195.8"
"1988-04";"100";"7621.7"
"1988-04";"200";
"1988-04";"500";"3904.6"
"1988-04";"1000";"11895.3"
"1988-04";"T";"26000.1"
"1988-04";"M";"1586.00773212"
"1988-05";"5";"9"
"1988-05";"10";"510.6"
"1988-05";"20";"883.1"
"1988-05";"50";"1206.8"
"1988-05";"100";"7609.6"
"1988-05";"200";
"1988-05";"500";"3889.9"
"1988-05";"1000";"11794.7"
"1988-05";"T";"25903.7"
"1988-05";"M";"1597.27776045"
"1988-06";"5";"9"
"1988-06";"10";"516.7"
"1988-06";"20";"889.4"
"1988-06";"50";"1221"
"1988-06";"100";"7686.2"
"1988-06";"200";
"1988-06";"500";"3913.4"
"1988-06";"1000";"12081.6"
"1988-06";"T";"26317.3"
"1988-06";"M";"1603.20169152"
"1988-07";"5";"9"
"1988-07";"10";"510"
"1988-07";"20";"883.1"
"1988-07";"50";"1214.4"
"1988-07";"100";"7714.1"
"1988-07";"200";
"1988-07";"500";"3897.2"
"1988-07";"1000";"11809.2"
"1988-07";"T";"26037"
"1988-07";"M";"1598.50110848"
"1988-08";"5";"9"
"1988-08";"10";"509.3"
"1988-08";"20";"886.1"
"1988-08";"50";"1219"
"1988-08";"100";"7686.6"
"1988-08";"200";
"1988-08";"500";"3863.5"
"1988-08";"1000";"11718.9"
"1988-08";"T";"25892.4"
"1988-08";"M";"1609.41426263"
"1988-09";"5";"9"
"1988-09";"10";"510"
"1988-09";"20";"891.2"
"1988-09";"50";"1223.3"
"1988-09";"100";"7815.7"
"1988-09";"200";
"1988-09";"500";"3895.2"
"1988-09";"1000";"11955.1"
"1988-09";"T";"26299.5"
"1988-09";"M";"1615.46700018"
"1988-10";"5";"9"
"1988-10";"10";"510.5"
"1988-10";"20";"892.2"
"1988-10";"50";"1224.7"
"1988-10";"100";"7825.1"
"1988-10";"200";
"1988-10";"500";"3899.5"
"1988-10";"1000";"11938.1"
"1988-10";"T";"26299.1"
"1988-10";"M";"1621.12829124"
"1988-11";"5";"9"
"1988-11";"10";"513.2"
"1988-11";"20";"899"
"1988-11";"50";"1227.7"
"1988-11";"100";"7908.5"
"1988-11";"200";
"1988-11";"500";"3975.3"
"1988-11";"1000";"12316.2"
"1988-11";"T";"26848.9"
"1988-11";"M";"1636.57920535"
"1988-12";"5";"9"
"1988-12";"10";"529.3"
"1988-12";"20";"934.4"
"1988-12";"50";"1283.9"
"1988-12";"100";"8340.1"
"1988-12";"200";
"1988-12";"500";"4182"
"1988-12";"1000";"13700.5"
"1988-12";"T";"28979.2"
"1988-12";"M";"1656.61528324"
"1989-01";"5";"9"
"1989-01";"10";"515.2"
"1989-01";"20";"905.5"
"1989-01";"50";"1233.6"
"1989-01";"100";"7845.4"
"1989-01";"200";
"1989-01";"500";"3916.7"
"1989-01";"1000";"12561.3"
"1989-01";"T";"26986.7"
"1989-01";"M";"1644.86990162"
"1989-02";"5";"9"
"1989-02";"10";"512.7"
"1989-02";"20";"896.4"
"1989-02";"50";"1235.8"
"1989-02";"100";"7819.2"
"1989-02";"200";
"1989-02";"500";"3894.9"
"1989-02";"1000";"12484.6"
"1989-02";"T";"26852.6"
"1989-02";"M";"1647.00539222"
"1989-03";"5";"9"
"1989-03";"10";"522.1"
"1989-03";"20";"914.4"
"1989-03";"50";"1259"
"1989-03";"100";"7998.2"
"1989-03";"200";
"1989-03";"500";"3882.1"
"1989-03";"1000";"12428.4"
"1989-03";"T";"27013.2"
"1989-03";"M";"1657.08880127"
"1989-04";"5";"9"
"1989-04";"10";"518.3"
"1989-04";"20";"907.8"
"1989-04";"50";"1245.2"
"1989-04";"100";"7950.6"
"1989-04";"200";
"1989-04";"500";"3896"
"1989-04";"1000";"12469.6"
"1989-04";"T";"26996.5"
"1989-04";"M";"1661.22214866"
"1989-05";"5";"9"
"1989-05";"10";"523.3"
"1989-05";"20";"912.4"
"1989-05";"50";"1254.4"
"1989-05";"100";"7919.8"
"1989-05";"200";
"1989-05";"500";"3828.5"
"1989-05";"1000";"12088.6"
"1989-05";"T";"26536"
"1989-05";"M";"1673.08090858"
"1989-06";"5";"9"
"1989-06";"10";"525.9"
"1989-06";"20";"919.4"
"1989-06";"50";"1270.5"
"1989-06";"100";"8017.2"
"1989-06";"200";
"1989-06";"500";"3857"
"1989-06";"1000";"12434.1"
"1989-06";"T";"27033.1"
"1989-06";"M";"1678.64211511"
"1989-07";"5";"9"
"1989-07";"10";"526.4"
"1989-07";"20";"916.4"
"1989-07";"50";"1266.1"
"1989-07";"100";"7993.1"
"1989-07";"200";
"1989-07";"500";"3836"
"1989-07";"1000";"11915.8"
"1989-07";"T";"26462.8"
"1989-07";"M";"1677.53507304"
"1989-08";"5";"9"
"1989-08";"10";"527.2"
"1989-08";"20";"919.1"
"1989-08";"50";"1264.8"
"1989-08";"100";"8006.2"
"1989-08";"200";
"1989-08";"500";"3789.3"
"1989-08";"1000";"11850.6"
"1989-08";"T";"26366.2"
"1989-08";"M";"1688.15397833"
"1989-09";"5";"9"
"1989-09";"10";"528.4"
"1989-09";"20";"922.3"
"1989-09";"50";"1262.7"
"1989-09";"100";"8079.2"
"1989-09";"200";
"1989-09";"500";"3814.9"
"1989-09";"1000";"12021.1"
"1989-09";"T";"26637.6"
"1989-09";"M";"1692.92627224"
"1989-10";"5";"9"
"1989-10";"10";"527.6"
"1989-10";"20";"922.5"
"1989-10";"50";"1254.7"
"1989-10";"100";"8016"
"1989-10";"200";
"1989-10";"500";"3778.9"
"1989-10";"1000";"11877.4"
"1989-10";"T";"26386.1"
"1989-10";"M";"1700.66187494"
"1989-11";"5";"9"
"1989-11";"10";"529"
"1989-11";"20";"924.3"
"1989-11";"50";"1257.8"
"1989-11";"100";"8133.5"
"1989-11";"200";
"1989-11";"500";"3833.4"
"1989-11";"1000";"12140.7"
"1989-11";"T";"26827.7"
"1989-11";"M";"1714.92671249"
"1989-12";"5";"9"
"1989-12";"10";"545.8"
"1989-12";"20";"960.4"
"1989-12";"50";"1320.9"
"1989-12";"100";"8741.4"
"1989-12";"200";
"1989-12";"500";"4093.6"
"1989-12";"1000";"13497.3"
"1989-12";"T";"29168.4"
"1989-12";"M";"1735.93268378"
"1990-01";"5";"9"
"1990-01";"10";"530.9"
"1990-01";"20";"926.6"
"1990-01";"50";"1260.6"
"1990-01";"100";"7988.5"
"1990-01";"200";
"1990-01";"500";"3737.7"
"1990-01";"1000";"12010.6"
"1990-01";"T";"26463.9"
"1990-01";"M";"1723.29619848"
"1990-02";"5";"9"
"1990-02";"10";"530.5"
"1990-02";"20";"925.8"
"1990-02";"50";"1269.2"
"1990-02";"100";"7961.3"
"1990-02";"200";
"1990-02";"500";"3701.6"
"1990-02";"1000";"11788.3"
"1990-02";"T";"26185.7"
"1990-02";"M";"1726.28450108"
"1990-03";"5";"9"
"1990-03";"10";"534.7"
"1990-03";"20";"932"
"1990-03";"50";"1277.7"
"1990-03";"100";"8063"
"1990-03";"200";
"1990-03";"500";"3689.6"
"1990-03";"1000";"11855.5"
"1990-03";"T";"26361.5"
"1990-03";"M";"1733.8072909"
"1990-04";"5";"9"
"1990-04";"10";"535.5"
"1990-04";"20";"928.8"
"1990-04";"50";"1267.3"
"1990-04";"100";"8029.9"
"1990-04";"200";
"1990-04";"500";"3678.8"
"1990-04";"1000";"11655.8"
"1990-04";"T";"26105.1"
"1990-04";"M";"1741.80343611"
"1990-05";"5";"9"
"1990-05";"10";"539.5"
"1990-05";"20";"935.5"
"1990-05";"50";"1273.8"
"1990-05";"100";"8008.6"
"1990-05";"200";
"1990-05";"500";"3628.4"
"1990-05";"1000";"11505.9"
"1990-05";"T";"25900.7"
"1990-05";"M";"1751.40814561"
"1990-06";"5";"9"
"1990-06";"10";"542.3"
"1990-06";"20";"941.7"
"1990-06";"50";"1285.8"
"1990-06";"100";"8099.4"
"1990-06";"200";
"1990-06";"500";"3676.4"
"1990-06";"1000";"11870"
"1990-06";"T";"26424.6"
"1990-06";"M";"1760.04126181"
"1990-07";"5";"9"
"1990-07";"10";"540.1"
"1990-07";"20";"938.1"
"1990-07";"50";"1280.8"
"1990-07";"100";"8032.8"
"1990-07";"200";
"1990-07";"500";"3653.8"
"1990-07";"1000";"11421"
"1990-07";"T";"25875.6"
"1990-07";"M";"1756.79268046"
"1990-08";"5";"9"
"1990-08";"10";"537.3"
"1990-08";"20";"935.9"
"1990-08";"50";"1279.4"
"1990-08";"100";"8074.5"
"1990-08";"200";
"1990-08";"500";"3617.3"
"1990-08";"1000";"11280.3"
"1990-08";"T";"25733.7"
"1990-08";"M";"1761.79749586"
"1990-09";"5";"9"
"1990-09";"10";"537.7"
"1990-09";"20";"937.8"
"1990-09";"50";"1274.2"
"1990-09";"100";"8103.3"
"1990-09";"200";
"1990-09";"500";"3646.1"
"1990-09";"1000";"11503.9"
"1990-09";"T";"26012"
"1990-09";"M";"1765.26968658"
"1990-10";"5";"9"
"1990-10";"10";"536.8"
"1990-10";"20";"937.3"
"1990-10";"50";"1268.3"
"1990-10";"100";"8101.8"
"1990-10";"200";
"1990-10";"500";"3641.3"
"1990-10";"1000";"11479.6"
"1990-10";"T";"25974.1"
"1990-10";"M";"1771.82178368"
"1990-11";"5";"9"
"1990-11";"10";"540"
"1990-11";"20";"942.1"
"1990-11";"50";"1274.3"
"1990-11";"100";"8299.3"
"1990-11";"200";
"1990-11";"500";"3725.2"
"1990-11";"1000";"11882.7"
"1990-11";"T";"26672.6"
"1990-11";"M";"1782.95905992"
"1990-12";"5";"9"
"1990-12";"10";"560.7"
"1990-12";"20";"985.4"
"1990-12";"50";"1346.9"
"1990-12";"100";"9043.9"
"1990-12";"200";
"1990-12";"500";"4081.3"
"1990-12";"1000";"13613.3"
"1990-12";"T";"29640.5"
"1990-12";"M";"1807.27086902"
"1991-01";"5";"9"
"1991-01";"10";"543.5"
"1991-01";"20";"947.2"
"1991-01";"50";"1282.9"
"1991-01";"100";"8225.9"
"1991-01";"200";
"1991-01";"500";"3711.8"
"1991-01";"1000";"12045.3"
"1991-01";"T";"26765.6"
"1991-01";"M";"1792.44552447"
"1991-02";"5";"9"
"1991-02";"10";"543.2"
"1991-02";"20";"944.2"
"1991-02";"50";"1291.6"
"1991-02";"100";"8235.8"
"1991-02";"200";
"1991-02";"500";"3700.9"
"1991-02";"1000";"11955.2"
"1991-02";"T";"26679.9"
"1991-02";"M";"1791.77414546"
"1991-03";"5";"9"
"1991-03";"10";"549.6"
"1991-03";"20";"959.7"
"1991-03";"50";"1321.4"
"1991-03";"100";"8540.3"
"1991-03";"200";
"1991-03";"500";"3754.5"
"1991-03";"1000";"12226.9"
"1991-03";"T";"27361.4"
"1991-03";"M";"1800.75930416"
"1991-04";"5";"9"
"1991-04";"10";"545.4"
"1991-04";"20";"949.7"
"1991-04";"50";"1295.8"
"1991-04";"100";"8342.3"
"1991-04";"200";
"1991-04";"500";"3696"
"1991-04";"1000";"11907.9"
"1991-04";"T";"26746.1"
"1991-04";"M";"2057.79411815"
"1991-05";"5";"9"
"1991-05";"10";"547.4"
"1991-05";"20";"954.8"
"1991-05";"50";"1305.2"
"1991-05";"100";"8406"
"1991-05";"200";
"1991-05";"500";"3661.4"
"1991-05";"1000";"11771.9"
"1991-05";"T";"26655.7"
"1991-05";"M";"2065.92744515"
"1991-06";"5";"9"
"1991-06";"10";"551.9"
"1991-06";"20";"960.6"
"1991-06";"50";"1314.6"
"1991-06";"100";"8407.4"
"1991-06";"200";
"1991-06";"500";"3713.9"
"1991-06";"1000";"12210.3"
"1991-06";"T";"27167.7"
"1991-06";"M";"2069.8908638"
"1991-07";"5";"9"
"1991-07";"10";"552.5"
"1991-07";"20";"958.1"
"1991-07";"50";"1318.9"
"1991-07";"100";"8379.6"
"1991-07";"200";
"1991-07";"500";"3681.1"
"1991-07";"1000";"11741.6"
"1991-07";"T";"26640.8"
"1991-07";"M";"2067.56051423"
"1991-08";"5";"9"
"1991-08";"10";"552.7"
"1991-08";"20";"963.1"
"1991-08";"50";"1320.6"
"1991-08";"100";"8472.6"
"1991-08";"200";
"1991-08";"500";"3666.6"
"1991-08";"1000";"11650.4"
"1991-08";"T";"26635"
"1991-08";"M";"2073.65210537"
"1991-09";"5";"9"
"1991-09";"10";"553.3"
"1991-09";"20";"964.4"
"1991-09";"50";"1319.4"
"1991-09";"100";"8434.5"
"1991-09";"200";
"1991-09";"500";"3665.5"
"1991-09";"1000";"11753.6"
"1991-09";"T";"26699.7"
"1991-09";"M";"2077.85111208"
"1991-10";"5";"9"
"1991-10";"10";"552.4"
"1991-10";"20";"964.3"
"1991-10";"50";"1310.6"
"1991-10";"100";"8429.4"
"1991-10";"200";
"1991-10";"500";"3637.8"
"1991-10";"1000";"11807"
"1991-10";"T";"26710.5"
"1991-10";"M";"2054.48214933"
"1991-11";"5";"9"
"1991-11";"10";"552.9"
"1991-11";"20";"964.7"
"1991-11";"50";"1306.4"
"1991-11";"100";"8517.4"
"1991-11";"200";
"1991-11";"500";"3704.6"
"1991-11";"1000";"12217.1"
"1991-11";"T";"27272.1"
"1991-11";"M";"2029.56695143"
"1991-12";"5";"9"
"1991-12";"10";"571.7"
"1991-12";"20";"1000.7"
"1991-12";"50";"1371.6"
"1991-12";"100";"9089.1"
"1991-12";"200";
"1991-12";"500";"3912"
"1991-12";"1000";"13263"
"1991-12";"T";"29217.1"
"1991-12";"M";"2062.13486998"
"1992-01";"5";"9"
"1992-01";"10";"555.7"
"1992-01";"20";"967.2"
"1992-01";"50";"1315.1"
"1992-01";"100";"8440.5"
"1992-01";"200";
"1992-01";"500";"3628.3"
"1992-01";"1000";"12130.9"
"1992-01";"T";"27046.7"
"1992-01";"M";"1999.42670085"
"1992-02";"5";"9"
"1992-02";"10";"555"
"1992-02";"20";"967.9"
"1992-02";"50";"1328.5"
"1992-02";"100";"8423.6"
"1992-02";"200";
"1992-02";"500";"3609"
"1992-02";"1000";"12077.2"
"1992-02";"T";"26970.2"
"1992-02";"M";"1983.21115468"
"1992-03";"5";"9"
"1992-03";"10";"555.6"
"1992-03";"20";"968.7"
"1992-03";"50";"1327.2"
"1992-03";"100";"8384.6"
"1992-03";"200";
"1992-03";"500";"3596.9"
"1992-03";"1000";"12092.3"
"1992-03";"T";"26934.3"
"1992-03";"M";"1992.75231385"
"1992-04";"5";"9"
"1992-04";"10";"557.2"
"1992-04";"20";"969.4"
"1992-04";"50";"1329.5"
"1992-04";"100";"8437.6"
"1992-04";"200";
"1992-04";"500";"3606.3"
"1992-04";"1000";"12120.9"
"1992-04";"T";"27029.9"
"1992-04";"M";"1999.4521989"
"1992-05";"5";"9"
"1992-05";"10";"559.6"
"1992-05";"20";"973.7"
"1992-05";"50";"1331.4"
"1992-05";"100";"8477.3"
"1992-05";"200";
"1992-05";"500";"3587"
"1992-05";"1000";"12143.6"
"1992-05";"T";"27081.6"
"1992-05";"M";"2005.04306453"
"1992-06";"5";"9"
"1992-06";"10";"562.7"
"1992-06";"20";"980.2"
"1992-06";"50";"1340.2"
"1992-06";"100";"8410.2"
"1992-06";"200";
"1992-06";"500";"3596.3"
"1992-06";"1000";"12239.1"
"1992-06";"T";"27137.7"
"1992-06";"M";"2003.0958147"
"1992-07";"5";"9"
"1992-07";"10";"561.3"
"1992-07";"20";"975.2"
"1992-07";"50";"1338.1"
"1992-07";"100";"8435.7"
"1992-07";"200";
"1992-07";"500";"3547.8"
"1992-07";"1000";"11730.1"
"1992-07";"T";"26597.2"
"1992-07";"M";"1993.62263887"
"1992-08";"5";"9"
"1992-08";"10";"562.7"
"1992-08";"20";"977.6"
"1992-08";"50";"1340.1"
"1992-08";"100";"8424.6"
"1992-08";"200";
"1992-08";"500";"3534.3"
"1992-08";"1000";"11618.1"
"1992-08";"T";"26466.4"
"1992-08";"M";"2002.75829454"
"1992-09";"5";"9"
"1992-09";"10";"561.8"
"1992-09";"20";"977.7"
"1992-09";"50";"1332.8"
"1992-09";"100";"8356.8"
"1992-09";"200";
"1992-09";"500";"3519.3"
"1992-09";"1000";"11726.6"
"1992-09";"T";"26484"
"1992-09";"M";"2008.85747106"
"1992-10";"5";"9"
"1992-10";"10";"559.9"
"1992-10";"20";"975.9"
"1992-10";"50";"1322.8"
"1992-10";"100";"8430.4"
"1992-10";"200";
"1992-10";"500";"3509.9"
"1992-10";"1000";"11778.7"
"1992-10";"T";"26586.6"
"1992-10";"M";"2018.02813478"
"1992-11";"5";"9"
"1992-11";"10";"560.4"
"1992-11";"20";"976.4"
"1992-11";"50";"1324"
"1992-11";"100";"8455.1"
"1992-11";"200";
"1992-11";"500";"3571.5"
"1992-11";"1000";"12109.6"
"1992-11";"T";"27006"
"1992-11";"M";"2026.07453503"
"1992-12";"5";"9"
"1992-12";"10";"581.3"
"1992-12";"20";"1017.9"
"1992-12";"50";"1401.9"
"1992-12";"100";"9059"
"1992-12";"200";
"1992-12";"500";"3782.5"
"1992-12";"1000";"13501.9"
"1992-12";"T";"29353.5"
"1992-12";"M";"2015.12405023"
"1993-01";"5";"9"
"1993-01";"10";"565.5"
"1993-01";"20";"986.2"
"1993-01";"50";"1348.7"
"1993-01";"100";"8475"
"1993-01";"200";
"1993-01";"500";"3572.7"
"1993-01";"1000";"12549.9"
"1993-01";"T";"27507"
"1993-01";"M";"1996.98317104"
"1993-02";"5";"9"
"1993-02";"10";"564.1"
"1993-02";"20";"984.3"
"1993-02";"50";"1349.7"
"1993-02";"100";"8375.1"
"1993-02";"200";
"1993-02";"500";"3533"
"1993-02";"1000";"12326.4"
"1993-02";"T";"27141.6"
"1993-02";"M";"2000.45928255"
"1993-03";"5";"9"
"1993-03";"10";"567.7"
"1993-03";"20";"992.1"
"1993-03";"50";"1361.9"
"1993-03";"100";"8443.2"
"1993-03";"200";
"1993-03";"500";"3536.3"
"1993-03";"1000";"12348"
"1993-03";"T";"27258.2"
"1993-03";"M";"2009.36484622"
"1993-04";"5";"9"
"1993-04";"10";"567.7"
"1993-04";"20";"992.6"
"1993-04";"50";"1354"
"1993-04";"100";"8495.4"
"1993-04";"200";
"1993-04";"500";"3532.6"
"1993-04";"1000";"12332.4"
"1993-04";"T";"27283.7"
"1993-04";"M";"2014.30649022"
"1993-05";"5";"9"
"1993-05";"10";"570.6"
"1993-05";"20";"996.5"
"1993-05";"50";"1361.4"
"1993-05";"100";"8492.8"
"1993-05";"200";
"1993-05";"500";"3540.4"
"1993-05";"1000";"12297.3"
"1993-05";"T";"27268"
"1993-05";"M";"2020.97057514"
"1993-06";"5";"9"
"1993-06";"10";"575.6"
"1993-06";"20";"1006.2"
"1993-06";"50";"1373.3"
"1993-06";"100";"8409.5"
"1993-06";"200";
"1993-06";"500";"3539.2"
"1993-06";"1000";"12412"
"1993-06";"T";"27324.8"
"1993-06";"M";"2024.8217245"
"1993-07";"5";"9"
"1993-07";"10";"573.8"
"1993-07";"20";"1002.6"
"1993-07";"50";"1376.1"
"1993-07";"100";"8457.4"
"1993-07";"200";
"1993-07";"500";"3515.9"
"1993-07";"1000";"12025"
"1993-07";"T";"26959.8"
"1993-07";"M";"2015.48706874"
"1993-08";"5";"9"
"1993-08";"10";"575.6"
"1993-08";"20";"1007.8"
"1993-08";"50";"1367.3"
"1993-08";"100";"8384.8"
"1993-08";"200";
"1993-08";"500";"3495.7"
"1993-08";"1000";"11917.1"
"1993-08";"T";"26757.3"
"1993-08";"M";"2025.33872404"
"1993-09";"5";"9"
"1993-09";"10";"575.2"
"1993-09";"20";"1006.5"
"1993-09";"50";"1365.3"
"1993-09";"100";"8373.4"
"1993-09";"200";
"1993-09";"500";"3517.2"
"1993-09";"1000";"12171.5"
"1993-09";"T";"27018.1"
"1993-09";"M";"2027.75955968"
"1993-10";"5";"9"
"1993-10";"10";"573.9"
"1993-10";"20";"1003.4"
"1993-10";"50";"1354.8"
"1993-10";"100";"8429.5"
"1993-10";"200";
"1993-10";"500";"3543"
"1993-10";"1000";"12287.9"
"1993-10";"T";"27201.5"
"1993-10";"M";"2014.27507002"
"1993-11";"5";"9"
"1993-11";"10";"577.3"
"1993-11";"20";"1008.5"
"1993-11";"50";"1355.3"
"1993-11";"100";"8442.3"
"1993-11";"200";
"1993-11";"500";"3594.2"
"1993-11";"1000";"12735.5"
"1993-11";"T";"27722.1"
"1993-11";"M";"2025.86765211"
"1993-12";"5";"9"
"1993-12";"10";"596.9"
"1993-12";"20";"1044.9"
"1993-12";"50";"1425.1"
"1993-12";"100";"8926.8"
"1993-12";"200";
"1993-12";"500";"3748"
"1993-12";"1000";"13584.9"
"1993-12";"T";"29335.6"
"1993-12";"M";"2044.1563699"
"1994-01";"5";"9"
"1994-01";"10";"582.1"
"1994-01";"20";"1015"
"1994-01";"50";"1368.1"
"1994-01";"100";"8384.6"
"1994-01";"200";
"1994-01";"500";"3554.7"
"1994-01";"1000";"12864.5"
"1994-01";"T";"27778"
"1994-01";"M";"2028.38309825"
"1994-02";"5";"9"
"1994-02";"10";"579.8"
"1994-02";"20";"1011.3"
"1994-02";"50";"1366.9"
"1994-02";"100";"8303.3"
"1994-02";"200";
"1994-02";"500";"3532.3"
"1994-02";"1000";"12734.7"
"1994-02";"T";"27537.3"
"1994-02";"M";"2030.77392263"
"1994-03";"5";"9"
"1994-03";"10";"588.9"
"1994-03";"20";"1030.8"
"1994-03";"50";"1405.6"
"1994-03";"100";"8697.2"
"1994-03";"200";
"1994-03";"500";"3599.1"
"1994-03";"1000";"12940.4"
"1994-03";"T";"28271"
"1994-03";"M";"2044.22851868"
"1994-04";"5";"9"
"1994-04";"10";"582.4"
"1994-04";"20";"1013.7"
"1994-04";"50";"1372.6"
"1994-04";"100";"8431.9"
"1994-04";"200";
"1994-04";"500";"3553.7"
"1994-04";"1000";"12856.7"
"1994-04";"T";"27820"
"1994-04";"M";"2042.2124883"
"1994-05";"5";"9"
"1994-05";"10";"587.5"
"1994-05";"20";"1021.4"
"1994-05";"50";"1383.9"
"1994-05";"100";"8372.1"
"1994-05";"200";
"1994-05";"500";"3535.9"
"1994-05";"1000";"12725.6"
"1994-05";"T";"27635.4"
"1994-05";"M";"2050.17087624"
"1994-06";"5";"9"
"1994-06";"10";"591.2"
"1994-06";"20";"1029.4"
"1994-06";"50";"1397.4"
"1994-06";"100";"8415"
"1994-06";"200";
"1994-06";"500";"3567.1"
"1994-06";"1000";"13009.1"
"1994-06";"T";"28018.2"
"1994-06";"M";"2051.21881314"
"1994-07";"5";"9"
"1994-07";"10";"590.2"
"1994-07";"20";"1026.2"
"1994-07";"50";"1396.2"
"1994-07";"100";"8454.4"
"1994-07";"200";
"1994-07";"500";"3553.7"
"1994-07";"1000";"12653.8"
"1994-07";"T";"27683.5"
"1994-07";"M";"2051.40713649"
"1994-08";"5";"9"
"1994-08";"10";"590.2"
"1994-08";"20";"1026.3"
"1994-08";"50";"1390.4"
"1994-08";"100";"8344.5"
"1994-08";"200";
"1994-08";"500";"3514.2"
"1994-08";"1000";"12466.5"
"1994-08";"T";"27341.1"
"1994-08";"M";"2060.15309231"
"1994-09";"5";"9"
"1994-09";"10";"589.1"
"1994-09";"20";"1028.8"
"1994-09";"50";"1391"
"1994-09";"100";"8445.7"
"1994-09";"200";
"1994-09";"500";"3526.4"
"1994-09";"1000";"12606.2"
"1994-09";"T";"27596.2"
"1994-09";"M";"2063.18025985"
"1994-10";"5";"9"
"1994-10";"10";"586.3"
"1994-10";"20";"1026"
"1994-10";"50";"1379.9"
"1994-10";"100";"8396"
"1994-10";"200";
"1994-10";"500";"3526.1"
"1994-10";"1000";"12583.9"
"1994-10";"T";"27507.2"
"1994-10";"M";"2070.15460415"
"1994-11";"5";"9"
"1994-11";"10";"588.7"
"1994-11";"20";"1027.3"
"1994-11";"50";"1380.9"
"1994-11";"100";"8403.2"
"1994-11";"200";
"1994-11";"500";"3584.5"
"1994-11";"1000";"12906.8"
"1994-11";"T";"27900.4"
"1994-11";"M";"2080.76947064"
"1994-12";"5";"9"
"1994-12";"10";"608.4"
"1994-12";"20";"1065.6"
"1994-12";"50";"1463.6"
"1994-12";"100";"9058.6"
"1994-12";"200";
"1994-12";"500";"3835.3"
"1994-12";"1000";"14504.6"
"1994-12";"T";"30545.1"
"1994-12";"M";"2094.45218905"
"1995-01";"5";"9"
"1995-01";"10";"596.8"
"1995-01";"20";"1038.6"
"1995-01";"50";"1404.8"
"1995-01";"100";"8371.7"
"1995-01";"200";
"1995-01";"500";"3578.3"
"1995-01";"1000";"13176.8"
"1995-01";"T";"28176"
"1995-01";"M";"2078.98435148"
"1995-02";"5";"9"
"1995-02";"10";"597.2"
"1995-02";"20";"1036.9"
"1995-02";"50";"1404.4"
"1995-02";"100";"8328.6"
"1995-02";"200";
"1995-02";"500";"3549"
"1995-02";"1000";"12981.4"
"1995-02";"T";"27906.5"
"1995-02";"M";"2084.49767743"
"1995-03";"5";"9"
"1995-03";"10";"592.3"
"1995-03";"20";"1033.1"
"1995-03";"50";"1405.6"
"1995-03";"100";"8457.8"
"1995-03";"200";
"1995-03";"500";"3531.8"
"1995-03";"1000";"12912.8"
"1995-03";"T";"27942.4"
"1995-03";"M";"2089.291276"
"1995-04";"5";"9"
"1995-04";"10";"591.2"
"1995-04";"20";"1024.6"
"1995-04";"50";"1404.7"
"1995-04";"100";"8423.1"
"1995-04";"200";
"1995-04";"500";"3548.3"
"1995-04";"1000";"12884"
"1995-04";"T";"27884.9"
"1995-04";"M";"2085.23799668"
"1995-05";"5";"9"
"1995-05";"10";"592.8"
"1995-05";"20";"1039.1"
"1995-05";"50";"1408.6"
"1995-05";"100";"8324.3"
"1995-05";"200";
"1995-05";"500";"3473.6"
"1995-05";"1000";"12686"
"1995-05";"T";"27533.4"
"1995-05";"M";"2091.80345307"
"1995-06";"5";"9"
"1995-06";"10";"598.1"
"1995-06";"20";"1049.4"
"1995-06";"50";"1429.6"
"1995-06";"100";"8482"
"1995-06";"200";
"1995-06";"500";"3530.3"
"1995-06";"1000";"13007.1"
"1995-06";"T";"28105.5"
"1995-06";"M";"2092.83112859"
"1995-07";"5";"9"
"1995-07";"10";"595.2"
"1995-07";"20";"1042.4"
"1995-07";"50";"1423.5"
"1995-07";"100";"8425.9"
"1995-07";"200";
"1995-07";"500";"3513.7"
"1995-07";"1000";"12638.5"
"1995-07";"T";"27648.2"
"1995-07";"M";"2088.66036816"
"1995-08";"5";"9"
"1995-08";"10";"594.6"
"1995-08";"20";"1043.4"
"1995-08";"50";"1417.8"
"1995-08";"100";"8364.2"
"1995-08";"200";
"1995-08";"500";"3487.4"
"1995-08";"1000";"12550.1"
"1995-08";"T";"27466.5"
"1995-08";"M";"2095.4685199"
"1995-09";"5";"9"
"1995-09";"10";"595.4"
"1995-09";"20";"1044.2"
"1995-09";"50";"1405.9"
"1995-09";"100";"8415.2"
"1995-09";"200";
"1995-09";"500";"3512.3"
"1995-09";"1000";"12767"
"1995-09";"T";"27749"
"1995-09";"M";"2097.96654482"
"1995-10";"5";"9"
"1995-10";"10";"591.3"
"1995-10";"20";"1035.7"
"1995-10";"50";"1514.2"
"1995-10";"100";"8311.7"
"1995-10";"200";
"1995-10";"500";"3467.6"
"1995-10";"1000";"12679.6"
"1995-10";"T";"27609.1"
"1995-10";"M";"2101.9493105"
"1995-11";"5";"9"
"1995-11";"10";"592.4"
"1995-11";"20";"1037.8"
"1995-11";"50";"1495.8"
"1995-11";"100";"8417.7"
"1995-11";"200";
"1995-11";"500";"3537.2"
"1995-11";"1000";"13058.9"
"1995-11";"T";"28148.8"
"1995-11";"M";"2102.66590688"
"1995-12";"5";"9"
"1995-12";"10";"611.6"
"1995-12";"20";"1080.2"
"1995-12";"50";"1586.9"
"1995-12";"100";"9187.1"
"1995-12";"200";
"1995-12";"500";"3848.9"
"1995-12";"1000";"14568.5"
"1995-12";"T";"30892.2"
"1995-12";"M";"2125.88753175"
"1996-01";"5";"9"
"1996-01";"10";"594.9"
"1996-01";"20";"1041.6"
"1996-01";"50";"1484.3"
"1996-01";"100";"8352.8"
"1996-01";"200";
"1996-01";"500";"3533"
"1996-01";"1000";"13325.1"
"1996-01";"T";"28340.7"
"1996-01";"M";"2111.02528073"
"1996-02";"5";"9"
"1996-02";"10";"594.8"
"1996-02";"20";"1042.3"
"1996-02";"50";"1482.9"
"1996-02";"100";"8372.8"
"1996-02";"200";
"1996-02";"500";"3529.6"
"1996-02";"1000";"13260.7"
"1996-02";"T";"28292.1"
"1996-02";"M";"2111.74603426"
"1996-03";"5";"9"
"1996-03";"10";"596.7"
"1996-03";"20";"1049.6"
"1996-03";"50";"1494.2"
"1996-03";"100";"8478.3"
"1996-03";"200";
"1996-03";"500";"3568.7"
"1996-03";"1000";"13531.9"
"1996-03";"T";"28728.4"
"1996-03";"M";"2114.24830321"
"1996-04";"5";"9"
"1996-04";"10";"594.2"
"1996-04";"20";"1042.1"
"1996-04";"50";"1473.9"
"1996-04";"100";"8317.8"
"1996-04";"200";
"1996-04";"500";"3524.7"
"1996-04";"1000";"13397.4"
"1996-04";"T";"28359.1"
"1996-04";"M";"2118.77184015"
"1996-05";"5";"9"
"1996-05";"10";"597.5"
"1996-05";"20";"1051.4"
"1996-05";"50";"1486.8"
"1996-05";"100";"8447"
"1996-05";"200";
"1996-05";"500";"3520.9"
"1996-05";"1000";"13413.5"
"1996-05";"T";"28526.1"
"1996-05";"M";"2119.92132746"
"1996-06";"5";"9"
"1996-06";"10";"601.2"
"1996-06";"20";"1058.2"
"1996-06";"50";"1495.6"
"1996-06";"100";"8461"
"1996-06";"200";
"1996-06";"500";"3573.7"
"1996-06";"1000";"13709.3"
"1996-06";"T";"28908"
"1996-06";"M";"2123.46638357"
"1996-07";"5";"9"
"1996-07";"10";"599.9"
"1996-07";"20";"1052.9"
"1996-07";"50";"1493.2"
"1996-07";"100";"8427.3"
"1996-07";"200";
"1996-07";"500";"3516.3"
"1996-07";"1000";"13215.5"
"1996-07";"T";"28314.1"
"1996-07";"M";"2119.61755031"
"1996-08";"5";"9"
"1996-08";"10";"598.9"
"1996-08";"20";"1051.6"
"1996-08";"50";"1485.5"
"1996-08";"100";"8398.5"
"1996-08";"200";
"1996-08";"500";"3486"
"1996-08";"1000";"13206.9"
"1996-08";"T";"28236.4"
"1996-08";"M";"2119.13327811"
"1996-09";"5";"9"
"1996-09";"10";"596.2"
"1996-09";"20";"1036.8"
"1996-09";"50";"1476.7"
"1996-09";"100";"8357.5"
"1996-09";"200";
"1996-09";"500";"3498.6"
"1996-09";"1000";"13325.3"
"1996-09";"T";"28300.1"
"1996-09";"M";"2124.33868072"
"1996-10";"5";"9"
"1996-10";"10";"592.9"
"1996-10";"20";"1101.4"
"1996-10";"50";"1471.4"
"1996-10";"100";"8357.3"
"1996-10";"200";
"1996-10";"500";"3482.7"
"1996-10";"1000";"13371.4"
"1996-10";"T";"28386.1"
"1996-10";"M";"2127.92865246"
"1996-11";"5";"9"
"1996-11";"10";"592.6"
"1996-11";"20";"1085.8"
"1996-11";"50";"1484.7"
"1996-11";"100";"8471.8"
"1996-11";"200";
"1996-11";"500";"3573.2"
"1996-11";"1000";"13916.1"
"1996-11";"T";"29133.2"
"1996-11";"M";"2126.08535062"
"1996-12";"5";"9"
"1996-12";"10";"614.5"
"1996-12";"20";"1127.2"
"1996-12";"50";"1594.6"
"1996-12";"100";"9249.2"
"1996-12";"200";
"1996-12";"500";"3912.3"
"1996-12";"1000";"15940.8"
"1996-12";"T";"32447.6"
"1996-12";"M";"2159.73905544"
"1997-01";"5";"9"
"1997-01";"10";"597.3"
"1997-01";"20";"1075.9"
"1997-01";"50";"1514.5"
"1997-01";"100";"8494.1"
"1997-01";"200";
"1997-01";"500";"3594.8"
"1997-01";"1000";"14370.4"
"1997-01";"T";"29656"
"1997-01";"M";"2137.16135538"
"1997-02";"5";"9"
"1997-02";"10";"594.6"
"1997-02";"20";"1067.1"
"1997-02";"50";"1513.3"
"1997-02";"100";"8467.7"
"1997-02";"200";
"1997-02";"500";"3588.4"
"1997-02";"1000";"14268.3"
"1997-02";"T";"29508.4"
"1997-02";"M";"2137.26280024"
"1997-03";"5";"9"
"1997-03";"10";"597.8"
"1997-03";"20";"1075.3"
"1997-03";"50";"1541.2"
"1997-03";"100";"8653"
"1997-03";"200";
"1997-03";"500";"3639.7"
"1997-03";"1000";"14470.5"
"1997-03";"T";"29986.4"
"1997-03";"M";"2147.68711531"
"1997-04";"5";"9"
"1997-04";"10";"627.7"
"1997-04";"20";"1052.5"
"1997-04";"50";"1506.2"
"1997-04";"100";"8363"
"1997-04";"200";
"1997-04";"500";"3536.6"
"1997-04";"1000";"14178.1"
"1997-04";"T";"29273.2"
"1997-04";"M";"2147.94308778"
"1997-05";"5";"9"
"1997-05";"10";"617.4"
"1997-05";"20";"1060.7"
"1997-05";"50";"1515.7"
"1997-05";"100";"8434.2"
"1997-05";"200";
"1997-05";"500";"3510.7"
"1997-05";"1000";"14170.9"
"1997-05";"T";"29318.6"
"1997-05";"M";"2150.6999477"
"1997-06";"5";"9"
"1997-06";"10";"607.9"
"1997-06";"20";"1067.1"
"1997-06";"50";"1524.3"
"1997-06";"100";"8377.2"
"1997-06";"200";
"1997-06";"500";"3523.9"
"1997-06";"1000";"14328.4"
"1997-06";"T";"29437.8"
"1997-06";"M";"2153.24588459"
"1997-07";"5";"9"
"1997-07";"10";"599.5"
"1997-07";"20";"1065"
"1997-07";"50";"1530.3"
"1997-07";"100";"8449.5"
"1997-07";"200";
"1997-07";"500";"3491"
"1997-07";"1000";"13884.7"
"1997-07";"T";"29029"
"1997-07";"M";"2143.49231001"
"1997-08";"5";"9"
"1997-08";"10";"596.4"
"1997-08";"20";"1063.6"
"1997-08";"50";"1525.8"
"1997-08";"100";"8345.7"
"1997-08";"200";
"1997-08";"500";"3482.6"
"1997-08";"1000";"13884.8"
"1997-08";"T";"28907.8"
"1997-08";"M";"2150.12596411"
"1997-09";"5";"9"
"1997-09";"10";"594.1"
"1997-09";"20";"1065.5"
"1997-09";"50";"1523.1"
"1997-09";"100";"8301.2"
"1997-09";"200";
"1997-09";"500";"3294.1"
"1997-09";"1000";"14006.1"
"1997-09";"T";"28793.1"
"1997-09";"M";"2155.99277076"
"1997-10";"5";"9"
"1997-10";"10";"585.1"
"1997-10";"20";"1056.8"
"1997-10";"50";"1512.6"
"1997-10";"100";"7839.3"
"1997-10";"200";"1781.6"
"1997-10";"500";"2267.5"
"1997-10";"1000";"14090.1"
"1997-10";"T";"29142"
"1997-10";"M";"2149.47909819"
"1997-11";"5";"9"
"1997-11";"10";"582.9"
"1997-11";"20";"1056.2"
"1997-11";"50";"1503.4"
"1997-11";"100";"7595.1"
"1997-11";"200";"2273.1"
"1997-11";"500";"1979.1"
"1997-11";"1000";"14478.1"
"1997-11";"T";"29476.9"
"1997-11";"M";"2160.21293832"
"1997-12";"5";"9"
"1997-12";"10";"604.4"
"1997-12";"20";"1112.2"
"1997-12";"50";"1627.2"
"1997-12";"100";"8052.7"
"1997-12";"200";"3103.6"
"1997-12";"500";"1768"
"1997-12";"1000";"15864.8"
"1997-12";"T";"32141.8"
"1997-12";"M";"2183.90662266"
"1998-01";"5";"9"
"1998-01";"10";"585.4"
"1998-01";"20";"1067.1"
"1998-01";"50";"1528.4"
"1998-01";"100";"7358.4"
"1998-01";"200";"2826.1"
"1998-01";"500";"1614.3"
"1998-01";"1000";"14847.1"
"1998-01";"T";"29835.8"
"1998-01";"M";"2161.42034007"
"1998-02";"5";"9"
"1998-02";"10";"583.5"
"1998-02";"20";"1063.5"
"1998-02";"50";"1532.3"
"1998-02";"100";"7259.2"
"1998-02";"200";"2892.9"
"1998-02";"500";"1522.7"
"1998-02";"1000";"14778.2"
"1998-02";"T";"29641.2"
"1998-02";"M";"2165.61180996"
"1998-03";"5";"9"
"1998-03";"10";"584.1"
"1998-03";"20";"1071.3"
"1998-03";"50";"1543"
"1998-03";"100";"7201.4"
"1998-03";"200";"3002.6"
"1998-03";"500";"1436"
"1998-03";"1000";"14754"
"1998-03";"T";"29601.4"
"1998-03";"M";"2171.66448223"
"1998-04";"5";"9"
"1998-04";"10";"583.8"
"1998-04";"20";"1073.6"
"1998-04";"50";"1549"
"1998-04";"100";"7193.1"
"1998-04";"200";"3164.9"
"1998-04";"500";"1346.1"
"1998-04";"1000";"14982.4"
"1998-04";"T";"29901.7"
"1998-04";"M";"2183.29616124"
"1998-05";"5";"9"
"1998-05";"10";"586"
"1998-05";"20";"1081.8"
"1998-05";"50";"1563.5"
"1998-05";"100";"7194.6"
"1998-05";"200";"3279"
"1998-05";"500";"1280.8"
"1998-05";"1000";"14898.1"
"1998-05";"T";"29892.7"
"1998-05";"M";"2191.45019595"
"1998-06";"5";"9"
"1998-06";"10";"589.3"
"1998-06";"20";"1089.7"
"1998-06";"50";"1571.5"
"1998-06";"100";"7094.5"
"1998-06";"200";"3333.6"
"1998-06";"500";"1223.7"
"1998-06";"1000";"15089.3"
"1998-06";"T";"30000.6"
"1998-06";"M";"2185.2876441"
"1998-07";"5";"9"
"1998-07";"10";"587.9"
"1998-07";"20";"1086"
"1998-07";"50";"1577"
"1998-07";"100";"7102.3"
"1998-07";"200";"3439.8"
"1998-07";"500";"1168.1"
"1998-07";"1000";"14770.2"
"1998-07";"T";"29740.3"
"1998-07";"M";"2178.5153769"
"1998-08";"5";"9"
"1998-08";"10";"587.9"
"1998-08";"20";"1084.8"
"1998-08";"50";"1574.9"
"1998-08";"100";"7039.3"
"1998-08";"200";"3456.4"
"1998-08";"500";"1123.5"
"1998-08";"1000";"14708.6"
"1998-08";"T";"29584.4"
"1998-08";"M";"2189.14545374"
"1998-09";"5";"9"
"1998-09";"10";"587.1"
"1998-09";"20";"1090.1"
"1998-09";"50";"1591.1"
"1998-09";"100";"6980.4"
"1998-09";"200";"3512.2"
"1998-09";"500";"1079.7"
"1998-09";"1000";"14842"
"1998-09";"T";"29691.5"
"1998-09";"M";"2193.74781289"
"1998-10";"5";"9"
"1998-10";"10";"582.8"
"1998-10";"20";"1077.8"
"1998-10";"50";"1564.7"
"1998-10";"100";"7080.5"
"1998-10";"200";"3594.6"
"1998-10";"500";"1030.6"
"1998-10";"1000";"14892.1"
"1998-10";"T";"29832"
"1998-10";"M";"2195.10191815"
"1998-11";"5";"9"
"1998-11";"10";"583.9"
"1998-11";"20";"1077.8"
"1998-11";"50";"1558.6"
"1998-11";"100";"6997.7"
"1998-11";"200";"3744.5"
"1998-11";"500";"990"
"1998-11";"1000";"15372.3"
"1998-11";"T";"30333.7"
"1998-11";"M";"2190.63034304"
"1998-12";"5";"9"
"1998-12";"10";"600.4"
"1998-12";"20";"1119.4"
"1998-12";"50";"1655.6"
"1998-12";"100";"7485.3"
"1998-12";"200";"4211.5"
"1998-12";"500";"948.4"
"1998-12";"1000";"17189.3"
"1998-12";"T";"33218.8"
"1998-12";"M";"2213.87490033"
"1999-01";"5";"9"
"1999-01";"10";"587.4"
"1999-01";"20";"1084.2"
"1999-01";"50";"1583.3"
"1999-01";"100";"6877.8"
"1999-01";"200";"3891.1"
"1999-01";"500";"913.7"
"1999-01";"1000";"15969.9"
"1999-01";"T";"30916.2"
"1999-01";"M";"2196.39242825"
"1999-02";"5";"9"
"1999-02";"10";"587.1"
"1999-02";"20";"1084.1"
"1999-02";"50";"1577.6"
"1999-02";"100";"6800.6"
"1999-02";"200";"3878.1"
"1999-02";"500";"888.6"
"1999-02";"1000";"15779.5"
"1999-02";"T";"30604.5"
"1999-02";"M";"2204.2078044"
"1999-03";"5";"9"
"1999-03";"10";"593.4"
"1999-03";"20";"1103.5"
"1999-03";"50";"1613.9"
"1999-03";"100";"7036.6"
"1999-03";"200";"4063.4"
"1999-03";"500";"858.2"
"1999-03";"1000";"16108.3"
"1999-03";"T";"31386.3"
"1999-03";"M";"2210.95050569"
"1999-04";"5";"9"
"1999-04";"10";"588"
"1999-04";"20";"1088.1"
"1999-04";"50";"1586.3"
"1999-04";"100";"6865.8"
"1999-04";"200";"4000.8"
"1999-04";"500";"833.2"
"1999-04";"1000";"15965.3"
"1999-04";"T";"30936.4"
"1999-04";"M";"2212.5079825"
"1999-05";"5";"9"
"1999-05";"10";"591.8"
"1999-05";"20";"1096.6"
"1999-05";"50";"1595.9"
"1999-05";"100";"6843.8"
"1999-05";"200";"3977.6"
"1999-05";"500";"811.7"
"1999-05";"1000";"15972.5"
"1999-05";"T";"30898.9"
"1999-05";"M";"2215.65273734"
"1999-06";"5";"9"
"1999-06";"10";"595.2"
"1999-06";"20";"1103.6"
"1999-06";"50";"1612.8"
"1999-06";"100";"6858.2"
"1999-06";"200";"4043.6"
"1999-06";"500";"730.4"
"1999-06";"1000";"15966.8"
"1999-06";"T";"30919.5"
"1999-06";"M";"2216.32750682"
"1999-07";"5";"9"
"1999-07";"10";"592.5"
"1999-07";"20";"1096.1"
"1999-07";"50";"1611.1"
"1999-07";"100";"6865.3"
"1999-07";"200";"4063.3"
"1999-07";"500";"708.3"
"1999-07";"1000";"15643.9"
"1999-07";"T";"30589.5"
"1999-07";"M";"2213.43072159"
"1999-08";"5";"9"
"1999-08";"10";"592.9"
"1999-08";"20";"1096.7"
"1999-08";"50";"1608.9"
"1999-08";"100";"6809.6"
"1999-08";"200";"4026.7"
"1999-08";"500";"688.2"
"1999-08";"1000";"15645.9"
"1999-08";"T";"30477.7"
"1999-08";"M";"2219.90589551"
"1999-09";"5";"9"
"1999-09";"10";"592.7"
"1999-09";"20";"1102.1"
"1999-09";"50";"1616"
"1999-09";"100";"6838.9"
"1999-09";"200";"4084.4"
"1999-09";"500";"667.8"
"1999-09";"1000";"15967"
"1999-09";"T";"30877.8"
"1999-09";"M";"2219.58269148"
"1999-10";"5";"9"
"1999-10";"10";"591.4"
"1999-10";"20";"1098.1"
"1999-10";"50";"1611.4"
"1999-10";"100";"6865.1"
"1999-10";"200";"4150.2"
"1999-10";"500";"644.2"
"1999-10";"1000";"15981"
"1999-10";"T";"30950.4"
"1999-10";"M";"2226.95135569"
"1999-11";"5";"9"
"1999-11";"10";"594.7"
"1999-11";"20";"1105.7"
"1999-11";"50";"1624.2"
"1999-11";"100";"7031.2"
"1999-11";"200";"4479.4"
"1999-11";"500";"623.4"
"1999-11";"1000";"16772.8"
"1999-11";"T";"32240.4"
"1999-11";"M";"2229.57736662"
"1999-12";"5";"9"
"1999-12";"10";"618"
"1999-12";"20";"1171.6"
"1999-12";"50";"1797.3"
"1999-12";"100";"8147.1"
"1999-12";"200";"5455.9"
"1999-12";"500";"603.7"
"1999-12";"1000";"19382.3"
"1999-12";"T";"37184.8"
"1999-12";"M";"2251.17125419"
"2000-01";"5";"9"
"2000-01";"10";"602"
"2000-01";"20";"1109.9"
"2000-01";"50";"1639.1"
"2000-01";"100";"6965.6"
"2000-01";"200";"4415.2"
"2000-01";"500";"583.9"
"2000-01";"1000";"17067.5"
"2000-01";"T";"32392.2"
"2000-01";"M";"2239.34229804"
"2000-02";"5";"9"
"2000-02";"10";"599.2"
"2000-02";"20";"1104.6"
"2000-02";"50";"1626.4"
"2000-02";"100";"6844.9"
"2000-02";"200";"4318"
"2000-02";"500";"567.6"
"2000-02";"1000";"16856.9"
"2000-02";"T";"31926.6"
"2000-02";"M";"2242.6088916"
"2000-03";"5";"9"
"2000-03";"10";"598.9"
"2000-03";"20";"1109.5"
"2000-03";"50";"1632.9"
"2000-03";"100";"6915.6"
"2000-03";"200";"4359.1"
"2000-03";"500";"548.5"
"2000-03";"1000";"16876.4"
"2000-03";"T";"32049.7"
"2000-03";"M";"2243.64847206"
"2000-04";"5";"9"
"2000-04";"10";"599.9"
"2000-04";"20";"1110.8"
"2000-04";"50";"1637.9"
"2000-04";"100";"6939.3"
"2000-04";"200";"4432.2"
"2000-04";"500";"528.9"
"2000-04";"1000";"16836.1"
"2000-04";"T";"32094"
"2000-04";"M";"2255.1792068"
"2000-05";"5";
"2000-05";"10";"561.3"
"2000-05";"20";"1080"
"2000-05";"50";"1612.1"
"2000-05";"100";"6858.8"
"2000-05";"200";"4428.2"
"2000-05";"500";"488.3"
"2000-05";"1000";"16657.9"
"2000-05";"T";"31686.6"
"2000-05";"M";"2262.29298324"
"2000-06";"5";
"2000-06";"10";"565.2"
"2000-06";"20";"1086.7"
"2000-06";"50";"1623.3"
"2000-06";"100";"6872.1"
"2000-06";"200";"4439.3"
"2000-06";"500";"474.8"
"2000-06";"1000";"16782.6"
"2000-06";"T";"31844"
"2000-06";"M";"2262.49610614"
"2000-07";"5";
"2000-07";"10";"562.2"
"2000-07";"20";"1078"
"2000-07";"50";"1612.8"
"2000-07";"100";"6843"
"2000-07";"200";"4434.4"
"2000-07";"500";"462.2"
"2000-07";"1000";"16527.3"
"2000-07";"T";"31520"
"2000-07";"M";"2254.83161044"
"2000-08";"5";
"2000-08";"10";"562.2"
"2000-08";"20";"1082.4"
"2000-08";"50";"1616"
"2000-08";"100";"6784.3"
"2000-08";"200";"4376.8"
"2000-08";"500";"449.9"
"2000-08";"1000";"16425"
"2000-08";"T";"31296.5"
"2000-08";"M";"2267.78062704"
"2000-09";"5";
"2000-09";"10";"561.5"
"2000-09";"20";"1084.6"
"2000-09";"50";"1610.4"
"2000-09";"100";"6801.6"
"2000-09";"200";"4414.3"
"2000-09";"500";"437.7"
"2000-09";"1000";"16667.4"
"2000-09";"T";"31577.6"
"2000-09";"M";"2269.64018561"
"2000-10";"5";
"2000-10";"10";"558.7"
"2000-10";"20";"1081.4"
"2000-10";"50";"1603.9"
"2000-10";"100";"6751"
"2000-10";"200";"4415.5"
"2000-10";"500";"425.6"
"2000-10";"1000";"16689"
"2000-10";"T";"31525.1"
"2000-10";"M";"2274.872982"
"2000-11";"5";
"2000-11";"10";"559.5"
"2000-11";"20";"1090.6"
"2000-11";"50";"1616.9"
"2000-11";"100";"6834.2"
"2000-11";"200";"4550.5"
"2000-11";"500";"414"
"2000-11";"1000";"16991"
"2000-11";"T";"32056.5"
"2000-11";"M";"2270.13641204"
"2000-12";"5";
"2000-12";"10";"579.4"
"2000-12";"20";"1142.4"
"2000-12";"50";"1738.3"
"2000-12";"100";"7558.7"
"2000-12";"200";"5120"
"2000-12";"500";"404.8"
"2000-12";"1000";"18942.1"
"2000-12";"T";"35485.7"
"2000-12";"M";"2295.19717939"
"2001-01";"5";
"2001-01";"10";"563.6"
"2001-01";"20";"1096.3"
"2001-01";"50";"1630.5"
"2001-01";"100";"6791.6"
"2001-01";"200";"4561.5"
"2001-01";"500";"393.7"
"2001-01";"1000";"17417.6"
"2001-01";"T";"32454.8"
"2001-01";"M";"2278.56579314"
"2001-02";"5";
"2001-02";"10";"565.2"
"2001-02";"20";"1105.2"
"2001-02";"50";"1640.9"
"2001-02";"100";"6814"
"2001-02";"200";"4621.9"
"2001-02";"500";"385.7"
"2001-02";"1000";"17462.7"
"2001-02";"T";"32595.6"
"2001-02";"M";"2282.96662494"
"2001-03";"5";
"2001-03";"10";"564.7"
"2001-03";"20";"1108.2"
"2001-03";"50";"1649.4"
"2001-03";"100";"6868.7"
"2001-03";"200";"4670.9"
"2001-03";"500";"377.6"
"2001-03";"1000";"17520.4"
"2001-03";"T";"32759.7"
"2001-03";"M";"2285.52104219"
"2001-04";"5";
"2001-04";"10";"565.1"
"2001-04";"20";"1109.8"
"2001-04";"50";"1652.3"
"2001-04";"100";"6889.5"
"2001-04";"200";"4749.3"
"2001-04";"500";"369.6"
"2001-04";"1000";"17695.8"
"2001-04";"T";"33031.4"
"2001-04";"M";"2291.91270224"
"2001-05";"5";
"2001-05";"10";"569.2"
"2001-05";"20";"1126.3"
"2001-05";"50";"1678.2"
"2001-05";"100";"6930.8"
"2001-05";"200";"4744.2"
"2001-05";"500";"360.8"
"2001-05";"1000";"17610"
"2001-05";"T";"33019.3"
"2001-05";"M";"2299.70102254"
"2001-06";"5";
"2001-06";"10";"571.1"
"2001-06";"20";"1132"
"2001-06";"50";"1689"
"2001-06";"100";"6949.6"
"2001-06";"200";"4821.1"
"2001-06";"500";"353.6"
"2001-06";"1000";"17889.4"
"2001-06";"T";"33405.6"
"2001-06";"M";"2297.10115299"
"2001-07";"5";
"2001-07";"10";"568.6"
"2001-07";"20";"1127.2"
"2001-07";"50";"1692.4"
"2001-07";"100";"7004.8"
"2001-07";"200";"4849.7"
"2001-07";"500";"345.7"
"2001-07";"1000";"17713.7"
"2001-07";"T";"33302"
"2001-07";"M";"2291.53859444"
"2001-08";"5";
"2001-08";"10";"568.7"
"2001-08";"20";"1135.4"
"2001-08";"50";"1699.9"
"2001-08";"100";"6982.6"
"2001-08";"200";"4821.1"
"2001-08";"500";"337.6"
"2001-08";"1000";"17559"
"2001-08";"T";"33104.1"
"2001-08";"M";"2293.65551129"
"2001-09";"5";
"2001-09";"10";"568.7"
"2001-09";"20";"1133.4"
"2001-09";"50";"1697.5"
"2001-09";"100";"7013.5"
"2001-09";"200";"4879.5"
"2001-09";"500";"330.2"
"2001-09";"1000";"17961"
"2001-09";"T";"33583.7"
"2001-09";"M";"2290.91701934"
"2001-10";"5";
"2001-10";"10";"568.8"
"2001-10";"20";"1134"
"2001-10";"50";"1699.6"
"2001-10";"100";"7074.4"
"2001-10";"200";"4929.1"
"2001-10";"500";"321.8"
"2001-10";"1000";"18234.3"
"2001-10";"T";"33962"
"2001-10";"M";"2293.91217059"
"2001-11";"5";
"2001-11";"10";"572.2"
"2001-11";"20";"1146.2"
"2001-11";"50";"1717.4"
"2001-11";"100";"7235.2"
"2001-11";"200";"5120.8"
"2001-11";"500";"313.6"
"2001-11";"1000";"18874.9"
"2001-11";"T";"34980.2"
"2001-11";"M";"2297.05794604"
"2001-12";"5";
"2001-12";"10";"594.4"
"2001-12";"20";"1211.7"
"2001-12";"50";"1874.7"
"2001-12";"100";"8280.9"
"2001-12";"200";"6105.6"
"2001-12";"500";"306.5"
"2001-12";"1000";"21471.1"
"2001-12";"T";"39844.7"
"2001-12";"M";"2324.58063599"
"2002-01";"5";
"2002-01";"10";"576.5"
"2002-01";"20";"1153"
"2002-01";"50";"1725"
"2002-01";"100";"7375"
"2002-01";"200";"5330.4"
"2002-01";"500";"295.9"
"2002-01";"1000";"19732.4"
"2002-01";"T";"36188.2"
"2002-01";"M";"2301.19565979"
"2002-02";"5";
"2002-02";"10";"572.2"
"2002-02";"20";"1144.5"
"2002-02";"50";"1710.5"
"2002-02";"100";"7275"
"2002-02";"200";"5296.3"
"2002-02";"500";"286.6"
"2002-02";"1000";"19590.7"
"2002-02";"T";"35875.7"
"2002-02";"M";"2292.67968754"
"2002-03";"5";
"2002-03";"10";"575.3"
"2002-03";"20";"1160.1"
"2002-03";"50";"1742.6"
"2002-03";"100";"7489"
"2002-03";"200";"5464.7"
"2002-03";"500";"278.7"
"2002-03";"1000";"19600.5"
"2002-03";"T";"36310.9"
"2002-03";"M";"2300.47357844"
"2002-04";"5";
"2002-04";"10";"569.4"
"2002-04";"20";"1138.9"
"2002-04";"50";"1705.2"
"2002-04";"100";"7293.3"
"2002-04";"200";"5340.1"
"2002-04";"500";"271.3"
"2002-04";"1000";"19350.6"
"2002-04";"T";"35668.6"
"2002-04";"M";"2296.79131594"
"2002-05";"5";
"2002-05";"10";"571.4"
"2002-05";"20";"1152.9"
"2002-05";"50";"1706.4"
"2002-05";"100";"7263.6"
"2002-05";"200";"5270.1"
"2002-05";"500";"266.1"
"2002-05";"1000";"19066.9"
"2002-05";"T";"35297.2"
"2002-05";"M";"2305.09914939"
"2002-06";"5";
"2002-06";"10";"574.2"
"2002-06";"20";"1156.2"
"2002-06";"50";"1702.6"
"2002-06";"100";"7192"
"2002-06";"200";"5283.9"
"2002-06";"500";"260.8"
"2002-06";"1000";"19190.5"
"2002-06";"T";"35360.2"
"2002-06";"M";"2303.51533034"
"2002-07";"5";
"2002-07";"10";"573.5"
"2002-07";"20";"1150.2"
"2002-07";"50";"1700.2"
"2002-07";"100";"7264.5"
"2002-07";"200";"5327.8"
"2002-07";"500";"255.8"
"2002-07";"1000";"18954.2"
"2002-07";"T";"35226.2"
"2002-07";"M";"2291.87819234"
"2002-08";"5";
"2002-08";"10";"572.4"
"2002-08";"20";"1147.2"
"2002-08";"50";"1684.4"
"2002-08";"100";"7155.3"
"2002-08";"200";"5232.9"
"2002-08";"500";"251.3"
"2002-08";"1000";"18734.7"
"2002-08";"T";"34778"
"2002-08";"M";"2290.52126694"
"2002-09";"5";
"2002-09";"10";"571.2"
"2002-09";"20";"1148.8"
"2002-09";"50";"1660.5"
"2002-09";"100";"7133.4"
"2002-09";"200";"5260.1"
"2002-09";"500";"247.4"
"2002-09";"1000";"18946.5"
"2002-09";"T";"34967.8"
"2002-09";"M";"2290.64580849"
"2002-10";"5";
"2002-10";"10";"570"
"2002-10";"20";"1155.4"
"2002-10";"50";"1649.7"
"2002-10";"100";"7198.5"
"2002-10";"200";"5280"
"2002-10";"500";"243.6"
"2002-10";"1000";"18953.7"
"2002-10";"T";"35050.8"
"2002-10";"M";"2293.70459574"
"2002-11";"5";
"2002-11";"10";"570.9"
"2002-11";"20";"1159.4"
"2002-11";"50";"1652.6"
"2002-11";"100";"7236.5"
"2002-11";"200";"5385.2"
"2002-11";"500";"240.1"
"2002-11";"1000";"19456.7"
"2002-11";"T";"35701.3"
"2002-11";"M";"2307.67848942"
"2002-12";"5";
"2002-12";"10";"592.4"
"2002-12";"20";"1221.9"
"2002-12";"50";"1770.3"
"2002-12";"100";"8063.9"
"2002-12";"200";"6167.8"
"2002-12";"500";"236.4"
"2002-12";"1000";"21547.5"
"2002-12";"T";"39600.2"
"2002-12";"M";"2339.71087702"
"2003-01";"5";
"2003-01";"10";"574.3"
"2003-01";"20";"1162.2"
"2003-01";"50";"1656.9"
"2003-01";"100";"7223"
"2003-01";"200";"5411"
"2003-01";"500";"233.1"
"2003-01";"1000";"19713.5"
"2003-01";"T";"35974"
"2003-01";"M";"2319.38431152"
"2003-02";"5";
"2003-02";"10";"572.9"
"2003-02";"20";"1159.9"
"2003-02";"50";"1654.9"
"2003-02";"100";"7175.2"
"2003-02";"200";"5384.1"
"2003-02";"500";"230.3"
"2003-02";"1000";"19669.2"
"2003-02";"T";"35846.4"
"2003-02";"M";"2320.65540307"
"2003-03";"5";
"2003-03";"10";"572.9"
"2003-03";"20";"1164.3"
"2003-03";"50";"1649.3"
"2003-03";"100";"7162.3"
"2003-03";"200";"5409.3"
"2003-03";"500";"227.6"
"2003-03";"1000";"19806.2"
"2003-03";"T";"35991.8"
"2003-03";"M";"2319.07736287"
"2003-04";"5";
"2003-04";"10";"577.8"
"2003-04";"20";"1184.2"
"2003-04";"50";"1671.9"
"2003-04";"100";"7318.1"
"2003-04";"200";"5540.8"
"2003-04";"500";"225"
"2003-04";"1000";"19908.2"
"2003-04";"T";"36425.9"
"2003-04";"M";"2331.69564652"
"2003-05";"5";
"2003-05";"10";"576.4"
"2003-05";"20";"1194.2"
"2003-05";"50";"1680.2"
"2003-05";"100";"7349.4"
"2003-05";"200";"5564"
"2003-05";"500";"222.4"
"2003-05";"1000";"19910.2"
"2003-05";"T";"36496.6"
"2003-05";"M";"2334.40520877"
"2003-06";"5";
"2003-06";"10";"581.1"
"2003-06";"20";"1189.9"
"2003-06";"50";"1671.7"
"2003-06";"100";"7224.7"
"2003-06";"200";"5429.6"
"2003-06";"500";"220.3"
"2003-06";"1000";"19910.6"
"2003-06";"T";"36227.8"
"2003-06";"M";"2337.66014287"
"2003-07";"5";
"2003-07";"10";"579.90547"
"2003-07";"20";"1186.55462"
"2003-07";"50";"1674.96535"
"2003-07";"100";"7314.1297"
"2003-07";"200";"5491.0224"
"2003-07";"500";"217.2955"
"2003-07";"1000";"19554.796"
"2003-07";"T";"36018.584755"
"2003-07";"M";"2331.13182482"
"2003-08";"5";
"2003-08";"10";"579.02311"
"2003-08";"20";"1185.39478"
"2003-08";"50";"1669.1573"
"2003-08";"100";"7226.8115"
"2003-08";"200";"5373.3542"
"2003-08";"500";"215.1995"
"2003-08";"1000";"19454.677"
"2003-08";"T";"35703.53374"
"2003-08";"M";"2329.93564142"
"2003-09";"5";
"2003-09";"10";"578.37531"
"2003-09";"20";"1190.9171"
"2003-09";"50";"1667.2595"
"2003-09";"100";"7217.2908"
"2003-09";"200";"5412.5752"
"2003-09";"500";"212.843"
"2003-09";"1000";"19669.188"
"2003-09";"T";"35948.358265"
"2003-09";"M";"2334.23296947"
"2003-10";"5";
"2003-10";"10";"577.95525"
"2003-10";"20";"1184.93174"
"2003-10";"50";"1663.5018"
"2003-10";"100";"7234.8525"
"2003-10";"200";"5404.9744"
"2003-10";"500";"210.444"
"2003-10";"1000";"19633.528"
"2003-10";"T";"35910.103895"
"2003-10";"M";"2338.33954452"
"2003-11";"5";
"2003-11";"10";"577.8008"
"2003-11";"20";"1187.41222"
"2003-11";"50";"1657.5424"
"2003-11";"100";"7254.4112"
"2003-11";"200";"5421.6168"
"2003-11";"500";"208.069"
"2003-11";"1000";"20030.507"
"2003-11";"T";"36337.275925"
"2003-11";"M";"2353.02610352"
"2003-12";"5";
"2003-12";"10";"600.74787"
"2003-12";"20";"1254.5268"
"2003-12";"50";"1787.70375"
"2003-12";"100";"8107.4149"
"2003-12";"200";"6250.1482"
"2003-12";"500";"206.2005"
"2003-12";"1000";"22337.33"
"2003-12";"T";"40543.9896"
"2003-12";"M";"2383.12036927"
"2004-01";"5";
"2004-01";"10";"583.45377"
"2004-01";"20";"1194.52152"
"2004-01";"50";"1673.9441"
"2004-01";"100";"7297.0012"
"2004-01";"200";"5510.2012"
"2004-01";"500";"204.2245"
"2004-01";"1000";"20530.105"
"2004-01";"T";"36993.366525"
"2004-01";"M";"2369.22108011"
"2004-02";"5";
"2004-02";"10";"580.94979"
"2004-02";"20";"1192.9834"
"2004-02";"50";"1666.44965"
"2004-02";"100";"7221.8718"
"2004-02";"200";"5424.385"
"2004-02";"500";"202.355"
"2004-02";"1000";"20321.105"
"2004-02";"T";"36610.014925"
"2004-02";"M";"2372.20007131"
"2004-03";"5";
"2004-03";"10";"581.10535"
"2004-03";"20";"1198.29048"
"2004-03";"50";"1666.92245"
"2004-03";"100";"7264.0599"
"2004-03";"200";"5430.5764"
"2004-03";"500";"200.656"
"2004-03";"1000";"20463.768"
"2004-03";"T";"36805.28932"
"2004-03";"M";"2375.01184651"
"2004-04";"5";
"2004-04";"10";"579.74341"
"2004-04";"20";"1197.19666"
"2004-04";"50";"1663.842"
"2004-04";"100";"7265.8517"
"2004-04";"200";"5423.3248"
"2004-04";"500";"198.822"
"2004-04";"1000";"20282.345"
"2004-04";"T";"36611.035885"
"2004-04";"M";"2377.64508381"
"2004-05";"5";
"2004-05";"10";"582.49661"
"2004-05";"20";"1204.20316"
"2004-05";"50";"1657.8877"
"2004-05";"100";"7311.2774"
"2004-05";"200";"5456.697"
"2004-05";"500";"197.3975"
"2004-05";"1000";"20227.427"
"2004-05";"T";"36637.289285"
"2004-05";"M";"2383.27524166"
"2004-06";"5";
"2004-06";"10";"588.72306"
"2004-06";"20";"1210.33408"
"2004-06";"50";"1680.56605"
"2004-06";"100";"7261.6064"
"2004-06";"200";"5411.879"
"2004-06";"500";"195.7105"
"2004-06";"1000";"20399.982"
"2004-06";"T";"36748.708255"
"2004-06";"M";"2385.72196011"
"2004-07";"5";
"2004-07";"10";"585.90928"
"2004-07";"20";"1197.76332"
"2004-07";"50";"1666.52625"
"2004-07";"100";"7252.8746"
"2004-07";"200";"5359.0656"
"2004-07";"500";"193.7815"
"2004-07";"1000";"19887.733"
"2004-07";"T";"36143.561605"
"2004-07";"M";"2372.09896651"
"2004-08";"5";
"2004-08";"10";"587.24867"
"2004-08";"20";"1200.77008"
"2004-08";"50";"1669.02065"
"2004-08";"100";"7211.1113"
"2004-08";"200";"5300.6622"
"2004-08";"500";"191.6085"
"2004-08";"1000";"19825.943"
"2004-08";"T";"35986.27211"
"2004-08";"M";"2378.99298971"
"2004-09";"5";
"2004-09";"10";"586.95574"
"2004-09";"20";"1207.83078"
"2004-09";"50";"1675.9288"
"2004-09";"100";"7315.1775"
"2004-09";"200";"5351.6326"
"2004-09";"500";"189.8805"
"2004-09";"1000";"20040.206"
"2004-09";"T";"36367.517565"
"2004-09";"M";"2383.32055201"
"2004-10";"5";
"2004-10";"10";"584.34608"
"2004-10";"20";"1203.10878"
"2004-10";"50";"1663.2826"
"2004-10";"100";"7302.8618"
"2004-10";"200";"5351.1306"
"2004-10";"500";"188.6185"
"2004-10";"1000";"20060.933"
"2004-10";"T";"36354.18761"
"2004-10";"M";"2383.03150531"
"2004-11";"5";
"2004-11";"10";"587.50693"
"2004-11";"20";"1209.98138"
"2004-11";"50";"1676.9177"
"2004-11";"100";"7366.6978"
"2004-11";"200";"5472.2608"
"2004-11";"500";"186.5265"
"2004-11";"1000";"20578.718"
"2004-11";"T";"37078.514325"
"2004-11";"M";"2400.99986436"
"2004-12";"5";
"2004-12";"10";"602.2344"
"2004-12";"20";"1244.70958"
"2004-12";"50";"1760.38685"
"2004-12";"100";"7842.5054"
"2004-12";"200";"5867.426"
"2004-12";"500";"184.923"
"2004-12";"1000";"22217.213"
"2004-12";"T";"39719.25819"
"2004-12";"M";"2419.89054116"
"2005-01";"5";
"2005-01";"10";"589.58289"
"2005-01";"20";"1209.1059"
"2005-01";"50";"1683.5682"
"2005-01";"100";"7352.1687"
"2005-01";"200";"5510.9582"
"2005-01";"500";"183.5145"
"2005-01";"1000";"21037.488"
"2005-01";"T";"37566.242885"
"2005-01";"M";"2403.35726206"
"2005-02";"5";
"2005-02";"10";"588.08508"
"2005-02";"20";"1206.01874"
"2005-02";"50";"1677.77505"
"2005-02";"100";"7271.9569"
"2005-02";"200";"5438.2446"
"2005-02";"500";"181.927"
"2005-02";"1000";"20802.103"
"2005-02";"T";"37165.967895"
"2005-02";"M";"2407.89480546"
"2005-03";"5";
"2005-03";"10";"594.52"
"2005-03";"20";"1234.68446"
"2005-03";"50";"1715.145"
"2005-03";"100";"7484.1393"
"2005-03";"200";"5579.2566"
"2005-03";"500";"180.1825"
"2005-03";"1000";"20926.071"
"2005-03";"T";"37713.856915"
"2005-03";"M";"2421.22717569"
"2005-04";"5";
"2005-04";"10";"589.97903"
"2005-04";"20";"1210.25682"
"2005-04";"50";"1685.13235"
"2005-04";"100";"7343.3347"
"2005-04";"200";"5488.7876"
"2005-04";"500";"178.7135"
"2005-04";"1000";"20708.011"
"2005-04";"T";"37204.064415"
"2005-04";"M";"2414.86567784"
"2005-05";"5";
"2005-05";"10";"589.61882"
"2005-05";"20";"1223.10316"
"2005-05";"50";"1690.7271"
"2005-05";"100";"7307.6284"
"2005-05";"200";"5464.832"
"2005-05";"500";"176.8525"
"2005-05";"1000";"20667.49"
"2005-05";"T";"37120.110985"
"2005-05";"M";"2417.35636419"
"2005-06";"5";
"2005-06";"10";"595.78088"
"2005-06";"20";"1237.62292"
"2005-06";"50";"1711.44105"
"2005-06";"100";"7420.0338"
"2005-06";"200";"5549.3682"
"2005-06";"500";"175.3305"
"2005-06";"1000";"20939.269"
"2005-06";"T";"37628.70249"
"2005-06";"M";"2427.33722569"
"2005-07";"5";
"2005-07";"10";"594.10335"
"2005-07";"20";"1229.8918"
"2005-07";"50";"1709.36605"
"2005-07";"100";"7412.5619"
"2005-07";"200";"5601.1388"
"2005-07";"500";"173.6635"
"2005-07";"1000";"20708.771"
"2005-07";"T";"37429.351875"
"2005-07";"M";"2415.07670199"
"2005-08";"5";
"2005-08";"10";"595.38393"
"2005-08";"20";"1226.97198"
"2005-08";"50";"1702.42355"
"2005-08";"100";"7278.9298"
"2005-08";"200";"5573.9332"
"2005-08";"500";"172.386"
"2005-08";"1000";"20620.248"
"2005-08";"T";"37170.17646"
"2005-08";"M";"2420.55399824"
"2005-09";"5";
"2005-09";"10";"593.58909"
"2005-09";"20";"1229.49812"
"2005-09";"50";"1713.3743"
"2005-09";"100";"7275.3519"
"2005-09";"200";"5595.256"
"2005-09";"500";"170.897"
"2005-09";"1000";"20616.909"
"2005-09";"T";"37194.775185"
"2005-09";"M";"2422.52800335"
"2005-10";"5";
"2005-10";"10";"593.04926"
"2005-10";"20";"1225.00458"
"2005-10";"50";"1702.07635"
"2005-10";"100";"7241.6238"
"2005-10";"200";"5646.4016"
"2005-10";"500";"169.81"
"2005-10";"1000";"20767.196"
"2005-10";"T";"37345.06332"
"2005-10";"M";"2426.6244457"
"2005-11";"5";
"2005-11";"10";"596.15527"
"2005-11";"20";"1249.27534"
"2005-11";"50";"1713.6507"
"2005-11";"100";"7371.6495"
"2005-11";"200";"5736.8214"
"2005-11";"500";"168.5765"
"2005-11";"1000";"21274.606"
"2005-11";"T";"38110.636665"
"2005-11";"M";"2438.70037305"
"2005-12";"5";
"2005-12";"10";"611.29112"
"2005-12";"20";"1293.1099"
"2005-12";"50";"1798.4583"
"2005-12";"100";"7977.2103"
"2005-12";"200";"6280.348"
"2005-12";"500";"167.385"
"2005-12";"1000";"23238.837"
"2005-12";"T";"41366.540585"
"2005-12";"M";"2468.4486685"
"2006-01";"5";
"2006-01";"10";"599.00747"
"2006-01";"20";"1255.5136"
"2006-01";"50";"1715.8215"
"2006-01";"100";"7377.3694"
"2006-01";"200";"5851.697"
"2006-01";"500";"166.3475"
"2006-01";"1000";"21841.699"
"2006-01";"T";"38807.35127"
"2006-01";"M";"2449.6901541"
"2006-02";"5";
"2006-02";"10";"599.48425"
"2006-02";"20";"1258.27046"
"2006-02";"50";"1717.6214"
"2006-02";"100";"7336.7088"
"2006-02";"200";"5756.9292"
"2006-02";"500";"165.4785"
"2006-02";"1000";"21606.706"
"2006-02";"T";"38441.09306"
"2006-02";"M";"2452.37263435"
"2006-03";"5";
"2006-03";"10";"597.80038"
"2006-03";"20";"1264.31734"
"2006-03";"50";"1724.3634"
"2006-03";"100";"7411.7306"
"2006-03";"200";"5860.7446"
"2006-03";"500";"164.388"
"2006-03";"1000";"21692.285"
"2006-03";"T";"38715.522355"
"2006-03";"M";"2454.3589451"
"2006-04";"5";
"2006-04";"10";"601.85535"
"2006-04";"20";"1270.62542"
"2006-04";"50";"1726.2111"
"2006-04";"100";"7431.4248"
"2006-04";"200";"5829.8758"
"2006-04";"500";"163.3095"
"2006-04";"1000";"21544.845"
"2006-04";"T";"38568.04158"
"2006-04";"M";"2466.06603235"
"2006-05";"5";
"2006-05";"10";"602.93742"
"2006-05";"20";"1278.74418"
"2006-05";"50";"1724.59545"
"2006-05";"100";"7395.4644"
"2006-05";"200";"5771.5126"
"2006-05";"500";"162.2405"
"2006-05";"1000";"21439.014"
"2006-05";"T";"38374.401805"
"2006-05";"M";"2469.9662492"
"2006-06";"5";
"2006-06";"10";"606.92102"
"2006-06";"20";"1282.37028"
"2006-06";"50";"1735.2587"
"2006-06";"100";"7399.3759"
"2006-06";"200";"5759.7852"
"2006-06";"500";"161.3065"
"2006-06";"1000";"21348.226"
"2006-06";"T";"38293.136435"
"2006-06";"M";"2475.98288845"
"2006-07";"5";
"2006-07";"10";"605.53594"
"2006-07";"20";"1279.63318"
"2006-07";"50";"1732.67235"
"2006-07";"100";"7415.6545"
"2006-07";"200";"5855.395"
"2006-07";"500";"160.0845"
"2006-07";"1000";"21266.134"
"2006-07";"T";"38314.997625"
"2006-07";"M";"2470.54006845"
"2006-08";"5";
"2006-08";"10";"605.54765"
"2006-08";"20";"1283.48154"
"2006-08";"50";"1740.2234"
"2006-08";"100";"7388.911"
"2006-08";"200";"5756.498"
"2006-08";"500";"159.129"
"2006-08";"1000";"20953.193"
"2006-08";"T";"37886.874675"
"2006-08";"M";"2470.69150385"
"2006-09";"5";
"2006-09";"10";"603.80019"
"2006-09";"20";"1290.57314"
"2006-09";"50";"1746.16295"
"2006-09";"100";"7406.6961"
"2006-09";"200";"5759.5328"
"2006-09";"500";"158.1925"
"2006-09";"1000";"21169.495"
"2006-09";"T";"38134.343025"
"2006-09";"M";"2472.72339755"
"2006-10";"5";
"2006-10";"10";"602.92136"
"2006-10";"20";"1289.03348"
"2006-10";"50";"1731.8533"
"2006-10";"100";"7419.4457"
"2006-10";"200";"5768.0108"
"2006-10";"500";"157.092"
"2006-10";"1000";"21246.044"
"2006-10";"T";"38214.276515"
"2006-10";"M";"2480.4724898"
"2006-11";"5";
"2006-11";"10";"606.1954"
"2006-11";"20";"1301.07036"
"2006-11";"50";"1753.6927"
"2006-11";"100";"7516.7399"
"2006-11";"200";"5858.7646"
"2006-11";"500";"155.806"
"2006-11";"1000";"21626.793"
"2006-11";"T";"38818.9363"
"2006-11";"M";"2494.2255352"
"2006-12";"5";
"2006-12";"10";"626.1045"
"2006-12";"20";"1366.6735"
"2006-12";"50";"1881.73985"
"2006-12";"100";"8349.7543"
"2006-12";"200";"6706.6038"
"2006-12";"500";"154.6825"
"2006-12";"1000";"24096.793"
"2006-12";"T";"43182.24464"
"2006-12";"M";"2524.32136905"
"2007-01";"5";
"2007-01";"10";"612.88068"
"2007-01";"20";"1304.22898"
"2007-01";"50";"1765.27165"
"2007-01";"100";"7577.3373"
"2007-01";"200";"5958.9946"
"2007-01";"500";"153.8475"
"2007-01";"1000";"22165.827"
"2007-01";"T";"39538.28014"
"2007-01";"M";"2503.23347665"
"2007-02";"5";
"2007-02";"10";"613.45953"
"2007-02";"20";"1306.00338"
"2007-02";"50";"1764.36965"
"2007-02";"100";"7515.9988"
"2007-02";"200";"5932.443"
"2007-02";"500";"153.1135"
"2007-02";"1000";"21961.071"
"2007-02";"T";"39246.3511"
"2007-02";"M";"2507.3034601"
"2007-03";"5";
"2007-03";"10";"612.56201"
"2007-03";"20";"1316.56526"
"2007-03";"50";"1782.2795"
"2007-03";"100";"7577.503"
"2007-03";"200";"5990.5422"
"2007-03";"500";"152.2115"
"2007-03";"1000";"21949.914"
"2007-03";"T";"39381.466495"
"2007-03";"M";"2514.08186215"
"2007-04";"5";
"2007-04";"10";"613.51966"
"2007-04";"20";"1322.07256"
"2007-04";"50";"1780.98065"
"2007-04";"100";"7598.6345"
"2007-04";"200";"6042.5276"
"2007-04";"500";"151.3925"
"2007-04";"1000";"21931.147"
"2007-04";"T";"39440.16077"
"2007-04";"M";"2525.0737641"
"2007-05";"5";
"2007-05";"10";"616.03499"
"2007-05";"20";"1335.33448"
"2007-05";"50";"1805.5503"
"2007-05";"100";"7601.1744"
"2007-05";"200";"6014.9412"
"2007-05";"500";"150.734"
"2007-05";"1000";"21740.704"
"2007-05";"T";"39264.353955"
"2007-05";"M";"2534.3519254"
"2007-06";"5";
"2007-06";"10";"621.89497"
"2007-06";"20";"1332.3742"
"2007-06";"50";"1805.2912"
"2007-06";"100";"7600.0594"
"2007-06";"200";"6020.2002"
"2007-06";"500";"150.0295"
"2007-06";"1000";"21776.885"
"2007-06";"T";"39306.62215"
"2007-06";"M";"2535.92965355"
"2007-07";"5";
"2007-07";"10";"620.20168"
"2007-07";"20";"1326.43374"
"2007-07";"50";"1794.5891"
"2007-07";"100";"7623.7816"
"2007-07";"200";"6040.9578"
"2007-07";"500";"149.0995"
"2007-07";"1000";"21467.333"
"2007-07";"T";"39022.28519"
"2007-07";"M";"2531.6122299"
"2007-08";"5";
"2007-08";"10";"622.20145"
"2007-08";"20";"1331.51228"
"2007-08";"50";"1794.27865"
"2007-08";"100";"7575.0661"
"2007-08";"200";"5909.5014"
"2007-08";"500";"148.11"
"2007-08";"1000";"21154.576"
"2007-08";"T";"38535.13277"
"2007-08";"M";"2536.9039114"
"2007-09";"5";
"2007-09";"10";"619.91507"
"2007-09";"20";"1334.16402"
"2007-09";"50";"1800.8154"
"2007-09";"100";"7586.6616"
"2007-09";"200";"5931.5102"
"2007-09";"500";"147.5"
"2007-09";"1000";"21367.322"
"2007-09";"T";"38787.771975"
"2007-09";"M";"2540.20828925"
"2007-10";"5";
"2007-10";"10";"621.06567"
"2007-10";"20";"1337.53564"
"2007-10";"50";"1801.9492"
"2007-10";"100";"7651.1846"
"2007-10";"200";"6020.0492"
"2007-10";"500";"146.56"
"2007-10";"1000";"21504.763"
"2007-10";"T";"39082.997605"
"2007-10";"M";"2548.59118385"
"2007-11";"5";
"2007-11";"10";"623.08944"
"2007-11";"20";"1343.14812"
"2007-11";"50";"1813.4138"
"2007-11";"100";"7779.6549"
"2007-11";"200";"6109.4066"
"2007-11";"500";"145.9655"
"2007-11";"1000";"21824.404"
"2007-11";"T";"39638.972335"
"2007-11";"M";"2561.74761235"
"2007-12";"5";
"2007-12";"10";"645.51753"
"2007-12";"20";"1420.606"
"2007-12";"50";"1948.12955"
"2007-12";"100";"8619.8388"
"2007-12";"200";"7072.7326"
"2007-12";"500";"145.361"
"2007-12";"1000";"24406.528"
"2007-12";"T";"44258.59835"
"2007-12";"M";"2592.81144165"
"2008-01";"5";
"2008-01";"10";"633.66044"
"2008-01";"20";"1368.96282"
"2008-01";"50";"1838.3207"
"2008-01";"100";"7918.1549"
"2008-01";"200";"6297.5108"
"2008-01";"500";"144.6685"
"2008-01";"1000";"22464.088"
"2008-01";"T";"40665.256395"
"2008-01";"M";"2575.96447665"
"2008-02";"5";
"2008-02";"10";"629.11155"
"2008-02";"20";"1349.55874"
"2008-02";"50";"1821.33965"
"2008-02";"100";"7815.4314"
"2008-02";"200";"6182.5344"
"2008-02";"500";"143.4275"
"2008-02";"1000";"22464.726"
"2008-02";"T";"40406.017645"
"2008-02";"M";"2578.6126665"
"2008-03";"5";
"2008-03";"10";"634.266"
"2008-03";"20";"1361.54366"
"2008-03";"50";"1843.44215"
"2008-03";"100";"7874.3398"
"2008-03";"200";"6298.9262"
"2008-03";"500";"142.981"
"2008-03";"1000";"22842.451"
"2008-03";"T";"40997.837595"
"2008-03";"M";"2592.33978095"
"2008-04";"5";
"2008-04";"10";"632.38966"
"2008-04";"20";"1364.34366"
"2008-04";"50";"1832.64275"
"2008-04";"100";"7903.1162"
"2008-04";"200";"6266.9348"
"2008-04";"500";"142.381"
"2008-04";"1000";"23040.095"
"2008-04";"T";"41181.78397"
"2008-04";"M";"2591.85893125"
"2008-05";"5";
"2008-05";"10";"633.4734"
"2008-05";"20";"1365.80542"
"2008-05";"50";"1850.7698"
"2008-05";"100";"7836.902"
"2008-05";"200";"6168.1332"
"2008-05";"500";"141.5315"
"2008-05";"1000";"22761.858"
"2008-05";"T";"40758.36234"
"2008-05";"M";"2603.062031"
"2008-06";"5";
"2008-06";"10";"637.22548"
"2008-06";"20";"1372.32434"
"2008-06";"50";"1843.10075"
"2008-06";"100";"7823.7334"
"2008-06";"200";"6176.5968"
"2008-06";"500";"140.5905"
"2008-06";"1000";"22796.122"
"2008-06";"T";"40789.58197"
"2008-06";"M";"2611.53880175"
"2008-07";"5";
"2008-07";"10";"637.51601"
"2008-07";"20";"1372.68476"
"2008-07";"50";"1857.6438"
"2008-07";"100";"7942.2932"
"2008-07";"200";"6290.3258"
"2008-07";"500";"140.0195"
"2008-07";"1000";"22678.683"
"2008-07";"T";"40919.05528"
"2008-07";"M";"2603.13966155"
"2008-08";"5";
"2008-08";"10";"637.25176"
"2008-08";"20";"1374.65656"
"2008-08";"50";"1851.0511"
"2008-08";"100";"7820.34"
"2008-08";"200";"6153.462"
"2008-08";"500";"139.645"
"2008-08";"1000";"22260.586"
"2008-08";"T";"40236.882725"
"2008-08";"M";"2603.1201215"
"2008-09";"5";
"2008-09";"10";"636.91989"
"2008-09";"20";"1383.075"
"2008-09";"50";"1836.1614"
"2008-09";"100";"7847.8796"
"2008-09";"200";"6204.8362"
"2008-09";"500";"139.046"
"2008-09";"1000";"23017.578"
"2008-09";"T";"41065.385725"
"2008-09";"M";"2608.921594"
"2008-10";"5";
"2008-10";"10";"638.12179"
"2008-10";"20";"1390.87416"
"2008-10";"50";"1864.49615"
"2008-10";"100";"8051.1811"
"2008-10";"200";"6433.4054"
"2008-10";"500";"138.285"
"2008-10";"1000";"25926.505"
"2008-10";"T";"44442.758855"
"2008-10";"M";"2617.01938705"
"2008-11";"5";
"2008-11";"10";"638.63512"
"2008-11";"20";"1385.69576"
"2008-11";"50";"1860.4723"
"2008-11";"100";"8097.3083"
"2008-11";"200";"6445.2724"
"2008-11";"500";"137.866"
"2008-11";"1000";"26113.254"
"2008-11";"T";"44678.392275"
"2008-11";"M";"2625.7679982"
"2008-12";"5";
"2008-12";"10";"661.73413"
"2008-12";"20";"1470.61652"
"2008-12";"50";"2019.38505"
"2008-12";"100";"9072.0895"
"2008-12";"200";"7511.8654"
"2008-12";"500";"136.773"
"2008-12";"1000";"28288.477"
"2008-12";"T";"49160.829415"
"2008-12";"M";"2664.081139"
"2009-01";"5";
"2009-01";"10";"645.39079"
"2009-01";"20";"1394.26224"
"2009-01";"50";"1888.98"
"2009-01";"100";"8224.1333"
"2009-01";"200";"6599.3752"
"2009-01";"500";"136.1975"
"2009-01";"1000";"26445.977"
"2009-01";"T";"45334.204"
"2009-01";"M";"2640.4818346"
"2009-02";"5";
"2009-02";"10";"645.31488"
"2009-02";"20";"1394.533"
"2009-02";"50";"1878.6294"
"2009-02";"100";"8165.3519"
"2009-02";"200";"6521.7462"
"2009-02";"500";"135.747"
"2009-02";"1000";"26858.329"
"2009-02";"T";"45599.5394"
"2009-02";"M";"2643.6336977"
"2009-03";"5";
"2009-03";"10";"645.30055"
"2009-03";"20";"1393.94582"
"2009-03";"50";"1883.02845"
"2009-03";"100";"8212.6149"
"2009-03";"200";"6607.9154"
"2009-03";"500";"135.283"
"2009-03";"1000";"26952.992"
"2009-03";"T";"45830.964205"
"2009-03";"M";"2648.66854365"
"2009-04";"5";
"2009-04";"10";"647.92912"
"2009-04";"20";"1410.60902"
"2009-04";"50";"1920.35795"
"2009-04";"100";"8291.7357"
"2009-04";"200";"6728.6518"
"2009-04";"500";"134.8365"
"2009-04";"1000";"27007.092"
"2009-04";"T";"46141.096135"
"2009-04";"M";"2657.65404785"
"2009-05";"5";
"2009-05";"10";"649.96503"
"2009-05";"20";"1412.48476"
"2009-05";"50";"1936.4487"
"2009-05";"100";"8212.8657"
"2009-05";"200";"6612.8658"
"2009-05";"500";"133.8225"
"2009-05";"1000";"26509.527"
"2009-05";"T";"45467.868505"
"2009-05";"M";"2665.39147175"
"2009-06";"5";
"2009-06";"10";"649.28525"
"2009-06";"20";"1415.82176"
"2009-06";"50";"1939.4729"
"2009-06";"100";"8130.8422"
"2009-06";"200";"6613.069"
"2009-06";"500";"133.392"
"2009-06";"1000";"26578.996"
"2009-06";"T";"45460.76878"
"2009-06";"M";"2665.5524968"
"2009-07";"5";
"2009-07";"10";"647.7661"
"2009-07";"20";"1401.29868"
"2009-07";"50";"1919.5743"
"2009-07";"100";"8108.4969"
"2009-07";"200";"6525.0552"
"2009-07";"500";"132.9905"
"2009-07";"1000";"26457.674"
"2009-07";"T";"45192.745715"
"2009-07";"M";"2657.1986288"
"2009-08";"5";
"2009-08";"10";"647.92018"
"2009-08";"20";"1410.61308"
"2009-08";"50";"1929.63855"
"2009-08";"100";"8076.9155"
"2009-08";"200";"6500.2202"
"2009-08";"500";"132.4595"
"2009-08";"1000";"25967.029"
"2009-08";"T";"44664.686195"
"2009-08";"M";"2662.4813124"
"2009-09";"5";
"2009-09";"10";"650.67409"
"2009-09";"20";"1415.77868"
"2009-09";"50";"1951.8504"
"2009-09";"100";"8159.8203"
"2009-09";"200";"6572.5264"
"2009-09";"500";"132.1015"
"2009-09";"1000";"26258.888"
"2009-09";"T";"45141.52826"
"2009-09";"M";"2669.20692725"
"2009-10";"5";
"2009-10";"10";"648.43598"
"2009-10";"20";"1416.82062"
"2009-10";"50";"1948.8117"
"2009-10";"100";"8173.9954"
"2009-10";"200";"6579.0154"
"2009-10";"500";"131.152"
"2009-10";"1000";"26426.071"
"2009-10";"T";"45324.18791"
"2009-10";"M";"2677.8559985"
"2009-11";"5";
"2009-11";"10";"651.16695"
"2009-11";"20";"1420.85318"
"2009-11";"50";"1944.06795"
"2009-11";"100";"8199.8528"
"2009-11";"200";"6662.3664"
"2009-11";"500";"130.764"
"2009-11";"1000";"26910.982"
"2009-11";"T";"45919.94269"
"2009-11";"M";"2688.0249994"
"2009-12";"5";
"2009-12";"10";"669.81058"
"2009-12";"20";"1474.51652"
"2009-12";"50";"2062.43775"
"2009-12";"100";"8949.3509"
"2009-12";"200";"7443.5804"
"2009-12";"500";"130.2465"
"2009-12";"1000";"29236.36"
"2009-12";"T";"49966.19138"
"2009-12";"M";"2712.99431455"
"2010-01";"5";
"2010-01";"10";"656.71502"
"2010-01";"20";"1416.6642"
"2010-01";"50";"1962.9606"
"2010-01";"100";"8337.3574"
"2010-01";"200";"6827.9574"
"2010-01";"500";"129.943"
"2010-01";"1000";"27637.065"
"2010-01";"T";"46968.55131"
"2010-01";"M";"2695.4485896"
"2010-02";"5";
"2010-02";"10";"657.12132"
"2010-02";"20";"1424.78994"
"2010-02";"50";"1959.74765"
"2010-02";"100";"8246.6275"
"2010-02";"200";"6678.05"
"2010-02";"500";"129.3705"
"2010-02";"1000";"27468.693"
"2010-02";"T";"46564.28411"
"2010-02";"M";"2700.49309385"
"2010-03";"5";
"2010-03";"10";"660.01585"
"2010-03";"20";"1459.69592"
"2010-03";"50";"2021.2878"
"2010-03";"100";"8509.1179"
"2010-03";"200";"7017.8204"
"2010-03";"500";"128.8625"
"2010-03";"1000";"28112.43"
"2010-03";"T";"47909.119215"
"2010-03";"M";"2712.11254405"
"2010-04";"5";
"2010-04";"10";"655.22714"
"2010-04";"20";"1432.4975"
"2010-04";"50";"1991.49035"
"2010-04";"100";"8306.983"
"2010-04";"200";"6761.7214"
"2010-04";"500";"128.321"
"2010-04";"1000";"27757.699"
"2010-04";"T";"47033.824825"
"2010-04";"M";"2706.52751355"
"2010-05";"5";
"2010-05";"10";"661.30956"
"2010-05";"20";"1443.9181"
"2010-05";"50";"2032.4505"
"2010-05";"100";"8373.356"
"2010-05";"200";"6814.8886"
"2010-05";"500";"127.5775"
"2010-05";"1000";"28275.662"
"2010-05";"T";"47729.052655"
"2010-05";"M";"2712.0440578"
"2010-06";"5";
"2010-06";"10";"670.10337"
"2010-06";"20";"1459.31098"
"2010-06";"50";"2040.59675"
"2010-06";"100";"8405.6388"
"2010-06";"200";"6851.1962"
"2010-06";"500";"127.1405"
"2010-06";"1000";"27955.461"
"2010-06";"T";"47509.337575"
"2010-06";"M";"2719.576722"
"2010-07";"5";
"2010-07";"10";"668.08925"
"2010-07";"20";"1445.523"
"2010-07";"50";"2041.1538"
"2010-07";"100";"8409.6176"
"2010-07";"200";"6790.2942"
"2010-07";"500";"126.716"
"2010-07";"1000";"27689.75"
"2010-07";"T";"47171.027215"
"2010-07";"M";"2716.3105828"
"2010-08";"5";
"2010-08";"10";"668.50161"
"2010-08";"20";"1451.16324"
"2010-08";"50";"2043.5656"
"2010-08";"100";"8348.7959"
"2010-08";"200";"6734.1322"
"2010-08";"500";"126.211"
"2010-08";"1000";"27602.662"
"2010-08";"T";"46974.921815"
"2010-08";"M";"2718.93772995"
"2010-09";"5";
"2010-09";"10";"669.36587"
"2010-09";"20";"1456.7343"
"2010-09";"50";"2047.0244"
"2010-09";"100";"8417.8749"
"2010-09";"200";"6744.4724"
"2010-09";"500";"125.964"
"2010-09";"1000";"27656.77"
"2010-09";"T";"47118.09536"
"2010-09";"M";"2726.6894729"
"2010-10";"5";
"2010-10";"10";"666.77831"
"2010-10";"20";"1455.01174"
"2010-10";"50";"2030.85735"
"2010-10";"100";"8417.7677"
"2010-10";"200";"6738.8894"
"2010-10";"500";"125.745"
"2010-10";"1000";"27732.463"
"2010-10";"T";"47167.402965"
"2010-10";"M";"2734.13252825"
"2010-11";"5";
"2010-11";"10";"669.7358"
"2010-11";"20";"1468.18204"
"2010-11";"50";"2063.55645"
"2010-11";"100";"8529.5748"
"2010-11";"200";"6913.6542"
"2010-11";"500";"125.2375"
"2010-11";"1000";"28281.314"
"2010-11";"T";"48051.143515"
"2010-11";"M";"2745.35792365"
"2010-12";"5";
"2010-12";"10";"683.90691"
"2010-12";"20";"1498.06672"
"2010-12";"50";"2155.5769"
"2010-12";"100";"9153.9412"
"2010-12";"200";"7474.398"
"2010-12";"500";"124.284"
"2010-12";"1000";"30407.933"
"2010-12";"T";"51498.000045"
"2010-12";"M";"2764.26525905"
"2011-01";"5";
"2011-01";"10";"672.51866"
"2011-01";"20";"1462.6562"
"2011-01";"50";"2073.2456"
"2011-01";"100";"8654.224"
"2011-01";"200";"7004.866"
"2011-01";"500";"124.066"
"2011-01";"1000";"29137.009"
"2011-01";"T";"49128.47714"
"2011-01";"M";"2747.0408684"
"2011-02";"5";
"2011-02";"10";"673.10364"
"2011-02";"20";"1455.883"
"2011-02";"50";"2071.2963"
"2011-02";"100";"8543.4906"
"2011-02";"200";"6873.7806"
"2011-02";"500";"123.727"
"2011-02";"1000";"28833.936"
"2011-02";"T";"48575.10933"
"2011-02";"M";"2754.3362065"
"2011-03";"5";
"2011-03";"10";"673.93175"
"2011-03";"20";"1471.88758"
"2011-03";"50";"2091.54845"
"2011-03";"100";"8646.7636"
"2011-03";"200";"6993.8382"
"2011-03";"500";"123.2555"
"2011-03";"1000";"29001.686"
"2011-03";"T";"49002.80224"
"2011-03";"M";"2766.6594729"
"2011-04";"5";
"2011-04";"10";"676.69131"
"2011-04";"20";"1483.51358"
"2011-04";"50";"2104.26465"
"2011-04";"100";"8701.5643"
"2011-04";"200";"6994.7474"
"2011-04";"500";"122.9995"
"2011-04";"1000";"28911.386"
"2011-04";"T";"48995.058765"
"2011-04";"M";"2781.5118968"
"2011-05";"5";
"2011-05";"10";"676.40559"
"2011-05";"20";"1489.63798"
"2011-05";"50";"2117.3373"
"2011-05";"100";"8715.8557"
"2011-05";"200";"7001.7256"
"2011-05";"500";"122.693"
"2011-05";"1000";"28826.374"
"2011-05";"T";"48949.92041"
"2011-05";"M";"2787.74622065"
"2011-06";"5";
"2011-06";"10";"683.42031"
"2011-06";"20";"1497.34122"
"2011-06";"50";"2119.828"
"2011-06";"100";"8677.7313"
"2011-06";"200";"6983.075"
"2011-06";"500";"122.405"
"2011-06";"1000";"28855.992"
"2011-06";"T";"48939.68392"
"2011-06";"M";"2793.2559831"
"2011-07";"5";
"2011-07";"10";"681.9558"
"2011-07";"20";"1481.65026"
"2011-07";"50";"2110.06785"
"2011-07";"100";"8668.438"
"2011-07";"200";"6915.5338"
"2011-07";"500";"121.5295"
"2011-07";"1000";"28701.478"
"2011-07";"T";"48680.545185"
"2011-07";"M";"2786.35096005"
"2011-08";"5";
"2011-08";"10";"678.84043"
"2011-08";"20";"1489.83296"
"2011-08";"50";"2115.40525"
"2011-08";"100";"8671.3304"
"2011-08";"200";"6940.9498"
"2011-08";"500";"121.2855"
"2011-08";"1000";"28730.326"
"2011-08";"T";"48747.85924"
"2011-08";"M";"2787.93826135"
"2011-09";"5";
"2011-09";"10";"676.76998"
"2011-09";"20";"1510.578"
"2011-09";"50";"2138.8436"
"2011-09";"100";"8770.8439"
"2011-09";"200";"7011.9434"
"2011-09";"500";"120.9685"
"2011-09";"1000";"29255.846"
"2011-09";"T";"49485.676935"
"2011-09";"M";"2794.24963"
"2011-10";"5";
"2011-10";"10";"678.02132"
"2011-10";"20";"1498.90296"
"2011-10";"50";"2136.1124"
"2011-10";"100";"8843.1757"
"2011-10";"200";"7064.546"
"2011-10";"500";"120.2615"
"2011-10";"1000";"30182.099"
"2011-10";"T";"50523.008175"
"2011-10";"M";"2800.0599206"
"2011-11";"5";
"2011-11";"10";"682.13651"
"2011-11";"20";"1522.75768"
"2011-11";"50";"2164.3252"
"2011-11";"100";"9072.958"
"2011-11";"200";"7331.8048"
"2011-11";"500";"119.8215"
"2011-11";"1000";"30954.426"
"2011-11";"T";"51848.118785"
"2011-11";"M";"2812.04404025"
"2011-12";"5";
"2011-12";"10";"697.47301"
"2011-12";"20";"1565.09274"
"2011-12";"50";"2287.7109"
"2011-12";"100";"9810.3146"
"2011-12";"200";"7973.538"
"2011-12";"500";"119.6495"
"2011-12";"1000";"33275.214"
"2011-12";"T";"55728.880215"
"2011-12";"M";"2832.24319655"
"2012-01";"5";
"2012-01";"10";"684.72811"
"2012-01";"20";"1510.95486"
"2012-01";"50";"2186.8464"
"2012-01";"100";"9242.9573"
"2012-01";"200";"7553.1984"
"2012-01";"500";"118.7615"
"2012-01";"1000";"32289.402"
"2012-01";"T";"53586.73329"
"2012-01";"M";"2814.1895725"
"2012-02";"5";
"2012-02";"10";"685.80879"
"2012-02";"20";"1519.90624"
"2012-02";"50";"2205.55405"
"2012-02";"100";"9264.197"
"2012-02";"200";"7461.9616"
"2012-02";"500";"118.5815"
"2012-02";"1000";"32290.814"
"2012-02";"T";"53546.7124"
"2012-02";"M";"2826.4783474"
"2012-03";"5";
"2012-03";"10";"688.06649"
"2012-03";"20";"1528.655"
"2012-03";"50";"2206.6132"
"2012-03";"100";"9331.9513"
"2012-03";"200";"7535.8906"
"2012-03";"500";"118.2765"
"2012-03";"1000";"32381.97"
"2012-03";"T";"53791.312065"
"2012-03";"M";"2833.6558707"
"2012-04";"5";
"2012-04";"10";"685.24627"
"2012-04";"20";"1531.42754"
"2012-04";"50";"2201.06045"
"2012-04";"100";"9346.5298"
"2012-04";"200";"7574.935"
"2012-04";"500";"118.0955"
"2012-04";"1000";"32449.267"
"2012-04";"T";"53906.450515"
"2012-04";"M";"2836.3184863"
"2012-05";"5";
"2012-05";"10";"690.00369"
"2012-05";"20";"1554.16806"
"2012-05";"50";"2228.29515"
"2012-05";"100";"9421.1362"
"2012-05";"200";"7602.3656"
"2012-05";"500";"117.755"
"2012-05";"1000";"32604.154"
"2012-05";"T";"54217.76652"
"2012-05";"M";"2845.2560409"
"2012-06";"5";
"2012-06";"10";"695.1103"
"2012-06";"20";"1554.71664"
"2012-06";"50";"2252.4125"
"2012-06";"100";"9456.492"
"2012-06";"200";"7662.2404"
"2012-06";"500";"117.5315"
"2012-06";"1000";"32995.202"
"2012-06";"T";"54733.59427"
"2012-06";"M";"2851.82013885"
"2012-07";"5";
"2012-07";"10";"695.95021"
"2012-07";"20";"1552.48308"
"2012-07";"50";"2263.3115"
"2012-07";"100";"9532.995"
"2012-07";"200";"7753.2248"
"2012-07";"500";"116.7275"
"2012-07";"1000";"33201.498"
"2012-07";"T";"55116.078985"
"2012-07";"M";"2845.4592668"
"2012-08";"5";
"2012-08";"10";"699.21697"
"2012-08";"20";"1558.30898"
"2012-08";"50";"2257.6484"
"2012-08";"100";"9529.204"
"2012-08";"200";"7727.2448"
"2012-08";"500";"116.491"
"2012-08";"1000";"33369.13"
"2012-08";"T";"55257.127585"
"2012-08";"M";"2853.42343695"
"2012-09";"5";
"2012-09";"10";"698.81858"
"2012-09";"20";"1561.97662"
"2012-09";"50";"2270.843"
"2012-09";"100";"9588.6134"
"2012-09";"200";"7765.5706"
"2012-09";"500";"116.1175"
"2012-09";"1000";"33682.552"
"2012-09";"T";"55684.380995"
"2012-09";"M";"2854.0351376"
"2012-10";"5";
"2012-10";"10";"699.37373"
"2012-10";"20";"1565.6688"
"2012-10";"50";"2278.65035"
"2012-10";"100";"9695.9944"
"2012-10";"200";"7864.7628"
"2012-10";"500";"115.9115"
"2012-10";"1000";"34131.741"
"2012-10";"T";"56351.99196"
"2012-10";"M";"2861.9188718"
"2012-11";"5";
"2012-11";"10";"702.14308"
"2012-11";"20";"1577.74114"
"2012-11";"50";"2298.7779"
"2012-11";"100";"9870.382"
"2012-11";"200";"8055.8034"
"2012-11";"500";"115.4915"
"2012-11";"1000";"34967.196"
"2012-11";"T";"57587.424135"
"2012-11";"M";"2871.66887365"
"2012-12";"5";
"2012-12";"10";"718.63319"
"2012-12";"20";"1643.57998"
"2012-12";"50";"2427.37215"
"2012-12";"100";"10635.8298"
"2012-12";"200";"8839.8776"
"2012-12";"500";"115.3965"
"2012-12";"1000";"37420.797"
"2012-12";"T";"61801.375535"
"2012-12";"M";"2902.55710245"
"2013-01";"5";
"2013-01";"10";"705.5387"
"2013-01";"20";"1581.8894"
"2013-01";"50";"2300.61075"
"2013-01";"100";"9974.1869"
"2013-01";"200";"8239.2154"
"2013-01";"500";"115.0945"
"2013-01";"1000";"36000.925"
"2013-01";"T";"58917.3496"
"2013-01";"M";"2879.66297345"
"2013-02";"5";
"2013-02";"10";"702.69808"
"2013-02";"20";"1578.75524"
"2013-02";"50";"2290.48035"
"2013-02";"100";"9970.7824"
"2013-02";"200";"8163.134"
"2013-02";"500";"114.9525"
"2013-02";"1000";"35857.365"
"2013-02";"T";"58678.054975"
"2013-02";"M";"2883.1955441"
"2013-03";"5";
"2013-03";"10";"706.5958"
"2013-03";"20";"1606.61774"
"2013-03";"50";"2337.50935"
"2013-03";"100";"10176.2912"
"2013-03";"200";"8281.2908"
"2013-03";"500";"114.5015"
"2013-03";"1000";"35896.945"
"2013-03";"T";"59119.63779"
"2013-03";"M";"2897.9944178"
"2013-04";"5";
"2013-04";"10";"704.44469"
"2013-04";"20";"1591.94938"
"2013-04";"50";"2318.5238"
"2013-04";"100";"10093.5185"
"2013-04";"200";"8328.4654"
"2013-04";"500";"113.726"
"2013-04";"1000";"36156.445"
"2013-04";"T";"59306.960165"
"2013-04";"M";"2894.91352955"
"2013-05";"5";
"2013-05";"10";"705.60467"
"2013-05";"20";"1599.44018"
"2013-05";"50";"2321.81335"
"2013-05";"100";"10139.6256"
"2013-05";"200";"8370.3056"
"2013-05";"500";"113.532"
"2013-05";"1000";"36374.453"
"2013-05";"T";"59624.66155"
"2013-05";"M";"2900.4409794"
"2013-06";"5";
"2013-06";"10";"710.43224"
"2013-06";"20";"1602.16612"
"2013-06";"50";"2341.328"
"2013-06";"100";"10124.0701"
"2013-06";"200";"8335.5592"
"2013-06";"500";"113.202"
"2013-06";"1000";"36636.613"
"2013-06";"T";"59863.25748"
"2013-06";"M";"2908.87893185"
"2013-07";"5";
"2013-07";"10";"711.1949"
"2013-07";"20";"1599.86618"
"2013-07";"50";"2350.75705"
"2013-07";"100";"10173.7995"
"2013-07";"200";"8394.2788"
"2013-07";"500";"112.9175"
"2013-07";"1000";"36710.059"
"2013-07";"T";"60052.760215"
"2013-07";"M";"2906.5028336"
"2013-08";"5";
"2013-08";"10";"710.38281"
"2013-08";"20";"1589.09192"
"2013-08";"50";"2331.76035"
"2013-08";"100";"10095.1738"
"2013-08";"200";"8299.4796"
"2013-08";"500";"112.71"
"2013-08";"1000";"36550.761"
"2013-08";"T";"59689.24445"
"2013-08";"M";"2907.66502235"
"2013-09";"5";
"2013-09";"10";"706.77714"
"2013-09";"20";"1591.66418"
"2013-09";"50";"2321.47435"
"2013-09";"100";"10089.4604"
"2013-09";"200";"8316.396"
"2013-09";"500";"112.499"
"2013-09";"1000";"36672.268"
"2013-09";"T";"59810.426085"
"2013-09";"M";"2909.86083555"
"2013-10";"5";
"2013-10";"10";"710.49816"
"2013-10";"20";"1596.26388"
"2013-10";"50";"2342.5035"
"2013-10";"100";"10158.9067"
"2013-10";"200";"8426.8968"
"2013-10";"500";"112.251"
"2013-10";"1000";"36813.178"
"2013-10";"T";"60160.38503"
"2013-10";"M";"2919.29640635"
"2013-11";"5";
"2013-11";"10";"713.14211"
"2013-11";"20";"1599.99108"
"2013-11";"50";"2350.50265"
"2013-11";"100";"10299.8735"
"2013-11";"200";"8604.1382"
"2013-11";"500";"112.0895"
"2013-11";"1000";"37478.204"
"2013-11";"T";"61157.827845"
"2013-11";"M";"2927.3058681"
"2013-12";"5";
"2013-12";"10";"729.17335"
"2013-12";"20";"1666.38738"
"2013-12";"50";"2488.2964"
"2013-12";"100";"11210.0183"
"2013-12";"200";"9526.9198"
"2013-12";"500";"111.765"
"2013-12";"1000";"40033.913"
"2013-12";"T";"65766.360365"
"2013-12";"M";"2954.4895364"
"2014-01";"5";
"2014-01";"10";"715.43906"
"2014-01";"20";"1588.03568"
"2014-01";"50";"2346.2519"
"2014-01";"100";"10366.7314"
"2014-01";"200";"8842.7546"
"2014-01";"500";"111.41"
"2014-01";"1000";"38562.254"
"2014-01";"T";"62532.763855"
"2014-01";"M";"2932.13071485"
"2014-02";"5";
"2014-02";"10";"714.83511"
"2014-02";"20";"1590.22768"
"2014-02";"50";"2351.0093"
"2014-02";"100";"10326.289"
"2014-02";"200";"8790.7134"
"2014-02";"500";"110.6925"
"2014-02";"1000";"38410.619"
"2014-02";"T";"62294.2732"
"2014-02";"M";"2937.37326265"
"2014-03";"5";
"2014-03";"10";"712.57245"
"2014-03";"20";"1588.9397"
"2014-03";"50";"2357.8468"
"2014-03";"100";"10362.4219"
"2014-03";"200";"8828.469"
"2014-03";"500";"110.366"
"2014-03";"1000";"38396.594"
"2014-03";"T";"62357.097285"
"2014-03";"M";"2944.7139215"
"2014-04";"5";
"2014-04";"10";"718.41777"
"2014-04";"20";"1620.32174"
"2014-04";"50";"2393.43275"
"2014-04";"100";"10506.1919"
"2014-04";"200";"8970.6366"
"2014-04";"500";"110.219"
"2014-04";"1000";"38407.981"
"2014-04";"T";"62727.087505"
"2014-04";"M";"2957.13674535"
"2014-05";"5";
"2014-05";"10";"717.18151"
"2014-05";"20";"1616.97024"
"2014-05";"50";"2380.84215"
"2014-05";"100";"10498.2104"
"2014-05";"200";"8956.5108"
"2014-05";"500";"110.051"
"2014-05";"1000";"38395.443"
"2014-05";"T";"62675.096425"
"2014-05";"M";"2960.9658048"
"2014-06";"5";
"2014-06";"10";"723.10481"
"2014-06";"20";"1625.03884"
"2014-06";"50";"2377.31145"
"2014-06";"100";"10523.4582"
"2014-06";"200";"9016.9362"
"2014-06";"500";"109.843"
"2014-06";"1000";"38399.457"
"2014-06";"T";"62775.03662"
"2014-06";"M";"2971.39965865"
"2014-07";"5";
"2014-07";"10";"724.619"
"2014-07";"20";"1615.02608"
"2014-07";"50";"2385.1675"
"2014-07";"100";"10596.8322"
"2014-07";"200";"9059.545"
"2014-07";"500";"109.5695"
"2014-07";"1000";"38214.56"
"2014-07";"T";"62705.20634"
"2014-07";"M";"2961.79868664"
"2014-08";"5";
"2014-08";"10";"723.79112"
"2014-08";"20";"1613.7733"
"2014-08";"50";"2380.33965"
"2014-08";"100";"10522.8665"
"2014-08";"200";"8985.168"
"2014-08";"500";"109.3795"
"2014-08";"1000";"38120.727"
"2014-08";"T";"62455.932155"
"2014-08";"M";"2964.24867784"
"2014-09";"5";
"2014-09";"10";"723.61713"
"2014-09";"20";"1632.8483"
"2014-09";"50";"2405.20845"
"2014-09";"100";"10624.8618"
"2014-09";"200";"9129.0658"
"2014-09";"500";"109.167"
"2014-09";"1000";"38272.368"
"2014-09";"T";"62897.02191"
"2014-09";"M";"2967.13343139"
"2014-10";"5";
"2014-10";"10";"722.86405"
"2014-10";"20";"1628.0531"
"2014-10";"50";"2405.8895"
"2014-10";"100";"10653.2785"
"2014-10";"200";"9118.1054"
"2014-10";"500";"108.945"
"2014-10";"1000";"38020.508"
"2014-10";"T";"62657.52862"
"2014-10";"M";"2973.61497983"
"2014-11";"5";
"2014-11";"10";"726.91694"
"2014-11";"20";"1642.98622"
"2014-11";"50";"2427.06935"
"2014-11";"100";"10856.0948"
"2014-11";"200";"9315.867"
"2014-11";"500";"108.636"
"2014-11";"1000";"38570.686"
"2014-11";"T";"63648.14039"
"2014-11";"M";"2984.20037693"
"2014-12";"5";
"2014-12";"10";"745.7639"
"2014-12";"20";"1714.8634"
"2014-12";"50";"2587.633"
"2014-12";"100";"11750.4921"
"2014-12";"200";"10152.678"
"2014-12";"500";"108.378"
"2014-12";"1000";"40536.114"
"2014-12";"T";"67595.809155"
"2014-12";"M";"3010.75181238"
"2015-01";"5";
"2015-01";"10";"730.54991"
"2015-01";"20";"1642.6786"
"2015-01";"50";"2420.5021"
"2015-01";"100";"10888.7643"
"2015-01";"200";"9441.6754"
"2015-01";"500";"107.6655"
"2015-01";"1000";"40361.522"
"2015-01";"T";"65593.244765"
"2015-01";"M";"2987.65099912"
"2015-02";"5";
"2015-02";"10";"727.89562"
"2015-02";"20";"1624.24878"
"2015-02";"50";"2406.46195"
"2015-02";"100";"10985.9274"
"2015-02";"200";"9292.6222"
"2015-02";"500";"107.5145"
"2015-02";"1000";"40943.871"
"2015-02";"T";"66088.42855"
"2015-02";"M";"2993.89684931"
"2015-03";"5";
"2015-03";"10";"731.60532"
"2015-03";"20";"1655.68548"
"2015-03";"50";"2456.7497"
"2015-03";"100";"11165.9559"
"2015-03";"200";"9488.7838"
"2015-03";"500";"107.32"
"2015-03";"1000";"41291.052"
"2015-03";"T";"66897.03725"
"2015-03";"M";"3002.76224501"
"2015-04";"5";
"2015-04";"10";"731.5533"
"2015-04";"20";"1658.03794"
"2015-04";"50";"2441.3349"
"2015-04";"100";"11166.8395"
"2015-04";"200";"9532.741"
"2015-04";"500";"107.0995"
"2015-04";"1000";"41589.819"
"2015-04";"T";"67227.310445"
"2015-04";"M";"3006.96362502"
"2015-05";"5";
"2015-05";"10";"732.71589"
"2015-05";"20";"1649.60808"
"2015-05";"50";"2438.3509"
"2015-05";"100";"11143.8473"
"2015-05";"200";"9477.0908"
"2015-05";"500";"106.9855"
"2015-05";"1000";"41621.924"
"2015-05";"T";"67170.406765"
"2015-05";"M";"3016.17467224"
"2015-06";"5";
"2015-06";"10";"736.37243"
"2015-06";"20";"1657.43742"
"2015-06";"50";"2442.90035"
"2015-06";"100";"11127.0028"
"2015-06";"200";"9523.455"
"2015-06";"500";"106.5545"
"2015-06";"1000";"41843.091"
"2015-06";"T";"67436.69859"
"2015-06";"M";"3025.47190218"
"2015-07";"5";
"2015-07";"10";"739.16093"
"2015-07";"20";"1639.4374"
"2015-07";"50";"2426.9848"
"2015-07";"100";"11125.7295"
"2015-07";"200";"9481.8814"
"2015-07";"500";"106.4295"
"2015-07";"1000";"41764.695"
"2015-07";"T";"67284.20173"
"2015-07";"M";"3021.01334654"
"2015-08";"5";
"2015-08";"10";"736.99677"
"2015-08";"20";"1652.347"
"2015-08";"50";"2433.53865"
"2015-08";"100";"11165.0732"
"2015-08";"200";"9512.898"
"2015-08";"500";"106.2615"
"2015-08";"1000";"42059.483"
"2015-08";"T";"67666.48147"
"2015-08";"M";"3023.71397705"
"2015-09";"5";
"2015-09";"10";"737.73884"
"2015-09";"20";"1665.59158"
"2015-09";"50";"2450.84355"
"2015-09";"100";"11274.2372"
"2015-09";"200";"9555.4692"
"2015-09";"500";"106.0935"
"2015-09";"1000";"42392.128"
"2015-09";"T";"68181.98518"
"2015-09";"M";"3028.72101235"
"2015-10";"5";
"2015-10";"10";"735.82323"
"2015-10";"20";"1662.25388"
"2015-10";"50";"2461.88435"
"2015-10";"100";"11293.8501"
"2015-10";"200";"9685.6572"
"2015-10";"500";"105.7695"
"2015-10";"1000";"42845.407"
"2015-10";"T";"68790.52861"
"2015-10";"M";"3028.58586586"
"2015-11";"5";
"2015-11";"10";"738.38023"
"2015-11";"20";"1658.56866"
"2015-11";"50";"2463.18695"
"2015-11";"100";"11399.21"
"2015-11";"200";"9719.3078"
"2015-11";"500";"105.5005"
"2015-11";"1000";"43301.153"
"2015-11";"T";"69385.193875"
"2015-11";"M";"3040.46478846"
"2015-12";"5";
"2015-12";"10";"753.92535"
"2015-12";"20";"1721.76076"
"2015-12";"50";"2582.59635"
"2015-12";"100";"12076.7528"
"2015-12";"200";"10428.9064"
"2015-12";"500";"104.788"
"2015-12";"1000";"45213.278"
"2015-12";"T";"72881.893755"
"2015-12";"M";"3061.43547566"
"2016-01";"5";
"2016-01";"10";"741.47551"
"2016-01";"20";"1661.78808"
"2016-01";"50";"2468.47585"
"2016-01";"100";"11550.8001"
"2016-01";"200";"10005.1864"
"2016-01";"500";"104.657"
"2016-01";"1000";"44731.811"
"2016-01";"T";"71264.080785"
"2016-01";"M";"3040.74932207"
"2016-02";"5";
"2016-02";"10";"739.76894"
"2016-02";"20";"1657.15112"
"2016-02";"50";"2469.2344"
"2016-02";"100";"11485.2579"
"2016-02";"200";"9948.824"
"2016-02";"500";"104.4745"
"2016-02";"1000";"44564.917"
"2016-02";"T";"70969.51465"
"2016-02";"M";"3043.63372847"
"2016-03";"5";
"2016-03";"10";"743.22827"
"2016-03";"20";"1682.4946"
"2016-03";"50";"2491.3602"
"2016-03";"100";"11659.7106"
"2016-03";"200";"10108.776"
"2016-03";"500";"104.29"
"2016-03";"1000";"44702.008"
"2016-03";"T";"71491.75442"
"2016-03";"M";"3055.35628287"
"2016-04";"5";
"2016-04";"10";"741.01505"
"2016-04";"20";"1686.22854"
"2016-04";"50";"2654.35275"
"2016-04";"100";"11649.8695"
"2016-04";"200";"10107.0294"
"2016-04";"500";"104.0265"
"2016-04";"1000";"44778.461"
"2016-04";"T";"71720.8669"
"2016-04";"M";"3049.48385812"
"2016-05";"5";
"2016-05";"10";"745.0631"
"2016-05";"20";"1698.19952"
"2016-05";"50";"2649.55865"
"2016-05";"100";"11792.109"
"2016-05";"200";"10283.2882"
"2016-05";"500";"103.859"
"2016-05";"1000";"44959.901"
"2016-05";"T";"72231.8649"
"2016-05";"M";"3057.98599042"
"2016-06";"5";
"2016-06";"10";"749.31946"
"2016-06";"20";"1702.39804"
"2016-06";"50";"2635.22015"
"2016-06";"100";"11748.9744"
"2016-06";"200";"10138.1794"
"2016-06";"500";"103.581"
"2016-06";"1000";"44733.273"
"2016-06";"T";"71810.8309"
"2016-06";"M";"3068.04958544"
"2016-07";"5";
"2016-07";"10";"748.78988"
"2016-07";"20";"1683.31926"
"2016-07";"50";"2637.53875"
"2016-07";"100";"11813.5025"
"2016-07";"200";"10424.178"
"2016-07";"500";"103.396"
"2016-07";"1000";"44922.941"
"2016-07";"T";"72333.550835"
"2016-07";"M";"3058.22759824"
"2016-08";"5";
"2016-08";"10";"747.75892"
"2016-08";"20";"1671.26978"
"2016-08";"50";"2632.23515"
"2016-08";"100";"11880.2565"
"2016-08";"200";"10318.0918"
"2016-08";"500";"103.2055"
"2016-08";"1000";"44802.403"
"2016-08";"T";"72155.10606"
"2016-08";"M";"3069.52328074"
"2016-09";"5";
"2016-09";"10";"749.74532"
"2016-09";"20";"1684.97534"
"2016-09";"50";"2661.77455"
"2016-09";"100";"11966.6088"
"2016-09";"200";"10423.044"
"2016-09";"500";"103.102"
"2016-09";"1000";"45093.713"
"2016-09";"T";"72682.84847"
"2016-09";"M";"3070.22866179"
"2016-10";"5";
"2016-10";"10";"746.69307"
"2016-10";"20";"1675.428"
"2016-10";"50";"2668.2803"
"2016-10";"100";"12030.7661"
"2016-10";"200";"10483.2654"
"2016-10";"500";"102.876"
"2016-10";"1000";"45405.021"
"2016-10";"T";"73112.214035"
"2016-10";"M";"3068.98190322"
"2016-11";"5";
"2016-11";"10";"752.3726"
"2016-11";"20";"1697.7224"
"2016-11";"50";"2724.9283"
"2016-11";"100";"12314.6841"
"2016-11";"200";"10795.7006"
"2016-11";"500";"102.738"
"2016-11";"1000";"46328.031"
"2016-11";"T";"74716.063815"
"2016-11";"M";"3079.99893409"
"2016-12";"5";
"2016-12";"10";"765.75476"
"2016-12";"20";"1734.99456"
"2016-12";"50";"2850.99795"
"2016-12";"100";"12938.5221"
"2016-12";"200";"11432.5162"
"2016-12";"500";"102.606"
"2016-12";"1000";"48259.095"
"2016-12";"T";"78084.371565"
"2016-12";"M";"3094.62422749"
"2017-01";"5";
"2017-01";"10";"753.78544"
"2017-01";"20";"1679.26246"
"2017-01";"50";"2757.65625"
"2017-01";"100";"12303.7519"
"2017-01";"200";"11180.8474"
"2017-01";"500";"102.4575"
"2017-01";"1000";"47488.591"
"2017-01";"T";"76266.23777"
"2017-01";"M";"3075.85443799"
"2017-02";"5";
"2017-02";"10";"755.66701"
"2017-02";"20";"1683.1331"
"2017-02";"50";"2775.37025"
"2017-02";"100";"12298.1035"
"2017-02";"200";"11034.2632"
"2017-02";"500";"102.2115"
"2017-02";"1000";"47026.816"
"2017-02";"T";"75675.45024"
"2017-02";"M";"3084.00681064"
"2017-03";"5";
"2017-03";"10";"756.85196"
"2017-03";"20";"1695.94446"
"2017-03";"50";"2814.60155"
"2017-03";"100";"12389.9583"
"2017-03";"200";"11195.0866"
"2017-03";"500";"102.1135"
"2017-03";"1000";"47240.102"
"2017-03";"T";"76194.54404"
"2017-03";"M";"3087.12957654"
"2017-04";"5";
"2017-04";"10";"758.20777"
"2017-04";"20";"1696.49916"
"2017-04";"50";"2830.00675"
"2017-04";"100";"12465.1729"
"2017-04";"200";"11242.9742"
"2017-04";"500";"101.466"
"2017-04";"1000";"47210.006"
"2017-04";"T";"76304.218455"
"2017-04";"M";"3095.40746044"
"2017-05";"5";
"2017-05";"10";"760.45226"
"2017-05";"20";"1766.75652"
"2017-05";"50";"2883.90695"
"2017-05";"100";"12485.2256"
"2017-05";"200";"11194.6126"
"2017-05";"500";"101.376"
"2017-05";"1000";"47099.6"
"2017-05";"T";"76291.815555"
"2017-05";"M";"3106.00755074"
"2017-06";"5";
"2017-06";"10";"761.52555"
"2017-06";"20";"1749.77078"
"2017-06";"50";"2909.29295"
"2017-06";"100";"12492.6545"
"2017-06";"200";"11111.8026"
"2017-06";"500";"101.14"
"2017-06";"1000";"47115.892"
"2017-06";"T";"76241.965075"
"2017-06";"M";"3114.67869039"
"2017-07";"5";
"2017-07";"10";"761.02399"
"2017-07";"20";"1737.29056"
"2017-07";"50";"2918.10345"
"2017-07";"100";"12577.0002"
"2017-07";"200";"11148.0292"
"2017-07";"500";"100.9905"
"2017-07";"1000";"47260.785"
"2017-07";"T";"76503.10959"
"2017-07";"M";"3104.31121924"
"2017-08";"5";
"2017-08";"10";"758.64631"
"2017-08";"20";"1742.40408"
"2017-08";"50";"2948.75915"
"2017-08";"100";"12433.8918"
"2017-08";"200";"11034.0094"
"2017-08";"500";"100.788"
"2017-08";"1000";"47052.485"
"2017-08";"T";"76070.865385"
"2017-08";"M";"3107.76106614"
"2017-09";"5";
"2017-09";"10";"756.34111"
"2017-09";"20";"1730.77514"
"2017-09";"50";"2951.87365"
"2017-09";"100";"12548.3849"
"2017-09";"200";"11088.68"
"2017-09";"500";"100.526"
"2017-09";"1000";"47345.527"
"2017-09";"T";"76521.98936"
"2017-09";"M";"3108.69033799"
"2017-10";"5";
"2017-10";"10";"785.43045"
"2017-10";"20";"1731.46392"
"2017-10";"50";"2981.4017"
"2017-10";"100";"12625.4338"
"2017-10";"200";"11228.241"
"2017-10";"500";"100.3385"
"2017-10";"1000";"47518.754"
"2017-10";"T";"76970.9449"
"2017-10";"M";"3112.06052254"
"2017-11";"5";
"2017-11";"10";"778.49467"
"2017-11";"20";"1742.3615"
"2017-11";"50";"3042.84285"
"2017-11";"100";"12981.578"
"2017-11";"200";"11464.0148"
"2017-11";"500";"100.2315"
"2017-11";"1000";"48060.841"
"2017-11";"T";"78170.25097"
"2017-11";"M";"3123.58742749"
"2017-12";"5";
"2017-12";"10";"791.81187"
"2017-12";"20";"1818.4524"
"2017-12";"50";"3200.628"
"2017-12";"100";"13969.6469"
"2017-12";"200";"12236.193"
"2017-12";"500";"99.8865"
"2017-12";"1000";"49522.389"
"2017-12";"T";"81638.894365"
"2017-12";"M";"3141.98536354"
"2018-01";"5";
"2018-01";"10";"769.3193"
"2018-01";"20";"1743.28362"
"2018-01";"50";"3096.7965"
"2018-01";"100";"13398.2631"
"2018-01";"200";"11786.6318"
"2018-01";"500";"99.776"
"2018-01";"1000";"48728.723"
"2018-01";"T";"79622.68"
"2018-01";"M";"3118.44047847"
"2018-02";"5";
"2018-02";"10";"764.90513"
"2018-02";"20";"1739.24424"
"2018-02";"50";"3100.1395"
"2018-02";"100";"13273.6511"
"2018-02";"200";"11619.6244"
"2018-02";"500";"99.6865"
"2018-02";"1000";"48437.993"
"2018-02";"T";"79035.11267"
"2018-02";"M";"3124.25034397"
"2018-03";"5";
"2018-03";"10";"769.27529"
"2018-03";"20";"1777.66062"
"2018-03";"50";"3170.28525"
"2018-03";"100";"13519.5725"
"2018-03";"200";"11811.9656"
"2018-03";"500";"99.496"
"2018-03";"1000";"48418.682"
"2018-03";"T";"79566.823695"
"2018-03";"M";"3133.27857467"
"2018-04";"5";
"2018-04";"10";"765.47574"
"2018-04";"20";"1760.05626"
"2018-04";"50";"3173.75445"
"2018-04";"100";"13394.587"
"2018-04";"200";"11704.7044"
"2018-04";"500";"99.1955"
"2018-04";"1000";"48244.949"
"2018-04";"T";"79142.608815"
"2018-04";"M";"3133.33908039"
"2018-05";"5";
"2018-05";"10";"768.369"
"2018-05";"20";"1772.67566"
"2018-05";"50";"3192.41185"
"2018-05";"100";"13377.8514"
"2018-05";"200";"11683.4374"
"2018-05";"500";"99.0525"
"2018-05";"1000";"48112.34"
"2018-05";"T";"79006.02428"
"2018-05";"M";"3142.47327679"
"2018-06";"5";
"2018-06";"10";"776.16881"
"2018-06";"20";"1787.82076"
"2018-06";"50";"3226.7236"
"2018-06";"100";"13374.9879"
"2018-06";"200";"11620.9566"
"2018-06";"500";"98.83"
"2018-06";"1000";"48126.295"
"2018-06";"T";"79011.668825"
"2018-06";"M";"3151.68926014"
"2018-07";"5";
"2018-07";"10";"775.7351"
"2018-07";"20";"1781.0931"
"2018-07";"50";"3249.5596"
"2018-07";"100";"13456.3305"
"2018-07";"200";"11578.2006"
"2018-07";"500";"98.6755"
"2018-07";"1000";"48135.661"
"2018-07";"T";"79075.14194"
"2018-07";"M";"3145.91010934"
"2018-08";"5";
"2018-08";"10";"774.7608"
"2018-08";"20";"1782.299"
"2018-08";"50";"3259.10035"
"2018-08";"100";"13371.5464"
"2018-08";"200";"11811.1904"
"2018-08";"500";"98.558"
"2018-08";"1000";"47780.155"
"2018-08";"T";"78877.49664"
"2018-08";"M";"3148.85278059"
"2018-09";"5";
"2018-09";"10";"775.92733"
"2018-09";"20";"1794.97336"
"2018-09";"50";"3275.57575"
"2018-09";"100";"13334.7209"
"2018-09";"200";"11691.6042"
"2018-09";"500";"98.331"
"2018-09";"1000";"47639.327"
"2018-09";"T";"78610.34598"
"2018-09";"M";"3150.44656849"
"2018-10";"5";
"2018-10";"10";"773.41999"
"2018-10";"20";"1787.16754"
"2018-10";"50";"3295.2396"
"2018-10";"100";"13350.5818"
"2018-10";"200";"11910.2678"
"2018-10";"500";"98.0955"
"2018-10";"1000";"47512.976"
"2018-10";"T";"78727.63458"
"2018-10";"M";"3151.73235354"
"2018-11";"5";
"2018-11";"10";"778.58413"
"2018-11";"20";"1808.45244"
"2018-11";"50";"3322.38175"
"2018-11";"100";"13487.1111"
"2018-11";"200";"12281.3486"
"2018-11";"500";"97.8165"
"2018-11";"1000";"47637.747"
"2018-11";"T";"79413.32795"
"2018-11";"M";"3159.76078194"
"2018-12";"5";
"2018-12";"10";"793.77957"
"2018-12";"20";"1867.12746"
"2018-12";"50";"3460.35735"
"2018-12";"100";"14203.4203"
"2018-12";"200";"13194.7348"
"2018-12";"500";"97.6685"
"2018-12";"1000";"48621.86"
"2018-12";"T";"82238.834375"
"2018-12";"M";"3182.97810429"
"2019-01";"5";
"2019-01";"10";"778.22495"
"2019-01";"20";"1796.36472"
"2019-01";"50";"3340.87715"
"2019-01";"100";"13550.2896"
"2019-01";"200";"12820.056"
"2019-01";"500";"97.543"
"2019-01";"1000";"47679.891"
"2019-01";"T";"80063.13273"
"2019-01";"M";"3158.51299428"
"2019-02";"5";
"2019-02";"10";"779.21368"
"2019-02";"20";"1811.85806"
"2019-02";"50";"3345.22925"
"2019-02";"100";"13460.9416"
"2019-02";"200";"12906.6626"
"2019-02";"500";"97.2385"
"2019-02";"1000";"47337.812"
"2019-02";"T";"79738.84218"
"2019-02";"M";"3162.02810793"
"2019-03";"5";
"2019-03";"10";"777.62516"
"2019-03";"20";"1815.81474"
"2019-03";"50";"3363.2451"
"2019-03";"100";"13508.9217"
"2019-03";"200";"13112.85"
"2019-03";"500";"97.05"
"2019-03";"1000";"47312.771"
"2019-03";"T";"79988.164175"
"2019-03";"M";"3163.47904003"
"2019-04";"5";
"2019-04";"10";"786.25446"
"2019-04";"20";"1830.80818"
"2019-04";"50";"3400.3576"
"2019-04";"100";"13514.4318"
"2019-04";"200";"13216.9938"
"2019-04";"500";"96.747"
"2019-04";"1000";"46860.242"
"2019-04";"T";"79705.721295"
"2019-04";"M";"3175.3678302"
"2019-05";"5";
"2019-05";"10";"787.67752"
"2019-05";"20";"1840.75898"
"2019-05";"50";"3415.75525"
"2019-05";"100";"13495.6986"
"2019-05";"200";"13348.0092"
"2019-05";"500";"96.6015"
"2019-05";"1000";"46543.601"
"2019-05";"T";"79527.988505"
"2019-05";"M";"3175.75487065"
"2019-06";"5";
"2019-06";"10";"790.03033"
"2019-06";"20";"1848.58558"
"2019-06";"50";"3418.7261"
"2019-06";"100";"13417.5943"
"2019-06";"200";"13374.2538"
"2019-06";"500";"96.4945"
"2019-06";"1000";"46360.706"
"2019-06";"T";"79306.277085"
"2019-06";"M";"3190.20558925"
"2019-07";"5";
"2019-07";"10";"788.55897"
"2019-07";"20";"1842.39048"
"2019-07";"50";"3433.12725"
"2019-07";"100";"13392.0645"
"2019-07";"200";"13504.2638"
"2019-07";"500";"96.237"
"2019-07";"1000";"46165.71"
"2019-07";"T";"79222.238465"
"2019-07";"M";"3190.45490075"
"2019-08";"5";
"2019-08";"10";"790.59504"
"2019-08";"20";"1862.80542"
"2019-08";"50";"3438.47605"
"2019-08";"100";"13248.7824"
"2019-08";"200";"13508.3386"
"2019-08";"500";"96.1295"
"2019-08";"1000";"46011.413"
"2019-08";"T";"78956.4265"
"2019-08";"M";"3187.0621529"
"2019-09";"5";
"2019-09";"10";"788.31732"
"2019-09";"20";"1863.56338"
"2019-09";"50";"3469.72675"
"2019-09";"100";"13594.0518"
"2019-09";"200";"13659.652"
"2019-09";"500";"95.9105"
"2019-09";"1000";"46225.83"
"2019-09";"T";"79696.93819"
"2019-09";"M";"3186.8132312"
"2019-10";"5";
"2019-10";"10";"788.44632"
"2019-10";"20";"1871.19564"
"2019-10";"50";"3494.53425"
"2019-10";"100";"13397.8636"
"2019-10";"200";"13884.8042"
"2019-10";"500";"95.7385"
"2019-10";"1000";"46450.465"
"2019-10";"T";"79982.933895"
"2019-10";"M";"3183.36438072"
"2019-11";"5";
"2019-11";"10";"792.88429"
"2019-11";"20";"1884.7685"
"2019-11";"50";"3500.26225"
"2019-11";"100";"13424.992"
"2019-11";"200";"14152.906"
"2019-11";"500";"95.492"
"2019-11";"1000";"47175.192"
"2019-11";"T";"81026.383505"
"2019-11";"M";"3193.31196413"
"2019-12";"5";
"2019-12";"10";"805.5202"
"2019-12";"20";"1956.0225"
"2019-12";"50";"3623.2514"
"2019-12";"100";"14172.7526"
"2019-12";"200";"14951.5844"
"2019-12";"500";"95.26"
"2019-12";"1000";"48845.83"
"2019-12";"T";"84450.10756"
"2019-12";"M";"3211.90928185"
"2020-01";"5";
"2020-01";"10";"791.59495"
"2020-01";"20";"1892.95574"
"2020-01";"50";"3508.59875"
"2020-01";"100";"13726.5775"
"2020-01";"200";"14714.4876"
"2020-01";"500";"95.028"
"2020-01";"1000";"48076.084"
"2020-01";"T";"82805.212995"
"2020-01";"M";"3187.30897395"
"2020-02";"5";
"2020-02";"10";"792.73346"
"2020-02";"20";"1895.6948"
"2020-02";"50";"3515.3019"
"2020-02";"100";"13694.3921"
"2020-02";"200";"14623.3526"
"2020-02";"500";"94.822"
"2020-02";"1000";"47877.457"
"2020-02";"T";"82493.640325"
"2020-02";"M";"3191.36941381"
"2020-03";"5";
"2020-03";"10";"786.82815"
"2020-03";"20";"1880.14576"
"2020-03";"50";"3536.71625"
"2020-03";"100";"13744.0775"
"2020-03";"200";"15023.9334"
"2020-03";"500";"94.6825"
"2020-03";"1000";"48158.123"
"2020-03";"T";"83224.393"
"2020-03";"M";"3181.10997252"
"2020-04";"5";
"2020-04";"10";"785.39761"
"2020-04";"20";"1888.19232"
"2020-04";"50";"3554.2157"
"2020-04";"100";"13920.8464"
"2020-04";"200";"15223.8482"
"2020-04";"500";"94.639"
"2020-04";"1000";"48314.758"
"2020-04";"T";"83781.783695"
"2020-04";"M";"3180.94310439"
"2020-05";"5";
"2020-05";"10";"789.41499"
"2020-05";"20";"1915.17048"
"2020-05";"50";"3577.23595"
"2020-05";"100";"14031.27"
"2020-05";"200";"15373.597"
"2020-05";"500";"94.453"
"2020-05";"1000";"48590.761"
"2020-05";"T";"84371.78889"
"2020-05";"M";"3194.09435204"
"2020-06";"5";
"2020-06";"10";"790.18503"
"2020-06";"20";"1933.84312"
"2020-06";"50";"3601.4452"
"2020-06";"100";"14131.439"
"2020-06";"200";"15506.8028"
"2020-06";"500";"94.3775"
"2020-06";"1000";"48843.45"
"2020-06";"T";"84901.429115"
"2020-06";"M";"3191.97120474"
"2020-07";"5";
"2020-07";"10";"791.24152"
"2020-07";"20";"1942.5369"
"2020-07";"50";"3603.10565"
"2020-07";"100";"14169.3175"
"2020-07";"200";"15467.9764"
"2020-07";"500";"94.254"
"2020-07";"1000";"48680.618"
"2020-07";"T";"84748.936435"
"2020-07";"M";"3191.62084837"
"2020-08";"5";
"2020-08";"10";"790.97546"
"2020-08";"20";"1950.72378"
"2020-08";"50";"3601.30865"
"2020-08";"100";"14170.5732"
"2020-08";"200";"15455.3068"
"2020-08";"500";"94.1685"
"2020-08";"1000";"48784.881"
"2020-08";"T";"84847.823855"
"2020-08";"M";"3192.17149549"
"2020-09";"5";
"2020-09";"10";"792.43099"
"2020-09";"20";"1958.181"
"2020-09";"50";"3614.21165"
"2020-09";"100";"14268.9591"
"2020-09";"200";"15551.2868"
"2020-09";"500";"94.118"
"2020-09";"1000";"48984.225"
"2020-09";"T";"85263.29898"
"2020-09";"M";"3192.3920733"
"2020-10";"5";
"2020-10";"10";"793.42705"
"2020-10";"20";"1958.07304"
"2020-10";"50";"3594.32295"
"2020-10";"100";"14347.0463"
"2020-10";"200";"15659.1636"
"2020-10";"500";"94.054"
"2020-10";"1000";"49169.836"
"2020-10";"T";"85615.809325"
"2020-10";"M";"3188.23596058"
"2020-11";"5";
"2020-11";"10";"793.00913"
"2020-11";"20";"1962.78958"
"2020-11";"50";"3590.7069"
"2020-11";"100";"14480.5841"
"2020-11";"200";"15882.8082"
"2020-11";"500";"93.9465"
"2020-11";"1000";"49578.325"
"2020-11";"T";"86382.055855"
"2020-11";"M";"3187.08803761"
"2020-12";"5";
"2020-12";"10";"803.08072"
"2020-12";"20";"1992.7517"
"2020-12";"50";"3668.72585"
"2020-12";"100";"15075.7979"
"2020-12";"200";"16588.5318"
"2020-12";"500";"93.753"
"2020-12";"1000";"50791.098"
"2020-12";"T";"89013.625415"
"2020-12";"M";"3189.40925283"
"2021-01";"5";
"2021-01";"10";"794.57386"
"2021-01";"20";"1938.39002"
"2021-01";"50";"3572.56"
"2021-01";"100";"14726.4639"
"2021-01";"200";"16340.1968"
"2021-01";"500";"93.668"
"2021-01";"1000";"50421.145"
"2021-01";"T";"87886.884025"
"2021-01";"M";"3171.60937034"
"2021-02";"5";
"2021-02";"10";"792.11568"
"2021-02";"20";"1935.76022"
"2021-02";"50";"3560.98955"
"2021-02";"100";"14699.0543"
"2021-02";"200";"16342.2808"
"2021-02";"500";"93.6205"
"2021-02";"1000";"50382.013"
"2021-02";"T";"87805.720495"
"2021-02";"M";"3169.44816679"
"2021-03";"5";
"2021-03";"10";"793.9337"
"2021-03";"20";"1954.27396"
"2021-03";"50";"3590.69975"
"2021-03";"100";"14851.5808"
"2021-03";"200";"16573.514"
"2021-03";"500";"93.5615"
"2021-03";"1000";"50786.34"
"2021-03";"T";"88643.790155"
"2021-03";"M";"3176.73534768"
"2021-04";"5";
"2021-04";"10";"793.08646"
"2021-04";"20";"1951.12344"
"2021-04";"50";"3576.41305"
"2021-04";"100";"14871.1178"
"2021-04";"200";"16626.5654"
"2021-04";"500";"93.455"
"2021-04";"1000";"51108.495"
"2021-04";"T";"89020.142595"
"2021-04";"M";"3177.20078101"
"2021-05";"5";
"2021-05";"10";"792.15901"
"2021-05";"20";"1959.51332"
"2021-05";"50";"3591.4901"
"2021-05";"100";"14821.6785"
"2021-05";"200";"16752.7772"
"2021-05";"500";"93.2485"
"2021-05";"1000";"50634.441"
"2021-05";"T";"88645.194075"
"2021-05";"M";"3181.0808207"
"2021-06";"5";
"2021-06";"10";"789.98744"
"2021-06";"20";"1972.94142"
"2021-06";"50";"3625.09495"
"2021-06";"100";"14787.4545"
"2021-06";"200";"16813.5298"
"2021-06";"500";"93.126"
"2021-06";"1000";"50313.63"
"2021-06";"T";"88395.650555"
"2021-06";"M";"3186.72019642"
"2021-07";"5";
"2021-07";"10";"791.54799"
"2021-07";"20";"1969.77662"
"2021-07";"50";"3623.2784"
"2021-07";"100";"14803.6705"
"2021-07";"200";"16876.1708"
"2021-07";"500";"93.0045"
"2021-07";"1000";"50116.909"
"2021-07";"T";"88274.244255"
"2021-07";"M";"3179.09422745"
"2021-08";"5";
"2021-08";"10";"790.73078"
"2021-08";"20";"1970.32902"
"2021-08";"50";"3613.4697"
"2021-08";"100";"14745.6849"
"2021-08";"200";"16839.3656"
"2021-08";"500";"92.867"
"2021-08";"1000";"49899.381"
"2021-08";"T";"87951.714445"
"2021-08";"M";"3183.39259124"
"2021-09";"5";
"2021-09";"10";"792.26534"
"2021-09";"20";"1983.89112"
"2021-09";"50";"3623.21285"
"2021-09";"100";"14782.3481"
"2021-09";"200";"16910.291"
"2021-09";"500";"92.636"
"2021-09";"1000";"49847.964"
"2021-09";"T";"88032.494855"
"2021-09";"M";"3187.59950049"
"2021-10";"5";
"2021-10";"10";"792.84091"
"2021-10";"20";"1975.96012"
"2021-10";"50";"3615.5195"
"2021-10";"100";"14812.0139"
"2021-10";"200";"16974.6434"
"2021-10";"500";"92.5105"
"2021-10";"1000";"49796.362"
"2021-10";"T";"88059.736775"
"2021-10";"M";"3187.0422765"
"2021-11";"5";
"2021-11";"10";"796.28146"
"2021-11";"20";"1981.86656"
"2021-11";"50";"3628.03035"
"2021-11";"100";"14929.4893"
"2021-11";"200";"17208.2168"
"2021-11";"500";"92.3625"
"2021-11";"1000";"50065.472"
"2021-11";"T";"88701.605415"
"2021-11";"M";"3196.36901508"
"2021-12";"5";
"2021-12";"10";"801.37382"
"2021-12";"20";"2000.52458"
"2021-12";"50";"3679.53675"
"2021-12";"100";"15302.1668"
"2021-12";"200";"17769.445"
"2021-12";"500";"92.2115"
"2021-12";"1000";"51040.114"
"2021-12";"T";"90685.258895"
"2021-12";"M";"3201.03154815"
"2022-01";"5";
"2022-01";"10";"795.31062"
"2022-01";"20";"1957.71096"
"2022-01";"50";"3601.31885"
"2022-01";"100";"15026.8674"
"2022-01";"200";"17654.337"
"2022-01";"500";"92.1335"
"2022-01";"1000";"50784.54"
"2022-01";"T";"89912.104775"
"2022-01";"M";"3185.58350976"
"2022-02";"5";
"2022-02";"10";"793.47183"
"2022-02";"20";"1958.05778"
"2022-02";"50";"3589.29425"
"2022-02";"100";"14950.3562"
"2022-02";"200";"17582.4914"
"2022-02";"500";"91.981"
"2022-02";"1000";"50763.452"
"2022-02";"T";"89728.990905"
"2022-02";"M";"3185.68726268"
"2022-03";"5";
"2022-03";"10";"798.12983"
"2022-03";"20";"1972.24244"
"2022-03";"50";"3618.51685"
"2022-03";"100";"15150.8779"
"2022-03";"200";"17757.9366"
"2022-03";"500";"91.83"
"2022-03";"1000";"51046.906"
"2022-03";"T";"90436.326065"
"2022-03";"M";"3193.74658767"
"2022-04";"5";
"2022-04";"10";"798.71515"
"2022-04";"20";"1981.60638"
"2022-04";"50";"3624.5027"
"2022-04";"100";"15214.1193"
"2022-04";"200";"17795.2466"
"2022-04";"500";"91.7765"
"2022-04";"1000";"51064.669"
"2022-04";"T";"90570.522075"
"2022-04";"M";"3199.10105017"
"2022-05";"5";
"2022-05";"10";"804.38922"
"2022-05";"20";"2007.893"
"2022-05";"50";"3655.73815"
"2022-05";"100";"15307.6807"
"2022-05";"200";"17835.559"
"2022-05";"500";"91.6915"
"2022-05";"1000";"51195.889"
"2022-05";"T";"90898.727015"
"2022-05";"M";"3214.04276763"
"2022-06";"5";
"2022-06";"10";"809.25521"
"2022-06";"20";"2009.62908"
"2022-06";"50";"3658.7136"
"2022-06";"100";"15271.4408"
"2022-06";"200";"17776.6542"
"2022-06";"500";"91.6015"
"2022-06";"1000";"50968.727"
"2022-06";"T";"90585.907835"
"2022-06";"M";"3227.25214643"
"2022-07";"5";
"2022-07";"10";"805.8963"
"2022-07";"20";"2000.12718"
"2022-07";"50";"3647.515"
"2022-07";"100";"15086.9793"
"2022-07";"200";"17665.227"
"2022-07";"500";"91.3445"
"2022-07";"1000";"49868.272"
"2022-07";"T";"89165.247725"
"2022-07";"M";"3218.59439477"
"2022-08";"5";
"2022-08";"10";"808.34189"
"2022-08";"20";"2000.63108"
"2022-08";"50";"3647.4527"
"2022-08";"100";"14891.041"
"2022-08";"200";"17431.0768"
"2022-08";"500";"91.228"
"2022-08";"1000";"47021.488"
"2022-08";"T";"85891.145915"
"2022-08";"M";"3222.37026738"
"2022-09";"5";
"2022-09";"10";"811.27134"
"2022-09";"20";"2008.58444"
"2022-09";"50";"3649.4152"
"2022-09";"100";"14373.4123"
"2022-09";"200";"17141.5336"
"2022-09";"500";"91.1125"
"2022-09";"1000";"44474.85"
"2022-09";"T";"82550.172435"
"2022-09";"M";"3220.22762386"
"2022-10";"5";
"2022-10";"10";"811.96985"
"2022-10";"20";"2009.41334"
"2022-10";"50";"3663.91755"
"2022-10";"100";"14022.7094"
"2022-10";"200";"17033.1404"
"2022-10";"500";"90.983"
"2022-10";"1000";"43413.94"
"2022-10";"T";"81046.066595"
"2022-10";"M";"3215.85189555"
"2022-11";"5";
"2022-11";"10";"814.73385"
"2022-11";"20";"2028.83974"
"2022-11";"50";"3684.5441"
"2022-11";"100";"13857.8091"
"2022-11";"200";"16927.5906"
"2022-11";"500";"90.8195"
"2022-11";"1000";"42786.553"
"2022-11";"T";"80190.882945"
"2022-11";"M";"3223.81427692"
"2022-12";"5";
"2022-12";"10";"825.36641"
"2022-12";"20";"2062.05946"
"2022-12";"50";"3773.8881"
"2022-12";"100";"14356.5067"
"2022-12";"200";"17474.5462"
"2022-12";"500";"90.7025"
"2022-12";"1000";"43113.737"
"2022-12";"T";"81696.800125"
"2022-12";"M";"3230.18135211"
"2023-01";"5";
"2023-01";"10";"818.91407"
"2023-01";"20";"2024.63544"
"2023-01";"50";"3690.6655"
"2023-01";"100";"14020.2364"
"2023-01";"200";"17118.4614"
"2023-01";"500";"90.6495"
"2023-01";"1000";"42246.264"
"2023-01";"T";"80009.820065"
"2023-01";"M";"3209.54767204"
"2023-02";"5";
"2023-02";"10";"816.56556"
"2023-02";"20";"2020.66356"
"2023-02";"50";"3677.5374"
"2023-02";"100";"13948.0965"
"2023-02";"200";"16939.855"
"2023-02";"500";"90.573"
"2023-02";"1000";"41356.763"
"2023-02";"T";"78850.04756"
"2023-02";"M";"3209.70896338"
"2023-03";"5";
"2023-03";"10";"816.12204"
"2023-03";"20";"2022.87942"
"2023-03";"50";"3671.7565"
"2023-03";"100";"13972.1945"
"2023-03";"200";"16896.3508"
"2023-03";"500";"90.418"
"2023-03";"1000";"40687.846"
"2023-03";"T";"78157.5608"
"2023-03";"M";"3208.36668739"
"2023-04";"5";
"2023-04";"10";"818.80812"
"2023-04";"20";"2021.23502"
"2023-04";"50";"3679.6662"
"2023-04";"100";"13976.9313"
"2023-04";"200";"16934.6248"
"2023-04";"500";"90.376"
"2023-04";"1000";"40036.619"
"2023-04";"T";"77558.25398"
"2023-04";"M";"3207.1858027"
"2023-05";"5";
"2023-05";"10";"820.68097"
"2023-05";"20";"2034.1928"
"2023-05";"50";"3669.52125"
"2023-05";"100";"13962.4592"
"2023-05";"200";"16798.8624"
"2023-05";"500";"90.225"
"2023-05";"1000";"39266.204"
"2023-05";"T";"76642.13916"
"2023-05";"M";"3214.34461576"
"2023-06";"5";
"2023-06";"10";"822.41826"
"2023-06";"20";"2039.39194"
"2023-06";"50";"3667.8026"
"2023-06";"100";"13917.0716"
"2023-06";"200";"16680.9296"
"2023-06";"500";"90.092"
"2023-06";"1000";"38714.233"
"2023-06";"T";"75931.93254"
"2023-06";"M";"3223.89426784"
"2023-07";"5";
"2023-07";"10";"821.37625"
"2023-07";"20";"2019.49768"
"2023-07";"50";"3655.21855"
"2023-07";"100";"13869.563"
"2023-07";"200";"16585.6472"
"2023-07";"500";"90.0045"
"2023-07";"1000";"38309.174"
"2023-07";"T";"75350.47472"
"2023-07";"M";"3221.86838626"
"2023-08";"5";
"2023-08";"10";"820.04517"
"2023-08";"20";"2024.02196"
"2023-08";"50";"3636.34435"
"2023-08";"100";"13780.8841"
"2023-08";"200";"16448.0394"
"2023-08";"500";"89.831"
"2023-08";"1000";"37923.84"
"2023-08";"T";"74722.99952"
"2023-08";"M";"3222.81027421"
"2023-09";"5";
"2023-09";"10";"821.29782"
"2023-09";"20";"2025.40114"
"2023-09";"50";"3636.173"
"2023-09";"100";"13787.7413"
"2023-09";"200";"16403.9402"
"2023-09";"500";"89.6925"
"2023-09";"1000";"37673.794"
"2023-09";"T";"74438.0335"
"2023-09";"M";"3219.57724976"
"2023-10";"5";
"2023-10";"10";"821.36338"
"2023-10";"20";"2023.39398"
"2023-10";"50";"3636.25435"
"2023-10";"100";"13805.0111"
"2023-10";"200";"16421.6324"
"2023-10";"500";"89.515"
"2023-10";"1000";"37479.243"
"2023-10";"T";"74276.40675"
"2023-10";"M";"3216.84480063"
"2023-11";"5";
"2023-11";"10";"824.50015"
"2023-11";"20";"2034.85974"
"2023-11";"50";"3638.74145"
"2023-11";"100";"13917.7186"
"2023-11";"200";"16526.0866"
"2023-11";"500";"89.378"
"2023-11";"1000";"37538.705"
"2023-11";"T";"74569.98954"
"2023-11";"M";"3221.76949647"
"2023-12";"5";
"2023-12";"10";"833.05195"
"2023-12";"20";"2080.3393"
"2023-12";"50";"3739.6368"
"2023-12";"100";"14429.0399"
"2023-12";"200";"17105.1706"
"2023-12";"500";"89.3125"
"2023-12";"1000";"38044.82"
"2023-12";"T";"76321.37105"
"2023-12";"M";"3227.84604332"
"2024-01";"5";
"2024-01";"10";"823.45152"
"2024-01";"20";"2015.62318"
"2024-01";"50";"3634.13075"
"2024-01";"100";"14003.641"
"2024-01";"200";"16708.8268"
"2024-01";"500";"89.152"
"2024-01";"1000";"37416.22"
"2024-01";"T";"74691.04525"
"2024-01";"M";"3210.48301651"
"2024-02";"5";
"2024-02";"10";"821.83378"
"2024-02";"20";"2019.68308"
"2024-02";"50";"3612.504"
"2024-02";"100";"13915.161"
"2024-02";"200";"16563.1842"
"2024-02";"500";"89.0285"
"2024-02";"1000";"37125.337"
"2024-02";"T";"74146.73156"
"2024-02";"M";"3208.78178252"
"2024-03";"5";
"2024-03";"10";"823.17399"
"2024-03";"20";"2023.91992"
"2024-03";"50";"3625.5372"
"2024-03";"100";"13976.3517"
"2024-03";"200";"16616.9076"
"2024-03";"500";"88.9545"
"2024-03";"1000";"37009.105"
"2024-03";"T";"74163.94991"
"2024-03";"M";"3210.37577824"
"2024-04";"5";
"2024-04";"10";"824.99603"
"2024-04";"20";"2020.94662"
"2024-04";"50";"3612.81005"
"2024-04";"100";"13937.049"
"2024-04";"200";"16546.2984"
"2024-04";"500";"88.863"
"2024-04";"1000";"36793.065"
"2024-04";"T";"73824.0281"
"2024-04";"M";"3207.70950198"
"2024-05";"5";
"2024-05";"10";"826.40608"
"2024-05";"20";"2023.83758"
"2024-05";"50";"3622.24465"
"2024-05";"100";"13906.0286"
"2024-05";"200";"16460.2672"
"2024-05";"500";"88.777"
"2024-05";"1000";"36564.875"
"2024-05";"T";"73492.43611"
"2024-05";"M";"3211.58535222"
"2024-06";"5";
"2024-06";"10";"830.26845"
"2024-06";"20";"2030.84762"
"2024-06";"50";"3608.0128"
"2024-06";"100";"13859.2171"
"2024-06";"200";"16420.3926"
"2024-06";"500";"88.68"
"2024-06";"1000";"36378.069"
"2024-06";"T";"73215.48757"
"2024-06";"M";"3212.91206607"
"2024-07";"5";
"2024-07";"10";"830.69542"
"2024-07";"20";"2019.97034"
"2024-07";"50";"3603.01505"
"2024-07";"100";"13872.7605"
"2024-07";"200";"16463.775"
"2024-07";"500";"88.567"
"2024-07";"1000";"36250.105"
"2024-07";"T";"73128.88831"
"2024-07";"M";"3210.02116911"
"2024-08";"5";
"2024-08";"10";"827.84738"
"2024-08";"20";"2014.60634"
"2024-08";"50";"3586.9991"
"2024-08";"100";"13737.0654"
"2024-08";"200";"16280.9166"
"2024-08";"500";"88.5045"
"2024-08";"1000";"35662.84"
"2024-08";"T";"72198.77932"
"2024-08";"M";"3213.24448637"
"2024-09";"5";
"2024-09";"10";"828.03588"
"2024-09";"20";"2017.95418"
"2024-09";"50";"3591.57885"
"2024-09";"100";"13735.7533"
"2024-09";"200";"16258.7594"
"2024-09";"500";"88.4395"
"2024-09";"1000";"35501.965"
"2024-09";"T";"72022.48611"
"2024-09";"M";"3211.31718235"
"2024-10";"5";
"2024-10";"10";"828.14374"
"2024-10";"20";"2018.34304"
"2024-10";"50";"3581.60455"
"2024-10";"100";"13766.577"
"2024-10";"200";"16298.63"
"2024-10";"500";"88.3645"
"2024-10";"1000";"35443.317"
"2024-10";"T";"72024.97983"
"2024-10";"M";"3207.15747249"
"2024-11";"5";
"2024-11";"10";"831.83096"
"2024-11";"20";"2023.39722"
"2024-11";"50";"3603.2434"
"2024-11";"100";"13860.4271"
"2024-11";"200";"16386.5644"
"2024-11";"500";"88.2155"
"2024-11";"1000";"35519.025"
"2024-11";"T";"72312.70358"
"2024-11";"M";"3210.42711736"
"2024-12";"5";
"2024-12";"10";"840.28084"
"2024-12";"20";"2070.26886"
"2024-12";"50";"3700.184"
"2024-12";"100";"14366.5657"
"2024-12";"200";"16936.9754"
"2024-12";"500";"88.1545"
"2024-12";"1000";"36169.419"
"2024-12";"T";"74171.8483"
"2024-12";"M";"3221.72035795"
"2025-01";"5";
"2025-01";"10";"831.39954"
"2025-01";"20";"2021.44948"
"2025-01";"50";"3605.64025"
"2025-01";"100";"14077.7053"
"2025-01";"200";"16653.5526"
"2025-01";"500";"88.023"
"2025-01";"1000";"35718.108"
"2025-01";"T";"72995.87817"
"2025-01";"M";"3205.07728749"
"2025-02";"5";
"2025-02";"10";"833.14758"
"2025-02";"20";"2018.75274"
"2025-02";"50";"3581.6104"
"2025-02";"100";"14006.5163"
"2025-02";"200";"16541.2738"
"2025-02";"500";"87.911"
"2025-02";"1000";"35523.171"
"2025-02";"T";"72592.38282"
"2025-02";"M";"3202.24431526"
"2025-03";"5";
"2025-03";"10";"832.52145"
"2025-03";"20";"2022.82492"
"2025-03";"50";"3589.34905"
"2025-03";"100";"14010.1159"
"2025-03";"200";"16512.4876"
"2025-03";"500";"87.835"
"2025-03";"1000";"35390.726"
"2025-03";"T";"72445.85992"
"2025-03";"M";"3202.17958221"
"2025-04";"5";
"2025-04";"10";"835.66019"
"2025-04";"20";"2035.95942"
"2025-04";"50";"3594.3768"
"2025-04";"100";"14024.4546"
"2025-04";"200";"16532.7952"
"2025-04";"500";"87.768"
"2025-04";"1000";"35229.841"
"2025-04";"T";"72340.85521"
"2025-04";"M";"3207.5717589"
"2025-05";"5";
"2025-05";"10";"838.24734"
"2025-05";"20";"2045.37094"
"2025-05";"50";"3596.7433"
"2025-05";"100";"14016.0796"
"2025-05";"200";"16474.274"
"2025-05";"500";"87.6905"
"2025-05";"1000";"35096.852"
"2025-05";"T";"72155.25768"
"2025-05";"M";"3207.99223063"
"2025-06";"5";
"2025-06";"10";"840.13802"
"2025-06";"20";"2047.37204"
"2025-06";"50";"3588.2881"
"2025-06";"100";"13984.3447"
"2025-06";"200";"16420.4862"
"2025-06";"500";"87.567"
"2025-06";"1000";"34958.046"
"2025-06";"T";"71926.24206"
"2025-06";"M";"3214.92331294"
"2025-07";"5";
"2025-07";"10";"837.22979"
"2025-07";"20";"2038.60886"
"2025-07";"50";"3583.90245"
"2025-07";"100";"13997.5804"
"2025-07";"200";"16399.3832"
"2025-07";"500";"87.4295"
"2025-07";"1000";"34828.939"
"2025-07";"T";"71773.0732"
"2025-07";"M";"3211.42742159"
"2025-08";"5";
"2025-08";"10";"838.22156"
"2025-08";"20";"2042.9053"
"2025-08";"50";"3576.88415"
"2025-08";"100";"13942.6563"
"2025-08";"200";"16315.9514"
"2025-08";"500";"87.348"
"2025-08";"1000";"34665.642"
"2025-08";"T";"71469.60871"
"2025-08";"M";"3211.22809426"
