"CubeId";"amarbma"
"PublishingDate";"2025-10-21 10:35"

"Date";"D0";"Value"
"1948-01";"K";
"1948-01";"T0";"4858"
"1948-01";"S0";
"1948-01";"T1";
"1948-01";"S1";
"1948-01";"T2";"4899"
"1948-01";"S2";
"1948-01";"RS";
"1948-01";"E";"2213492"
"1948-02";"K";
"1948-02";"T0";"6260"
"1948-02";"S0";
"1948-02";"T1";
"1948-02";"S1";
"1948-02";"T2";"6043"
"1948-02";"S2";
"1948-02";"RS";
"1948-02";"E";"2213492"
"1948-03";"K";
"1948-03";"T0";"1107"
"1948-03";"S0";
"1948-03";"T1";
"1948-03";"S1";
"1948-03";"T2";"6791"
"1948-03";"S2";
"1948-03";"RS";
"1948-03";"E";"2213492"
"1948-04";"K";
"1948-04";"T0";"967"
"1948-04";"S0";
"1948-04";"T1";
"1948-04";"S1";
"1948-04";"T2";"6355"
"1948-04";"S2";
"1948-04";"RS";
"1948-04";"E";"2213492"
"1948-05";"K";
"1948-05";"T0";"887"
"1948-05";"S0";
"1948-05";"T1";
"1948-05";"S1";
"1948-05";"T2";"6182"
"1948-05";"S2";
"1948-05";"RS";
"1948-05";"E";"2213492"
"1948-06";"K";
"1948-06";"T0";"1001"
"1948-06";"S0";
"1948-06";"T1";
"1948-06";"S1";
"1948-06";"T2";"4962"
"1948-06";"S2";
"1948-06";"RS";
"1948-06";"E";"2213492"
"1948-07";"K";
"1948-07";"T0";"1061"
"1948-07";"S0";
"1948-07";"T1";
"1948-07";"S1";
"1948-07";"T2";"4229"
"1948-07";"S2";
"1948-07";"RS";
"1948-07";"E";"2213492"
"1948-08";"K";
"1948-08";"T0";"1229"
"1948-08";"S0";
"1948-08";"T1";
"1948-08";"S1";
"1948-08";"T2";"4591"
"1948-08";"S2";
"1948-08";"RS";
"1948-08";"E";"2213492"
"1948-09";"K";
"1948-09";"T0";"1464"
"1948-09";"S0";
"1948-09";"T1";
"1948-09";"S1";
"1948-09";"T2";"4531"
"1948-09";"S2";
"1948-09";"RS";
"1948-09";"E";"2213492"
"1948-10";"K";
"1948-10";"T0";"2157"
"1948-10";"S0";
"1948-10";"T1";
"1948-10";"S1";
"1948-10";"T2";"3415"
"1948-10";"S2";
"1948-10";"RS";
"1948-10";"E";"2213492"
"1948-11";"K";
"1948-11";"T0";"3807"
"1948-11";"S0";
"1948-11";"T1";
"1948-11";"S1";
"1948-11";"T2";"3031"
"1948-11";"S2";
"1948-11";"RS";
"1948-11";"E";"2213492"
"1948-12";"K";
"1948-12";"T0";"10857"
"1948-12";"S0";
"1948-12";"T1";
"1948-12";"S1";
"1948-12";"T2";"2408"
"1948-12";"S2";
"1948-12";"RS";
"1948-12";"E";"2213492"
"1949-01";"K";
"1949-01";"T0";"15544"
"1949-01";"S0";
"1949-01";"T1";
"1949-01";"S1";
"1949-01";"T2";"2849"
"1949-01";"S2";
"1949-01";"RS";
"1949-01";"E";"2213492"
"1949-02";"K";
"1949-02";"T0";"12046"
"1949-02";"S0";
"1949-02";"T1";
"1949-02";"S1";
"1949-02";"T2";"3594"
"1949-02";"S2";
"1949-02";"RS";
"1949-02";"E";"2213492"
"1949-03";"K";
"1949-03";"T0";"7261"
"1949-03";"S0";
"1949-03";"T1";
"1949-03";"S1";
"1949-03";"T2";"4800"
"1949-03";"S2";
"1949-03";"RS";
"1949-03";"E";"2213492"
"1949-04";"K";
"1949-04";"T0";"4391"
"1949-04";"S0";
"1949-04";"T1";
"1949-04";"S1";
"1949-04";"T2";"4848"
"1949-04";"S2";
"1949-04";"RS";
"1949-04";"E";"2213492"
"1949-05";"K";
"1949-05";"T0";"4706"
"1949-05";"S0";
"1949-05";"T1";
"1949-05";"S1";
"1949-05";"T2";"4867"
"1949-05";"S2";
"1949-05";"RS";
"1949-05";"E";"2213492"
"1949-06";"K";
"1949-06";"T0";"3879"
"1949-06";"S0";
"1949-06";"T1";
"1949-06";"S1";
"1949-06";"T2";"4068"
"1949-06";"S2";
"1949-06";"RS";
"1949-06";"E";"2213492"
"1949-07";"K";
"1949-07";"T0";"4081"
"1949-07";"S0";
"1949-07";"T1";
"1949-07";"S1";
"1949-07";"T2";"3144"
"1949-07";"S2";
"1949-07";"RS";
"1949-07";"E";"2213492"
"1949-08";"K";
"1949-08";"T0";"4734"
"1949-08";"S0";
"1949-08";"T1";
"1949-08";"S1";
"1949-08";"T2";"3272"
"1949-08";"S2";
"1949-08";"RS";
"1949-08";"E";"2213492"
"1949-09";"K";
"1949-09";"T0";"5036"
"1949-09";"S0";
"1949-09";"T1";
"1949-09";"S1";
"1949-09";"T2";"2875"
"1949-09";"S2";
"1949-09";"RS";
"1949-09";"E";"2213492"
"1949-10";"K";
"1949-10";"T0";"6414"
"1949-10";"S0";
"1949-10";"T1";
"1949-10";"S1";
"1949-10";"T2";"2681"
"1949-10";"S2";
"1949-10";"RS";
"1949-10";"E";"2213492"
"1949-11";"K";
"1949-11";"T0";"10786"
"1949-11";"S0";
"1949-11";"T1";
"1949-11";"S1";
"1949-11";"T2";"2064"
"1949-11";"S2";
"1949-11";"RS";
"1949-11";"E";"2213492"
"1949-12";"K";
"1949-12";"T0";"17830"
"1949-12";"S0";
"1949-12";"T1";
"1949-12";"S1";
"1949-12";"T2";"1682"
"1949-12";"S2";
"1949-12";"RS";
"1949-12";"E";"2213492"
"1950-01";"K";
"1950-01";"T0";"30177"
"1950-01";"S0";
"1950-01";"T1";
"1950-01";"S1";
"1950-01";"T2";"2087"
"1950-01";"S2";
"1950-01";"RS";
"1950-01";"E";"2213492"
"1950-02";"K";
"1950-02";"T0";"20440"
"1950-02";"S0";
"1950-02";"T1";
"1950-02";"S1";
"1950-02";"T2";"3450"
"1950-02";"S2";
"1950-02";"RS";
"1950-02";"E";"2213492"
"1950-03";"K";
"1950-03";"T0";"10840"
"1950-03";"S0";
"1950-03";"T1";
"1950-03";"S1";
"1950-03";"T2";"4713"
"1950-03";"S2";
"1950-03";"RS";
"1950-03";"E";"2213492"
"1950-04";"K";
"1950-04";"T0";"9222"
"1950-04";"S0";
"1950-04";"T1";
"1950-04";"S1";
"1950-04";"T2";"4497"
"1950-04";"S2";
"1950-04";"RS";
"1950-04";"E";"2213492"
"1950-05";"K";
"1950-05";"T0";"5880"
"1950-05";"S0";
"1950-05";"T1";
"1950-05";"S1";
"1950-05";"T2";"4385"
"1950-05";"S2";
"1950-05";"RS";
"1950-05";"E";"2213492"
"1950-06";"K";
"1950-06";"T0";"4393"
"1950-06";"S0";
"1950-06";"T1";
"1950-06";"S1";
"1950-06";"T2";"4483"
"1950-06";"S2";
"1950-06";"RS";
"1950-06";"E";"2213492"
"1950-07";"K";
"1950-07";"T0";"3522"
"1950-07";"S0";
"1950-07";"T1";
"1950-07";"S1";
"1950-07";"T2";"3996"
"1950-07";"S2";
"1950-07";"RS";
"1950-07";"E";"2213492"
"1950-08";"K";
"1950-08";"T0";"3091"
"1950-08";"S0";
"1950-08";"T1";
"1950-08";"S1";
"1950-08";"T2";"4520"
"1950-08";"S2";
"1950-08";"RS";
"1950-08";"E";"2213492"
"1950-09";"K";
"1950-09";"T0";"2797"
"1950-09";"S0";
"1950-09";"T1";
"1950-09";"S1";
"1950-09";"T2";"5053"
"1950-09";"S2";
"1950-09";"RS";
"1950-09";"E";"2213492"
"1950-10";"K";
"1950-10";"T0";"3232"
"1950-10";"S0";
"1950-10";"T1";
"1950-10";"S1";
"1950-10";"T2";"4462"
"1950-10";"S2";
"1950-10";"RS";
"1950-10";"E";"2213492"
"1950-11";"K";
"1950-11";"T0";"6219"
"1950-11";"S0";
"1950-11";"T1";
"1950-11";"S1";
"1950-11";"T2";"3692"
"1950-11";"S2";
"1950-11";"RS";
"1950-11";"E";"2213492"
"1950-12";"K";
"1950-12";"T0";"15376"
"1950-12";"S0";
"1950-12";"T1";
"1950-12";"S1";
"1950-12";"T2";"2561"
"1950-12";"S2";
"1950-12";"RS";
"1950-12";"E";"2213492"
"1951-01";"K";
"1951-01";"T0";"12473"
"1951-01";"S0";
"1951-01";"T1";
"1951-01";"S1";
"1951-01";"T2";"4101"
"1951-01";"S2";
"1951-01";"RS";
"1951-01";"E";"2346949"
"1951-02";"K";
"1951-02";"T0";"7812"
"1951-02";"S0";
"1951-02";"T1";
"1951-02";"S1";
"1951-02";"T2";"6042"
"1951-02";"S2";
"1951-02";"RS";
"1951-02";"E";"2346949"
"1951-03";"K";
"1951-03";"T0";"4397"
"1951-03";"S0";
"1951-03";"T1";
"1951-03";"S1";
"1951-03";"T2";"6549"
"1951-03";"S2";
"1951-03";"RS";
"1951-03";"E";"2346949"
"1951-04";"K";
"1951-04";"T0";"1800"
"1951-04";"S0";
"1951-04";"T1";
"1951-04";"S1";
"1951-04";"T2";"7266"
"1951-04";"S2";
"1951-04";"RS";
"1951-04";"E";"2346949"
"1951-05";"K";
"1951-05";"T0";"1501"
"1951-05";"S0";
"1951-05";"T1";
"1951-05";"S1";
"1951-05";"T2";"6838"
"1951-05";"S2";
"1951-05";"RS";
"1951-05";"E";"2346949"
"1951-06";"K";
"1951-06";"T0";"1191"
"1951-06";"S0";
"1951-06";"T1";
"1951-06";"S1";
"1951-06";"T2";"6348"
"1951-06";"S2";
"1951-06";"RS";
"1951-06";"E";"2346949"
"1951-07";"K";
"1951-07";"T0";"1159"
"1951-07";"S0";
"1951-07";"T1";
"1951-07";"S1";
"1951-07";"T2";"5886"
"1951-07";"S2";
"1951-07";"RS";
"1951-07";"E";"2346949"
"1951-08";"K";
"1951-08";"T0";"1237"
"1951-08";"S0";
"1951-08";"T1";
"1951-08";"S1";
"1951-08";"T2";"5358"
"1951-08";"S2";
"1951-08";"RS";
"1951-08";"E";"2346949"
"1951-09";"K";
"1951-09";"T0";"1384"
"1951-09";"S0";
"1951-09";"T1";
"1951-09";"S1";
"1951-09";"T2";"5140"
"1951-09";"S2";
"1951-09";"RS";
"1951-09";"E";"2346949"
"1951-10";"K";
"1951-10";"T0";"1841"
"1951-10";"S0";
"1951-10";"T1";
"1951-10";"S1";
"1951-10";"T2";"4690"
"1951-10";"S2";
"1951-10";"RS";
"1951-10";"E";"2346949"
"1951-11";"K";
"1951-11";"T0";"3301"
"1951-11";"S0";
"1951-11";"T1";
"1951-11";"S1";
"1951-11";"T2";"3618"
"1951-11";"S2";
"1951-11";"RS";
"1951-11";"E";"2346949"
"1951-12";"K";
"1951-12";"T0";"7488"
"1951-12";"S0";
"1951-12";"T1";
"1951-12";"S1";
"1951-12";"T2";"2988"
"1951-12";"S2";
"1951-12";"RS";
"1951-12";"E";"2346949"
"1952-01";"K";
"1952-01";"T0";"15643"
"1952-01";"S0";
"1952-01";"T1";
"1952-01";"S1";
"1952-01";"T2";"3814"
"1952-01";"S2";
"1952-01";"RS";
"1952-01";"E";"2346949"
"1952-02";"K";
"1952-02";"T0";"12536"
"1952-02";"S0";
"1952-02";"T1";
"1952-02";"S1";
"1952-02";"T2";"3852"
"1952-02";"S2";
"1952-02";"RS";
"1952-02";"E";"2346949"
"1952-03";"K";
"1952-03";"T0";"3828"
"1952-03";"S0";
"1952-03";"T1";
"1952-03";"S1";
"1952-03";"T2";"6484"
"1952-03";"S2";
"1952-03";"RS";
"1952-03";"E";"2346949"
"1952-04";"K";
"1952-04";"T0";"2271"
"1952-04";"S0";
"1952-04";"T1";
"1952-04";"S1";
"1952-04";"T2";"6243"
"1952-04";"S2";
"1952-04";"RS";
"1952-04";"E";"2346949"
"1952-05";"K";
"1952-05";"T0";"1711"
"1952-05";"S0";
"1952-05";"T1";
"1952-05";"S1";
"1952-05";"T2";"5614"
"1952-05";"S2";
"1952-05";"RS";
"1952-05";"E";"2346949"
"1952-06";"K";
"1952-06";"T0";"1417"
"1952-06";"S0";
"1952-06";"T1";
"1952-06";"S1";
"1952-06";"T2";"5186"
"1952-06";"S2";
"1952-06";"RS";
"1952-06";"E";"2346949"
"1952-07";"K";
"1952-07";"T0";"1451"
"1952-07";"S0";
"1952-07";"T1";
"1952-07";"S1";
"1952-07";"T2";"4092"
"1952-07";"S2";
"1952-07";"RS";
"1952-07";"E";"2346949"
"1952-08";"K";
"1952-08";"T0";"1750"
"1952-08";"S0";
"1952-08";"T1";
"1952-08";"S1";
"1952-08";"T2";"4020"
"1952-08";"S2";
"1952-08";"RS";
"1952-08";"E";"2346949"
"1952-09";"K";
"1952-09";"T0";"1918"
"1952-09";"S0";
"1952-09";"T1";
"1952-09";"S1";
"1952-09";"T2";"3822"
"1952-09";"S2";
"1952-09";"RS";
"1952-09";"E";"2346949"
"1952-10";"K";
"1952-10";"T0";"3218"
"1952-10";"S0";
"1952-10";"T1";
"1952-10";"S1";
"1952-10";"T2";"3445"
"1952-10";"S2";
"1952-10";"RS";
"1952-10";"E";"2346949"
"1952-11";"K";
"1952-11";"T0";"6295"
"1952-11";"S0";
"1952-11";"T1";
"1952-11";"S1";
"1952-11";"T2";"2680"
"1952-11";"S2";
"1952-11";"RS";
"1952-11";"E";"2346949"
"1952-12";"K";
"1952-12";"T0";"11726"
"1952-12";"S0";
"1952-12";"T1";
"1952-12";"S1";
"1952-12";"T2";"2286"
"1952-12";"S2";
"1952-12";"RS";
"1952-12";"E";"2346949"
"1953-01";"K";
"1953-01";"T0";"19335"
"1953-01";"S0";
"1953-01";"T1";
"1953-01";"S1";
"1953-01";"T2";"3013"
"1953-01";"S2";
"1953-01";"RS";
"1953-01";"E";"2346949"
"1953-02";"K";
"1953-02";"T0";"11597"
"1953-02";"S0";
"1953-02";"T1";
"1953-02";"S1";
"1953-02";"T2";"4064"
"1953-02";"S2";
"1953-02";"RS";
"1953-02";"E";"2346949"
"1953-03";"K";
"1953-03";"T0";"4154"
"1953-03";"S0";
"1953-03";"T1";
"1953-03";"S1";
"1953-03";"T2";"5652"
"1953-03";"S2";
"1953-03";"RS";
"1953-03";"E";"2346949"
"1953-04";"K";
"1953-04";"T0";"2512"
"1953-04";"S0";
"1953-04";"T1";
"1953-04";"S1";
"1953-04";"T2";"5328"
"1953-04";"S2";
"1953-04";"RS";
"1953-04";"E";"2346949"
"1953-05";"K";
"1953-05";"T0";"1937"
"1953-05";"S0";
"1953-05";"T1";
"1953-05";"S1";
"1953-05";"T2";"4739"
"1953-05";"S2";
"1953-05";"RS";
"1953-05";"E";"2346949"
"1953-06";"K";
"1953-06";"T0";"2076"
"1953-06";"S0";
"1953-06";"T1";
"1953-06";"S1";
"1953-06";"T2";"4936"
"1953-06";"S2";
"1953-06";"RS";
"1953-06";"E";"2346949"
"1953-07";"K";
"1953-07";"T0";"1579"
"1953-07";"S0";
"1953-07";"T1";
"1953-07";"S1";
"1953-07";"T2";"4734"
"1953-07";"S2";
"1953-07";"RS";
"1953-07";"E";"2346949"
"1953-08";"K";
"1953-08";"T0";"1725"
"1953-08";"S0";
"1953-08";"T1";
"1953-08";"S1";
"1953-08";"T2";"4452"
"1953-08";"S2";
"1953-08";"RS";
"1953-08";"E";"2346949"
"1953-09";"K";
"1953-09";"T0";"1911"
"1953-09";"S0";
"1953-09";"T1";
"1953-09";"S1";
"1953-09";"T2";"4341"
"1953-09";"S2";
"1953-09";"RS";
"1953-09";"E";"2346949"
"1953-10";"K";
"1953-10";"T0";"2411"
"1953-10";"S0";
"1953-10";"T1";
"1953-10";"S1";
"1953-10";"T2";"3652"
"1953-10";"S2";
"1953-10";"RS";
"1953-10";"E";"2346949"
"1953-11";"K";
"1953-11";"T0";"3591"
"1953-11";"S0";
"1953-11";"T1";
"1953-11";"S1";
"1953-11";"T2";"2992"
"1953-11";"S2";
"1953-11";"RS";
"1953-11";"E";"2346949"
"1953-12";"K";
"1953-12";"T0";"7113"
"1953-12";"S0";
"1953-12";"T1";
"1953-12";"S1";
"1953-12";"T2";"2694"
"1953-12";"S2";
"1953-12";"RS";
"1953-12";"E";"2346949"
"1954-01";"K";
"1954-01";"T0";"15890"
"1954-01";"S0";
"1954-01";"T1";
"1954-01";"S1";
"1954-01";"T2";"3277"
"1954-01";"S2";
"1954-01";"RS";
"1954-01";"E";"2346949"
"1954-02";"K";
"1954-02";"T0";"10639"
"1954-02";"S0";
"1954-02";"T1";
"1954-02";"S1";
"1954-02";"T2";"5002"
"1954-02";"S2";
"1954-02";"RS";
"1954-02";"E";"2346949"
"1954-03";"K";
"1954-03";"T0";"3499"
"1954-03";"S0";
"1954-03";"T1";
"1954-03";"S1";
"1954-03";"T2";"6806"
"1954-03";"S2";
"1954-03";"RS";
"1954-03";"E";"2346949"
"1954-04";"K";
"1954-04";"T0";"2504"
"1954-04";"S0";
"1954-04";"T1";
"1954-04";"S1";
"1954-04";"T2";"5554"
"1954-04";"S2";
"1954-04";"RS";
"1954-04";"E";"2346949"
"1954-05";"K";
"1954-05";"T0";"2195"
"1954-05";"S0";
"1954-05";"T1";
"1954-05";"S1";
"1954-05";"T2";"5885"
"1954-05";"S2";
"1954-05";"RS";
"1954-05";"E";"2346949"
"1954-06";"K";
"1954-06";"T0";"1751"
"1954-06";"S0";
"1954-06";"T1";
"1954-06";"S1";
"1954-06";"T2";"5684"
"1954-06";"S2";
"1954-06";"RS";
"1954-06";"E";"2346949"
"1954-07";"K";
"1954-07";"T0";"1342"
"1954-07";"S0";
"1954-07";"T1";
"1954-07";"S1";
"1954-07";"T2";"5021"
"1954-07";"S2";
"1954-07";"RS";
"1954-07";"E";"2346949"
"1954-08";"K";
"1954-08";"T0";"1787"
"1954-08";"S0";
"1954-08";"T1";
"1954-08";"S1";
"1954-08";"T2";"4949"
"1954-08";"S2";
"1954-08";"RS";
"1954-08";"E";"2346949"
"1954-09";"K";
"1954-09";"T0";"1630"
"1954-09";"S0";
"1954-09";"T1";
"1954-09";"S1";
"1954-09";"T2";"5194"
"1954-09";"S2";
"1954-09";"RS";
"1954-09";"E";"2346949"
"1954-10";"K";
"1954-10";"T0";"1884"
"1954-10";"S0";
"1954-10";"T1";
"1954-10";"S1";
"1954-10";"T2";"4519"
"1954-10";"S2";
"1954-10";"RS";
"1954-10";"E";"2346949"
"1954-11";"K";
"1954-11";"T0";"2703"
"1954-11";"S0";
"1954-11";"T1";
"1954-11";"S1";
"1954-11";"T2";"3831"
"1954-11";"S2";
"1954-11";"RS";
"1954-11";"E";"2346949"
"1954-12";"K";
"1954-12";"T0";"6118"
"1954-12";"S0";
"1954-12";"T1";
"1954-12";"S1";
"1954-12";"T2";"3541"
"1954-12";"S2";
"1954-12";"RS";
"1954-12";"E";"2346949"
"1955-01";"K";
"1955-01";"T0";"9576"
"1955-01";"S0";
"1955-01";"T1";
"1955-01";"S1";
"1955-01";"T2";"4523"
"1955-01";"S2";
"1955-01";"RS";
"1955-01";"E";"2346949"
"1955-02";"K";
"1955-02";"T0";"8388"
"1955-02";"S0";
"1955-02";"T1";
"1955-02";"S1";
"1955-02";"T2";"5430"
"1955-02";"S2";
"1955-02";"RS";
"1955-02";"E";"2346949"
"1955-03";"K";
"1955-03";"T0";"2866"
"1955-03";"S0";
"1955-03";"T1";
"1955-03";"S1";
"1955-03";"T2";"7556"
"1955-03";"S2";
"1955-03";"RS";
"1955-03";"E";"2346949"
"1955-04";"K";
"1955-04";"T0";"1281"
"1955-04";"S0";
"1955-04";"T1";
"1955-04";"S1";
"1955-04";"T2";"7649"
"1955-04";"S2";
"1955-04";"RS";
"1955-04";"E";"2346949"
"1955-05";"K";
"1955-05";"T0";"934"
"1955-05";"S0";
"1955-05";"T1";
"1955-05";"S1";
"1955-05";"T2";"7245"
"1955-05";"S2";
"1955-05";"RS";
"1955-05";"E";"2346949"
"1955-06";"K";
"1955-06";"T0";"810"
"1955-06";"S0";
"1955-06";"T1";
"1955-06";"S1";
"1955-06";"T2";"6307"
"1955-06";"S2";
"1955-06";"RS";
"1955-06";"E";"2346949"
"1955-07";"K";
"1955-07";"T0";"709"
"1955-07";"S0";
"1955-07";"T1";
"1955-07";"S1";
"1955-07";"T2";"5749"
"1955-07";"S2";
"1955-07";"RS";
"1955-07";"E";"2346949"
"1955-08";"K";
"1955-08";"T0";"701"
"1955-08";"S0";
"1955-08";"T1";
"1955-08";"S1";
"1955-08";"T2";"6005"
"1955-08";"S2";
"1955-08";"RS";
"1955-08";"E";"2346949"
"1955-09";"K";
"1955-09";"T0";"863"
"1955-09";"S0";
"1955-09";"T1";
"1955-09";"S1";
"1955-09";"T2";"6115"
"1955-09";"S2";
"1955-09";"RS";
"1955-09";"E";"2346949"
"1955-10";"K";
"1955-10";"T0";"1081"
"1955-10";"S0";
"1955-10";"T1";
"1955-10";"S1";
"1955-10";"T2";"5453"
"1955-10";"S2";
"1955-10";"RS";
"1955-10";"E";"2346949"
"1955-11";"K";
"1955-11";"T0";"2004"
"1955-11";"S0";
"1955-11";"T1";
"1955-11";"S1";
"1955-11";"T2";"4687"
"1955-11";"S2";
"1955-11";"RS";
"1955-11";"E";"2346949"
"1955-12";"K";
"1955-12";"T0";"3337"
"1955-12";"S0";
"1955-12";"T1";
"1955-12";"S1";
"1955-12";"T2";"4700"
"1955-12";"S2";
"1955-12";"RS";
"1955-12";"E";"2346949"
"1956-01";"K";
"1956-01";"T0";"5233"
"1956-01";"S0";
"1956-01";"T1";
"1956-01";"S1";
"1956-01";"T2";"5940"
"1956-01";"S2";
"1956-01";"RS";
"1956-01";"E";"2346949"
"1956-02";"K";
"1956-02";"T0";"18572"
"1956-02";"S0";
"1956-02";"T1";
"1956-02";"S1";
"1956-02";"T2";"5654"
"1956-02";"S2";
"1956-02";"RS";
"1956-02";"E";"2346949"
"1956-03";"K";
"1956-03";"T0";"1900"
"1956-03";"S0";
"1956-03";"T1";
"1956-03";"S1";
"1956-03";"T2";"7532"
"1956-03";"S2";
"1956-03";"RS";
"1956-03";"E";"2346949"
"1956-04";"K";
"1956-04";"T0";"1024"
"1956-04";"S0";
"1956-04";"T1";
"1956-04";"S1";
"1956-04";"T2";"7161"
"1956-04";"S2";
"1956-04";"RS";
"1956-04";"E";"2346949"
"1956-05";"K";
"1956-05";"T0";"681"
"1956-05";"S0";
"1956-05";"T1";
"1956-05";"S1";
"1956-05";"T2";"6970"
"1956-05";"S2";
"1956-05";"RS";
"1956-05";"E";"2346949"
"1956-06";"K";
"1956-06";"T0";"603"
"1956-06";"S0";
"1956-06";"T1";
"1956-06";"S1";
"1956-06";"T2";"6740"
"1956-06";"S2";
"1956-06";"RS";
"1956-06";"E";"2346949"
"1956-07";"K";
"1956-07";"T0";"502"
"1956-07";"S0";
"1956-07";"T1";
"1956-07";"S1";
"1956-07";"T2";"6238"
"1956-07";"S2";
"1956-07";"RS";
"1956-07";"E";"2346949"
"1956-08";"K";
"1956-08";"T0";"648"
"1956-08";"S0";
"1956-08";"T1";
"1956-08";"S1";
"1956-08";"T2";"6380"
"1956-08";"S2";
"1956-08";"RS";
"1956-08";"E";"2346949"
"1956-09";"K";
"1956-09";"T0";"673"
"1956-09";"S0";
"1956-09";"T1";
"1956-09";"S1";
"1956-09";"T2";"6185"
"1956-09";"S2";
"1956-09";"RS";
"1956-09";"E";"2346949"
"1956-10";"K";
"1956-10";"T0";"1072"
"1956-10";"S0";
"1956-10";"T1";
"1956-10";"S1";
"1956-10";"T2";"5515"
"1956-10";"S2";
"1956-10";"RS";
"1956-10";"E";"2346949"
"1956-11";"K";
"1956-11";"T0";"1628"
"1956-11";"S0";
"1956-11";"T1";
"1956-11";"S1";
"1956-11";"T2";"5014"
"1956-11";"S2";
"1956-11";"RS";
"1956-11";"E";"2346949"
"1956-12";"K";
"1956-12";"T0";"3923"
"1956-12";"S0";
"1956-12";"T1";
"1956-12";"S1";
"1956-12";"T2";"4946"
"1956-12";"S2";
"1956-12";"RS";
"1956-12";"E";"2346949"
"1957-01";"K";
"1957-01";"T0";"9041"
"1957-01";"S0";
"1957-01";"T1";
"1957-01";"S1";
"1957-01";"T2";"5742"
"1957-01";"S2";
"1957-01";"RS";
"1957-01";"E";"2346949"
"1957-02";"K";
"1957-02";"T0";"3345"
"1957-02";"S0";
"1957-02";"T1";
"1957-02";"S1";
"1957-02";"T2";"6335"
"1957-02";"S2";
"1957-02";"RS";
"1957-02";"E";"2346949"
"1957-03";"K";
"1957-03";"T0";"1023"
"1957-03";"S0";
"1957-03";"T1";
"1957-03";"S1";
"1957-03";"T2";"7789"
"1957-03";"S2";
"1957-03";"RS";
"1957-03";"E";"2346949"
"1957-04";"K";
"1957-04";"T0";"761"
"1957-04";"S0";
"1957-04";"T1";
"1957-04";"S1";
"1957-04";"T2";"7252"
"1957-04";"S2";
"1957-04";"RS";
"1957-04";"E";"2346949"
"1957-05";"K";
"1957-05";"T0";"615"
"1957-05";"S0";
"1957-05";"T1";
"1957-05";"S1";
"1957-05";"T2";"6050"
"1957-05";"S2";
"1957-05";"RS";
"1957-05";"E";"2346949"
"1957-06";"K";
"1957-06";"T0";"530"
"1957-06";"S0";
"1957-06";"T1";
"1957-06";"S1";
"1957-06";"T2";"5485"
"1957-06";"S2";
"1957-06";"RS";
"1957-06";"E";"2346949"
"1957-07";"K";
"1957-07";"T0";"554"
"1957-07";"S0";
"1957-07";"T1";
"1957-07";"S1";
"1957-07";"T2";"5130"
"1957-07";"S2";
"1957-07";"RS";
"1957-07";"E";"2346949"
"1957-08";"K";
"1957-08";"T0";"575"
"1957-08";"S0";
"1957-08";"T1";
"1957-08";"S1";
"1957-08";"T2";"5133"
"1957-08";"S2";
"1957-08";"RS";
"1957-08";"E";"2346949"
"1957-09";"K";
"1957-09";"T0";"723"
"1957-09";"S0";
"1957-09";"T1";
"1957-09";"S1";
"1957-09";"T2";"5062"
"1957-09";"S2";
"1957-09";"RS";
"1957-09";"E";"2346949"
"1957-10";"K";
"1957-10";"T0";"1086"
"1957-10";"S0";
"1957-10";"T1";
"1957-10";"S1";
"1957-10";"T2";"4455"
"1957-10";"S2";
"1957-10";"RS";
"1957-10";"E";"2346949"
"1957-11";"K";
"1957-11";"T0";"1644"
"1957-11";"S0";
"1957-11";"T1";
"1957-11";"S1";
"1957-11";"T2";"3904"
"1957-11";"S2";
"1957-11";"RS";
"1957-11";"E";"2346949"
"1957-12";"K";
"1957-12";"T0";"4667"
"1957-12";"S0";
"1957-12";"T1";
"1957-12";"S1";
"1957-12";"T2";"3658"
"1957-12";"S2";
"1957-12";"RS";
"1957-12";"E";"2346949"
"1958-01";"K";
"1958-01";"T0";"9091"
"1958-01";"S0";
"1958-01";"T1";
"1958-01";"S1";
"1958-01";"T2";"4148"
"1958-01";"S2";
"1958-01";"RS";
"1958-01";"E";"2346949"
"1958-02";"K";
"1958-02";"T0";"6026"
"1958-02";"S0";
"1958-02";"T1";
"1958-02";"S1";
"1958-02";"T2";"4689"
"1958-02";"S2";
"1958-02";"RS";
"1958-02";"E";"2346949"
"1958-03";"K";
"1958-03";"T0";"3505"
"1958-03";"S0";
"1958-03";"T1";
"1958-03";"S1";
"1958-03";"T2";"4821"
"1958-03";"S2";
"1958-03";"RS";
"1958-03";"E";"2346949"
"1958-04";"K";
"1958-04";"T0";"2208"
"1958-04";"S0";
"1958-04";"T1";
"1958-04";"S1";
"1958-04";"T2";"4770"
"1958-04";"S2";
"1958-04";"RS";
"1958-04";"E";"2346949"
"1958-05";"K";
"1958-05";"T0";"1716"
"1958-05";"S0";
"1958-05";"T1";
"1958-05";"S1";
"1958-05";"T2";"5094"
"1958-05";"S2";
"1958-05";"RS";
"1958-05";"E";"2346949"
"1958-06";"K";
"1958-06";"T0";"1588"
"1958-06";"S0";
"1958-06";"T1";
"1958-06";"S1";
"1958-06";"T2";"5095"
"1958-06";"S2";
"1958-06";"RS";
"1958-06";"E";"2346949"
"1958-07";"K";
"1958-07";"T0";"1140"
"1958-07";"S0";
"1958-07";"T1";
"1958-07";"S1";
"1958-07";"T2";"4043"
"1958-07";"S2";
"1958-07";"RS";
"1958-07";"E";"2346949"
"1958-08";"K";
"1958-08";"T0";"1723"
"1958-08";"S0";
"1958-08";"T1";
"1958-08";"S1";
"1958-08";"T2";"5085"
"1958-08";"S2";
"1958-08";"RS";
"1958-08";"E";"2346949"
"1958-09";"K";
"1958-09";"T0";"1910"
"1958-09";"S0";
"1958-09";"T1";
"1958-09";"S1";
"1958-09";"T2";"4711"
"1958-09";"S2";
"1958-09";"RS";
"1958-09";"E";"2346949"
"1958-10";"K";
"1958-10";"T0";"2412"
"1958-10";"S0";
"1958-10";"T1";
"1958-10";"S1";
"1958-10";"T2";"3965"
"1958-10";"S2";
"1958-10";"RS";
"1958-10";"E";"2346949"
"1958-11";"K";
"1958-11";"T0";"3032"
"1958-11";"S0";
"1958-11";"T1";
"1958-11";"S1";
"1958-11";"T2";"3109"
"1958-11";"S2";
"1958-11";"RS";
"1958-11";"E";"2346949"
"1958-12";"K";
"1958-12";"T0";"6124"
"1958-12";"S0";
"1958-12";"T1";
"1958-12";"S1";
"1958-12";"T2";"3305"
"1958-12";"S2";
"1958-12";"RS";
"1958-12";"E";"2346949"
"1959-01";"K";
"1959-01";"T0";"9623"
"1959-01";"S0";
"1959-01";"T1";
"1959-01";"S1";
"1959-01";"T2";"4004"
"1959-01";"S2";
"1959-01";"RS";
"1959-01";"E";"2346949"
"1959-02";"K";
"1959-02";"T0";"5119"
"1959-02";"S0";
"1959-02";"T1";
"1959-02";"S1";
"1959-02";"T2";"5330"
"1959-02";"S2";
"1959-02";"RS";
"1959-02";"E";"2346949"
"1959-03";"K";
"1959-03";"T0";"2675"
"1959-03";"S0";
"1959-03";"T1";
"1959-03";"S1";
"1959-03";"T2";"5621"
"1959-03";"S2";
"1959-03";"RS";
"1959-03";"E";"2346949"
"1959-04";"K";
"1959-04";"T0";"1905"
"1959-04";"S0";
"1959-04";"T1";
"1959-04";"S1";
"1959-04";"T2";"5808"
"1959-04";"S2";
"1959-04";"RS";
"1959-04";"E";"2346949"
"1959-05";"K";
"1959-05";"T0";"1450"
"1959-05";"S0";
"1959-05";"T1";
"1959-05";"S1";
"1959-05";"T2";"5137"
"1959-05";"S2";
"1959-05";"RS";
"1959-05";"E";"2346949"
"1959-06";"K";
"1959-06";"T0";"1120"
"1959-06";"S0";
"1959-06";"T1";
"1959-06";"S1";
"1959-06";"T2";"5200"
"1959-06";"S2";
"1959-06";"RS";
"1959-06";"E";"2346949"
"1959-07";"K";
"1959-07";"T0";"760"
"1959-07";"S0";
"1959-07";"T1";
"1959-07";"S1";
"1959-07";"T2";"5038"
"1959-07";"S2";
"1959-07";"RS";
"1959-07";"E";"2346949"
"1959-08";"K";
"1959-08";"T0";"812"
"1959-08";"S0";
"1959-08";"T1";
"1959-08";"S1";
"1959-08";"T2";"5761"
"1959-08";"S2";
"1959-08";"RS";
"1959-08";"E";"2346949"
"1959-09";"K";
"1959-09";"T0";"810"
"1959-09";"S0";
"1959-09";"T1";
"1959-09";"S1";
"1959-09";"T2";"5992"
"1959-09";"S2";
"1959-09";"RS";
"1959-09";"E";"2346949"
"1959-10";"K";
"1959-10";"T0";"1018"
"1959-10";"S0";
"1959-10";"T1";
"1959-10";"S1";
"1959-10";"T2";"5626"
"1959-10";"S2";
"1959-10";"RS";
"1959-10";"E";"2346949"
"1959-11";"K";
"1959-11";"T0";"1101"
"1959-11";"S0";
"1959-11";"T1";
"1959-11";"S1";
"1959-11";"T2";"5168"
"1959-11";"S2";
"1959-11";"RS";
"1959-11";"E";"2346949"
"1959-12";"K";
"1959-12";"T0";"2722"
"1959-12";"S0";
"1959-12";"T1";
"1959-12";"S1";
"1959-12";"T2";"5034"
"1959-12";"S2";
"1959-12";"RS";
"1959-12";"E";"2346949"
"1960-01";"K";
"1960-01";"T0";"5556"
"1960-01";"S0";
"1960-01";"T1";
"1960-01";"S1";
"1960-01";"T2";"5961"
"1960-01";"S2";"10710.71967628"
"1960-01";"RS";
"1960-01";"E";"2346949"
"1960-02";"K";
"1960-02";"T0";"2931"
"1960-02";"S0";
"1960-02";"T1";
"1960-02";"S1";
"1960-02";"T2";"6979"
"1960-02";"S2";"10712.33785904"
"1960-02";"RS";
"1960-02";"E";"2346949"
"1960-03";"K";
"1960-03";"T0";"849"
"1960-03";"S0";
"1960-03";"T1";
"1960-03";"S1";
"1960-03";"T2";"6893"
"1960-03";"S2";"10744.88878376"
"1960-03";"RS";
"1960-03";"E";"2346949"
"1960-04";"K";
"1960-04";"T0";"662"
"1960-04";"S0";
"1960-04";"T1";
"1960-04";"S1";
"1960-04";"T2";"6660"
"1960-04";"S2";"10822.95625226"
"1960-04";"RS";
"1960-04";"E";"2346949"
"1960-05";"K";
"1960-05";"T0";"448"
"1960-05";"S0";
"1960-05";"T1";
"1960-05";"S1";
"1960-05";"T2";"6914"
"1960-05";"S2";"10924.39226397"
"1960-05";"RS";
"1960-05";"E";"2346949"
"1960-06";"K";
"1960-06";"T0";"400"
"1960-06";"S0";
"1960-06";"T1";
"1960-06";"S1";
"1960-06";"T2";"6900"
"1960-06";"S2";"10982.30417927"
"1960-06";"RS";
"1960-06";"E";"2346949"
"1960-07";"K";
"1960-07";"T0";"297"
"1960-07";"S0";
"1960-07";"T1";
"1960-07";"S1";
"1960-07";"T2";"6559"
"1960-07";"S2";"10957.35253862"
"1960-07";"RS";
"1960-07";"E";"2346949"
"1960-08";"K";
"1960-08";"T0";"309"
"1960-08";"S0";
"1960-08";"T1";
"1960-08";"S1";
"1960-08";"T2";"6228"
"1960-08";"S2";"10848.5366649"
"1960-08";"RS";
"1960-08";"E";"2346949"
"1960-09";"K";
"1960-09";"T0";"439"
"1960-09";"S0";
"1960-09";"T1";
"1960-09";"S1";
"1960-09";"T2";"6541"
"1960-09";"S2";"10752.5557545"
"1960-09";"RS";
"1960-09";"E";"2346949"
"1960-10";"K";
"1960-10";"T0";"530"
"1960-10";"S0";
"1960-10";"T1";
"1960-10";"S1";
"1960-10";"T2";"5690"
"1960-10";"S2";"10782.41096363"
"1960-10";"RS";
"1960-10";"E";"2346949"
"1960-11";"K";
"1960-11";"T0";"568"
"1960-11";"S0";
"1960-11";"T1";
"1960-11";"S1";
"1960-11";"T2";"5792"
"1960-11";"S2";"10935.01888274"
"1960-11";"RS";
"1960-11";"E";"2346949"
"1960-12";"K";
"1960-12";"T0";"1697"
"1960-12";"S0";
"1960-12";"T1";
"1960-12";"S1";
"1960-12";"T2";"5599"
"1960-12";"S2";"11162.83779924"
"1960-12";"RS";
"1960-12";"E";"2346949"
"1961-01";"K";
"1961-01";"T0";"3312"
"1961-01";"S0";
"1961-01";"T1";
"1961-01";"S1";
"1961-01";"T2";"6690"
"1961-01";"S2";"11367.10191254"
"1961-01";"RS";
"1961-01";"E";"2674845"
"1961-02";"K";
"1961-02";"T0";"974"
"1961-02";"S0";
"1961-02";"T1";
"1961-02";"S1";
"1961-02";"T2";"7354"
"1961-02";"S2";"11431.19707373"
"1961-02";"RS";
"1961-02";"E";"2674845"
"1961-03";"K";
"1961-03";"T0";"397"
"1961-03";"S0";
"1961-03";"T1";
"1961-03";"S1";
"1961-03";"T2";"7592"
"1961-03";"S2";"11283.81169437"
"1961-03";"RS";
"1961-03";"E";"2674845"
"1961-04";"K";
"1961-04";"T0";"322"
"1961-04";"S0";
"1961-04";"T1";
"1961-04";"S1";
"1961-04";"T2";"6982"
"1961-04";"S2";"10983.68749831"
"1961-04";"RS";
"1961-04";"E";"2674845"
"1961-05";"K";
"1961-05";"T0";"272"
"1961-05";"S0";
"1961-05";"T1";
"1961-05";"S1";
"1961-05";"T2";"6553"
"1961-05";"S2";"10691.88443212"
"1961-05";"RS";
"1961-05";"E";"2674845"
"1961-06";"K";
"1961-06";"T0";"212"
"1961-06";"S0";
"1961-06";"T1";
"1961-06";"S1";
"1961-06";"T2";"6157"
"1961-06";"S2";"10504.84341214"
"1961-06";"RS";
"1961-06";"E";"2674845"
"1961-07";"K";
"1961-07";"T0";"176"
"1961-07";"S0";
"1961-07";"T1";
"1961-07";"S1";
"1961-07";"T2";"6161"
"1961-07";"S2";"10404.81140644"
"1961-07";"RS";
"1961-07";"E";"2674845"
"1961-08";"K";
"1961-08";"T0";"189"
"1961-08";"S0";
"1961-08";"T1";
"1961-08";"S1";
"1961-08";"T2";"6370"
"1961-08";"S2";"10385.75187284"
"1961-08";"RS";
"1961-08";"E";"2674845"
"1961-09";"K";
"1961-09";"T0";"217"
"1961-09";"S0";
"1961-09";"T1";
"1961-09";"S1";
"1961-09";"T2";"6084"
"1961-09";"S2";"10374.97841872"
"1961-09";"RS";
"1961-09";"E";"2674845"
"1961-10";"K";
"1961-10";"T0";"356"
"1961-10";"S0";
"1961-10";"T1";
"1961-10";"S1";
"1961-10";"T2";"5869"
"1961-10";"S2";"10344.60280892"
"1961-10";"RS";
"1961-10";"E";"2674845"
"1961-11";"K";
"1961-11";"T0";"365"
"1961-11";"S0";
"1961-11";"T1";
"1961-11";"S1";
"1961-11";"T2";"5603"
"1961-11";"S2";"10293.49909075"
"1961-11";"RS";
"1961-11";"E";"2674845"
"1961-12";"K";
"1961-12";"T0";"969"
"1961-12";"S0";
"1961-12";"T1";
"1961-12";"S1";
"1961-12";"T2";"4775"
"1961-12";"S2";"10234.79173057"
"1961-12";"RS";
"1961-12";"E";"2674845"
"1962-01";"K";
"1962-01";"T0";"2022"
"1962-01";"S0";
"1962-01";"T1";
"1962-01";"S1";
"1962-01";"T2";"5563"
"1962-01";"S2";"10207.67576868"
"1962-01";"RS";
"1962-01";"E";"2674845"
"1962-02";"K";
"1962-02";"T0";"882"
"1962-02";"S0";
"1962-02";"T1";
"1962-02";"S1";
"1962-02";"T2";"6161"
"1962-02";"S2";"10235.77117852"
"1962-02";"RS";
"1962-02";"E";"2674845"
"1962-03";"K";
"1962-03";"T0";"377"
"1962-03";"S0";
"1962-03";"T1";
"1962-03";"S1";
"1962-03";"T2";"6474"
"1962-03";"S2";"10333.83553792"
"1962-03";"RS";
"1962-03";"E";"2674845"
"1962-04";"K";
"1962-04";"T0";"249"
"1962-04";"S0";
"1962-04";"T1";
"1962-04";"S1";
"1962-04";"T2";"6699"
"1962-04";"S2";"10456.75796525"
"1962-04";"RS";
"1962-04";"E";"2674845"
"1962-05";"K";
"1962-05";"T0";"238"
"1962-05";"S0";
"1962-05";"T1";
"1962-05";"S1";
"1962-05";"T2";"6313"
"1962-05";"S2";"10533.12282566"
"1962-05";"RS";
"1962-05";"E";"2674845"
"1962-06";"K";
"1962-06";"T0";"170"
"1962-06";"S0";
"1962-06";"T1";
"1962-06";"S1";
"1962-06";"T2";"6342"
"1962-06";"S2";"10551.54939448"
"1962-06";"RS";
"1962-06";"E";"2674845"
"1962-07";"K";
"1962-07";"T0";"177"
"1962-07";"S0";
"1962-07";"T1";
"1962-07";"S1";
"1962-07";"T2";"6259"
"1962-07";"S2";"10509.74876719"
"1962-07";"RS";
"1962-07";"E";"2674845"
"1962-08";"K";
"1962-08";"T0";"185"
"1962-08";"S0";
"1962-08";"T1";
"1962-08";"S1";
"1962-08";"T2";"6262"
"1962-08";"S2";"10412.04981683"
"1962-08";"RS";
"1962-08";"E";"2674845"
"1962-09";"K";
"1962-09";"T0";"199"
"1962-09";"S0";
"1962-09";"T1";
"1962-09";"S1";
"1962-09";"T2";"6085"
"1962-09";"S2";"10286.57925068"
"1962-09";"RS";
"1962-09";"E";"2674845"
"1962-10";"K";
"1962-10";"T0";"324"
"1962-10";"S0";
"1962-10";"T1";
"1962-10";"S1";
"1962-10";"T2";"5847"
"1962-10";"S2";"10130.06662455"
"1962-10";"RS";
"1962-10";"E";"2674845"
"1962-11";"K";
"1962-11";"T0";"484"
"1962-11";"S0";
"1962-11";"T1";
"1962-11";"S1";
"1962-11";"T2";"5053"
"1962-11";"S2";"9964.71613779"
"1962-11";"RS";
"1962-11";"E";"2674845"
"1962-12";"K";
"1962-12";"T0";"1886"
"1962-12";"S0";
"1962-12";"T1";
"1962-12";"S1";
"1962-12";"T2";"4741"
"1962-12";"S2";"9822.943817"
"1962-12";"RS";
"1962-12";"E";"2674845"
"1963-01";"K";
"1963-01";"T0";"4896"
"1963-01";"S0";
"1963-01";"T1";
"1963-01";"S1";
"1963-01";"T2";"5044"
"1963-01";"S2";"9757.20820606"
"1963-01";"RS";
"1963-01";"E";"2674845"
"1963-02";"K";
"1963-02";"T0";"2174"
"1963-02";"S0";
"1963-02";"T1";
"1963-02";"S1";
"1963-02";"T2";"5571"
"1963-02";"S2";"9806.4573309"
"1963-02";"RS";
"1963-02";"E";"2674845"
"1963-03";"K";
"1963-03";"T0";"454"
"1963-03";"S0";
"1963-03";"T1";
"1963-03";"S1";
"1963-03";"T2";"6210"
"1963-03";"S2";"9961.85914447"
"1963-03";"RS";
"1963-03";"E";"2674845"
"1963-04";"K";
"1963-04";"T0";"261"
"1963-04";"S0";
"1963-04";"T1";
"1963-04";"S1";
"1963-04";"T2";"6288"
"1963-04";"S2";"10183.16126115"
"1963-04";"RS";
"1963-04";"E";"2674845"
"1963-05";"K";
"1963-05";"T0";"230"
"1963-05";"S0";
"1963-05";"T1";
"1963-05";"S1";
"1963-05";"T2";"6269"
"1963-05";"S2";"10419.15007582"
"1963-05";"RS";
"1963-05";"E";"2674845"
"1963-06";"K";
"1963-06";"T0";"185"
"1963-06";"S0";
"1963-06";"T1";
"1963-06";"S1";
"1963-06";"T2";"6374"
"1963-06";"S2";"10620.55335556"
"1963-06";"RS";
"1963-06";"E";"2674845"
"1963-07";"K";
"1963-07";"T0";"148"
"1963-07";"S0";
"1963-07";"T1";
"1963-07";"S1";
"1963-07";"T2";"6545"
"1963-07";"S2";"10815.36037845"
"1963-07";"RS";
"1963-07";"E";"2674845"
"1963-08";"K";
"1963-08";"T0";"142"
"1963-08";"S0";
"1963-08";"T1";
"1963-08";"S1";
"1963-08";"T2";"6701"
"1963-08";"S2";"10972.05326111"
"1963-08";"RS";
"1963-08";"E";"2674845"
"1963-09";"K";
"1963-09";"T0";"171"
"1963-09";"S0";
"1963-09";"T1";
"1963-09";"S1";
"1963-09";"T2";"6902"
"1963-09";"S2";"11045.02341141"
"1963-09";"RS";
"1963-09";"E";"2674845"
"1963-10";"K";
"1963-10";"T0";"194"
"1963-10";"S0";
"1963-10";"T1";
"1963-10";"S1";
"1963-10";"T2";"6739"
"1963-10";"S2";"11019.93699608"
"1963-10";"RS";
"1963-10";"E";"2674845"
"1963-11";"K";
"1963-11";"T0";"263"
"1963-11";"S0";
"1963-11";"T1";
"1963-11";"S1";
"1963-11";"T2";"5912"
"1963-11";"S2";"10933.94730248"
"1963-11";"RS";
"1963-11";"E";"2674845"
"1963-12";"K";
"1963-12";"T0";"778"
"1963-12";"S0";
"1963-12";"T1";
"1963-12";"S1";
"1963-12";"T2";"4954"
"1963-12";"S2";"10863.42149999"
"1963-12";"RS";
"1963-12";"E";"2674845"
"1964-01";"K";
"1964-01";"T0";"1049"
"1964-01";"S0";
"1964-01";"T1";
"1964-01";"S1";
"1964-01";"T2";"6039"
"1964-01";"S2";"10848.75205692"
"1964-01";"RS";
"1964-01";"E";"2674845"
"1964-02";"K";
"1964-02";"T0";"303"
"1964-02";"S0";
"1964-02";"T1";
"1964-02";"S1";
"1964-02";"T2";"7134"
"1964-02";"S2";"10870.65918481"
"1964-02";"RS";
"1964-02";"E";"2674845"
"1964-03";"K";
"1964-03";"T0";"242"
"1964-03";"S0";
"1964-03";"T1";
"1964-03";"S1";
"1964-03";"T2";"6996"
"1964-03";"S2";"10852.87441042"
"1964-03";"RS";
"1964-03";"E";"2674845"
"1964-04";"K";
"1964-04";"T0";"174"
"1964-04";"S0";
"1964-04";"T1";
"1964-04";"S1";
"1964-04";"T2";"6760"
"1964-04";"S2";"10748.47886654"
"1964-04";"RS";
"1964-04";"E";"2674845"
"1964-05";"K";
"1964-05";"T0";"129"
"1964-05";"S0";
"1964-05";"T1";
"1964-05";"S1";
"1964-05";"T2";"6411"
"1964-05";"S2";"10582.55542336"
"1964-05";"RS";
"1964-05";"E";"2674845"
"1964-06";"K";
"1964-06";"T0";"139"
"1964-06";"S0";
"1964-06";"T1";
"1964-06";"S1";
"1964-06";"T2";"6207"
"1964-06";"S2";"10421.88505814"
"1964-06";"RS";
"1964-06";"E";"2674845"
"1964-07";"K";
"1964-07";"T0";"111"
"1964-07";"S0";
"1964-07";"T1";
"1964-07";"S1";
"1964-07";"T2";"6018"
"1964-07";"S2";"10318.87429245"
"1964-07";"RS";
"1964-07";"E";"2674845"
"1964-08";"K";
"1964-08";"T0";"130"
"1964-08";"S0";
"1964-08";"T1";
"1964-08";"S1";
"1964-08";"T2";"6133"
"1964-08";"S2";"10297.78225181"
"1964-08";"RS";
"1964-08";"E";"2674845"
"1964-09";"K";
"1964-09";"T0";"119"
"1964-09";"S0";
"1964-09";"T1";
"1964-09";"S1";
"1964-09";"T2";"6283"
"1964-09";"S2";"10349.40864832"
"1964-09";"RS";
"1964-09";"E";"2674845"
"1964-10";"K";
"1964-10";"T0";"196"
"1964-10";"S0";
"1964-10";"T1";
"1964-10";"S1";
"1964-10";"T2";"5954"
"1964-10";"S2";"10441.7066208"
"1964-10";"RS";
"1964-10";"E";"2674845"
"1964-11";"K";
"1964-11";"T0";"237"
"1964-11";"S0";
"1964-11";"T1";
"1964-11";"S1";
"1964-11";"T2";"5813"
"1964-11";"S2";"10515.8954203"
"1964-11";"RS";
"1964-11";"E";"2674845"
"1964-12";"K";
"1964-12";"T0";"631"
"1964-12";"S0";
"1964-12";"T1";
"1964-12";"S1";
"1964-12";"T2";"5685"
"1964-12";"S2";"10511.31704899"
"1964-12";"RS";
"1964-12";"E";"2674845"
"1965-01";"K";
"1965-01";"T0";"818"
"1965-01";"S0";
"1965-01";"T1";
"1965-01";"S1";
"1965-01";"T2";"6499"
"1965-01";"S2";"10396.36984254"
"1965-01";"RS";
"1965-01";"E";"2674845"
"1965-02";"K";
"1965-02";"T0";"667"
"1965-02";"S0";
"1965-02";"T1";
"1965-02";"S1";
"1965-02";"T2";"5359"
"1965-02";"S2";"10171.1203866"
"1965-02";"RS";
"1965-02";"E";"2674845"
"1965-03";"K";
"1965-03";"T0";"264"
"1965-03";"S0";
"1965-03";"T1";
"1965-03";"S1";
"1965-03";"T2";"5937"
"1965-03";"S2";"9903.80892479"
"1965-03";"RS";
"1965-03";"E";"2674845"
"1965-04";"K";
"1965-04";"T0";"155"
"1965-04";"S0";
"1965-04";"T1";
"1965-04";"S1";
"1965-04";"T2";"5686"
"1965-04";"S2";"9707.00648458"
"1965-04";"RS";
"1965-04";"E";"2674845"
"1965-05";"K";
"1965-05";"T0";"138"
"1965-05";"S0";
"1965-05";"T1";
"1965-05";"S1";
"1965-05";"T2";"5421"
"1965-05";"S2";"9593.26217674"
"1965-05";"RS";
"1965-05";"E";"2674845"
"1965-06";"K";
"1965-06";"T0";"140"
"1965-06";"S0";
"1965-06";"T1";
"1965-06";"S1";
"1965-06";"T2";"5477"
"1965-06";"S2";"9519.01765546"
"1965-06";"RS";
"1965-06";"E";"2674845"
"1965-07";"K";
"1965-07";"T0";"88"
"1965-07";"S0";
"1965-07";"T1";
"1965-07";"S1";
"1965-07";"T2";"5346"
"1965-07";"S2";"9421.34111346"
"1965-07";"RS";
"1965-07";"E";"2674845"
"1965-08";"K";
"1965-08";"T0";"117"
"1965-08";"S0";
"1965-08";"T1";
"1965-08";"S1";
"1965-08";"T2";"5161"
"1965-08";"S2";"9276.11162063"
"1965-08";"RS";
"1965-08";"E";"2674845"
"1965-09";"K";
"1965-09";"T0";"117"
"1965-09";"S0";
"1965-09";"T1";
"1965-09";"S1";
"1965-09";"T2";"5027"
"1965-09";"S2";"9106.89755676"
"1965-09";"RS";
"1965-09";"E";"2674845"
"1965-10";"K";
"1965-10";"T0";"166"
"1965-10";"S0";
"1965-10";"T1";
"1965-10";"S1";
"1965-10";"T2";"4773"
"1965-10";"S2";"8972.8443647"
"1965-10";"RS";
"1965-10";"E";"2674845"
"1965-11";"K";
"1965-11";"T0";"333"
"1965-11";"S0";
"1965-11";"T1";
"1965-11";"S1";
"1965-11";"T2";"4373"
"1965-11";"S2";"8909.791281"
"1965-11";"RS";
"1965-11";"E";"2674845"
"1965-12";"K";
"1965-12";"T0";"583"
"1965-12";"S0";
"1965-12";"T1";
"1965-12";"S1";
"1965-12";"T2";"3935"
"1965-12";"S2";"8872.9121463"
"1965-12";"RS";
"1965-12";"E";"2674845"
"1966-01";"K";
"1966-01";"T0";"1543"
"1966-01";"S0";
"1966-01";"T1";
"1966-01";"S1";
"1966-01";"T2";"4420"
"1966-01";"S2";"8839.50363396"
"1966-01";"RS";
"1966-01";"E";"2674845"
"1966-02";"K";
"1966-02";"T0";"277"
"1966-02";"S0";
"1966-02";"T1";
"1966-02";"S1";
"1966-02";"T2";"4794"
"1966-02";"S2";"8836.47157973"
"1966-02";"RS";
"1966-02";"E";"2674845"
"1966-03";"K";
"1966-03";"T0";"190"
"1966-03";"S0";
"1966-03";"T1";
"1966-03";"S1";
"1966-03";"T2";"4792"
"1966-03";"S2";"8864.55878103"
"1966-03";"RS";
"1966-03";"E";"2674845"
"1966-04";"K";
"1966-04";"T0";"168"
"1966-04";"S0";
"1966-04";"T1";
"1966-04";"S1";
"1966-04";"T2";"4977"
"1966-04";"S2";"8883.66435759"
"1966-04";"RS";
"1966-04";"E";"2674845"
"1966-05";"K";
"1966-05";"T0";"116"
"1966-05";"S0";
"1966-05";"T1";
"1966-05";"S1";
"1966-05";"T2";"4975"
"1966-05";"S2";"8877.67555303"
"1966-05";"RS";
"1966-05";"E";"2674845"
"1966-06";"K";
"1966-06";"T0";"101"
"1966-06";"S0";
"1966-06";"T1";
"1966-06";"S1";
"1966-06";"T2";"4750"
"1966-06";"S2";"8841.93762514"
"1966-06";"RS";
"1966-06";"E";"2674845"
"1966-07";"K";
"1966-07";"T0";"132"
"1966-07";"S0";
"1966-07";"T1";
"1966-07";"S1";
"1966-07";"T2";"4579"
"1966-07";"S2";"8788.77052918"
"1966-07";"RS";
"1966-07";"E";"2674845"
"1966-08";"K";
"1966-08";"T0";"110"
"1966-08";"S0";
"1966-08";"T1";
"1966-08";"S1";
"1966-08";"T2";"4845"
"1966-08";"S2";"8749.65924009"
"1966-08";"RS";
"1966-08";"E";"2674845"
"1966-09";"K";
"1966-09";"T0";"116"
"1966-09";"S0";
"1966-09";"T1";
"1966-09";"S1";
"1966-09";"T2";"4703"
"1966-09";"S2";"8735.73596818"
"1966-09";"RS";
"1966-09";"E";"2674845"
"1966-10";"K";
"1966-10";"T0";"169"
"1966-10";"S0";
"1966-10";"T1";
"1966-10";"S1";
"1966-10";"T2";"4542"
"1966-10";"S2";"8734.15977772"
"1966-10";"RS";
"1966-10";"E";"2674845"
"1966-11";"K";
"1966-11";"T0";"216"
"1966-11";"S0";
"1966-11";"T1";
"1966-11";"S1";
"1966-11";"T2";"4220"
"1966-11";"S2";"8727.52299908"
"1966-11";"RS";
"1966-11";"E";"2674845"
"1966-12";"K";
"1966-12";"T0";"415"
"1966-12";"S0";
"1966-12";"T1";
"1966-12";"S1";
"1966-12";"T2";"3824"
"1966-12";"S2";"8701.63426319"
"1966-12";"RS";
"1966-12";"E";"2674845"
"1967-01";"K";
"1967-01";"T0";"712"
"1967-01";"S0";
"1967-01";"T1";
"1967-01";"S1";
"1967-01";"T2";"4270"
"1967-01";"S2";"8635.99402279"
"1967-01";"RS";
"1967-01";"E";"2674845"
"1967-02";"K";
"1967-02";"T0";"298"
"1967-02";"S0";
"1967-02";"T1";
"1967-02";"S1";
"1967-02";"T2";"4429"
"1967-02";"S2";"8520.74791744"
"1967-02";"RS";
"1967-02";"E";"2674845"
"1967-03";"K";
"1967-03";"T0";"211"
"1967-03";"S0";
"1967-03";"T1";
"1967-03";"S1";
"1967-03";"T2";"4395"
"1967-03";"S2";"8390.40228924"
"1967-03";"RS";
"1967-03";"E";"2674845"
"1967-04";"K";
"1967-04";"T0";"163"
"1967-04";"S0";
"1967-04";"T1";
"1967-04";"S1";
"1967-04";"T2";"4302"
"1967-04";"S2";"8263.57394392"
"1967-04";"RS";
"1967-04";"E";"2674845"
"1967-05";"K";
"1967-05";"T0";"168"
"1967-05";"S0";
"1967-05";"T1";
"1967-05";"S1";
"1967-05";"T2";"4301"
"1967-05";"S2";"8179.41413361"
"1967-05";"RS";
"1967-05";"E";"2674845"
"1967-06";"K";
"1967-06";"T0";"137"
"1967-06";"S0";
"1967-06";"T1";
"1967-06";"S1";
"1967-06";"T2";"4171"
"1967-06";"S2";"8162.53286292"
"1967-06";"RS";
"1967-06";"E";"2674845"
"1967-07";"K";
"1967-07";"T0";"120"
"1967-07";"S0";
"1967-07";"T1";
"1967-07";"S1";
"1967-07";"T2";"4026"
"1967-07";"S2";"8167.20985321"
"1967-07";"RS";
"1967-07";"E";"2674845"
"1967-08";"K";
"1967-08";"T0";"110"
"1967-08";"S0";
"1967-08";"T1";
"1967-08";"S1";
"1967-08";"T2";"4345"
"1967-08";"S2";"8174.65586272"
"1967-08";"RS";
"1967-08";"E";"2674845"
"1967-09";"K";
"1967-09";"T0";"137"
"1967-09";"S0";
"1967-09";"T1";
"1967-09";"S1";
"1967-09";"T2";"4255"
"1967-09";"S2";"8160.65815663"
"1967-09";"RS";
"1967-09";"E";"2674845"
"1967-10";"K";
"1967-10";"T0";"203"
"1967-10";"S0";
"1967-10";"T1";
"1967-10";"S1";
"1967-10";"T2";"3841"
"1967-10";"S2";"8102.35468195"
"1967-10";"RS";
"1967-10";"E";"2674845"
"1967-11";"K";
"1967-11";"T0";"229"
"1967-11";"S0";
"1967-11";"T1";
"1967-11";"S1";
"1967-11";"T2";"3754"
"1967-11";"S2";"8038.04093852"
"1967-11";"RS";
"1967-11";"E";"2674845"
"1967-12";"K";
"1967-12";"T0";"583"
"1967-12";"S0";
"1967-12";"T1";
"1967-12";"S1";
"1967-12";"T2";"3198"
"1967-12";"S2";"8045.95347985"
"1967-12";"RS";
"1967-12";"E";"2674845"
"1968-01";"K";
"1968-01";"T0";"1268"
"1968-01";"S0";
"1968-01";"T1";
"1968-01";"S1";
"1968-01";"T2";"3457"
"1968-01";"S2";"8131.55872962"
"1968-01";"RS";
"1968-01";"E";"2674845"
"1968-02";"K";
"1968-02";"T0";"493"
"1968-02";"S0";
"1968-02";"T1";
"1968-02";"S1";
"1968-02";"T2";"4234"
"1968-02";"S2";"8217.55144519"
"1968-02";"RS";
"1968-02";"E";"2674845"
"1968-03";"K";
"1968-03";"T0";"276"
"1968-03";"S0";
"1968-03";"T1";
"1968-03";"S1";
"1968-03";"T2";"4375"
"1968-03";"S2";"8230.86356324"
"1968-03";"RS";
"1968-03";"E";"2674845"
"1968-04";"K";
"1968-04";"T0";"211"
"1968-04";"S0";
"1968-04";"T1";
"1968-04";"S1";
"1968-04";"T2";"4146"
"1968-04";"S2";"8184.01330217"
"1968-04";"RS";
"1968-04";"E";"2674845"
"1968-05";"K";
"1968-05";"T0";"156"
"1968-05";"S0";
"1968-05";"T1";
"1968-05";"S1";
"1968-05";"T2";"4186"
"1968-05";"S2";"8112.44581214"
"1968-05";"RS";
"1968-05";"E";"2674845"
"1968-06";"K";
"1968-06";"T0";"138"
"1968-06";"S0";
"1968-06";"T1";
"1968-06";"S1";
"1968-06";"T2";"4058"
"1968-06";"S2";"8055.21138938"
"1968-06";"RS";
"1968-06";"E";"2674845"
"1968-07";"K";
"1968-07";"T0";"122"
"1968-07";"S0";
"1968-07";"T1";
"1968-07";"S1";
"1968-07";"T2";"4166"
"1968-07";"S2";"8025.54041551"
"1968-07";"RS";
"1968-07";"E";"2674845"
"1968-08";"K";
"1968-08";"T0";"120"
"1968-08";"S0";
"1968-08";"T1";
"1968-08";"S1";
"1968-08";"T2";"4052"
"1968-08";"S2";"7985.9867574"
"1968-08";"RS";
"1968-08";"E";"2674845"
"1968-09";"K";
"1968-09";"T0";"128"
"1968-09";"S0";
"1968-09";"T1";
"1968-09";"S1";
"1968-09";"T2";"3712"
"1968-09";"S2";"7946.95952619"
"1968-09";"RS";
"1968-09";"E";"2674845"
"1968-10";"K";
"1968-10";"T0";"151"
"1968-10";"S0";
"1968-10";"T1";
"1968-10";"S1";
"1968-10";"T2";"3892"
"1968-10";"S2";"7937.293521"
"1968-10";"RS";
"1968-10";"E";"2674845"
"1968-11";"K";
"1968-11";"T0";"217"
"1968-11";"S0";
"1968-11";"T1";
"1968-11";"S1";
"1968-11";"T2";"3553"
"1968-11";"S2";"7959.77778156"
"1968-11";"RS";
"1968-11";"E";"2674845"
"1968-12";"K";
"1968-12";"T0";"352"
"1968-12";"S0";
"1968-12";"T1";
"1968-12";"S1";
"1968-12";"T2";"3387"
"1968-12";"S2";"7979.28014891"
"1968-12";"RS";
"1968-12";"E";"2674845"
"1969-01";"K";
"1969-01";"T0";"545"
"1969-01";"S0";
"1969-01";"T1";
"1969-01";"S1";
"1969-01";"T2";"3504"
"1969-01";"S2";"7956.67687972"
"1969-01";"RS";
"1969-01";"E";"2674845"
"1969-02";"K";
"1969-02";"T0";"422"
"1969-02";"S0";
"1969-02";"T1";
"1969-02";"S1";
"1969-02";"T2";"3826"
"1969-02";"S2";"7931.53213104"
"1969-02";"RS";
"1969-02";"E";"2674845"
"1969-03";"K";
"1969-03";"T0";"178"
"1969-03";"S0";
"1969-03";"T1";
"1969-03";"S1";
"1969-03";"T2";"3926"
"1969-03";"S2";"7977.97124632"
"1969-03";"RS";
"1969-03";"E";"2674845"
"1969-04";"K";
"1969-04";"T0";"134"
"1969-04";"S0";
"1969-04";"T1";
"1969-04";"S1";
"1969-04";"T2";"4147"
"1969-04";"S2";"8117.1070976"
"1969-04";"RS";
"1969-04";"E";"2674845"
"1969-05";"K";
"1969-05";"T0";"95"
"1969-05";"S0";
"1969-05";"T1";
"1969-05";"S1";
"1969-05";"T2";"4460"
"1969-05";"S2";"8322.86597863"
"1969-05";"RS";
"1969-05";"E";"2674845"
"1969-06";"K";
"1969-06";"T0";"92"
"1969-06";"S0";
"1969-06";"T1";
"1969-06";"S1";
"1969-06";"T2";"4686"
"1969-06";"S2";"8525.82340819"
"1969-06";"RS";
"1969-06";"E";"2674845"
"1969-07";"K";
"1969-07";"T0";"60"
"1969-07";"S0";
"1969-07";"T1";
"1969-07";"S1";
"1969-07";"T2";"4650"
"1969-07";"S2";"8686.42670686"
"1969-07";"RS";
"1969-07";"E";"2674845"
"1969-08";"K";
"1969-08";"T0";"62"
"1969-08";"S0";
"1969-08";"T1";
"1969-08";"S1";
"1969-08";"T2";"4706"
"1969-08";"S2";"8788.9122704"
"1969-08";"RS";
"1969-08";"E";"2674845"
"1969-09";"K";
"1969-09";"T0";"86"
"1969-09";"S0";
"1969-09";"T1";
"1969-09";"S1";
"1969-09";"T2";"4804"
"1969-09";"S2";"8828.11073589"
"1969-09";"RS";
"1969-09";"E";"2674845"
"1969-10";"K";
"1969-10";"T0";"101"
"1969-10";"S0";
"1969-10";"T1";
"1969-10";"S1";
"1969-10";"T2";"4649"
"1969-10";"S2";"8808.9355041"
"1969-10";"RS";
"1969-10";"E";"2674845"
"1969-11";"K";
"1969-11";"T0";"121"
"1969-11";"S0";
"1969-11";"T1";
"1969-11";"S1";
"1969-11";"T2";"4283"
"1969-11";"S2";"8734.43805267"
"1969-11";"RS";
"1969-11";"E";"2674845"
"1969-12";"K";
"1969-12";"T0";"198"
"1969-12";"S0";
"1969-12";"T1";
"1969-12";"S1";
"1969-12";"T2";"3787"
"1969-12";"S2";"8672.0864035"
"1969-12";"RS";
"1969-12";"E";"2674845"
"1970-01";"K";
"1970-01";"T0";"313"
"1970-01";"S0";"0"
"1970-01";"T1";
"1970-01";"S1";"0"
"1970-01";"T2";"4180"
"1970-01";"S2";"8711.46783494"
"1970-01";"RS";
"1970-01";"E";"2674845"
"1970-02";"K";
"1970-02";"T0";"247"
"1970-02";"S0";"38.55997626"
"1970-02";"T1";
"1970-02";"S1";"0.00144158"
"1970-02";"T2";"4451"
"1970-02";"S2";"8861.40434276"
"1970-02";"RS";
"1970-02";"E";"2674845"
"1970-03";"K";
"1970-03";"T0";"130"
"1970-03";"S0";"106.72821358"
"1970-03";"T1";
"1970-03";"S1";"0.00399007"
"1970-03";"T2";"5132"
"1970-03";"S2";"9052.10424682"
"1970-03";"RS";
"1970-03";"E";"2674845"
"1970-04";"K";
"1970-04";"T0";"83"
"1970-04";"S0";"129.73553321"
"1970-04";"T1";
"1970-04";"S1";"0.00485021"
"1970-04";"T2";"5226"
"1970-04";"S2";"9192.01121001"
"1970-04";"RS";
"1970-04";"E";"2674845"
"1970-05";"K";
"1970-05";"T0";"59"
"1970-05";"S0";"111.30373276"
"1970-05";"T1";
"1970-05";"S1";"0.00416113"
"1970-05";"T2";"5259"
"1970-05";"S2";"9211.73153625"
"1970-05";"RS";
"1970-05";"E";"2674845"
"1970-06";"K";
"1970-06";"T0";"36"
"1970-06";"S0";"83.63136945"
"1970-06";"T1";
"1970-06";"S1";"0.00312659"
"1970-06";"T2";"5269"
"1970-06";"S2";"9138.69218969"
"1970-06";"RS";
"1970-06";"E";"2674845"
"1970-07";"K";
"1970-07";"T0";"26"
"1970-07";"S0";"94.24639117"
"1970-07";"T1";
"1970-07";"S1";"0.00352343"
"1970-07";"T2";"5036"
"1970-07";"S2";"9067.47886526"
"1970-07";"RS";
"1970-07";"E";"2674845"
"1970-08";"K";
"1970-08";"T0";"34"
"1970-08";"S0";"168.92327268"
"1970-08";"T1";
"1970-08";"S1";"0.00631525"
"1970-08";"T2";"4808"
"1970-08";"S2";"9050.164698"
"1970-08";"RS";
"1970-08";"E";"2674845"
"1970-09";"K";
"1970-09";"T0";"45"
"1970-09";"S0";"319.37127851"
"1970-09";"T1";
"1970-09";"S1";"0.01193981"
"1970-09";"T2";"5024"
"1970-09";"S2";"9065.19760703"
"1970-09";"RS";
"1970-09";"E";"2674845"
"1970-10";"K";
"1970-10";"T0";"59"
"1970-10";"S0";"124.84552992"
"1970-10";"T1";
"1970-10";"S1";"0.00466739"
"1970-10";"T2";"4885"
"1970-10";"S2";"9059.75659262"
"1970-10";"RS";
"1970-10";"E";"2674845"
"1970-11";"K";
"1970-11";"T0";"74"
"1970-11";"S0";"141.97905454"
"1970-11";"T1";
"1970-11";"S1";"0.00530794"
"1970-11";"T2";"3842"
"1970-11";"S2";"9005.67096119"
"1970-11";"RS";
"1970-11";"E";"2674845"
"1970-12";"K";
"1970-12";"T0";"143"
"1970-12";"S0";"99.26782455"
"1970-12";"T1";
"1970-12";"S1";"0.00371116"
"1970-12";"T2";"4216"
"1970-12";"S2";"8870.54978141"
"1970-12";"RS";
"1970-12";"E";"2674845"
"1971-01";"K";
"1971-01";"T0";"199"
"1971-01";"S0";"0"
"1971-01";"T1";
"1971-01";"S1";"0"
"1971-01";"T2";"4102"
"1971-01";"S2";"8668.9269785"
"1971-01";"RS";
"1971-01";"E";"2995777"
"1971-02";"K";
"1971-02";"T0";"139"
"1971-02";"S0";"0"
"1971-02";"T1";
"1971-02";"S1";"0"
"1971-02";"T2";"4322"
"1971-02";"S2";"8443.87254714"
"1971-02";"RS";
"1971-02";"E";"2995777"
"1971-03";"K";
"1971-03";"T0";"84"
"1971-03";"S0";"69.41004138"
"1971-03";"T1";
"1971-03";"S1";"0.00231693"
"1971-03";"T2";"4115"
"1971-03";"S2";"8217.31719904"
"1971-03";"RS";
"1971-03";"E";"2995777"
"1971-04";"K";
"1971-04";"T0";"59"
"1971-04";"S0";"20.06337817"
"1971-04";"T1";
"1971-04";"S1";"0.00066972"
"1971-04";"T2";"4096"
"1971-04";"S2";"7998.54397397"
"1971-04";"RS";
"1971-04";"E";"2995777"
"1971-05";"K";
"1971-05";"T0";"46"
"1971-05";"S0";"96.66261312"
"1971-05";"T1";
"1971-05";"S1";"0.00322663"
"1971-05";"T2";"4061"
"1971-05";"S2";"7830.61823448"
"1971-05";"RS";
"1971-05";"E";"2995777"
"1971-06";"K";
"1971-06";"T0";"44"
"1971-06";"S0";"116.66144886"
"1971-06";"T1";
"1971-06";"S1";"0.0038942"
"1971-06";"T2";"3925"
"1971-06";"S2";"7732.33633125"
"1971-06";"RS";
"1971-06";"E";"2995777"
"1971-07";"K";
"1971-07";"T0";"53"
"1971-07";"S0";"110.00821069"
"1971-07";"T1";
"1971-07";"S1";"0.00367211"
"1971-07";"T2";"3690"
"1971-07";"S2";"7716.76721778"
"1971-07";"RS";
"1971-07";"E";"2995777"
"1971-08";"K";
"1971-08";"T0";"51"
"1971-08";"S0";"165.77198296"
"1971-08";"T1";
"1971-08";"S1";"0.00553352"
"1971-08";"T2";"3843"
"1971-08";"S2";"7769.01276919"
"1971-08";"RS";
"1971-08";"E";"2995777"
"1971-09";"K";
"1971-09";"T0";"67"
"1971-09";"S0";"462.45709116"
"1971-09";"T1";
"1971-09";"S1";"0.01543697"
"1971-09";"T2";"3875"
"1971-09";"S2";"7900.58203791"
"1971-09";"RS";
"1971-09";"E";"2995777"
"1971-10";"K";
"1971-10";"T0";"101"
"1971-10";"S0";"237.0143847"
"1971-10";"T1";
"1971-10";"S1";"0.00791162"
"1971-10";"T2";"3787"
"1971-10";"S2";"8099.93457818"
"1971-10";"RS";
"1971-10";"E";"2995777"
"1971-11";"K";
"1971-11";"T0";"135"
"1971-11";"S0";"210.39992241"
"1971-11";"T1";
"1971-11";"S1";"0.00702322"
"1971-11";"T2";"3825"
"1971-11";"S2";"8271.69126255"
"1971-11";"RS";
"1971-11";"E";"2995777"
"1971-12";"K";
"1971-12";"T0";"221"
"1971-12";"S0";"195.68105118"
"1971-12";"T1";
"1971-12";"S1";"0.0065319"
"1971-12";"T2";"3924"
"1971-12";"S2";"8354.76137241"
"1971-12";"RS";
"1971-12";"E";"2995777"
"1972-01";"K";
"1972-01";"T0";"251"
"1972-01";"S0";"0"
"1972-01";"T1";
"1972-01";"S1";"0"
"1972-01";"T2";"4095"
"1972-01";"S2";"8372.1590136"
"1972-01";"RS";
"1972-01";"E";"2995777"
"1972-02";"K";
"1972-02";"T0";"175"
"1972-02";"S0";"233.6960929"
"1972-02";"T1";
"1972-02";"S1";"0.00780085"
"1972-02";"T2";"3907"
"1972-02";"S2";"8395.91168455"
"1972-02";"RS";
"1972-02";"E";"2995777"
"1972-03";"K";
"1972-03";"T0";"131"
"1972-03";"S0";"34.71585227"
"1972-03";"T1";
"1972-03";"S1";"0.00115883"
"1972-03";"T2";"3849"
"1972-03";"S2";"8516.75768082"
"1972-03";"RS";
"1972-03";"E";"2995777"
"1972-04";"K";
"1972-04";"T0";"109"
"1972-04";"S0";"79.41698644"
"1972-04";"T1";
"1972-04";"S1";"0.00265096"
"1972-04";"T2";"3682"
"1972-04";"S2";"8776.59584032"
"1972-04";"RS";
"1972-04";"E";"2995777"
"1972-05";"K";
"1972-05";"T0";"76"
"1972-05";"S0";"45.28487745"
"1972-05";"T1";
"1972-05";"S1";"0.00151162"
"1972-05";"T2";"6573"
"1972-05";"S2";"9047.04147883"
"1972-05";"RS";
"1972-05";"E";"2995777"
"1972-06";"K";
"1972-06";"T0";"65"
"1972-06";"S0";"56.66129307"
"1972-06";"T1";
"1972-06";"S1";"0.00189137"
"1972-06";"T2";"6109"
"1972-06";"S2";"9163.66175068"
"1972-06";"RS";
"1972-06";"E";"2995777"
"1972-07";"K";
"1972-07";"T0";"63"
"1972-07";"S0";"225.80822651"
"1972-07";"T1";
"1972-07";"S1";"0.00753755"
"1972-07";"T2";"5236"
"1972-07";"S2";"9047.6894029"
"1972-07";"RS";
"1972-07";"E";"2995777"
"1972-08";"K";
"1972-08";"T0";"79"
"1972-08";"S0";"279.45864312"
"1972-08";"T1";
"1972-08";"S1";"0.00932842"
"1972-08";"T2";"4579"
"1972-08";"S2";"8800.07484707"
"1972-08";"RS";
"1972-08";"E";"2995777"
"1972-09";"K";
"1972-09";"T0";"65"
"1972-09";"S0";"724.12824554"
"1972-09";"T1";
"1972-09";"S1";"0.02417163"
"1972-09";"T2";"4125"
"1972-09";"S2";"8548.82044041"
"1972-09";"RS";
"1972-09";"E";"2995777"
"1972-10";"K";
"1972-10";"T0";"86"
"1972-10";"S0";"314.02724952"
"1972-10";"T1";
"1972-10";"S1";"0.01048233"
"1972-10";"T2";"3959"
"1972-10";"S2";"8392.70636915"
"1972-10";"RS";
"1972-10";"E";"2995777"
"1972-11";"K";
"1972-11";"T0";"82"
"1972-11";"S0";"240.53569503"
"1972-11";"T1";
"1972-11";"S1";"0.00802916"
"1972-11";"T2";"3911"
"1972-11";"S2";"8344.57694686"
"1972-11";"RS";
"1972-11";"E";"2995777"
"1972-12";"K";
"1972-12";"T0";"90"
"1972-12";"S0";"127.78023081"
"1972-12";"T1";
"1972-12";"S1";"0.00426535"
"1972-12";"T2";"3673"
"1972-12";"S2";"8331.71439709"
"1972-12";"RS";
"1972-12";"E";"2995777"
"1973-01";"K";
"1973-01";"T0";"159"
"1973-01";"S0";"0"
"1973-01";"T1";
"1973-01";"S1";"0"
"1973-01";"T2";"3862"
"1973-01";"S2";"8269.54088619"
"1973-01";"RS";
"1973-01";"E";"2995777"
"1973-02";"K";
"1973-02";"T0";"114"
"1973-02";"S0";"0"
"1973-02";"T1";
"1973-02";"S1";"0"
"1973-02";"T2";"4100"
"1973-02";"S2";"8169.80683308"
"1973-02";"RS";
"1973-02";"E";"2995777"
"1973-03";"K";
"1973-03";"T0";"96"
"1973-03";"S0";"0"
"1973-03";"T1";
"1973-03";"S1";"0"
"1973-03";"T2";"4081"
"1973-03";"S2";"8035.37513743"
"1973-03";"RS";
"1973-03";"E";"2995777"
"1973-04";"K";
"1973-04";"T0";"88"
"1973-04";"S0";"0"
"1973-04";"T1";
"1973-04";"S1";"0"
"1973-04";"T2";"4029"
"1973-04";"S2";"7897.31734549"
"1973-04";"RS";
"1973-04";"E";"2995777"
"1973-05";"K";
"1973-05";"T0";"52"
"1973-05";"S0";"0"
"1973-05";"T1";
"1973-05";"S1";"0"
"1973-05";"T2";"4019"
"1973-05";"S2";"7776.69179094"
"1973-05";"RS";
"1973-05";"E";"2995777"
"1973-06";"K";
"1973-06";"T0";"55"
"1973-06";"S0";"108.49197795"
"1973-06";"T1";
"1973-06";"S1";"0.0036215"
"1973-06";"T2";"3775"
"1973-06";"S2";"7701.58868597"
"1973-06";"RS";
"1973-06";"E";"2995777"
"1973-07";"K";
"1973-07";"T0";"51"
"1973-07";"S0";"377.49109583"
"1973-07";"T1";
"1973-07";"S1";"0.01260077"
"1973-07";"T2";"3786"
"1973-07";"S2";"7682.23425419"
"1973-07";"RS";
"1973-07";"E";"2995777"
"1973-08";"K";
"1973-08";"T0";"56"
"1973-08";"S0";"586.41539949"
"1973-08";"T1";
"1973-08";"S1";"0.01957473"
"1973-08";"T2";"3839"
"1973-08";"S2";"7725.75090212"
"1973-08";"RS";
"1973-08";"E";"2995777"
"1973-09";"K";
"1973-09";"T0";"46"
"1973-09";"S0";"1155.08912226"
"1973-09";"T1";
"1973-09";"S1";"0.03855725"
"1973-09";"T2";"3718"
"1973-09";"S2";"7828.43585953"
"1973-09";"RS";
"1973-09";"E";"2995777"
"1973-10";"K";
"1973-10";"T0";"50"
"1973-10";"S0";"618.82839254"
"1973-10";"T1";
"1973-10";"S1";"0.02065669"
"1973-10";"T2";"3585"
"1973-10";"S2";"7931.68622541"
"1973-10";"RS";
"1973-10";"E";"2995777"
"1973-11";"K";
"1973-11";"T0";"80"
"1973-11";"S0";"289.00105828"
"1973-11";"T1";
"1973-11";"S1";"0.00964695"
"1973-11";"T2";"3577"
"1973-11";"S2";"7986.94484828"
"1973-11";"RS";
"1973-11";"E";"2995777"
"1973-12";"K";
"1973-12";"T0";"125"
"1973-12";"S0";"49.22672571"
"1973-12";"T1";
"1973-12";"S1";"0.0016432"
"1973-12";"T2";"3280"
"1973-12";"S2";"7974.7735291"
"1973-12";"RS";
"1973-12";"E";"2995777"
"1974-01";"K";
"1974-01";"T0";"134"
"1974-01";"S0";"0"
"1974-01";"T1";
"1974-01";"S1";"0"
"1974-01";"T2";"3461"
"1974-01";"S2";"7887.19350792"
"1974-01";"RS";
"1974-01";"E";"2995777"
"1974-02";"K";
"1974-02";"T0";"111"
"1974-02";"S0";"0"
"1974-02";"T1";
"1974-02";"S1";"0"
"1974-02";"T2";"3791"
"1974-02";"S2";"7714.15205111"
"1974-02";"RS";
"1974-02";"E";"2995777"
"1974-03";"K";
"1974-03";"T0";"81"
"1974-03";"S0";"0"
"1974-03";"T1";
"1974-03";"S1";"0"
"1974-03";"T2";"3634"
"1974-03";"S2";"7467.6444758"
"1974-03";"RS";
"1974-03";"E";"2995777"
"1974-04";"K";
"1974-04";"T0";"64"
"1974-04";"S0";"0"
"1974-04";"T1";
"1974-04";"S1";"0"
"1974-04";"T2";"3430"
"1974-04";"S2";"7168.5206353"
"1974-04";"RS";
"1974-04";"E";"2995777"
"1974-05";"K";
"1974-05";"T0";"64"
"1974-05";"S0";"0"
"1974-05";"T1";
"1974-05";"S1";"0"
"1974-05";"T2";"2990"
"1974-05";"S2";"6874.39332125"
"1974-05";"RS";
"1974-05";"E";"2995777"
"1974-06";"K";
"1974-06";"T0";"62"
"1974-06";"S0";"283.19414022"
"1974-06";"T1";
"1974-06";"S1";"0.00945311"
"1974-06";"T2";"2857"
"1974-06";"S2";"6651.40519841"
"1974-06";"RS";
"1974-06";"E";"2995777"
"1974-07";"K";
"1974-07";"T0";"69"
"1974-07";"S0";"830.23898632"
"1974-07";"T1";
"1974-07";"S1";"0.02771364"
"1974-07";"T2";"2673"
"1974-07";"S2";"6533.56355042"
"1974-07";"RS";
"1974-07";"E";"2995777"
"1974-08";"K";
"1974-08";"T0";"74"
"1974-08";"S0";"1215.30270335"
"1974-08";"T1";
"1974-08";"S1";"0.0405672"
"1974-08";"T2";"2741"
"1974-08";"S2";"6457.01859992"
"1974-08";"RS";
"1974-08";"E";"2995777"
"1974-09";"K";
"1974-09";"T0";"92"
"1974-09";"S0";"1644.47583668"
"1974-09";"T1";
"1974-09";"S1";"0.05489313"
"1974-09";"T2";"2396"
"1974-09";"S2";"6334.76075154"
"1974-09";"RS";
"1974-09";"E";"2995777"
"1974-10";"K";
"1974-10";"T0";"249"
"1974-10";"S0";"1301.75726407"
"1974-10";"T1";
"1974-10";"S1";"0.04345308"
"1974-10";"T2";"2186"
"1974-10";"S2";"6167.60478554"
"1974-10";"RS";
"1974-10";"E";"2995777"
"1974-11";"K";
"1974-11";"T0";"618"
"1974-11";"S0";"989.24777409"
"1974-11";"T1";
"1974-11";"S1";"0.03302141"
"1974-11";"T2";"1654"
"1974-11";"S2";"6039.21211733"
"1974-11";"RS";
"1974-11";"E";"2995777"
"1974-12";"K";
"1974-12";"T0";"1030"
"1974-12";"S0";"574.84846109"
"1974-12";"T1";
"1974-12";"S1";"0.01918863"
"1974-12";"T2";"1473"
"1974-12";"S2";"6014.00860662"
"1974-12";"RS";
"1974-12";"E";"2995777"
"1975-01";"K";
"1975-01";"T0";"2129"
"1975-01";"S0";"189.43136305"
"1975-01";"T1";
"1975-01";"S1";"0.00632328"
"1975-01";"T2";"2081"
"1975-01";"S2";"6090.45824507"
"1975-01";"RS";
"1975-01";"E";"2995777"
"1975-02";"K";
"1975-02";"T0";"2761"
"1975-02";"S0";"1328.2799554"
"1975-02";"T1";
"1975-02";"S1";"0.04433841"
"1975-02";"T2";"2410"
"1975-02";"S2";"6207.18773416"
"1975-02";"RS";
"1975-02";"E";"2995777"
"1975-03";"K";
"1975-03";"T0";"4008"
"1975-03";"S0";"2958.42619945"
"1975-03";"T1";
"1975-03";"S1";"0.09875322"
"1975-03";"T2";"2602"
"1975-03";"S2";"6330.96221186"
"1975-03";"RS";
"1975-03";"E";"2995777"
"1975-04";"K";
"1975-04";"T0";"5661"
"1975-04";"S0";"4396.24345695"
"1975-04";"T1";
"1975-04";"S1";"0.14674802"
"1975-04";"T2";"2629"
"1975-04";"S2";"6446.93672893"
"1975-04";"RS";
"1975-04";"E";"2995777"
"1975-05";"K";
"1975-05";"T0";"6527"
"1975-05";"S0";"5898.89583341"
"1975-05";"T1";
"1975-05";"S1";"0.19690704"
"1975-05";"T2";"2805"
"1975-05";"S2";"6592.48881585"
"1975-05";"RS";
"1975-05";"E";"2995777"
"1975-06";"K";
"1975-06";"T0";"7531"
"1975-06";"S0";"7869.93366794"
"1975-06";"T1";
"1975-06";"S1";"0.26270092"
"1975-06";"T2";"3071"
"1975-06";"S2";"6785.4712798"
"1975-06";"RS";
"1975-06";"E";"2995777"
"1975-07";"K";
"1975-07";"T0";"8527"
"1975-07";"S0";"9746.3582151"
"1975-07";"T1";
"1975-07";"S1";"0.32533657"
"1975-07";"T2";"3053"
"1975-07";"S2";"6981.72313843"
"1975-07";"RS";
"1975-07";"E";"2995777"
"1975-08";"K";
"1975-08";"T0";"10114"
"1975-08";"S0";"11883.22855561"
"1975-08";"T1";
"1975-08";"S1";"0.39666599"
"1975-08";"T2";"3476"
"1975-08";"S2";"7153.23850332"
"1975-08";"RS";
"1975-08";"E";"2995777"
"1975-09";"K";
"1975-09";"T0";"12449"
"1975-09";"S0";"14330.32616464"
"1975-09";"T1";
"1975-09";"S1";"0.4783509"
"1975-09";"T2";"3355"
"1975-09";"S2";"7292.67103497"
"1975-09";"RS";
"1975-09";"E";"2995777"
"1975-10";"K";"113344"
"1975-10";"T0";"15756"
"1975-10";"S0";"17099.59919677"
"1975-10";"T1";
"1975-10";"S1";"0.57079012"
"1975-10";"T2";"2855"
"1975-10";"S2";"7421.91980573"
"1975-10";"RS";
"1975-10";"E";"2995777"
"1975-11";"K";"117577"
"1975-11";"T0";"20316"
"1975-11";"S0";"20476.94348605"
"1975-11";"T1";
"1975-11";"S1";"0.68352696"
"1975-11";"T2";"2765"
"1975-11";"S2";"7577.87388171"
"1975-11";"RS";
"1975-11";"E";"2995777"
"1975-12";"K";"136661"
"1975-12";"T0";"26258"
"1975-12";"S0";"25005.00660035"
"1975-12";"T1";
"1975-12";"S1";"0.83467516"
"1975-12";"T2";"2654"
"1975-12";"S2";"7777.12501931"
"1975-12";"RS";
"1975-12";"E";"2995777"
"1976-01";"K";"120573"
"1976-01";"T0";"31579"
"1976-01";"S0";"28482.00867987"
"1976-01";"T1";
"1976-01";"S1";"0.95073861"
"1976-01";"T2";"3612"
"1976-01";"S2";"8032.2535004"
"1976-01";"RS";
"1976-01";"E";"2995777"
"1976-02";"K";"102854"
"1976-02";"T0";"32216"
"1976-02";"S0";"29810.63723117"
"1976-02";"T1";
"1976-02";"S1";"0.99508866"
"1976-02";"T2";"4412"
"1976-02";"S2";"8332.68551887"
"1976-02";"RS";
"1976-02";"E";"2995777"
"1976-03";"K";"93503"
"1976-03";"T0";"27974"
"1976-03";"S0";"26253.07183776"
"1976-03";"T1";
"1976-03";"S1";"0.87633598"
"1976-03";"T2";"4708"
"1976-03";"S2";"8623.91375159"
"1976-03";"RS";
"1976-03";"E";"2995777"
"1976-04";"K";"79737"
"1976-04";"T0";"25936"
"1976-04";"S0";"24089.14367436"
"1976-04";"T1";
"1976-04";"S1";"0.80410337"
"1976-04";"T2";"4973"
"1976-04";"S2";"8871.13332672"
"1976-04";"RS";
"1976-04";"E";"2995777"
"1976-05";"K";"66158"
"1976-05";"T0";"22860"
"1976-05";"S0";"22066.35571739"
"1976-05";"T1";
"1976-05";"S1";"0.73658205"
"1976-05";"T2";"5178"
"1976-05";"S2";"9053.90041277"
"1976-05";"RS";
"1976-05";"E";"2995777"
"1976-06";"K";"51624"
"1976-06";"T0";"19682"
"1976-06";"S0";"20227.05921249"
"1976-06";"T1";
"1976-06";"S1";"0.67518574"
"1976-06";"T2";"5113"
"1976-06";"S2";"9156.23562925"
"1976-06";"RS";
"1976-06";"E";"2995777"
"1976-07";"K";"28696"
"1976-07";"T0";"15422"
"1976-07";"S0";"17082.42350692"
"1976-07";"T1";
"1976-07";"S1";"0.57021679"
"1976-07";"T2";"5269"
"1976-07";"S2";"9157.72559983"
"1976-07";"RS";
"1976-07";"E";"2995777"
"1976-08";"K";"26851"
"1976-08";"T0";"14091"
"1976-08";"S0";"16307.94766549"
"1976-08";"T1";
"1976-08";"S1";"0.54436454"
"1976-08";"T2";"5107"
"1976-08";"S2";"9053.08978003"
"1976-08";"RS";
"1976-08";"E";"2995777"
"1976-09";"K";"23777"
"1976-09";"T0";"12991"
"1976-09";"S0";"15237.68474463"
"1976-09";"T1";
"1976-09";"S1";"0.50863882"
"1976-09";"T2";"4768"
"1976-09";"S2";"8895.05538385"
"1976-09";"RS";
"1976-09";"E";"2995777"
"1976-10";"K";"20389"
"1976-10";"T0";"12986"
"1976-10";"S0";"14699.16801885"
"1976-10";"T1";
"1976-10";"S1";"0.49066296"
"1976-10";"T2";"4429"
"1976-10";"S2";"8752.4337185"
"1976-10";"RS";
"1976-10";"E";"2995777"
"1976-11";"K";"19821"
"1976-11";"T0";"15292"
"1976-11";"S0";"15399.0181205"
"1976-11";"T1";
"1976-11";"S1";"0.51402418"
"1976-11";"T2";"3976"
"1976-11";"S2";"8716.79347002"
"1976-11";"RS";
"1976-11";"E";"2995777"
"1976-12";"K";"26790"
"1976-12";"T0";"17401"
"1976-12";"S0";"15906.08969791"
"1976-12";"T1";
"1976-12";"S1";"0.53095039"
"1976-12";"T2";"3960"
"1976-12";"S2";"8878.78039954"
"1976-12";"RS";
"1976-12";"E";"2995777"
"1977-01";"K";"25479"
"1977-01";"T0";"20977"
"1977-01";"S0";"17367.66921802"
"1977-01";"T1";
"1977-01";"S1";"0.57973839"
"1977-01";"T2";"4560"
"1977-01";"S2";"9190.64776961"
"1977-01";"RS";
"1977-01";"E";"2995777"
"1977-02";"K";"21944"
"1977-02";"T0";"17538"
"1977-02";"S0";"14521.2591146"
"1977-02";"T1";
"1977-02";"S1";"0.4847243"
"1977-02";"T2";"5527"
"1977-02";"S2";"9543.56308799"
"1977-02";"RS";
"1977-02";"E";"2995777"
"1977-03";"K";"16354"
"1977-03";"T0";"14068"
"1977-03";"S0";"12414.3567428"
"1977-03";"T1";
"1977-03";"S1";"0.41439522"
"1977-03";"T2";"6118"
"1977-03";"S2";"9885.49233361"
"1977-03";"RS";
"1977-03";"E";"2995777"
"1977-04";"K";"13097"
"1977-04";"T0";"13780"
"1977-04";"S0";"12324.29369584"
"1977-04";"T1";
"1977-04";"S1";"0.41138889"
"1977-04";"T2";"5979"
"1977-04";"S2";"10214.70857578"
"1977-04";"RS";
"1977-04";"E";"2995777"
"1977-05";"K";"11216"
"1977-05";"T0";"12282"
"1977-05";"S0";"11822.09665569"
"1977-05";"T1";
"1977-05";"S1";"0.39462539"
"1977-05";"T2";"6375"
"1977-05";"S2";"10517.10342382"
"1977-05";"RS";
"1977-05";"E";"2995777"
"1977-06";"K";"7544"
"1977-06";"T0";"10182"
"1977-06";"S0";"11176.83888705"
"1977-06";"T1";
"1977-06";"S1";"0.37308648"
"1977-06";"T2";"6924"
"1977-06";"S2";"10787.655553"
"1977-06";"RS";
"1977-06";"E";"2995777"
"1977-07";"K";"4145"
"1977-07";"T0";"8746"
"1977-07";"S0";"10851.0266986"
"1977-07";"T1";
"1977-07";"S1";"0.36221076"
"1977-07";"T2";"6719"
"1977-07";"S2";"11057.36425795"
"1977-07";"RS";
"1977-07";"E";"2995777"
"1977-08";"K";"4439"
"1977-08";"T0";"8261"
"1977-08";"S0";"10720.83859803"
"1977-08";"T1";
"1977-08";"S1";"0.35786504"
"1977-08";"T2";"6863"
"1977-08";"S2";"11335.1019175"
"1977-08";"RS";
"1977-08";"E";"2995777"
"1977-09";"K";"3657"
"1977-09";"T0";"7752"
"1977-09";"S0";"10110.59540782"
"1977-09";"T1";
"1977-09";"S1";"0.33749493"
"1977-09";"T2";"7253"
"1977-09";"S2";"11612.58519753"
"1977-09";"RS";
"1977-09";"E";"2995777"
"1977-10";"K";"3191"
"1977-10";"T0";"8542"
"1977-10";"S0";"10333.75122265"
"1977-10";"T1";
"1977-10";"S1";"0.34494394"
"1977-10";"T2";"7512"
"1977-10";"S2";"11858.34315529"
"1977-10";"RS";
"1977-10";"E";"2995777"
"1977-11";"K";"4605"
"1977-11";"T0";"10551"
"1977-11";"S0";"10587.04174614"
"1977-11";"T1";
"1977-11";"S1";"0.35339886"
"1977-11";"T2";"7146"
"1977-11";"S2";"12053.13977281"
"1977-11";"RS";
"1977-11";"E";"2995777"
"1977-12";"K";"4474"
"1977-12";"T0";"11566"
"1977-12";"S0";"10068.4060569"
"1977-12";"T1";
"1977-12";"S1";"0.33608663"
"1977-12";"T2";"6755"
"1977-12";"S2";"12180.28074898"
"1977-12";"RS";
"1977-12";"E";"2995777"
"1978-01";"K";"6623"
"1978-01";"T0";"15097"
"1978-01";"S0";"10996.74859743"
"1978-01";"T1";
"1978-01";"S1";"0.36707501"
"1978-01";"T2";"7209"
"1978-01";"S2";"12302.28573305"
"1978-01";"RS";
"1978-01";"E";"2995777"
"1978-02";"K";"9705"
"1978-02";"T0";"14442"
"1978-02";"S0";"11163.26030257"
"1978-02";"T1";
"1978-02";"S1";"0.37263322"
"1978-02";"T2";"8291"
"1978-02";"S2";"12426.8472126"
"1978-02";"RS";
"1978-02";"E";"2995777"
"1978-03";"K";"9133"
"1978-03";"T0";"11179"
"1978-03";"S0";"9669.57781038"
"1978-03";"T1";
"1978-03";"S1";"0.32277362"
"1978-03";"T2";"8341"
"1978-03";"S2";"12512.8322782"
"1978-03";"RS";
"1978-03";"E";"2995777"
"1978-04";"K";"8081"
"1978-04";"T0";"10117"
"1978-04";"S0";"9226.68708007"
"1978-04";"T1";
"1978-04";"S1";"0.30798978"
"1978-04";"T2";"8312"
"1978-04";"S2";"12549.38759713"
"1978-04";"RS";
"1978-04";"E";"2995777"
"1978-05";"K";"8876"
"1978-05";"T0";"9370"
"1978-05";"S0";"9301.23859901"
"1978-05";"T1";
"1978-05";"S1";"0.31047834"
"1978-05";"T2";"8180"
"1978-05";"S2";"12608.86077851"
"1978-05";"RS";
"1978-05";"E";"2995777"
"1978-06";"K";"6700"
"1978-06";"T0";"8438"
"1978-06";"S0";"9586.29040755"
"1978-06";"T1";
"1978-06";"S1";"0.31999346"
"1978-06";"T2";"8565"
"1978-06";"S2";"12731.7921598"
"1978-06";"RS";
"1978-06";"E";"2995777"
"1978-07";"K";"3557"
"1978-07";"T0";"7627"
"1978-07";"S0";"9741.97240243"
"1978-07";"T1";
"1978-07";"S1";"0.32519017"
"1978-07";"T2";"8305"
"1978-07";"S2";"12936.48689507"
"1978-07";"RS";
"1978-07";"E";"2995777"
"1978-08";"K";"4850"
"1978-08";"T0";"7840"
"1978-08";"S0";"10117.61137683"
"1978-08";"T1";
"1978-08";"S1";"0.33772912"
"1978-08";"T2";"8650"
"1978-08";"S2";"13169.01626622"
"1978-08";"RS";
"1978-08";"E";"2995777"
"1978-09";"K";"7091"
"1978-09";"T0";"8090"
"1978-09";"S0";"10331.37114637"
"1978-09";"T1";
"1978-09";"S1";"0.34486449"
"1978-09";"T2";"7994"
"1978-09";"S2";"13370.88396484"
"1978-09";"RS";
"1978-09";"E";"2995777"
"1978-10";"K";"12538"
"1978-10";"T0";"9265"
"1978-10";"S0";"10774.36331951"
"1978-10";"T1";
"1978-10";"S1";"0.35965171"
"1978-10";"T2";"9062"
"1978-10";"S2";"13476.70790319"
"1978-10";"RS";
"1978-10";"E";"2995777"
"1978-11";"K";"16387"
"1978-11";"T0";"11336"
"1978-11";"S0";"11224.14737689"
"1978-11";"T1";
"1978-11";"S1";"0.37466565"
"1978-11";"T2";"8731"
"1978-11";"S2";"13440.43288029"
"1978-11";"RS";
"1978-11";"E";"2995777"
"1978-12";"K";"16810"
"1978-12";"T0";"12997"
"1978-12";"S0";"11620.8015662"
"1978-12";"T1";
"1978-12";"S1";"0.38790609"
"1978-12";"T2";"7840"
"1978-12";"S2";"13238.14631887"
"1978-12";"RS";
"1978-12";"E";"2995777"
"1979-01";"K";"19518"
"1979-01";"T0";"17153"
"1979-01";"S0";"12809.21838098"
"1979-01";"T1";
"1979-01";"S1";"0.42757583"
"1979-01";"T2";"8027"
"1979-01";"S2";"12922.58360122"
"1979-01";"RS";
"1979-01";"E";"2995777"
"1979-02";"K";"19296"
"1979-02";"T0";"14239"
"1979-02";"S0";"10893.51595319"
"1979-02";"T1";
"1979-02";"S1";"0.36362907"
"1979-02";"T2";"8149"
"1979-02";"S2";"12678.90069703"
"1979-02";"RS";
"1979-02";"E";"2995777"
"1979-03";"K";"20909"
"1979-03";"T0";"12060"
"1979-03";"S0";"10821.57198087"
"1979-03";"T1";
"1979-03";"S1";"0.36122755"
"1979-03";"T2";"8363"
"1979-03";"S2";"12605.9450307"
"1979-03";"RS";
"1979-03";"E";"2995777"
"1979-04";"K";"17647"
"1979-04";"T0";"11144"
"1979-04";"S0";"10634.53812741"
"1979-04";"T1";
"1979-04";"S1";"0.3549843"
"1979-04";"T2";"8175"
"1979-04";"S2";"12663.54586956"
"1979-04";"RS";
"1979-04";"E";"2995777"
"1979-05";"K";"14848"
"1979-05";"T0";"10557"
"1979-05";"S0";"10732.59067079"
"1979-05";"T1";
"1979-05";"S1";"0.35825733"
"1979-05";"T2";"8832"
"1979-05";"S2";"12770.84473615"
"1979-05";"RS";
"1979-05";"E";"2995777"
"1979-06";"K";"10784"
"1979-06";"T0";"9326"
"1979-06";"S0";"10546.90211773"
"1979-06";"T1";
"1979-06";"S1";"0.35205899"
"1979-06";"T2";"8342"
"1979-06";"S2";"12937.67387378"
"1979-06";"RS";
"1979-06";"E";"2995777"
"1979-07";"K";"6089"
"1979-07";"T0";"8557"
"1979-07";"S0";"10447.55913621"
"1979-07";"T1";
"1979-07";"S1";"0.34874288"
"1979-07";"T2";"8360"
"1979-07";"S2";"13198.61716715"
"1979-07";"RS";
"1979-07";"E";"2995777"
"1979-08";"K";"7016"
"1979-08";"T0";"8115"
"1979-08";"S0";"10104.62387926"
"1979-08";"T1";
"1979-08";"S1";"0.3372956"
"1979-08";"T2";"8765"
"1979-08";"S2";"13578.01506654"
"1979-08";"RS";
"1979-08";"E";"2995777"
"1979-09";"K";"7425"
"1979-09";"T0";"7704"
"1979-09";"S0";"9786.82166218"
"1979-09";"T1";
"1979-09";"S1";"0.32668726"
"1979-09";"T2";"9738"
"1979-09";"S2";"14035.37822529"
"1979-09";"RS";
"1979-09";"E";"2995777"
"1979-10";"K";"7552"
"1979-10";"T0";"7801"
"1979-10";"S0";"9137.98019063"
"1979-10";"T1";
"1979-10";"S1";"0.30502872"
"1979-10";"T2";"10661"
"1979-10";"S2";"14506.69267562"
"1979-10";"RS";
"1979-10";"E";"2995777"
"1979-11";"K";"7728"
"1979-11";"T0";"8434"
"1979-11";"S0";"8281.26103911"
"1979-11";"T1";
"1979-11";"S1";"0.27643116"
"1979-11";"T2";"9904"
"1979-11";"S2";"14905.94268049"
"1979-11";"RS";
"1979-11";"E";"2995777"
"1979-12";"K";"4407"
"1979-12";"T0";"8903"
"1979-12";"S0";"7644.97711897"
"1979-12";"T1";
"1979-12";"S1";"0.2551918"
"1979-12";"T2";"9731"
"1979-12";"S2";"15261.38822613"
"1979-12";"RS";
"1979-12";"E";"2995777"
"1980-01";"K";"5433"
"1980-01";"T0";"11371"
"1980-01";"S0";"7135.14001634"
"1980-01";"T1";
"1980-01";"S1";"0.23817327"
"1980-01";"T2";"10436"
"1980-01";"S2";"15543.19307616"
"1980-01";"RS";
"1980-01";"E";"2995777"
"1980-02";"K";"4184"
"1980-02";"T0";"8644"
"1980-02";"S0";"5595.58413455"
"1980-02";"T1";
"1980-02";"S1";"0.1867824"
"1980-02";"T2";"11113"
"1980-02";"S2";"15760.91262784"
"1980-02";"RS";
"1980-02";"E";"2995777"
"1980-03";"K";"2597"
"1980-03";"T0";"7211"
"1980-03";"S0";"6350.45360011"
"1980-03";"T1";
"1980-03";"S1";"0.21198018"
"1980-03";"T2";"11533"
"1980-03";"S2";"16038.74500474"
"1980-03";"RS";
"1980-03";"E";"2995777"
"1980-04";"K";"2216"
"1980-04";"T0";"6443"
"1980-04";"S0";"6205.44116"
"1980-04";"T1";
"1980-04";"S1";"0.20713962"
"1980-04";"T2";"11393"
"1980-04";"S2";"16469.54988527"
"1980-04";"RS";
"1980-04";"E";"2995777"
"1980-05";"K";"1456"
"1980-05";"T0";"5705"
"1980-05";"S0";"6013.8252364"
"1980-05";"T1";
"1980-05";"S1";"0.20074342"
"1980-05";"T2";"12264"
"1980-05";"S2";"16955.78318664"
"1980-05";"RS";
"1980-05";"E";"2995777"
"1980-06";"K";"1596"
"1980-06";"T0";"5031"
"1980-06";"S0";"6248.26516521"
"1980-06";"T1";
"1980-06";"S1";"0.2085691"
"1980-06";"T2";"13243"
"1980-06";"S2";"17302.55239901"
"1980-06";"RS";
"1980-06";"E";"2995777"
"1980-07";"K";"1155"
"1980-07";"T0";"4714"
"1980-07";"S0";"6539.66109305"
"1980-07";"T1";
"1980-07";"S1";"0.21829599"
"1980-07";"T2";"11980"
"1980-07";"S2";"17450.00583501"
"1980-07";"RS";
"1980-07";"E";"2995777"
"1980-08";"K";"676"
"1980-08";"T0";"4683"
"1980-08";"S0";"6643.9562988"
"1980-08";"T1";
"1980-08";"S1";"0.2217774"
"1980-08";"T2";"12205"
"1980-08";"S2";"17516.78032267"
"1980-08";"RS";
"1980-08";"E";"2995777"
"1980-09";"K";"950"
"1980-09";"T0";"4635"
"1980-09";"S0";"6692.26596039"
"1980-09";"T1";
"1980-09";"S1";"0.22338999"
"1980-09";"T2";"12710"
"1980-09";"S2";"17675.5430489"
"1980-09";"RS";
"1980-09";"E";"2995777"
"1980-10";"K";"1655"
"1980-10";"T0";"4800"
"1980-10";"S0";"6175.20756466"
"1980-10";"T1";
"1980-10";"S1";"0.20613042"
"1980-10";"T2";"12312"
"1980-10";"S2";"18073.56300532"
"1980-10";"RS";
"1980-10";"E";"2995777"
"1980-11";"K";"1637"
"1980-11";"T0";"5542"
"1980-11";"S0";"5627.74424138"
"1980-11";"T1";
"1980-11";"S1";"0.18785591"
"1980-11";"T2";"14644"
"1980-11";"S2";"18537.73168509"
"1980-11";"RS";
"1980-11";"E";"2995777"
"1980-12";"K";"1981"
"1980-12";"T0";"6285"
"1980-12";"S0";"4928.10972763"
"1980-12";"T1";
"1980-12";"S1";"0.16450189"
"1980-12";"T2";"13912"
"1980-12";"S2";"18763.25750654"
"1980-12";"RS";
"1980-12";"E";"2995777"
"1981-01";"K";"3550"
"1981-01";"T0";"8815"
"1981-01";"S0";"4613.19901825"
"1981-01";"T1";
"1981-01";"S1";"0.14921267"
"1981-01";"T2";"14064"
"1981-01";"S2";"18700.67732608"
"1981-01";"RS";
"1981-01";"E";"3091694"
"1981-02";"K";"3605"
"1981-02";"T0";"6525"
"1981-02";"S0";"3303.56685958"
"1981-02";"T1";
"1981-02";"S1";"0.10685297"
"1981-02";"T2";"13335"
"1981-02";"S2";"18459.27502773"
"1981-02";"RS";
"1981-02";"E";"3091694"
"1981-03";"K";"2685"
"1981-03";"T0";"5315"
"1981-03";"S0";"4403.62914755"
"1981-03";"T1";
"1981-03";"S1";"0.14243418"
"1981-03";"T2";"13281"
"1981-03";"S2";"18202.84072436"
"1981-03";"RS";
"1981-03";"E";"3091694"
"1981-04";"K";"2217"
"1981-04";"T0";"5017"
"1981-04";"S0";"4669.18421465"
"1981-04";"T1";
"1981-04";"S1";"0.15102349"
"1981-04";"T2";"13135"
"1981-04";"S2";"17937.3590884"
"1981-04";"RS";
"1981-04";"E";"3091694"
"1981-05";"K";"2456"
"1981-05";"T0";"4687"
"1981-05";"S0";"4960.79339876"
"1981-05";"T1";
"1981-05";"S1";"0.16045551"
"1981-05";"T2";"12983"
"1981-05";"S2";"17605.66857888"
"1981-05";"RS";
"1981-05";"E";"3091694"
"1981-06";"K";"2480"
"1981-06";"T0";"4470"
"1981-06";"S0";"5580.60071321"
"1981-06";"T1";
"1981-06";"S1";"0.18050301"
"1981-06";"T2";"12636"
"1981-06";"S2";"17157.10210497"
"1981-06";"RS";
"1981-06";"E";"3091694"
"1981-07";"K";"1338"
"1981-07";"T0";"4326"
"1981-07";"S0";"6229.37904277"
"1981-07";"T1";
"1981-07";"S1";"0.20148757"
"1981-07";"T2";"11115"
"1981-07";"S2";"16592.74118063"
"1981-07";"RS";
"1981-07";"E";"3091694"
"1981-08";"K";"1551"
"1981-08";"T0";"4644"
"1981-08";"S0";"6790.31551066"
"1981-08";"T1";
"1981-08";"S1";"0.2196309"
"1981-08";"T2";"11204"
"1981-08";"S2";"16074.49946649"
"1981-08";"RS";
"1981-08";"E";"3091694"
"1981-09";"K";"4460"
"1981-09";"T0";"4921"
"1981-09";"S0";"7249.76925901"
"1981-09";"T1";
"1981-09";"S1";"0.23449181"
"1981-09";"T2";"11148"
"1981-09";"S2";"15687.07499895"
"1981-09";"RS";
"1981-09";"E";"3091694"
"1981-10";"K";"11610"
"1981-10";"T0";"5712"
"1981-10";"S0";"7421.47559652"
"1981-10";"T1";
"1981-10";"S1";"0.24004561"
"1981-10";"T2";"10562"
"1981-10";"S2";"15313.27246406"
"1981-10";"RS";
"1981-10";"E";"3091694"
"1981-11";"K";"15312"
"1981-11";"T0";"7092"
"1981-11";"S0";"7234.53169719"
"1981-11";"T1";
"1981-11";"S1";"0.23399896"
"1981-11";"T2";"10129"
"1981-11";"S2";"14866.0384898"
"1981-11";"RS";
"1981-11";"E";"3091694"
"1981-12";"K";"17187"
"1981-12";"T0";"9149"
"1981-12";"S0";"7466.88498173"
"1981-12";"T1";
"1981-12";"S1";"0.24151436"
"1981-12";"T2";"8917"
"1981-12";"S2";"14304.79917893"
"1981-12";"RS";
"1981-12";"E";"3091694"
"1982-01";"K";"22277"
"1982-01";"T0";"11725"
"1982-01";"S0";"7384.46040846"
"1982-01";"T1";
"1982-01";"S1";"0.23884836"
"1982-01";"T2";"8392"
"1982-01";"S2";"13680.62633203"
"1982-01";"RS";
"1982-01";"E";"3091694"
"1982-02";"K";"24151"
"1982-02";"T0";"9692"
"1982-02";"S0";"6303.48876494"
"1982-02";"T1";
"1982-02";"S1";"0.20388463"
"1982-02";"T2";"8795"
"1982-02";"S2";"13012.14496497"
"1982-02";"RS";
"1982-02";"E";"3091694"
"1982-03";"K";"24822"
"1982-03";"T0";"9445"
"1982-03";"S0";"8145.59839909"
"1982-03";"T1";
"1982-03";"S1";"0.26346716"
"1982-03";"T2";"8008"
"1982-03";"S2";"12323.50944464"
"1982-03";"RS";
"1982-03";"E";"3091694"
"1982-04";"K";"27767"
"1982-04";"T0";"9775"
"1982-04";"S0";"9000.33541407"
"1982-04";"T1";
"1982-04";"S1";"0.2911134"
"1982-04";"T2";"7344"
"1982-04";"S2";"11652.01714261"
"1982-04";"RS";
"1982-04";"E";"3091694"
"1982-05";"K";"31876"
"1982-05";"T0";"10501"
"1982-05";"S0";"10555.50350532"
"1982-05";"T1";
"1982-05";"S1";"0.34141488"
"1982-05";"T2";"6716"
"1982-05";"S2";"11027.97964425"
"1982-05";"RS";
"1982-05";"E";"3091694"
"1982-06";"K";"34349"
"1982-06";"T0";"10593"
"1982-06";"S0";"11658.67100175"
"1982-06";"T1";
"1982-06";"S1";"0.37709654"
"1982-06";"T2";"6299"
"1982-06";"S2";"10496.35315103"
"1982-06";"RS";
"1982-06";"E";"3091694"
"1982-07";"K";"26567"
"1982-07";"T0";"10819"
"1982-07";"S0";"12889.12436657"
"1982-07";"T1";
"1982-07";"S1";"0.41689522"
"1982-07";"T2";"5726"
"1982-07";"S2";"10098.26384076"
"1982-07";"RS";
"1982-07";"E";"3091694"
"1982-08";"K";"28509"
"1982-08";"T0";"12337"
"1982-08";"S0";"14738.92135476"
"1982-08";"T1";
"1982-08";"S1";"0.4767264"
"1982-08";"T2";"5643"
"1982-08";"S2";"9783.46552325"
"1982-08";"RS";
"1982-08";"E";"3091694"
"1982-09";"K";"39982"
"1982-09";"T0";"13638"
"1982-09";"S0";"16198.33435462"
"1982-09";"T1";
"1982-09";"S1";"0.52393071"
"1982-09";"T2";"5403"
"1982-09";"S2";"9534.06548505"
"1982-09";"RS";
"1982-09";"E";"3091694"
"1982-10";"K";"51479"
"1982-10";"T0";"16185"
"1982-10";"S0";"18309.67597622"
"1982-10";"T1";
"1982-10";"S1";"0.59222148"
"1982-10";"T2";"5228"
"1982-10";"S2";"9343.53638627"
"1982-10";"RS";
"1982-10";"E";"3091694"
"1982-11";"K";"65565"
"1982-11";"T0";"20349"
"1982-11";"S0";"20297.43922883"
"1982-11";"T1";
"1982-11";"S1";"0.65651514"
"1982-11";"T2";"4327"
"1982-11";"S2";"9245.21835684"
"1982-11";"RS";
"1982-11";"E";"3091694"
"1982-12";"K";"61983"
"1982-12";"T0";"23579"
"1982-12";"S0";"21339.61792637"
"1982-12";"T1";
"1982-12";"S1";"0.69022413"
"1982-12";"T2";"4343"
"1982-12";"S2";"9252.83463863"
"1982-12";"RS";
"1982-12";"E";"3091694"
"1983-01";"K";"68545"
"1983-01";"T0";"27864"
"1983-01";"S0";"24207.62044091"
"1983-01";"T1";
"1983-01";"S1";"0.78298889"
"1983-01";"T2";"5209"
"1983-01";"S2";"9317.84089431"
"1983-01";"RS";
"1983-01";"E";"3091694"
"1983-02";"K";"68807"
"1983-02";"T0";"27828"
"1983-02";"S0";"25446.53692108"
"1983-02";"T1";
"1983-02";"S1";"0.8230613"
"1983-02";"T2";"5677"
"1983-02";"S2";"9357.36631797"
"1983-02";"RS";
"1983-02";"E";"3091694"
"1983-03";"K";"66156"
"1983-03";"T0";"25868"
"1983-03";"S0";"25498.36962016"
"1983-03";"T1";
"1983-03";"S1";"0.82473782"
"1983-03";"T2";"5614"
"1983-03";"S2";"9318.61718232"
"1983-03";"RS";
"1983-03";"E";"3091694"
"1983-04";"K";"60462"
"1983-04";"T0";"25922"
"1983-04";"S0";"26346.31068156"
"1983-04";"T1";
"1983-04";"S1";"0.85216424"
"1983-04";"T2";"5069"
"1983-04";"S2";"9212.95549325"
"1983-04";"RS";
"1983-04";"E";"3091694"
"1983-05";"K";"54736"
"1983-05";"T0";"26355"
"1983-05";"S0";"28023.80580531"
"1983-05";"T1";
"1983-05";"S1";"0.90642236"
"1983-05";"T2";"4918"
"1983-05";"S2";"9102.62967586"
"1983-05";"RS";
"1983-05";"E";"3091694"
"1983-06";"K";"47560"
"1983-06";"T0";"25109"
"1983-06";"S0";"27792.8246147"
"1983-06";"T1";
"1983-06";"S1";"0.89895134"
"1983-06";"T2";"5033"
"1983-06";"S2";"9067.33675924"
"1983-06";"RS";
"1983-06";"E";"3091694"
"1983-07";"K";"34167"
"1983-07";"T0";"23436"
"1983-07";"S0";"27200.92638414"
"1983-07";"T1";
"1983-07";"S1";"0.87980655"
"1983-07";"T2";"4991"
"1983-07";"S2";"9131.85159297"
"1983-07";"RS";
"1983-07";"E";"3091694"
"1983-08";"K";"32749"
"1983-08";"T0";"23858"
"1983-08";"S0";"28188.85422187"
"1983-08";"T1";
"1983-08";"S1";"0.91176081"
"1983-08";"T2";"5062"
"1983-08";"S2";"9223.6086153"
"1983-08";"RS";
"1983-08";"E";"3091694"
"1983-09";"K";"39259"
"1983-09";"T0";"24478"
"1983-09";"S0";"28785.86222976"
"1983-09";"T1";
"1983-09";"S1";"0.93107087"
"1983-09";"T2";"5380"
"1983-09";"S2";"9256.02687858"
"1983-09";"RS";
"1983-09";"E";"3091694"
"1983-10";"K";"40327"
"1983-10";"T0";"25389"
"1983-10";"S0";"29491.49460111"
"1983-10";"T1";
"1983-10";"S1";"0.95389436"
"1983-10";"T2";"5175"
"1983-10";"S2";"9203.31213921"
"1983-10";"RS";
"1983-10";"E";"3091694"
"1983-11";"K";"39420"
"1983-11";"T0";"28967"
"1983-11";"S0";"30645.7607663"
"1983-11";"T1";
"1983-11";"S1";"0.99122878"
"1983-11";"T2";"4638"
"1983-11";"S2";"9157.65954498"
"1983-11";"RS";
"1983-11";"E";"3091694"
"1983-12";"K";"34975"
"1983-12";"T0";"30380"
"1983-12";"S0";"29572.47248277"
"1983-12";"T1";
"1983-12";"S1";"0.95651356"
"1983-12";"T2";"4246"
"1983-12";"S2";"9224.56963"
"1983-12";"RS";
"1983-12";"E";"3091694"
"1984-01";"K";"24758"
"1984-01";"T0";"36805"
"1984-01";"S0";"31484.28922144"
"1984-01";"T1";"1.1904477"
"1984-01";"S1";"1.01835076"
"1984-01";"T2";"5152"
"1984-01";"S2";"9436.50451392"
"1984-01";"RS";
"1984-01";"E";"3091694"
"1984-02";"K";"23482"
"1984-02";"T0";"36980"
"1984-02";"S0";"32985.19549984"
"1984-02";"T1";"1.19610802"
"1984-02";"S1";"1.06689716"
"1984-02";"T2";"6253"
"1984-02";"S2";"9774.67370483"
"1984-02";"RS";
"1984-02";"E";"3091694"
"1984-03";"K";"20942"
"1984-03";"T0";"36336"
"1984-03";"S0";"33924.41132634"
"1984-03";"T1";"1.17527802"
"1984-03";"S1";"1.09727584"
"1984-03";"T2";"6651"
"1984-03";"S2";"10126.5703336"
"1984-03";"RS";
"1984-03";"E";"3091694"
"1984-04";"K";"16252"
"1984-04";"T0";"36599"
"1984-04";"S0";"35025.56104935"
"1984-04";"T1";"1.18378468"
"1984-04";"S1";"1.13289223"
"1984-04";"T2";"6761"
"1984-04";"S2";"10398.74329757"
"1984-04";"RS";
"1984-04";"E";"3091694"
"1984-05";"K";"13944"
"1984-05";"T0";"35565"
"1984-05";"S0";"35370.47236655"
"1984-05";"T1";"1.15034023"
"1984-05";"S1";"1.14404829"
"1984-05";"T2";"7192"
"1984-05";"S2";"10585.39956505"
"1984-05";"RS";
"1984-05";"E";"3091694"
"1984-06";"K";"12006"
"1984-06";"T0";"34499"
"1984-06";"S0";"35713.52298493"
"1984-06";"T1";"1.11586075"
"1984-06";"S1";"1.15514417"
"1984-06";"T2";"7282"
"1984-06";"S2";"10710.87989223"
"1984-06";"RS";
"1984-06";"E";"3091694"
"1984-07";"K";"2370"
"1984-07";"T0";"33454"
"1984-07";"S0";"35620.82155888"
"1984-07";"T1";"1.08206051"
"1984-07";"S1";"1.15214577"
"1984-07";"T2";"7217"
"1984-07";"S2";"10803.13549114"
"1984-07";"RS";
"1984-07";"E";"3091694"
"1984-08";"K";"2198"
"1984-08";"T0";"32886"
"1984-08";"S0";"35498.42138706"
"1984-08";"T1";"1.06368871"
"1984-08";"S1";"1.14818677"
"1984-08";"T2";"7475"
"1984-08";"S2";"10878.778451"
"1984-08";"RS";
"1984-08";"E";"3091694"
"1984-09";"K";"3591"
"1984-09";"T0";"32234"
"1984-09";"S0";"34871.20906969"
"1984-09";"T1";"1.04259995"
"1984-09";"S1";"1.12789976"
"1984-09";"T2";"7640"
"1984-09";"S2";"10944.32475155"
"1984-09";"RS";
"1984-09";"E";"3091694"
"1984-10";"K";"5396"
"1984-10";"T0";"33055"
"1984-10";"S0";"35319.83085516"
"1984-10";"T1";"1.06915497"
"1984-10";"S1";"1.14241031"
"1984-10";"T2";"7039"
"1984-10";"S2";"11021.17981728"
"1984-10";"RS";
"1984-10";"E";"3091694"
"1984-11";"K";"6166"
"1984-11";"T0";"35979"
"1984-11";"S0";"35430.38735328"
"1984-11";"T1";"1.16373095"
"1984-11";"S1";"1.14598622"
"1984-11";"T2";"7207"
"1984-11";"S2";"11090.00734173"
"1984-11";"RS";
"1984-11";"E";"3091694"
"1984-12";"K";"3665"
"1984-12";"T0";"37824"
"1984-12";"S0";"34967.02143109"
"1984-12";"T1";"1.22340697"
"1984-12";"S1";"1.13099878"
"1984-12";"T2";"6297"
"1984-12";"S2";"11171.73717568"
"1984-12";"RS";
"1984-12";"E";"3091694"
"1985-01";"K";"4437"
"1985-01";"T0";"39873"
"1985-01";"S0";"34431.09441125"
"1985-01";"T1";"1.28968132"
"1985-01";"S1";"1.11366437"
"1985-01";"T2";"7116"
"1985-01";"S2";"11259.21152515"
"1985-01";"RS";
"1985-01";"E";"3091694"
"1985-02";"K";"5230"
"1985-02";"T0";"37546"
"1985-02";"S0";"33238.65069152"
"1985-02";"T1";"1.21441514"
"1985-02";"S1";"1.0750951"
"1985-02";"T2";"7439"
"1985-02";"S2";"11333.44868925"
"1985-02";"RS";
"1985-02";"E";"3091694"
"1985-03";"K";"3928"
"1985-03";"T0";"34537"
"1985-03";"S0";"32172.41712735"
"1985-03";"T1";"1.11708985"
"1985-03";"S1";"1.04060807"
"1985-03";"T2";"8084"
"1985-03";"S2";"11424.14679618"
"1985-03";"RS";
"1985-03";"E";"3091694"
"1985-04";"K";"2340"
"1985-04";"T0";"32691"
"1985-04";"S0";"31259.17827312"
"1985-04";"T1";"1.05738149"
"1985-04";"S1";"1.0110696"
"1985-04";"T2";"7933"
"1985-04";"S2";"11580.57850642"
"1985-04";"RS";
"1985-04";"E";"3091694"
"1985-05";"K";"1372"
"1985-05";"T0";"30082"
"1985-05";"S0";"30166.11431607"
"1985-05";"T1";"0.97299409"
"1985-05";"S1";"0.97571475"
"1985-05";"T2";"8256"
"1985-05";"S2";"11819.56365336"
"1985-05";"RS";
"1985-05";"E";"3091694"
"1985-06";"K";"1338"
"1985-06";"T0";"27434"
"1985-06";"S0";"29058.77362461"
"1985-06";"T1";"0.88734525"
"1985-06";"S1";"0.93989811"
"1985-06";"T2";"8956"
"1985-06";"S2";"12118.94881075"
"1985-06";"RS";
"1985-06";"E";"3091694"
"1985-07";"K";"574"
"1985-07";"T0";"26782"
"1985-07";"S0";"28952.41514278"
"1985-07";"T1";"0.86625649"
"1985-07";"S1";"0.93645798"
"1985-07";"T2";"9078"
"1985-07";"S2";"12408.20109697"
"1985-07";"RS";
"1985-07";"E";"3091694"
"1985-08";"K";"500"
"1985-08";"T0";"26038"
"1985-08";"S0";"28566.93010095"
"1985-08";"T1";"0.84219202"
"1985-08";"S1";"0.92398957"
"1985-08";"T2";"9258"
"1985-08";"S2";"12657.06060372"
"1985-08";"RS";
"1985-08";"E";"3091694"
"1985-09";"K";"1063"
"1985-09";"T0";"25460"
"1985-09";"S0";"27981.41426883"
"1985-09";"T1";"0.82349676"
"1985-09";"S1";"0.90505122"
"1985-09";"T2";"9563"
"1985-09";"S2";"12840.1654371"
"1985-09";"RS";
"1985-09";"E";"3091694"
"1985-10";"K";"1316"
"1985-10";"T0";"25705"
"1985-10";"S0";"27764.51817466"
"1985-10";"T1";"0.83142122"
"1985-10";"S1";"0.89803578"
"1985-10";"T2";"9432"
"1985-10";"S2";"12986.01913605"
"1985-10";"RS";
"1985-10";"E";"3091694"
"1985-11";"K";"2043"
"1985-11";"T0";"27946"
"1985-11";"S0";"27483.55400242"
"1985-11";"T1";"0.90390576"
"1985-11";"S1";"0.88894807"
"1985-11";"T2";"9110"
"1985-11";"S2";"13139.0597298"
"1985-11";"RS";
"1985-11";"E";"3091694"
"1985-12";"K";"1453"
"1985-12";"T0";"30044"
"1985-12";"S0";"27330.93823025"
"1985-12";"T1";"0.97176499"
"1985-12";"S1";"0.88401175"
"1985-12";"T2";"8314"
"1985-12";"S2";"13322.98513178"
"1985-12";"RS";
"1985-12";"E";"3091694"
"1986-01";"K";"1951"
"1986-01";"T0";"31690"
"1986-01";"S0";"26585.32270793"
"1986-01";"T1";"1.02500442"
"1986-01";"S1";"0.85989502"
"1986-01";"T2";"9099"
"1986-01";"S2";"13580.26933947"
"1986-01";"RS";
"1986-01";"E";"3091694"
"1986-02";"K";"2934"
"1986-02";"T0";"30445"
"1986-02";"S0";"26399.19990717"
"1986-02";"T1";"0.98473523"
"1986-02";"S1";"0.85387493"
"1986-02";"T2";"10049"
"1986-02";"S2";"13932.14030703"
"1986-02";"RS";
"1986-02";"E";"3091694"
"1986-03";"K";"1546"
"1986-03";"T0";"28323"
"1986-03";"S0";"26199.32272247"
"1986-03";"T1";"0.91609972"
"1986-03";"S1";"0.84740995"
"1986-03";"T2";"10621"
"1986-03";"S2";"14349.53307593"
"1986-03";"RS";
"1986-03";"E";"3091694"
"1986-04";"K";"1285"
"1986-04";"T0";"26839"
"1986-04";"S0";"25783.04783767"
"1986-04";"T1";"0.86810014"
"1986-04";"S1";"0.83394566"
"1986-04";"T2";"11302"
"1986-04";"S2";"14764.60268006"
"1986-04";"RS";
"1986-04";"E";"3091694"
"1986-05";"K";"1303"
"1986-05";"T0";"25254"
"1986-05";"S0";"25520.67348087"
"1986-05";"T1";"0.81683375"
"1986-05";"S1";"0.82545923"
"1986-05";"T2";"11756"
"1986-05";"S2";"15124.13196947"
"1986-05";"RS";
"1986-05";"E";"3091694"
"1986-06";"K";"1281"
"1986-06";"T0";"23305"
"1986-06";"S0";"24985.52374958"
"1986-06";"T1";"0.75379387"
"1986-06";"S1";"0.80814996"
"1986-06";"T2";"12397"
"1986-06";"S2";"15418.50501752"
"1986-06";"RS";
"1986-06";"E";"3091694"
"1986-07";"K";"698"
"1986-07";"T0";"22939"
"1986-07";"S0";"24890.37825801"
"1986-07";"T1";"0.7419557"
"1986-07";"S1";"0.8050725"
"1986-07";"T2";"12407"
"1986-07";"S2";"15647.14655881"
"1986-07";"RS";
"1986-07";"E";"3091694"
"1986-08";"K";"861"
"1986-08";"T0";"22606"
"1986-08";"S0";"24882.87195091"
"1986-08";"T1";"0.73118491"
"1986-08";"S1";"0.80482971"
"1986-08";"T2";"12462"
"1986-08";"S2";"15838.82737044"
"1986-08";"RS";
"1986-08";"E";"3091694"
"1986-09";"K";"1805"
"1986-09";"T0";"22464"
"1986-09";"S0";"24710.43112265"
"1986-09";"T1";"0.72659196"
"1986-09";"S1";"0.79925216"
"1986-09";"T2";"12806"
"1986-09";"S2";"15959.5256407"
"1986-09";"RS";
"1986-09";"E";"3091694"
"1986-10";"K";"3606"
"1986-10";"T0";"23005"
"1986-10";"S0";"24696.15030869"
"1986-10";"T1";"0.74409046"
"1986-10";"S1";"0.79879025"
"1986-10";"T2";"12332"
"1986-10";"S2";"15974.64103155"
"1986-10";"RS";
"1986-10";"E";"3091694"
"1986-11";"K";"4098"
"1986-11";"T0";"24895"
"1986-11";"S0";"24549.98753882"
"1986-11";"T1";"0.80522199"
"1986-11";"S1";"0.79406266"
"1986-11";"T2";"12007"
"1986-11";"S2";"15914.27590832"
"1986-11";"RS";
"1986-11";"E";"3091694"
"1986-12";"K";"3330"
"1986-12";"T0";"26805"
"1986-12";"S0";"24446.42777663"
"1986-12";"T1";"0.86700042"
"1986-12";"S1";"0.79071305"
"1986-12";"T2";"10345"
"1986-12";"S2";"15831.93742002"
"1986-12";"RS";
"1986-12";"E";"3091694"
"1987-01";"K";"4430"
"1987-01";"T0";"29581"
"1987-01";"S0";"24844.88987344"
"1987-01";"T1";"0.95678938"
"1987-01";"S1";"0.80360119"
"1987-01";"T2";"10694"
"1987-01";"S2";"15820.63628038"
"1987-01";"RS";
"1987-01";"E";"3091694"
"1987-02";"K";"4204"
"1987-02";"T0";"28439"
"1987-02";"S0";"24724.47506913"
"1987-02";"T1";"0.91985171"
"1987-02";"S1";"0.79970641"
"1987-02";"T2";"11968"
"1987-02";"S2";"15937.83171086"
"1987-02";"RS";
"1987-02";"E";"3091694"
"1987-03";"K";"5045"
"1987-03";"T0";"26533"
"1987-03";"S0";"24578.30499502"
"1987-03";"T1";"0.85820266"
"1987-03";"S1";"0.79497858"
"1987-03";"T2";"12731"
"1987-03";"S2";"16202.2979223"
"1987-03";"RS";
"1987-03";"E";"3091694"
"1987-04";"K";"4595"
"1987-04";"T0";"25322"
"1987-04";"S0";"24476.32242489"
"1987-04";"T1";"0.81903319"
"1987-04";"S1";"0.79167998"
"1987-04";"T2";"13086"
"1987-04";"S2";"16543.67860701"
"1987-04";"RS";
"1987-04";"E";"3091694"
"1987-05";"K";"3935"
"1987-05";"T0";"24333"
"1987-05";"S0";"24681.54761156"
"1987-05";"T1";"0.78704425"
"1987-05";"S1";"0.79831793"
"1987-05";"T2";"14233"
"1987-05";"S2";"16834.57662691"
"1987-05";"RS";
"1987-05";"E";"3091694"
"1987-06";"K";"4303"
"1987-06";"T0";"23329"
"1987-06";"S0";"24786.61987083"
"1987-06";"T1";"0.75457015"
"1987-06";"S1";"0.80171647"
"1987-06";"T2";"14327"
"1987-06";"S2";"17064.20318218"
"1987-06";"RS";
"1987-06";"E";"3091694"
"1987-07";"K";"2384"
"1987-07";"T0";"22954"
"1987-07";"S0";"24539.59839187"
"1987-07";"T1";"0.74244088"
"1987-07";"S1";"0.79372662"
"1987-07";"T2";"13937"
"1987-07";"S2";"17218.35129522"
"1987-07";"RS";
"1987-07";"E";"3091694"
"1987-08";"K";"3515"
"1987-08";"T0";"22270"
"1987-08";"S0";"24223.35001218"
"1987-08";"T1";"0.72031708"
"1987-08";"S1";"0.78349766"
"1987-08";"T2";"13257"
"1987-08";"S2";"17292.18925179"
"1987-08";"RS";
"1987-08";"E";"3091694"
"1987-09";"K";"3487"
"1987-09";"T0";"22032"
"1987-09";"S0";"24082.60476868"
"1987-09";"T1";"0.71261904"
"1987-09";"S1";"0.77894529"
"1987-09";"T2";"14304"
"1987-09";"S2";"17357.84139949"
"1987-09";"RS";
"1987-09";"E";"3091694"
"1987-10";"K";"4813"
"1987-10";"T0";"22403"
"1987-10";"S0";"23824.0954242"
"1987-10";"T1";"0.72461893"
"1987-10";"S1";"0.77058387"
"1987-10";"T2";"13759"
"1987-10";"S2";"17465.31335933"
"1987-10";"RS";
"1987-10";"E";"3091694"
"1987-11";"K";"4807"
"1987-11";"T0";"23677"
"1987-11";"S0";"23445.56484489"
"1987-11";"T1";"0.76582611"
"1987-11";"S1";"0.75834041"
"1987-11";"T2";"13249"
"1987-11";"S2";"17622.41105405"
"1987-11";"RS";
"1987-11";"E";"3091694"
"1987-12";"K";"4186"
"1987-12";"T0";"25203"
"1987-12";"S0";"23233.93988623"
"1987-12";"T1";"0.81518417"
"1987-12";"S1";"0.75149545"
"1987-12";"T2";"12806"
"1987-12";"S2";"17785.7235929"
"1987-12";"RS";
"1987-12";"E";"3091694"
"1988-01";"K";"5514"
"1988-01";"T0";"27123"
"1988-01";"S0";"22832.5160476"
"1988-01";"T1";"0.87728604"
"1988-01";"S1";"0.73851151"
"1988-01";"T2";"13322"
"1988-01";"S2";"17873.39296297"
"1988-01";"RS";"29345"
"1988-01";"E";"3091694"
"1988-02";"K";"7302"
"1988-02";"T0";"26179"
"1988-02";"S0";"23024.63264153"
"1988-02";"T1";"0.84675262"
"1988-02";"S1";"0.74472547"
"1988-02";"T2";"13806"
"1988-02";"S2";"17812.11830408"
"1988-02";"RS";"28479"
"1988-02";"E";"3091694"
"1988-03";"K";"6656"
"1988-03";"T0";"24957"
"1988-03";"S0";"23086.07219369"
"1988-03";"T1";"0.80722736"
"1988-03";"S1";"0.74671271"
"1988-03";"T2";"14427"
"1988-03";"S2";"17611.11372719"
"1988-03";"RS";"27239"
"1988-03";"E";"3091694"
"1988-04";"K";"4840"
"1988-04";"T0";"23873"
"1988-04";"S0";"23040.13758551"
"1988-04";"T1";"0.77216568"
"1988-04";"S1";"0.74522697"
"1988-04";"T2";"13727"
"1988-04";"S2";"17442.7036423"
"1988-04";"RS";"26062"
"1988-04";"E";"3091694"
"1988-05";"K";"5173"
"1988-05";"T0";"22572"
"1988-05";"S0";"22810.18152332"
"1988-05";"T1";"0.73008519"
"1988-05";"S1";"0.73778911"
"1988-05";"T2";"14084"
"1988-05";"S2";"17441.17477476"
"1988-05";"RS";"24655"
"1988-05";"E";"3091694"
"1988-06";"K";"5052"
"1988-06";"T0";"21351"
"1988-06";"S0";"22595.79254608"
"1988-06";"T1";"0.69059228"
"1988-06";"S1";"0.73085475"
"1988-06";"T2";"14591"
"1988-06";"S2";"17564.90182643"
"1988-06";"RS";"23478"
"1988-06";"E";"3091694"
"1988-07";"K";"1621"
"1988-07";"T0";"20963"
"1988-07";"S0";"22369.83799247"
"1988-07";"T1";"0.67804252"
"1988-07";"S1";"0.72354631"
"1988-07";"T2";"14811"
"1988-07";"S2";"17748.84288458"
"1988-07";"RS";"22972"
"1988-07";"E";"3091694"
"1988-08";"K";"1720"
"1988-08";"T0";"20159"
"1988-08";"S0";"21921.25325119"
"1988-08";"T1";"0.65203736"
"1988-08";"S1";"0.70903696"
"1988-08";"T2";"14499"
"1988-08";"S2";"17949.38040533"
"1988-08";"RS";"22118"
"1988-08";"E";"3091694"
"1988-09";"K";"2797"
"1988-09";"T0";"19391"
"1988-09";"S0";"21343.61824044"
"1988-09";"T1";"0.62719661"
"1988-09";"S1";"0.69035352"
"1988-09";"T2";"14665"
"1988-09";"S2";"18198.27464504"
"1988-09";"RS";"21336"
"1988-09";"E";"3091694"
"1988-10";"K";"3044"
"1988-10";"T0";"19316"
"1988-10";"S0";"20848.15043283"
"1988-10";"T1";"0.62477076"
"1988-10";"S1";"0.67432775"
"1988-10";"T2";"14946"
"1988-10";"S2";"18594.35925793"
"1988-10";"RS";"21286"
"1988-10";"E";"3091694"
"1988-11";"K";"2495"
"1988-11";"T0";"20100"
"1988-11";"S0";"20118.20356777"
"1988-11";"T1";"0.65012902"
"1988-11";"S1";"0.65071781"
"1988-11";"T2";"15021"
"1988-11";"S2";"19124.78400468"
"1988-11";"RS";"22094"
"1988-11";"E";"3091694"
"1988-12";"K";"1155"
"1988-12";"T0";"21004"
"1988-12";"S0";"19414.629509"
"1988-12";"T1";"0.67936866"
"1988-12";"S1";"0.6279609"
"1988-12";"T2";"14517"
"1988-12";"S2";"19688.99993092"
"1988-12";"RS";"22940"
"1988-12";"E";"3091694"
"1989-01";"K";"1002"
"1989-01";"T0";"21651"
"1989-01";"S0";"17595.96001849"
"1989-01";"T1";"0.7002957"
"1989-01";"S1";"0.56913653"
"1989-01";"T2";"15551"
"1989-01";"S2";"20159.99707386"
"1989-01";"RS";"23359"
"1989-01";"E";"3091694"
"1989-02";"K";"1006"
"1989-02";"T0";"20728"
"1989-02";"S0";"17571.21455553"
"1989-02";"T1";"0.67044151"
"1989-02";"S1";"0.56833615"
"1989-02";"T2";"17182"
"1989-02";"S2";"20509.56968051"
"1989-02";"RS";"22462"
"1989-02";"E";"3091694"
"1989-03";"K";"531"
"1989-03";"T0";"19121"
"1989-03";"S0";"17194.77241107"
"1989-03";"T1";"0.61846353"
"1989-03";"S1";"0.55616023"
"1989-03";"T2";"17641"
"1989-03";"S2";"20800.24135896"
"1989-03";"RS";"20797"
"1989-03";"E";"3091694"
"1989-04";"K";"775"
"1989-04";"T0";"18397"
"1989-04";"S0";"17468.19233811"
"1989-04";"T1";"0.59504595"
"1989-04";"S1";"0.56500392"
"1989-04";"T2";"17582"
"1989-04";"S2";"21067.47119934"
"1989-04";"RS";"19991"
"1989-04";"E";"3091694"
"1989-05";"K";"869"
"1989-05";"T0";"17225"
"1989-05";"S0";"17290.46563714"
"1989-05";"T1";"0.55713793"
"1989-05";"S1";"0.5592554"
"1989-05";"T2";"18031"
"1989-05";"S2";"21266.09227256"
"1989-05";"RS";"18832"
"1989-05";"E";"3091694"
"1989-06";"K";"648"
"1989-06";"T0";"16209"
"1989-06";"S0";"17314.26681332"
"1989-06";"T1";"0.52427569"
"1989-06";"S1";"0.56002524"
"1989-06";"T2";"18634"
"1989-06";"S2";"21305.11975005"
"1989-06";"RS";"17813"
"1989-06";"E";"3091694"
"1989-07";"K";"325"
"1989-07";"T0";"15957"
"1989-07";"S0";"17369.71532617"
"1989-07";"T1";"0.51612482"
"1989-07";"S1";"0.56181871"
"1989-07";"T2";"17313"
"1989-07";"S2";"21215.47698026"
"1989-07";"RS";"17434"
"1989-07";"E";"3091694"
"1989-08";"K";"525"
"1989-08";"T0";"15627"
"1989-08";"S0";"17481.24181606"
"1989-08";"T1";"0.50545106"
"1989-08";"S1";"0.565426"
"1989-08";"T2";"17268"
"1989-08";"S2";"21193.47953474"
"1989-08";"RS";"16989"
"1989-08";"E";"3091694"
"1989-09";"K";"530"
"1989-09";"T0";"15222"
"1989-09";"S0";"17513.22744195"
"1989-09";"T1";"0.49235144"
"1989-09";"S1";"0.56646057"
"1989-09";"T2";"17667"
"1989-09";"S2";"21384.40722192"
"1989-09";"RS";"16564"
"1989-09";"E";"3091694"
"1989-10";"K";"287"
"1989-10";"T0";"15466"
"1989-10";"S0";"17311.60100477"
"1989-10";"T1";"0.50024356"
"1989-10";"S1";"0.55993902"
"1989-10";"T2";"18352"
"1989-10";"S2";"21790.25478566"
"1989-10";"RS";"16776"
"1989-10";"E";"3091694"
"1989-11";"K";"433"
"1989-11";"T0";"16429"
"1989-11";"S0";"16738.24388853"
"1989-11";"T1";"0.53139153"
"1989-11";"S1";"0.54139394"
"1989-11";"T2";"18248"
"1989-11";"S2";"22271.90794677"
"1989-11";"RS";"17736"
"1989-11";"E";"3091694"
"1989-12";"K";"305"
"1989-12";"T0";"17392"
"1989-12";"S0";"16089.71967095"
"1989-12";"T1";"0.5625395"
"1989-12";"S1";"0.5204176"
"1989-12";"T2";"17153"
"1989-12";"S2";"22614.84815364"
"1989-12";"RS";"18545"
"1989-12";"E";"3091694"
"1990-01";"K";"281"
"1990-01";"T0";"18661"
"1990-01";"S0";"14555.8905807"
"1990-01";"T1";"0.51525299"
"1990-01";"S1";"0.40190591"
"1990-01";"T2";"17798"
"1990-01";"S2";"22719.13657146"
"1990-01";"RS";"19744"
"1990-01";"E";"3621716"
"1990-02";"K";"462"
"1990-02";"T0";"18129"
"1990-02";"S0";"14929.83455139"
"1990-02";"T1";"0.50056382"
"1990-02";"S1";"0.41223096"
"1990-02";"T2";"18584"
"1990-02";"S2";"22609.60379099"
"1990-02";"RS";"19279"
"1990-02";"E";"3621716"
"1990-03";"K";"1033"
"1990-03";"T0";"17203"
"1990-03";"S0";"14859.30058763"
"1990-03";"T1";"0.47499583"
"1990-03";"S1";"0.41028343"
"1990-03";"T2";"19369"
"1990-03";"S2";"22343.1628641"
"1990-03";"RS";"18397"
"1990-03";"E";"3621716"
"1990-04";"K";"513"
"1990-04";"T0";"16634"
"1990-04";"S0";"15232.32932665"
"1990-04";"T1";"0.45928505"
"1990-04";"S1";"0.42058321"
"1990-04";"T2";"18701"
"1990-04";"S2";"21979.01132607"
"1990-04";"RS";"17850"
"1990-04";"E";"3621716"
"1990-05";"K";"471"
"1990-05";"T0";"15979"
"1990-05";"S0";"15745.39072202"
"1990-05";"T1";"0.4411997"
"1990-05";"S1";"0.43474946"
"1990-05";"T2";"18376"
"1990-05";"S2";"21619.78582192"
"1990-05";"RS";"17164"
"1990-05";"E";"3621716"
"1990-06";"K";"384"
"1990-06";"T0";"15660"
"1990-06";"S0";"16898.8331322"
"1990-06";"T1";"0.43239172"
"1990-06";"S1";"0.46659741"
"1990-06";"T2";"18303"
"1990-06";"S2";"21312.16800902"
"1990-06";"RS";"16827"
"1990-06";"E";"3621716"
"1990-07";"K";"121"
"1990-07";"T0";"16073"
"1990-07";"S0";"17633.98809184"
"1990-07";"T1";"0.44379515"
"1990-07";"S1";"0.48689594"
"1990-07";"T2";"18050"
"1990-07";"S2";"21033.03250622"
"1990-07";"RS";"17196"
"1990-07";"E";"3621716"
"1990-08";"K";"112"
"1990-08";"T0";"16483"
"1990-08";"S0";"18549.9094342"
"1990-08";"T1";"0.45511575"
"1990-08";"S1";"0.51218564"
"1990-08";"T2";"17327"
"1990-08";"S2";"20707.55080266"
"1990-08";"RS";"17576"
"1990-08";"E";"3621716"
"1990-09";"K";"1007"
"1990-09";"T0";"16992"
"1990-09";"S0";"19800.96880413"
"1990-09";"T1";"0.46916986"
"1990-09";"S1";"0.54672892"
"1990-09";"T2";"16660"
"1990-09";"S2";"20285.36085738"
"1990-09";"RS";"18117"
"1990-09";"E";"3621716"
"1990-10";"K";"1136"
"1990-10";"T0";"18670"
"1990-10";"S0";"20938.85937315"
"1990-10";"T1";"0.51550149"
"1990-10";"S1";"0.57814747"
"1990-10";"T2";"16237"
"1990-10";"S2";"19695.19869453"
"1990-10";"RS";"19970"
"1990-10";"E";"3621716"
"1990-11";"K";"1671"
"1990-11";"T0";"21965"
"1990-11";"S0";"22378.42524359"
"1990-11";"T1";"0.60648046"
"1990-11";"S1";"0.61789564"
"1990-11";"T2";"14671"
"1990-11";"S2";"18937.1726041"
"1990-11";"RS";"23515"
"1990-11";"E";"3621716"
"1990-12";"K";"1611"
"1990-12";"T0";"25141"
"1990-12";"S0";"23783.44210574"
"1990-12";"T1";"0.6941737"
"1990-12";"S1";"0.65668987"
"1990-12";"T2";"13056"
"1990-12";"S2";"18018.75726395"
"1990-12";"RS";"26702"
"1990-12";"E";"3621716"
"1991-01";"K";"3491"
"1991-01";"T0";"28836"
"1991-01";"S0";"24204.55012032"
"1991-01";"T1";"0.79619716"
"1991-01";"S1";"0.66831718"
"1991-01";"T2";"12144"
"1991-01";"S2";"16983.52977486"
"1991-01";"RS";"30328"
"1991-01";"E";"3621716"
"1991-02";"K";"7486"
"1991-02";"T0";"30896"
"1991-02";"S0";"27196.10435743"
"1991-02";"T1";"0.85307628"
"1991-02";"S1";"0.75091764"
"1991-02";"T2";"12006"
"1991-02";"S2";"15970.72415452"
"1991-02";"RS";"32635"
"1991-02";"E";"3621716"
"1991-03";"K";"16433"
"1991-03";"T0";"32270"
"1991-03";"S0";"29120.95707898"
"1991-03";"T1";"0.89101409"
"1991-03";"S1";"0.80406517"
"1991-03";"T2";"11957"
"1991-03";"S2";"15122.64757559"
"1991-03";"RS";"34223"
"1991-03";"E";"3621716"
"1991-04";"K";"20206"
"1991-04";"T0";"33660"
"1991-04";"S0";"31445.88904644"
"1991-04";"T1";"0.92939369"
"1991-04";"S1";"0.86825938"
"1991-04";"T2";"11129"
"1991-04";"S2";"14509.85410135"
"1991-04";"RS";"35440"
"1991-04";"E";"3621716"
"1991-05";"K";"22468"
"1991-05";"T0";"35047"
"1991-05";"S0";"34267.81249898"
"1991-05";"T1";"0.96769045"
"1991-05";"S1";"0.94617614"
"1991-05";"T2";"10937"
"1991-05";"S2";"14125.69527667"
"1991-05";"RS";"36825"
"1991-05";"E";"3621716"
"1991-06";"K";"22991"
"1991-06";"T0";"35253"
"1991-06";"S0";"36555.5717828"
"1991-06";"T1";"0.97337837"
"1991-06";"S1";"1.00934396"
"1991-06";"T2";"10696"
"1991-06";"S2";"13909.74750575"
"1991-06";"RS";"37096"
"1991-06";"E";"3621716"
"1991-07";"K";"15096"
"1991-07";"T0";"37540"
"1991-07";"S0";"39181.49695649"
"1991-07";"T1";"1.03652523"
"1991-07";"S1";"1.08184896"
"1991-07";"T2";"10590"
"1991-07";"S2";"13785.85202028"
"1991-07";"RS";"39490"
"1991-07";"E";"3621716"
"1991-08";"K";"18929"
"1991-08";"T0";"39489"
"1991-08";"S0";"41545.48585029"
"1991-08";"T1";"1.0903395"
"1991-08";"S1";"1.14712158"
"1991-08";"T2";"10074"
"1991-08";"S2";"13680.48776683"
"1991-08";"RS";"41369"
"1991-08";"E";"3621716"
"1991-09";"K";"23641"
"1991-09";"T0";"41606"
"1991-09";"S0";"44587.83975677"
"1991-09";"T1";"1.14879245"
"1991-09";"S1";"1.23112469"
"1991-09";"T2";"10153"
"1991-09";"S2";"13580.09573262"
"1991-09";"RS";"43502"
"1991-09";"E";"3621716"
"1991-10";"K";"28047"
"1991-10";"T0";"45692"
"1991-10";"S0";"47983.38285553"
"1991-10";"T1";"1.2616119"
"1991-10";"S1";"1.32487978"
"1991-10";"T2";"9652"
"1991-10";"S2";"13427.44736583"
"1991-10";"RS";"47908"
"1991-10";"E";"3621716"
"1991-11";"K";"34109"
"1991-11";"T0";"51800"
"1991-11";"S0";"52000.11955024"
"1991-11";"T1";"1.43026124"
"1991-11";"S1";"1.43578678"
"1991-11";"T2";"9083"
"1991-11";"S2";"13198.54906603"
"1991-11";"RS";"54156"
"1991-11";"E";"3621716"
"1991-12";"K";"30330"
"1991-12";"T0";"58580"
"1991-12";"S0";"56634.33934211"
"1991-12";"T1";"1.61746531"
"1991-12";"S1";"1.56374325"
"1991-12";"T2";"8170"
"1991-12";"S2";"12952.68454599"
"1991-12";"RS";"61013"
"1991-12";"E";"3621716"
"1992-01";"K";"39085"
"1992-01";"T0";"67398"
"1992-01";"S0";"61633.03451152"
"1992-01";"T1";"1.86094106"
"1992-01";"S1";"1.70176332"
"1992-01";"T2";"7952"
"1992-01";"S2";"12745.48609455"
"1992-01";"RS";"69867"
"1992-01";"E";"3621716"
"1992-02";"K";"42555"
"1992-02";"T0";"72462"
"1992-02";"S0";"68122.77054899"
"1992-02";"T1";"2.00076428"
"1992-02";"S1";"1.88095286"
"1992-02";"T2";"8581"
"1992-02";"S2";"12587.97013771"
"1992-02";"RS";"74952"
"1992-02";"E";"3621716"
"1992-03";"K";"41684"
"1992-03";"T0";"75803"
"1992-03";"S0";"71416.26649673"
"1992-03";"T1";"2.09301337"
"1992-03";"S1";"1.9718903"
"1992-03";"T2";"9590"
"1992-03";"S2";"12441.6594848"
"1992-03";"RS";"78420"
"1992-03";"E";"3621716"
"1992-04";"K";"39813"
"1992-04";"T0";"79317"
"1992-04";"S0";"76003.18940032"
"1992-04";"T1";"2.1900392"
"1992-04";"S1";"2.09854084"
"1992-04";"T2";"9015"
"1992-04";"S2";"12269.54981755"
"1992-04";"RS";"81826"
"1992-04";"E";"3621716"
"1992-05";"K";"36158"
"1992-05";"T0";"82121"
"1992-05";"S0";"80637.6810541"
"1992-05";"T1";"2.26746106"
"1992-05";"S1";"2.22650481"
"1992-05";"T2";"8766"
"1992-05";"S2";"12053.70632432"
"1992-05";"RS";"84658"
"1992-05";"E";"3621716"
"1992-06";"K";"31499"
"1992-06";"T0";"84704"
"1992-06";"S0";"85583.51790302"
"1992-06";"T1";"2.33878084"
"1992-06";"S1";"2.36306541"
"1992-06";"T2";"8787"
"1992-06";"S2";"11837.08654061"
"1992-06";"RS";"87398"
"1992-06";"E";"3621716"
"1992-07";"K";"18018"
"1992-07";"T0";"90157"
"1992-07";"S0";"91413.55763837"
"1992-07";"T1";"2.48934483"
"1992-07";"S1";"2.52403992"
"1992-07";"T2";"8292"
"1992-07";"S2";"11707.56334227"
"1992-07";"RS";"92966"
"1992-07";"E";"3621716"
"1992-08";"K";"20738"
"1992-08";"T0";"94851"
"1992-08";"S0";"96397.61541686"
"1992-08";"T1";"2.6189519"
"1992-08";"S1";"2.66165584"
"1992-08";"T2";"8108"
"1992-08";"S2";"11634.27772123"
"1992-08";"RS";"97577"
"1992-08";"E";"3621716"
"1992-09";"K";"28848"
"1992-09";"T0";"102081"
"1992-09";"S0";"104621.01129442"
"1992-09";"T1";"2.81858103"
"1992-09";"S1";"2.88871384"
"1992-09";"T2";"7972"
"1992-09";"S2";"11538.02621937"
"1992-09";"RS";"104867"
"1992-09";"E";"3621716"
"1992-10";"K";"33083"
"1992-10";"T0";"109073"
"1992-10";"S0";"110669.02929219"
"1992-10";"T1";"3.01163868"
"1992-10";"S1";"3.055707"
"1992-10";"T2";"7732"
"1992-10";"S2";"11387.700689"
"1992-10";"RS";"112091"
"1992-10";"E";"3621716"
"1992-11";"K";"40761"
"1992-11";"T0";"120080"
"1992-11";"S0";"119320.41123273"
"1992-11";"T1";"3.31555539"
"1992-11";"S1";"3.29458222"
"1992-11";"T2";"6788"
"1992-11";"S2";"11156.00844198"
"1992-11";"RS";"123506"
"1992-11";"E";"3621716"
"1992-12";"K";"36003"
"1992-12";"T0";"129643"
"1992-12";"S0";"126542.11399221"
"1992-12";"T1";"3.57960149"
"1992-12";"S1";"3.49398224"
"1992-12";"T2";"6414"
"1992-12";"S2";"10893.76846896"
"1992-12";"RS";"133342"
"1992-12";"E";"3621716"
"1993-01";"K";"50607"
"1993-01";"T0";"141514"
"1993-01";"S0";"130901.16993439"
"1993-01";"T1";"3.90737429"
"1993-01";"S1";"3.6143411"
"1993-01";"T2";"5700"
"1993-01";"S2";"10677.36089998"
"1993-01";"RS";"144972"
"1993-01";"E";"3621716"
"1993-02";"K";"55175"
"1993-02";"T0";"147469"
"1993-02";"S0";"136929.95191153"
"1993-02";"T1";"4.07179911"
"1993-02";"S1";"3.78080313"
"1993-02";"T2";"6388"
"1993-02";"S2";"10534.79963764"
"1993-02";"RS";"151561"
"1993-02";"E";"3621716"
"1993-03";"K";"56506"
"1993-03";"T0";"151018"
"1993-03";"S0";"143992.52158265"
"1993-03";"T1";"4.16979134"
"1993-03";"S1";"3.9758093"
"1993-03";"T2";"7545"
"1993-03";"S2";"10428.77556616"
"1993-03";"RS";"155780"
"1993-03";"E";"3621716"
"1993-04";"K";"52634"
"1993-04";"T0";"155182"
"1993-04";"S0";"151077.60261346"
"1993-04";"T1";"4.28476446"
"1993-04";"S1";"4.17143704"
"1993-04";"T2";"7637"
"1993-04";"S2";"10253.05771204"
"1993-04";"RS";"160266"
"1993-04";"E";"3621716"
"1993-05";"K";"49274"
"1993-05";"T0";"157425"
"1993-05";"S0";"157172.80474117"
"1993-05";"T1";"4.34669643"
"1993-05";"S1";"4.33973301"
"1993-05";"T2";"7149"
"1993-05";"S2";"9958.92433662"
"1993-05";"RS";"163118"
"1993-05";"E";"3621716"
"1993-06";"K";"43653"
"1993-06";"T0";"160435"
"1993-06";"S0";"163092.79540443"
"1993-06";"T1";"4.4298062"
"1993-06";"S1";"4.50319118"
"1993-06";"T2";"5949"
"1993-06";"S2";"9552.42462367"
"1993-06";"RS";"166862"
"1993-06";"E";"3621716"
"1993-07";"K";"26494"
"1993-07";"T0";"165290"
"1993-07";"S0";"167727.60273853"
"1993-07";"T1";"4.56385868"
"1993-07";"S1";"4.63116387"
"1993-07";"T2";"5645"
"1993-07";"S2";"9122.08574402"
"1993-07";"RS";"172392"
"1993-07";"E";"3621716"
"1993-08";"K";"24991"
"1993-08";"T0";"169009"
"1993-08";"S0";"171139.06968541"
"1993-08";"T1";"4.66654481"
"1993-08";"S1";"4.72535863"
"1993-08";"T2";"5236"
"1993-08";"S2";"8780.55066901"
"1993-08";"RS";"176131"
"1993-08";"E";"3621716"
"1993-09";"K";"32844"
"1993-09";"T0";"172069"
"1993-09";"S0";"176788.27194939"
"1993-09";"T1";"4.75103514"
"1993-09";"S1";"4.88134"
"1993-09";"T2";"4923"
"1993-09";"S2";"8558.91692025"
"1993-09";"RS";"179850"
"1993-09";"E";"3621716"
"1993-10";"K";"36283"
"1993-10";"T0";"173528"
"1993-10";"S0";"175825.16634416"
"1993-10";"T1";"4.79131992"
"1993-10";"S1";"4.85474748"
"1993-10";"T2";"4583"
"1993-10";"S2";"8483.90075364"
"1993-10";"RS";"181837"
"1993-10";"E";"3621716"
"1993-11";"K";"38993"
"1993-11";"T0";"180293"
"1993-11";"S0";"177472.90723017"
"1993-11";"T1";"4.97810982"
"1993-11";"S1";"4.90024362"
"1993-11";"T2";"4274"
"1993-11";"S2";"8542.2297461"
"1993-11";"RS";"189033"
"1993-11";"E";"3621716"
"1993-12";"K";"37092"
"1993-12";"T0";"184388"
"1993-12";"S0";"177187.30868229"
"1993-12";"T1";"5.09117777"
"1993-12";"S1";"4.8923579"
"1993-12";"T2";"3888"
"1993-12";"S2";"8710.07237501"
"1993-12";"RS";"193918"
"1993-12";"E";"3621716"
"1994-01";"K";"42859"
"1994-01";"T0";"188167"
"1994-01";"S0";"176488.45344805"
"1994-01";"T1";"5.19552058"
"1994-01";"S1";"4.87306165"
"1994-01";"T2";"4456"
"1994-01";"S2";"8895.96778216"
"1994-01";"RS";"198334"
"1994-01";"E";"3621716"
"1994-02";"K";"44360"
"1994-02";"T0";"187382"
"1994-02";"S0";"176002.03485514"
"1994-02";"T1";"5.17384577"
"1994-02";"S1";"4.85963104"
"1994-02";"T2";"5263"
"1994-02";"S2";"8985.64401104"
"1994-02";"RS";"198317"
"1994-02";"E";"3621716"
"1994-03";"K";"39084"
"1994-03";"T0";"182135"
"1994-03";"S0";"174300.50689662"
"1994-03";"T1";"5.02896969"
"1994-03";"S1";"4.81264977"
"1994-03";"T2";"5883"
"1994-03";"S2";"8926.17641262"
"1994-03";"RS";"193607"
"1994-03";"E";"3621716"
"1994-04";"K";"31614"
"1994-04";"T0";"177500"
"1994-04";"S0";"172929.06097353"
"1994-04";"T1";"4.90099168"
"1994-04";"S1";"4.77478248"
"1994-04";"T2";"5503"
"1994-04";"S2";"8779.73657583"
"1994-04";"RS";"189186"
"1994-04";"E";"3621716"
"1994-05";"K";"26792"
"1994-05";"T0";"173017"
"1994-05";"S0";"172225.84416346"
"1994-05";"T1";"4.77721058"
"1994-05";"S1";"4.7553658"
"1994-05";"T2";"5566"
"1994-05";"S2";"8661.88765264"
"1994-05";"RS";"185069"
"1994-05";"E";"3621716"
"1994-06";"K";"21629"
"1994-06";"T0";"168225"
"1994-06";"S0";"170973.5244583"
"1994-06";"T1";"4.64489761"
"1994-06";"S1";"4.72078773"
"1994-06";"T2";"5551"
"1994-06";"S2";"8677.60616601"
"1994-06";"RS";"180965"
"1994-06";"E";"3621716"
"1994-07";"K";"10020"
"1994-07";"T0";"165793"
"1994-07";"S0";"168810.53696012"
"1994-07";"T1";"4.57774712"
"1994-07";"S1";"4.661065"
"1994-07";"T2";"5580"
"1994-07";"S2";"8817.34405794"
"1994-07";"RS";"179113"
"1994-07";"E";"3621716"
"1994-08";"K";"9793"
"1994-08";"T0";"164187"
"1994-08";"S0";"166911.46826937"
"1994-08";"T1";"4.5334035"
"1994-08";"S1";"4.6086294"
"1994-08";"T2";"5411"
"1994-08";"S2";"8991.40518953"
"1994-08";"RS";"177711"
"1994-08";"E";"3621716"
"1994-09";"K";"11094"
"1994-09";"T0";"160908"
"1994-09";"S0";"166202.02163115"
"1994-09";"T1";"4.44286631"
"1994-09";"S1";"4.58904071"
"1994-09";"T2";"5504"
"1994-09";"S2";"9117.69015424"
"1994-09";"RS";"174936"
"1994-09";"E";"3621716"
"1994-10";"K";"12210"
"1994-10";"T0";"159043"
"1994-10";"S0";"161848.97068868"
"1994-10";"T1";"4.39137138"
"1994-10";"S1";"4.46884766"
"1994-10";"T2";"5107"
"1994-10";"S2";"9168.52391354"
"1994-10";"RS";"173312"
"1994-10";"E";"3621716"
"1994-11";"K";"11998"
"1994-11";"T0";"161715"
"1994-11";"S0";"159330.46911008"
"1994-11";"T1";"4.46514856"
"1994-11";"S1";"4.39930876"
"1994-11";"T2";"4753"
"1994-11";"S2";"9147.2248571"
"1994-11";"RS";"176114"
"1994-11";"E";"3621716"
"1994-12";"K";"9752"
"1994-12";"T0";"164378"
"1994-12";"S0";"157475.60417566"
"1994-12";"T1";"4.53867725"
"1994-12";"S1";"4.34809367"
"1994-12";"T2";"4115"
"1994-12";"S2";"9076.25897118"
"1994-12";"RS";"179048"
"1994-12";"E";"3621716"
"1995-01";"K";"11853"
"1995-01";"T0";"167815"
"1995-01";"S0";"155687.36099777"
"1995-01";"T1";"4.63357701"
"1995-01";"S1";"4.29871809"
"1995-01";"T2";"4505"
"1995-01";"S2";"8988.86723525"
"1995-01";"RS";"182240"
"1995-01";"E";"3621716"
"1995-02";"K";"13775"
"1995-02";"T0";"165351"
"1995-02";"S0";"153683.10514833"
"1995-02";"T1";"4.56554296"
"1995-02";"S1";"4.24337814"
"1995-02";"T2";"5103"
"1995-02";"S2";"8942.09413056"
"1995-02";"RS";"179899"
"1995-02";"E";"3621716"
"1995-03";"K";"12339"
"1995-03";"T0";"160774"
"1995-03";"S0";"152559.52132428"
"1995-03";"T1";"4.43916641"
"1995-03";"S1";"4.21235462"
"1995-03";"T2";"5706"
"1995-03";"S2";"8988.0016402"
"1995-03";"RS";"176174"
"1995-03";"E";"3621716"
"1995-04";"K";"11747"
"1995-04";"T0";"156684"
"1995-04";"S0";"152140.89182"
"1995-04";"T1";"4.32623651"
"1995-04";"S1";"4.20079575"
"1995-04";"T2";"6781"
"1995-04";"S2";"9103.68692961"
"1995-04";"RS";"172731"
"1995-04";"E";"3621716"
"1995-05";"K";"10266"
"1995-05";"T0";"151959"
"1995-05";"S0";"151126.2058716"
"1995-05";"T1";"4.1957735"
"1995-05";"S1";"4.17277903"
"1995-05";"T2";"6354"
"1995-05";"S2";"9200.11068084"
"1995-05";"RS";"169820"
"1995-05";"E";"3621716"
"1995-06";"K";"10028"
"1995-06";"T0";"146342"
"1995-06";"S0";"150054.38600411"
"1995-06";"T1";"4.04068127"
"1995-06";"S1";"4.14318478"
"1995-06";"T2";"6535"
"1995-06";"S2";"9228.30102421"
"1995-06";"RS";"166300"
"1995-06";"E";"3621716"
"1995-07";"K";"6232"
"1995-07";"T0";"146104"
"1995-07";"S0";"150178.81665665"
"1995-07";"T1";"4.0341098"
"1995-07";"S1";"4.14662046"
"1995-07";"T2";"5665"
"1995-07";"S2";"9196.70223969"
"1995-07";"RS";"168070"
"1995-07";"E";"3621716"
"1995-08";"K";"6305"
"1995-08";"T0";"145726"
"1995-08";"S0";"149637.77273511"
"1995-08";"T1";"4.02367276"
"1995-08";"S1";"4.13168158"
"1995-08";"T2";"5534"
"1995-08";"S2";"9149.41317118"
"1995-08";"RS";"169043"
"1995-08";"E";"3621716"
"1995-09";"K";"7189"
"1995-09";"T0";"143458"
"1995-09";"S0";"149746.7751906"
"1995-09";"T1";"3.96105051"
"1995-09";"S1";"4.13469127"
"1995-09";"T2";"5410"
"1995-09";"S2";"9111.72984438"
"1995-09";"RS";"169689"
"1995-09";"E";"3621716"
"1995-10";"K";"9321"
"1995-10";"T0";"146364"
"1995-10";"S0";"149682.28413074"
"1995-10";"T1";"4.04128872"
"1995-10";"S1";"4.13291059"
"1995-10";"T2";"4982"
"1995-10";"S2";"9084.59302872"
"1995-10";"RS";"174170"
"1995-10";"E";"3621716"
"1995-11";"K";"10787"
"1995-11";"T0";"152102"
"1995-11";"S0";"149957.47744744"
"1995-11";"T1";"4.1997219"
"1995-11";"S1";"4.14050901"
"1995-11";"T2";"4535"
"1995-11";"S2";"9068.04785149"
"1995-11";"RS";"182041"
"1995-11";"E";"3621716"
"1995-12";"K";"9159"
"1995-12";"T0";"157115"
"1995-12";"S0";"149869.15842634"
"1995-12";"T1";"4.33813695"
"1995-12";"S1";"4.13807042"
"1995-12";"T2";"3702"
"1995-12";"S2";"9053.30030269"
"1995-12";"RS";"188416"
"1995-12";"E";"3621716"
"1996-01";"K";"12616"
"1996-01";"T0";"164656"
"1996-01";"S0";"151629.98164047"
"1996-01";"T1";"4.54635317"
"1996-01";"S1";"4.1866889"
"1996-01";"T2";"4646"
"1996-01";"S2";"9078.44216612"
"1996-01";"RS";"196999"
"1996-01";"E";"3621716"
"1996-02";"K";"18522"
"1996-02";"T0";"166102"
"1996-02";"S0";"153494.96570934"
"1996-02";"T1";"4.58627899"
"1996-02";"S1";"4.23818338"
"1996-02";"T2";"5369"
"1996-02";"S2";"9121.57305225"
"1996-02";"RS";"199542"
"1996-02";"E";"3621716"
"1996-03";"K";"20028"
"1996-03";"T0";"165305"
"1996-03";"S0";"156366.35115539"
"1996-03";"T1";"4.56427285"
"1996-03";"S1";"4.31746584"
"1996-03";"T2";"5868"
"1996-03";"S2";"9142.31544183"
"1996-03";"RS";"199551"
"1996-03";"E";"3621716"
"1996-04";"K";"16637"
"1996-04";"T0";"164151"
"1996-04";"S0";"159066.82500747"
"1996-04";"T1";"4.5324095"
"1996-04";"S1";"4.39202922"
"1996-04";"T2";"6353"
"1996-04";"S2";"9143.04668657"
"1996-04";"RS";"199393"
"1996-04";"E";"3621716"
"1996-05";"K";"15193"
"1996-05";"T0";"162377"
"1996-05";"S0";"161665.51933023"
"1996-05";"T1";"4.48342719"
"1996-05";"S1";"4.46378234"
"1996-05";"T2";"6272"
"1996-05";"S2";"9166.65292421"
"1996-05";"RS";"199135"
"1996-05";"E";"3621716"
"1996-06";"K";"15136"
"1996-06";"T0";"159964"
"1996-06";"S0";"164186.73215574"
"1996-06";"T1";"4.41680132"
"1996-06";"S1";"4.53339611"
"1996-06";"T2";"6388"
"1996-06";"S2";"9216.52809472"
"1996-06";"RS";"198161"
"1996-06";"E";"3621716"
"1996-07";"K";"6174"
"1996-07";"T0";"161586"
"1996-07";"S0";"166235.49597709"
"1996-07";"T1";"4.46158672"
"1996-07";"S1";"4.58996498"
"1996-07";"T2";"6246"
"1996-07";"S2";"9267.79422292"
"1996-07";"RS";"201144"
"1996-07";"E";"3621716"
"1996-08";"K";"5302"
"1996-08";"T0";"163705"
"1996-08";"S0";"168440.2341358"
"1996-08";"T1";"4.52009489"
"1996-08";"S1";"4.65084049"
"1996-08";"T2";"5850"
"1996-08";"S2";"9330.08779759"
"1996-08";"RS";"203260"
"1996-08";"E";"3621716"
"1996-09";"K";"9350"
"1996-09";"T0";"166409"
"1996-09";"S0";"172853.11381264"
"1996-09";"T1";"4.59475564"
"1996-09";"S1";"4.77268548"
"1996-09";"T2";"5224"
"1996-09";"S2";"9433.4775351"
"1996-09";"RS";"206938"
"1996-09";"E";"3621716"
"1996-10";"K";"12332"
"1996-10";"T0";"174107"
"1996-10";"S0";"177306.52820486"
"1996-10";"T1";"4.80730681"
"1996-10";"S1";"4.89564969"
"1996-10";"T2";"5344"
"1996-10";"S2";"9576.47861882"
"1996-10";"RS";"215965"
"1996-10";"E";"3621716"
"1996-11";"K";"14692"
"1996-11";"T0";"183026"
"1996-11";"S0";"180557.03336147"
"1996-11";"T1";"5.05357129"
"1996-11";"S1";"4.98540011"
"1996-11";"T2";"5218"
"1996-11";"S2";"9798.0676087"
"1996-11";"RS";"225690"
"1996-11";"E";"3621716"
"1996-12";"K";"10732"
"1996-12";"T0";"192171"
"1996-12";"S0";"183172.01913806"
"1996-12";"T1";"5.3060759"
"1996-12";"S1";"5.05760306"
"1996-12";"T2";"4488"
"1996-12";"S2";"10137.92810979"
"1996-12";"RS";"234998"
"1996-12";"E";"3621716"
"1997-01";"K";"14948"
"1997-01";"T0";"205501"
"1997-01";"S0";"190903.32004867"
"1997-01";"T1";"5.67413348"
"1997-01";"S1";"5.27107371"
"1997-01";"T2";"5794"
"1997-01";"S2";"10612.74448289"
"1997-01";"RS";"247914"
"1997-01";"E";"3621716"
"1997-02";"K";"16252"
"1997-02";"T0";"206291"
"1997-02";"S0";"192338.72392781"
"1997-02";"T1";"5.69594634"
"1997-02";"S1";"5.31070697"
"1997-02";"T2";"7508"
"1997-02";"S2";"11191.57762"
"1997-02";"RS";"251377"
"1997-02";"E";"3621716"
"1997-03";"K";"13227"
"1997-03";"T0";"202207"
"1997-03";"S0";"192463.44675583"
"1997-03";"T1";"5.58318212"
"1997-03";"S1";"5.31415072"
"1997-03";"T2";"8842"
"1997-03";"S2";"11793.05390641"
"1997-03";"RS";"249483"
"1997-03";"E";"3621716"
"1997-04";"K";"9410"
"1997-04";"T0";"197732"
"1997-04";"S0";"192148.29982205"
"1997-04";"T1";"5.4596219"
"1997-04";"S1";"5.30544912"
"1997-04";"T2";"9861"
"1997-04";"S2";"12339.47879377"
"1997-04";"RS";"247660"
"1997-04";"E";"3621716"
"1997-05";"K";"5548"
"1997-05";"T0";"192091"
"1997-05";"S0";"191622.59450284"
"1997-05";"T1";"5.30386701"
"1997-05";"S1";"5.29093376"
"1997-05";"T2";"10870"
"1997-05";"S2";"12799.30612038"
"1997-05";"RS";"244361"
"1997-05";"E";"3621716"
"1997-06";"K";"4260"
"1997-06";"T0";"185320"
"1997-06";"S0";"189668.17821261"
"1997-06";"T1";"5.11691143"
"1997-06";"S1";"5.23696994"
"1997-06";"T2";"10746"
"1997-06";"S2";"13176.67357505"
"1997-06";"RS";"241470"
"1997-06";"E";"3621716"
"1997-07";"K";"2599"
"1997-07";"T0";"182477"
"1997-07";"S0";"187422.73046861"
"1997-07";"T1";"5.03841273"
"1997-07";"S1";"5.17497039"
"1997-07";"T2";"10988"
"1997-07";"S2";"13495.40173977"
"1997-07";"RS";"241455"
"1997-07";"E";"3621716"
"1997-08";"K";"1707"
"1997-08";"T0";"180843"
"1997-08";"S0";"186006.04010738"
"1997-08";"T1";"4.993296"
"1997-08";"S1";"5.13585384"
"1997-08";"T2";"10186"
"1997-08";"S2";"13799.39074099"
"1997-08";"RS";"241032"
"1997-08";"E";"3621716"
"1997-09";"K";"2393"
"1997-09";"T0";"177229"
"1997-09";"S0";"183273.87330629"
"1997-09";"T1";"4.89350904"
"1997-09";"S1";"5.06041538"
"1997-09";"T2";"9885"
"1997-09";"S2";"14113.38055642"
"1997-09";"RS";"240072"
"1997-09";"E";"3621716"
"1997-10";"K";"2876"
"1997-10";"T0";"173484"
"1997-10";"S0";"176754.49004366"
"1997-10";"T1";"4.79010502"
"1997-10";"S1";"4.88040724"
"1997-10";"T2";"9799"
"1997-10";"S2";"14467.40980986"
"1997-10";"RS";"239729"
"1997-10";"E";"3621716"
"1997-11";"K";"2977"
"1997-11";"T0";"175927"
"1997-11";"S0";"173543.66968235"
"1997-11";"T1";"4.85755923"
"1997-11";"S1";"4.79175257"
"1997-11";"T2";"9823"
"1997-11";"S2";"14879.78104271"
"1997-11";"RS";"243922"
"1997-11";"E";"3621716"
"1997-12";"K";"3134"
"1997-12";"T0";"180549"
"1997-12";"S0";"170601.50852904"
"1997-12";"T1";"4.9851783"
"1997-12";"S1";"4.71051591"
"1997-12";"T2";"8950"
"1997-12";"S2";"15276.85656471"
"1997-12";"RS";"247862"
"1997-12";"E";"3621716"
"1998-01";"K";"4580"
"1998-01";"T0";"182492"
"1998-01";"S0";"168694.65700476"
"1998-01";"T1";"5.0388269"
"1998-01";"S1";"4.65786542"
"1998-01";"T2";"10667"
"1998-01";"S2";"15593.65574051"
"1998-01";"RS";"249222"
"1998-01";"E";"3621716"
"1998-02";"K";"6440"
"1998-02";"T0";"176548"
"1998-02";"S0";"163778.04431341"
"1998-02";"T1";"4.8747058"
"1998-02";"S1";"4.52211174"
"1998-02";"T2";"12374"
"1998-02";"S2";"15857.90437026"
"1998-02";"RS";"244901"
"1998-02";"E";"3621716"
"1998-03";"K";"5835"
"1998-03";"T0";"165683"
"1998-03";"S0";"157872.95034849"
"1998-03";"T1";"4.57470989"
"1998-03";"S1";"4.35906488"
"1998-03";"T2";"13185"
"1998-03";"S2";"16141.24489179"
"1998-03";"RS";"237986"
"1998-03";"E";"3621716"
"1998-04";"K";"3956"
"1998-04";"T0";"153897"
"1998-04";"S0";"150848.71104451"
"1998-04";"T1";"4.24928404"
"1998-04";"S1";"4.16511706"
"1998-04";"T2";"14366"
"1998-04";"S2";"16485.83733465"
"1998-04";"RS";"230199"
"1998-04";"E";"3621716"
"1998-05";"K";"2696"
"1998-05";"T0";"142360"
"1998-05";"S0";"144029.40530738"
"1998-05";"T1";"3.93073339"
"1998-05";"S1";"3.97682771"
"1998-05";"T2";"14892"
"1998-05";"S2";"16862.70467052"
"1998-05";"RS";"221901"
"1998-05";"E";"3621716"
"1998-06";"K";"1753"
"1998-06";"T0";"130779"
"1998-06";"S0";"135682.69796833"
"1998-06";"T1";"3.61096784"
"1998-06";"S1";"3.74636493"
"1998-06";"T2";"15874"
"1998-06";"S2";"17194.07925303"
"1998-06";"RS";"213117"
"1998-06";"E";"3621716"
"1998-07";"K";"994"
"1998-07";"T0";"125994"
"1998-07";"S0";"130855.10905326"
"1998-07";"T1";"3.47884815"
"1998-07";"S1";"3.6130693"
"1998-07";"T2";"15046"
"1998-07";"S2";"17417.00825912"
"1998-07";"RS";"208370"
"1998-07";"E";"3621716"
"1998-08";"K";"807"
"1998-08";"T0";"122225"
"1998-08";"S0";"127105.55463256"
"1998-08";"T1";"3.37478146"
"1998-08";"S1";"3.50953953"
"1998-08";"T2";"13798"
"1998-08";"S2";"17530.45267457"
"1998-08";"RS";"203214"
"1998-08";"E";"3621716"
"1998-09";"K";"1842"
"1998-09";"T0";"117544"
"1998-09";"S0";"122385.81235993"
"1998-09";"T1";"3.24553333"
"1998-09";"S1";"3.37922168"
"1998-09";"T2";"13229"
"1998-09";"S2";"17656.29813568"
"1998-09";"RS";"199869"
"1998-09";"E";"3621716"
"1998-10";"K";"2520"
"1998-10";"T0";"115513"
"1998-10";"S0";"118690.69471033"
"1998-10";"T1";"3.18945494"
"1998-10";"S1";"3.27719497"
"1998-10";"T2";"12098"
"1998-10";"S2";"17903.38158825"
"1998-10";"RS";"198003"
"1998-10";"E";"3621716"
"1998-11";"K";"3285"
"1998-11";"T0";"118576"
"1998-11";"S0";"116428.87172872"
"1998-11";"T1";"3.27402811"
"1998-11";"S1";"3.21474328"
"1998-11";"T2";"12465"
"1998-11";"S2";"18231.88564174"
"1998-11";"RS";"200202"
"1998-11";"E";"3621716"
"1998-12";"K";"2339"
"1998-12";"T0";"124309"
"1998-12";"S0";"114914.4056415"
"1998-12";"T1";"3.43232324"
"1998-12";"S1";"3.17292702"
"1998-12";"T2";"11930"
"1998-12";"S2";"18469.74186577"
"1998-12";"RS";"203228"
"1998-12";"E";"3621716"
"1999-01";"K";"3872"
"1999-01";"T0";"125883"
"1999-01";"S0";"112927.41384725"
"1999-01";"T1";"3.4757833"
"1999-01";"S1";"3.11806375"
"1999-01";"T2";"13592"
"1999-01";"S2";"18512.99908608"
"1999-01";"RS";"202752"
"1999-01";"E";"3621716"
"1999-02";"K";"6320"
"1999-02";"T0";"122026"
"1999-02";"S0";"110246.21132477"
"1999-02";"T1";"3.36928682"
"1999-02";"S1";"3.04403248"
"1999-02";"T2";"14855"
"1999-02";"S2";"18393.80134"
"1999-02";"RS";"199228"
"1999-02";"E";"3621716"
"1999-03";"K";"5347"
"1999-03";"T0";"114073"
"1999-03";"S0";"107203.10646979"
"1999-03";"T1";"3.14969479"
"1999-03";"S1";"2.96000864"
"1999-03";"T2";"15630"
"1999-03";"S2";"18239.6257536"
"1999-03";"RS";"191859"
"1999-03";"E";"3621716"
"1999-04";"K";"4467"
"1999-04";"T0";"105912"
"1999-04";"S0";"103796.69583549"
"1999-04";"T1";"2.92435961"
"1999-04";"S1";"2.86595348"
"1999-04";"T2";"16168"
"1999-04";"S2";"18175.06882873"
"1999-04";"RS";"183055"
"1999-04";"E";"3621716"
"1999-05";"K";"3460"
"1999-05";"T0";"98598"
"1999-05";"S0";"100712.12998857"
"1999-05";"T1";"2.72241114"
"1999-05";"S1";"2.78078485"
"1999-05";"T2";"16412"
"1999-05";"S2";"18225.56108691"
"1999-05";"RS";"175138"
"1999-05";"E";"3621716"
"1999-06";"K";"2929"
"1999-06";"T0";"92399"
"1999-06";"S0";"97721.38137886"
"1999-06";"T1";"2.55124919"
"1999-06";"S1";"2.69820663"
"1999-06";"T2";"16466"
"1999-06";"S2";"18323.60175559"
"1999-06";"RS";"167516"
"1999-06";"E";"3621716"
"1999-07";"K";"1133"
"1999-07";"T0";"90122"
"1999-07";"S0";"95676.46533608"
"1999-07";"T1";"2.48837844"
"1999-07";"S1";"2.64174401"
"1999-07";"T2";"15884"
"1999-07";"S2";"18415.37719298"
"1999-07";"RS";"162771"
"1999-07";"E";"3621716"
"1999-08";"K";"824"
"1999-08";"T0";"87487"
"1999-08";"S0";"92756.10976534"
"1999-08";"T1";"2.41562287"
"1999-08";"S1";"2.56110942"
"1999-08";"T2";"14422"
"1999-08";"S2";"18430.60444313"
"1999-08";"RS";"157526"
"1999-08";"E";"3621716"
"1999-09";"K";"1183"
"1999-09";"T0";"85096"
"1999-09";"S0";"90150.96078156"
"1999-09";"T1";"2.34960444"
"1999-09";"S1";"2.48917808"
"1999-09";"T2";"14423"
"1999-09";"S2";"18248.62569923"
"1999-09";"RS";"153279"
"1999-09";"E";"3621716"
"1999-10";"K";"1620"
"1999-10";"T0";"84263"
"1999-10";"S0";"87706.83245479"
"1999-10";"T1";"2.32660429"
"1999-10";"S1";"2.42169271"
"1999-10";"T2";"13062"
"1999-10";"S2";"17838.04303885"
"1999-10";"RS";"151272"
"1999-10";"E";"3621716"
"1999-11";"K";"1797"
"1999-11";"T0";"86328"
"1999-11";"S0";"84572.87902268"
"1999-11";"T1";"2.38362147"
"1999-11";"S1";"2.33516043"
"1999-11";"T2";"11812"
"1999-11";"S2";"17383.00073037"
"1999-11";"RS";"152497"
"1999-11";"E";"3621716"
"1999-12";"K";"1471"
"1999-12";"T0";"91041"
"1999-12";"S0";"82316.14309905"
"1999-12";"T1";"2.51375315"
"1999-12";"S1";"2.2728492"
"1999-12";"T2";"10440"
"1999-12";"S2";"17111.95579791"
"1999-12";"RS";"154154"
"1999-12";"E";"3621716"
"2000-01";"K";"4722"
"2000-01";"T0";"92631"
"2000-01";"S0";"80095.24144576"
"2000-01";"T1";"2.34687818"
"2000-01";"S1";"2.02927502"
"2000-01";"T2";"12076"
"2000-01";"S2";"17065.86852625"
"2000-01";"RS";"152261"
"2000-01";"E";"3946988"
"2000-02";"K";"2832"
"2000-02";"T0";"88702"
"2000-02";"S0";"77874.50385365"
"2000-02";"T1";"2.24733392"
"2000-02";"S1";"1.97301091"
"2000-02";"T2";"14394"
"2000-02";"S2";"17170.77144088"
"2000-02";"RS";"148127"
"2000-02";"E";"3946988"
"2000-03";"K";"1864"
"2000-03";"T0";"81548"
"2000-03";"S0";"75463.51323797"
"2000-03";"T1";"2.06608178"
"2000-03";"S1";"1.91192659"
"2000-03";"T2";"15008"
"2000-03";"S2";"17302.67563919"
"2000-03";"RS";"140225"
"2000-03";"E";"3946988"
"2000-04";"K";"1392"
"2000-04";"T0";"75642"
"2000-04";"S0";"74024.54136282"
"2000-04";"T1";"1.91644869"
"2000-04";"S1";"1.87546913"
"2000-04";"T2";"14505"
"2000-04";"S2";"17408.56647217"
"2000-04";"RS";"132761"
"2000-04";"E";"3946988"
"2000-05";"K";"813"
"2000-05";"T0";"69788"
"2000-05";"S0";"72088.74975516"
"2000-05";"T1";"1.76813307"
"2000-05";"S1";"1.82642435"
"2000-05";"T2";"15724"
"2000-05";"S2";"17447.57117768"
"2000-05";"RS";"125283"
"2000-05";"E";"3946988"
"2000-06";"K";"1529"
"2000-06";"T0";"65962"
"2000-06";"S0";"71568.20422933"
"2000-06";"T1";"1.67119839"
"2000-06";"S1";"1.81323592"
"2000-06";"T2";"15620"
"2000-06";"S2";"17446.30325741"
"2000-06";"RS";"119828"
"2000-06";"E";"3946988"
"2000-07";"K";"355"
"2000-07";"T0";"65140"
"2000-07";"S0";"70858.70876675"
"2000-07";"T1";"1.65037239"
"2000-07";"S1";"1.7952603"
"2000-07";"T2";"13463"
"2000-07";"S2";"17379.78527159"
"2000-07";"RS";"116250"
"2000-07";"E";"3946988"
"2000-08";"K";"207"
"2000-08";"T0";"63708"
"2000-08";"S0";"69381.54319062"
"2000-08";"T1";"1.61409156"
"2000-08";"S1";"1.75783517"
"2000-08";"T2";"13071"
"2000-08";"S2";"17278.27942545"
"2000-08";"RS";"112612"
"2000-08";"E";"3946988"
"2000-09";"K";"224"
"2000-09";"T0";"62329"
"2000-09";"S0";"68111.51733184"
"2000-09";"T1";"1.57915352"
"2000-09";"S1";"1.72565808"
"2000-09";"T2";"13059"
"2000-09";"S2";"17231.68562896"
"2000-09";"RS";"110089"
"2000-09";"E";"3946988"
"2000-10";"K";"900"
"2000-10";"T0";"62953"
"2000-10";"S0";"66170.46986821"
"2000-10";"T1";"1.59496305"
"2000-10";"S1";"1.67648014"
"2000-10";"T2";"12296"
"2000-10";"S2";"17287.94177362"
"2000-10";"RS";"109806"
"2000-10";"E";"3946988"
"2000-11";"K";"344"
"2000-11";"T0";"65721"
"2000-11";"S0";"63764.17332243"
"2000-11";"T1";"1.66509247"
"2000-11";"S1";"1.61551475"
"2000-11";"T2";"12159"
"2000-11";"S2";"17351.30247687"
"2000-11";"RS";"112616"
"2000-11";"E";"3946988"
"2000-12";"K";"443"
"2000-12";"T0";"69724"
"2000-12";"S0";"61844.65728996"
"2000-12";"T1";"1.76651158"
"2000-12";"S1";"1.56688232"
"2000-12";"T2";"10817"
"2000-12";"S2";"17343.48887367"
"2000-12";"RS";"115732"
"2000-12";"E";"3946988"
"2001-01";"K";"845"
"2001-01";"T0";"72295"
"2001-01";"S0";"59999.20541241"
"2001-01";"T1";"1.83164986"
"2001-01";"S1";"1.52012637"
"2001-01";"T2";"12465"
"2001-01";"S2";"17239.66465659"
"2001-01";"RS";"116770"
"2001-01";"E";"3946988"
"2001-02";"K";"1101"
"2001-02";"T0";"69766"
"2001-02";"S0";"59275.23247655"
"2001-02";"T1";"1.76757568"
"2001-02";"S1";"1.50178395"
"2001-02";"T2";"14155"
"2001-02";"S2";"17056.17167341"
"2001-02";"RS";"114575"
"2001-02";"E";"3946988"
"2001-03";"K";"1477"
"2001-03";"T0";"65625"
"2001-03";"S0";"60201.29050764"
"2001-03";"T1";"1.66266024"
"2001-03";"S1";"1.52524635"
"2001-03";"T2";"14559"
"2001-03";"S2";"16822.59891119"
"2001-03";"RS";"110115"
"2001-03";"E";"3946988"
"2001-04";"K";"996"
"2001-04";"T0";"63032"
"2001-04";"S0";"61216.91254687"
"2001-04";"T1";"1.59696457"
"2001-04";"S1";"1.55097792"
"2001-04";"T2";"14037"
"2001-04";"S2";"16553.54389005"
"2001-04";"RS";"105857"
"2001-04";"E";"3946988"
"2001-05";"K";"1536"
"2001-05";"T0";"61097"
"2001-05";"S0";"63377.44567462"
"2001-05";"T1";"1.54793985"
"2001-05";"S1";"1.60571671"
"2001-05";"T2";"14195"
"2001-05";"S2";"16214.13643813"
"2001-05";"RS";"102990"
"2001-05";"E";"3946988"
"2001-06";"K";"1429"
"2001-06";"T0";"59176"
"2001-06";"S0";"65109.0131393"
"2001-06";"T1";"1.49926982"
"2001-06";"S1";"1.64958731"
"2001-06";"T2";"13611"
"2001-06";"S2";"15823.38760755"
"2001-06";"RS";"100812"
"2001-06";"E";"3946988"
"2001-07";"K";"1183"
"2001-07";"T0";"60166"
"2001-07";"S0";"66098.41987899"
"2001-07";"T1";"1.52435224"
"2001-07";"S1";"1.6746547"
"2001-07";"T2";"12064"
"2001-07";"S2";"15475.3404009"
"2001-07";"RS";"100534"
"2001-07";"E";"3946988"
"2001-08";"K";"1667"
"2001-08";"T0";"61079"
"2001-08";"S0";"66899.75087672"
"2001-08";"T1";"1.5474838"
"2001-08";"S1";"1.69495704"
"2001-08";"T2";"11259"
"2001-08";"S2";"15276.88024098"
"2001-08";"RS";"100552"
"2001-08";"E";"3946988"
"2001-09";"K";"3618"
"2001-09";"T0";"62170"
"2001-09";"S0";"67801.12114306"
"2001-09";"T1";"1.57512513"
"2001-09";"S1";"1.71779395"
"2001-09";"T2";"10760"
"2001-09";"S2";"15252.46176422"
"2001-09";"RS";"101302"
"2001-09";"E";"3946988"
"2001-10";"K";"7166"
"2001-10";"T0";"68298"
"2001-10";"S0";"71279.9528815"
"2001-10";"T1";"1.73038276"
"2001-10";"S1";"1.80593285"
"2001-10";"T2";"10836"
"2001-10";"S2";"15255.40941894"
"2001-10";"RS";"108910"
"2001-10";"E";"3946988"
"2001-11";"K";"11415"
"2001-11";"T0";"77633"
"2001-11";"S0";"75379.59850385"
"2001-11";"T1";"1.96689222"
"2001-11";"S1";"1.90980055"
"2001-11";"T2";"11578"
"2001-11";"S2";"15104.4240517"
"2001-11";"RS";"120808"
"2001-11";"E";"3946988"
"2001-12";"K";"11025"
"2001-12";"T0";"86027"
"2001-12";"S0";"77934.37870031"
"2001-12";"T1";"2.17956072"
"2001-12";"S1";"1.97452789"
"2001-12";"T2";"9488"
"2001-12";"S2";"14734.39065854"
"2001-12";"RS";"129849"
"2001-12";"E";"3946988"
"2002-01";"K";"18485"
"2002-01";"T0";"93714"
"2002-01";"S0";"80983.98434447"
"2002-01";"T1";"2.37431682"
"2002-01";"S1";"2.05179201"
"2002-01";"T2";"9531"
"2002-01";"S2";"14251.0481202"
"2002-01";"RS";"138443"
"2002-01";"E";"3946988"
"2002-02";"K";"18855"
"2002-02";"T0";"94472"
"2002-02";"S0";"83539.84503719"
"2002-02";"T1";"2.39352134"
"2002-02";"S1";"2.11654672"
"2002-02";"T2";"10859"
"2002-02";"S2";"13795.17613618"
"2002-02";"RS";"140581"
"2002-02";"E";"3946988"
"2002-03";"K";"18403"
"2002-03";"T0";"92371"
"2002-03";"S0";"86369.24143472"
"2002-03";"T1";"2.34029087"
"2002-03";"S1";"2.18823167"
"2002-03";"T2";"10964"
"2002-03";"S2";"13437.78085427"
"2002-03";"RS";"140468"
"2002-03";"E";"3946988"
"2002-04";"K";"18065"
"2002-04";"T0";"92025"
"2002-04";"S0";"89818.96435712"
"2002-04";"T1";"2.3315247"
"2002-04";"S1";"2.27563307"
"2002-04";"T2";"10521"
"2002-04";"S2";"13158.67009016"
"2002-04";"RS";"140054"
"2002-04";"E";"3946988"
"2002-05";"K";"14278"
"2002-05";"T0";"90930"
"2002-05";"S0";"92892.47725163"
"2002-05";"T1";"2.30378202"
"2002-05";"S1";"2.35350291"
"2002-05";"T2";"10457"
"2002-05";"S2";"12968.42628363"
"2002-05";"RS";"139202"
"2002-05";"E";"3946988"
"2002-06";"K";"12743"
"2002-06";"T0";"90705"
"2002-06";"S0";"96256.24945769"
"2002-06";"T1";"2.29808147"
"2002-06";"S1";"2.43872668"
"2002-06";"T2";"9912"
"2002-06";"S2";"12841.08219159"
"2002-06";"RS";"139715"
"2002-06";"E";"3946988"
"2002-07";"K";"4940"
"2002-07";"T0";"92948"
"2002-07";"S0";"99097.29660292"
"2002-07";"T1";"2.35490962"
"2002-07";"S1";"2.51070681"
"2002-07";"T2";"9594"
"2002-07";"S2";"12780.46978698"
"2002-07";"RS";"142271"
"2002-07";"E";"3946988"
"2002-08";"K";"4895"
"2002-08";"T0";"96362"
"2002-08";"S0";"101934.87714401"
"2002-08";"T1";"2.44140595"
"2002-08";"S1";"2.58259911"
"2002-08";"T2";"8880"
"2002-08";"S2";"12715.25284275"
"2002-08";"RS";"145202"
"2002-08";"E";"3946988"
"2002-09";"K";"7851"
"2002-09";"T0";"101889"
"2002-09";"S0";"106641.04299595"
"2002-09";"T1";"2.58143678"
"2002-09";"S1";"2.70183347"
"2002-09";"T2";"8267"
"2002-09";"S2";"12608.80234639"
"2002-09";"RS";"151503"
"2002-09";"E";"3946988"
"2002-10";"K";"9542"
"2002-10";"T0";"110197"
"2002-10";"S0";"112340.72412362"
"2002-10";"T1";"2.7919264"
"2002-10";"S1";"2.84623931"
"2002-10";"T2";"8162"
"2002-10";"S2";"12470.43032709"
"2002-10";"RS";"161105"
"2002-10";"E";"3946988"
"2002-11";"K";"12410"
"2002-11";"T0";"120627"
"2002-11";"S0";"117888.95395456"
"2002-11";"T1";"3.05617853"
"2002-11";"S1";"2.98680802"
"2002-11";"T2";"7441"
"2002-11";"S2";"12343.00288539"
"2002-11";"RS";"173500"
"2002-11";"E";"3946988"
"2002-12";"K";"8889"
"2002-12";"T0";"129809"
"2002-12";"S0";"120886.60360756"
"2002-12";"T1";"3.28881162"
"2002-12";"S1";"3.06275579"
"2002-12";"T2";"6671"
"2002-12";"S2";"12285.04733776"
"2002-12";"RS";"183262"
"2002-12";"E";"3946988"
"2003-01";"K";"15202"
"2003-01";"T0";"138944"
"2003-01";"S0";"125362.77815963"
"2003-01";"T1";"3.52025393"
"2003-01";"S1";"3.17616314"
"2003-01";"T2";"7936"
"2003-01";"S2";"12252.90172595"
"2003-01";"RS";"192586"
"2003-01";"E";"3946988"
"2003-02";"K";"14602"
"2003-02";"T0";"142023"
"2003-02";"S0";"130151.37068482"
"2003-02";"T1";"3.59826278"
"2003-02";"S1";"3.29748585"
"2003-02";"T2";"9115"
"2003-02";"S2";"12185.38768438"
"2003-02";"RS";"197493"
"2003-02";"E";"3946988"
"2003-03";"K";"16145"
"2003-03";"T0";"141808"
"2003-03";"S0";"134625.43683889"
"2003-03";"T1";"3.59281558"
"2003-03";"S1";"3.41083978"
"2003-03";"T2";"9684"
"2003-03";"S2";"12037.43643894"
"2003-03";"RS";"199702"
"2003-03";"E";"3946988"
"2003-04";"K";"16427"
"2003-04";"T0";"141624"
"2003-04";"S0";"138630.35017044"
"2003-04";"T1";"3.5881538"
"2003-04";"S1";"3.51230736"
"2003-04";"T2";"9014"
"2003-04";"S2";"11846.75462722"
"2003-04";"RS";"200654"
"2003-04";"E";"3946988"
"2003-05";"K";"16909"
"2003-05";"T0";"140609"
"2003-05";"S0";"142486.2504177"
"2003-05";"T1";"3.56243799"
"2003-05";"S1";"3.60999958"
"2003-05";"T2";"8682"
"2003-05";"S2";"11742.60521805"
"2003-05";"RS";"201123"
"2003-05";"E";"3946988"
"2003-06";"K";"14836"
"2003-06";"T0";"140485"
"2003-06";"S0";"145630.52702573"
"2003-06";"T1";"3.55929635"
"2003-06";"S1";"3.68966227"
"2003-06";"T2";"8737"
"2003-06";"S2";"11798.5919196"
"2003-06";"RS";"201919"
"2003-06";"E";"3946988"
"2003-07";"K";"8416"
"2003-07";"T0";"141699"
"2003-07";"S0";"147749.9338512"
"2003-07";"T1";"3.59005399"
"2003-07";"S1";"3.74335908"
"2003-07";"T2";"8730"
"2003-07";"S2";"11979.84159381"
"2003-07";"RS";"203712"
"2003-07";"E";"3946988"
"2003-08";"K";"8893"
"2003-08";"T0";"143672"
"2003-08";"S0";"148366.1874014"
"2003-08";"T1";"3.64004147"
"2003-08";"S1";"3.75897235"
"2003-08";"T2";"8307"
"2003-08";"S2";"12165.39067534"
"2003-08";"RS";"205636"
"2003-08";"E";"3946988"
"2003-09";"K";"9951"
"2003-09";"T0";"146688"
"2003-09";"S0";"150886.24425136"
"2003-09";"T1";"3.71645417"
"2003-09";"S1";"3.82281994"
"2003-09";"T2";"8175"
"2003-09";"S2";"12265.64388851"
"2003-09";"RS";"209495"
"2003-09";"E";"3946988"
"2003-10";"K";"11928"
"2003-10";"T0";"151259"
"2003-10";"S0";"152467.40617466"
"2003-10";"T1";"3.83226399"
"2003-10";"S1";"3.8628799"
"2003-10";"T2";"7844"
"2003-10";"S2";"12336.71528706"
"2003-10";"RS";"215050"
"2003-10";"E";"3946988"
"2003-11";"K";"10457"
"2003-11";"T0";"156598"
"2003-11";"S0";"153057.49590835"
"2003-11";"T1";"3.9675317"
"2003-11";"S1";"3.87783028"
"2003-11";"T2";"7652"
"2003-11";"S2";"12482.26477714"
"2003-11";"RS";"222282"
"2003-11";"E";"3946988"
"2003-12";"K";"7037"
"2003-12";"T0";"162835"
"2003-12";"S0";"153167.97188058"
"2003-12";"T1";"4.12555093"
"2003-12";"S1";"3.88062928"
"2003-12";"T2";"6043"
"2003-12";"S2";"12774.38151904"
"2003-12";"RS";"228245"
"2003-12";"E";"3946988"
"2004-01";"K";"9464"
"2004-01";"T0";"168163"
"2004-01";"S0";"154206.09082591"
"2004-01";"T1";"4.26053994"
"2004-01";"S1";"3.90693082"
"2004-01";"T2";"9451"
"2004-01";"S2";"13163.11898742"
"2004-01";"RS";"232197"
"2004-01";"E";"3946988"
"2004-02";"K";"9981"
"2004-02";"T0";"165979"
"2004-02";"S0";"154359.31124987"
"2004-02";"T1";"4.2052066"
"2004-02";"S1";"3.91081278"
"2004-02";"T2";"11189"
"2004-02";"S2";"13541.78189633"
"2004-02";"RS";"231361"
"2004-02";"E";"3946988"
"2004-03";"K";"10196"
"2004-03";"T0";"160849"
"2004-03";"S0";"154847.10297364"
"2004-03";"T1";"4.07523408"
"2004-03";"S1";"3.92317136"
"2004-03";"T2";"11513"
"2004-03";"S2";"13837.37512136"
"2004-03";"RS";"228212"
"2004-03";"E";"3946988"
"2004-04";"K";"7020"
"2004-04";"T0";"155061"
"2004-04";"S0";"154260.28771433"
"2004-04";"T1";"3.92859061"
"2004-04";"S1";"3.90830395"
"2004-04";"T2";"11211"
"2004-04";"S2";"13837.42652349"
"2004-04";"RS";"222858"
"2004-04";"E";"3946988"
"2004-05";"K";"5273"
"2004-05";"T0";"148816"
"2004-05";"S0";"154161.76055555"
"2004-05";"T1";"3.7703687"
"2004-05";"S1";"3.90580768"
"2004-05";"T2";"9592"
"2004-05";"S2";"12387.72206204"
"2004-05";"RS";"216377"
"2004-05";"E";"3946988"
"2004-06";"K";"4423"
"2004-06";"T0";"144103"
"2004-06";"S0";"154456.1834038"
"2004-06";"T1";"3.65096119"
"2004-06";"S1";"3.91326711"
"2004-06";"T2";"9568"
"2004-06";"S2";"12280.21463578"
"2004-06";"RS";"212588"
"2004-06";"E";"3946988"
"2004-07";"K";"2037"
"2004-07";"T0";"143125"
"2004-07";"S0";"153326.98586643"
"2004-07";"T1";"3.6261828"
"2004-07";"S1";"3.88465802"
"2004-07";"T2";"8577"
"2004-07";"S2";"12077.18320125"
"2004-07";"RS";"210740"
"2004-07";"E";"3946988"
"2004-08";"K";"1776"
"2004-08";"T0";"145923"
"2004-08";"S0";"153082.67106564"
"2004-08";"T1";"3.6970723"
"2004-08";"S1";"3.87846811"
"2004-08";"T2";"7909"
"2004-08";"S2";"11874.56491852"
"2004-08";"RS";"212785"
"2004-08";"E";"3946988"
"2004-09";"K";"2786"
"2004-09";"T0";"146341"
"2004-09";"S0";"152731.77203098"
"2004-09";"T1";"3.70766265"
"2004-09";"S1";"3.86957782"
"2004-09";"T2";"7696"
"2004-09";"S2";"11767.33347905"
"2004-09";"RS";"213733"
"2004-09";"E";"3946988"
"2004-10";"K";"3272"
"2004-10";"T0";"147911"
"2004-10";"S0";"151518.73151342"
"2004-10";"T1";"3.74743982"
"2004-10";"S1";"3.83884449"
"2004-10";"T2";"7264"
"2004-10";"S2";"11785.05926814"
"2004-10";"RS";"215504"
"2004-10";"E";"3946988"
"2004-11";"K";"3812"
"2004-11";"T0";"152409"
"2004-11";"S0";"151056.35783033"
"2004-11";"T1";"3.86140014"
"2004-11";"S1";"3.8271299"
"2004-11";"T2";"7376"
"2004-11";"S2";"11859.51132287"
"2004-11";"RS";"222102"
"2004-11";"E";"3946988"
"2004-12";"K";"3366"
"2004-12";"T0";"158416"
"2004-12";"S0";"149487.57599792"
"2004-12";"T1";"4.01359214"
"2004-12";"S1";"3.78738359"
"2004-12";"T2";"6359"
"2004-12";"S2";"11878.55944541"
"2004-12";"RS";"227634"
"2004-12";"E";"3946988"
"2005-01";"K";"4831"
"2005-01";"T0";"162032"
"2005-01";"S0";"148543.15034016"
"2005-01";"T1";"4.1052063"
"2005-01";"S1";"3.76345584"
"2005-01";"T2";"7616"
"2005-01";"S2";"11841.59869547"
"2005-01";"RS";"229624"
"2005-01";"E";"3946988"
"2005-02";"K";"5296"
"2005-02";"T0";"160451"
"2005-02";"S0";"149189.51102222"
"2005-02";"T1";"4.06515044"
"2005-02";"S1";"3.77983189"
"2005-02";"T2";"8648"
"2005-02";"S2";"11811.63801734"
"2005-02";"RS";"228701"
"2005-02";"E";"3946988"
"2005-03";"K";"5691"
"2005-03";"T0";"155681"
"2005-03";"S0";"149932.28112301"
"2005-03";"T1";"3.94429879"
"2005-03";"S1";"3.79865054"
"2005-03";"T2";"9121"
"2005-03";"S2";"11866.80356735"
"2005-03";"RS";"224525"
"2005-03";"E";"3946988"
"2005-04";"K";"3955"
"2005-04";"T0";"150671"
"2005-04";"S0";"149953.88114578"
"2005-04";"T1";"3.81736656"
"2005-04";"S1";"3.7991978"
"2005-04";"T2";"9334"
"2005-04";"S2";"12036.29702728"
"2005-04";"RS";"219020"
"2005-04";"E";"3946988"
"2005-05";"K";"3165"
"2005-05";"T0";"145370"
"2005-05";"S0";"150630.12501077"
"2005-05";"T1";"3.68306162"
"2005-05";"S1";"3.81633096"
"2005-05";"T2";"9447"
"2005-05";"S2";"12255.07262594"
"2005-05";"RS";"214024"
"2005-05";"E";"3946988"
"2005-06";"K";"3101"
"2005-06";"T0";"140661"
"2005-06";"S0";"150929.29881551"
"2005-06";"T1";"3.56375545"
"2005-06";"S1";"3.82391076"
"2005-06";"T2";"9597"
"2005-06";"S2";"12465.05813945"
"2005-06";"RS";"210257"
"2005-06";"E";"3946988"
"2005-07";"K";"1813"
"2005-07";"T0";"139902"
"2005-07";"S0";"149903.03692234"
"2005-07";"T1";"3.5445256"
"2005-07";"S1";"3.79790962"
"2005-07";"T2";"9128"
"2005-07";"S2";"12654.86450925"
"2005-07";"RS";"208300"
"2005-07";"E";"3946988"
"2005-08";"K";"2075"
"2005-08";"T0";"142359"
"2005-08";"S0";"149406.74891065"
"2005-08";"T1";"3.6067756"
"2005-08";"S1";"3.78533578"
"2005-08";"T2";"8975"
"2005-08";"S2";"12836.25725459"
"2005-08";"RS";"210114"
"2005-08";"E";"3946988"
"2005-09";"K";"2050"
"2005-09";"T0";"142728"
"2005-09";"S0";"149015.00500518"
"2005-09";"T1";"3.6161245"
"2005-09";"S1";"3.77541064"
"2005-09";"T2";"8951"
"2005-09";"S2";"12991.51394689"
"2005-09";"RS";"210888"
"2005-09";"E";"3946988"
"2005-10";"K";"2452"
"2005-10";"T0";"144066"
"2005-10";"S0";"147483.91931983"
"2005-10";"T1";"3.65002376"
"2005-10";"S1";"3.7366194"
"2005-10";"T2";"8874"
"2005-10";"S2";"13097.96140629"
"2005-10";"RS";"212534"
"2005-10";"E";"3946988"
"2005-11";"K";"2852"
"2005-11";"T0";"146762"
"2005-11";"S0";"145437.82647036"
"2005-11";"T1";"3.71832901"
"2005-11";"S1";"3.68478005"
"2005-11";"T2";"8593"
"2005-11";"S2";"13197.58942468"
"2005-11";"RS";"216859"
"2005-11";"E";"3946988"
"2005-12";"K";"1917"
"2005-12";"T0";"151764"
"2005-12";"S0";"143022.93172031"
"2005-12";"T1";"3.84505856"
"2005-12";"S1";"3.62359682"
"2005-12";"T2";"7341"
"2005-12";"S2";"13343.09750736"
"2005-12";"RS";"220999"
"2005-12";"E";"3946988"
"2006-01";"K";"2778"
"2006-01";"T0";"154204"
"2006-01";"S0";"141049.97535948"
"2006-01";"T1";"3.90687785"
"2006-01";"S1";"3.57361044"
"2006-01";"T2";"9287"
"2006-01";"S2";"13579.00919696"
"2006-01";"RS";"221825"
"2006-01";"E";"3946988"
"2006-02";"K";"2712"
"2006-02";"T0";"150099"
"2006-02";"S0";"139447.91684123"
"2006-02";"T1";"3.8028745"
"2006-02";"S1";"3.53302105"
"2006-02";"T2";"10971"
"2006-02";"S2";"13906.04924501"
"2006-02";"RS";"218394"
"2006-02";"E";"3946988"
"2006-03";"K";"2330"
"2006-03";"T0";"143249"
"2006-03";"S0";"137963.53644292"
"2006-03";"T1";"3.62932444"
"2006-03";"S1";"3.49541312"
"2006-03";"T2";"11721"
"2006-03";"S2";"14312.55487465"
"2006-03";"RS";"212486"
"2006-03";"E";"3946988"
"2006-04";"K";"1626"
"2006-04";"T0";"136360"
"2006-04";"S0";"135720.80699903"
"2006-04";"T1";"3.45478628"
"2006-04";"S1";"3.43859183"
"2006-04";"T2";"10888"
"2006-04";"S2";"14682.20113192"
"2006-04";"RS";"204316"
"2006-04";"E";"3946988"
"2006-05";"K";"1136"
"2006-05";"T0";"129486"
"2006-05";"S0";"134222.59091876"
"2006-05";"T1";"3.28062817"
"2006-05";"S1";"3.40063337"
"2006-05";"T2";"12370"
"2006-05";"S2";"14978.34033249"
"2006-05";"RS";"196638"
"2006-05";"E";"3946988"
"2006-06";"K";"1107"
"2006-06";"T0";"122837"
"2006-06";"S0";"132122.07821802"
"2006-06";"T1";"3.1121706"
"2006-06";"S1";"3.34741525"
"2006-06";"T2";"12559"
"2006-06";"S2";"15176.63979225"
"2006-06";"RS";"189892"
"2006-06";"E";"3946988"
"2006-07";"K";"549"
"2006-07";"T0";"121725"
"2006-07";"S0";"130521.28994521"
"2006-07";"T1";"3.08399722"
"2006-07";"S1";"3.30685804"
"2006-07";"T2";"11529"
"2006-07";"S2";"15268.4652365"
"2006-07";"RS";"186936"
"2006-07";"E";"3946988"
"2006-08";"K";"527"
"2006-08";"T0";"123074"
"2006-08";"S0";"129282.33986054"
"2006-08";"T1";"3.11817518"
"2006-08";"S1";"3.27546828"
"2006-08";"T2";"11782"
"2006-08";"S2";"15295.9705084"
"2006-08";"RS";"186654"
"2006-08";"E";"3946988"
"2006-09";"K";"792"
"2006-09";"T0";"121876"
"2006-09";"S0";"127503.89427493"
"2006-09";"T1";"3.08782292"
"2006-09";"S1";"3.23040998"
"2006-09";"T2";"11266"
"2006-09";"S2";"15352.87779709"
"2006-09";"RS";"184880"
"2006-09";"E";"3946988"
"2006-10";"K";"560"
"2006-10";"T0";"122765"
"2006-10";"S0";"125699.46830896"
"2006-10";"T1";"3.11034642"
"2006-10";"S1";"3.18469345"
"2006-10";"T2";"11203"
"2006-10";"S2";"15533.07924884"
"2006-10";"RS";"186149"
"2006-10";"E";"3946988"
"2006-11";"K";"638"
"2006-11";"T0";"124133"
"2006-11";"S0";"123085.67135898"
"2006-11";"T1";"3.14500576"
"2006-11";"S1";"3.11847088"
"2006-11";"T2";"11062"
"2006-11";"S2";"15822.18263721"
"2006-11";"RS";"188641"
"2006-11";"E";"3946988"
"2006-12";"K";"395"
"2006-12";"T0";"128580"
"2006-12";"S0";"120909.60021767"
"2006-12";"T1";"3.25767395"
"2006-12";"S1";"3.06333843"
"2006-12";"T2";"10072"
"2006-12";"S2";"16109.17096284"
"2006-12";"RS";"192156"
"2006-12";"E";"3946988"
"2007-01";"K";"1148"
"2007-01";"T0";"131057"
"2007-01";"S0";"119570.17595283"
"2007-01";"T1";"3.32043067"
"2007-01";"S1";"3.02940308"
"2007-01";"T2";"12062"
"2007-01";"S2";"16292.42311163"
"2007-01";"RS";"193176"
"2007-01";"E";"3946988"
"2007-02";"K";"1564"
"2007-02";"T0";"126395"
"2007-02";"S0";"117127.3090893"
"2007-02";"T1";"3.20231528"
"2007-02";"S1";"2.96751115"
"2007-02";"T2";"13253"
"2007-02";"S2";"16279.36287194"
"2007-02";"RS";"188902"
"2007-02";"E";"3946988"
"2007-03";"K";"1545"
"2007-03";"T0";"117915"
"2007-03";"S0";"113654.16783584"
"2007-03";"T1";"2.98746791"
"2007-03";"S1";"2.87951643"
"2007-03";"T2";"13643"
"2007-03";"S2";"16133.23122594"
"2007-03";"RS";"180298"
"2007-03";"E";"3946988"
"2007-04";"K";"617"
"2007-04";"T0";"112829"
"2007-04";"S0";"112095.9922734"
"2007-04";"T1";"2.85861016"
"2007-04";"S1";"2.84003884"
"2007-04";"T2";"13537"
"2007-04";"S2";"16022.31886954"
"2007-04";"RS";"173806"
"2007-04";"E";"3946988"
"2007-05";"K";"1461"
"2007-05";"T0";"106200"
"2007-05";"S0";"110124.26886064"
"2007-05";"T1";"2.69065931"
"2007-05";"S1";"2.7900837"
"2007-05";"T2";"13339"
"2007-05";"S2";"16082.72015433"
"2007-05";"RS";"165843"
"2007-05";"E";"3946988"
"2007-06";"K";"458"
"2007-06";"T0";"99781"
"2007-06";"S0";"107496.01247457"
"2007-06";"T1";"2.52802897"
"2007-06";"S1";"2.72349479"
"2007-06";"T2";"13343"
"2007-06";"S2";"16317.66929251"
"2007-06";"RS";"158677"
"2007-06";"E";"3946988"
"2007-07";"K";"220"
"2007-07";"T0";"99779"
"2007-07";"S0";"107010.62952601"
"2007-07";"T1";"2.5279783"
"2007-07";"S1";"2.71119724"
"2007-07";"T2";"13503"
"2007-07";"S2";"16651.60014486"
"2007-07";"RS";"157068"
"2007-07";"E";"3946988"
"2007-08";"K";"354"
"2007-08";"T0";"100757"
"2007-08";"S0";"106006.79953214"
"2007-08";"T1";"2.55275668"
"2007-08";"S1";"2.68576442"
"2007-08";"T2";"13091"
"2007-08";"S2";"17074.09386596"
"2007-08";"RS";"156235"
"2007-08";"E";"3946988"
"2007-09";"K";"346"
"2007-09";"T0";"99681"
"2007-09";"S0";"104580.76769531"
"2007-09";"T1";"2.52549539"
"2007-09";"S1";"2.6496348"
"2007-09";"T2";"13601"
"2007-09";"S2";"17534.30447981"
"2007-09";"RS";"154395"
"2007-09";"E";"3946988"
"2007-10";"K";"528"
"2007-10";"T0";"102039"
"2007-10";"S0";"104705.12113062"
"2007-10";"T1";"2.58523715"
"2007-10";"S1";"2.65278539"
"2007-10";"T2";"14273"
"2007-10";"S2";"17955.56757311"
"2007-10";"RS";"157458"
"2007-10";"E";"3946988"
"2007-11";"K";"304"
"2007-11";"T0";"104820"
"2007-11";"S0";"103917.72503926"
"2007-11";"T1";"2.65569594"
"2007-11";"S1";"2.6328361"
"2007-11";"T2";"13766"
"2007-11";"S2";"18259.913573"
"2007-11";"RS";"161214"
"2007-11";"E";"3946988"
"2007-12";"K";"336"
"2007-12";"T0";"109012"
"2007-12";"S0";"102380.86159758"
"2007-12";"T1";"2.76190351"
"2007-12";"S1";"2.59389848"
"2007-12";"T2";"11420"
"2007-12";"S2";"18380.20137925"
"2007-12";"RS";"164838"
"2007-12";"E";"3946988"
"2008-01";"K";"465"
"2008-01";"T0";"111877"
"2008-01";"S0";"101872.52941088"
"2008-01";"T1";"2.8344905"
"2008-01";"S1";"2.58101949"
"2008-01";"T2";"13608"
"2008-01";"S2";"18292.38947137"
"2008-01";"RS";"166414"
"2008-01";"E";"3946988"
"2008-02";"K";"1003"
"2008-02";"T0";"108457"
"2008-02";"S0";"100425.39257769"
"2008-02";"T1";"2.74784215"
"2008-02";"S1";"2.54435515"
"2008-02";"T2";"15155"
"2008-02";"S2";"18122.76049245"
"2008-02";"RS";"163744"
"2008-02";"E";"3946988"
"2008-03";"K";"1127"
"2008-03";"T0";"103777"
"2008-03";"S0";"99847.83528286"
"2008-03";"T1";"2.62927072"
"2008-03";"S1";"2.52972229"
"2008-03";"T2";"15035"
"2008-03";"S2";"17991.31969418"
"2008-03";"RS";"159031"
"2008-03";"E";"3946988"
"2008-04";"K";"1490"
"2008-04";"T0";"100880"
"2008-04";"S0";"100036.29550805"
"2008-04";"T1";"2.55587298"
"2008-04";"S1";"2.53449708"
"2008-04";"T2";"15488"
"2008-04";"S2";"17949.02144985"
"2008-04";"RS";"154894"
"2008-04";"E";"3946988"
"2008-05";"K";"1468"
"2008-05";"T0";"95166"
"2008-05";"S0";"98722.50230477"
"2008-05";"T1";"2.41110437"
"2008-05";"S1";"2.50121111"
"2008-05";"T2";"15414"
"2008-05";"S2";"17942.6148801"
"2008-05";"RS";"148527"
"2008-05";"E";"3946988"
"2008-06";"K";"1413"
"2008-06";"T0";"91477"
"2008-06";"S0";"98442.32088832"
"2008-06";"T1";"2.31764069"
"2008-06";"S1";"2.4941125"
"2008-06";"T2";"15181"
"2008-06";"S2";"17933.98876384"
"2008-06";"RS";"144546"
"2008-06";"E";"3946988"
"2008-07";"K";"807"
"2008-07";"T0";"92163"
"2008-07";"S0";"98820.3092166"
"2008-07";"T1";"2.33502103"
"2008-07";"S1";"2.50368912"
"2008-07";"T2";"14549"
"2008-07";"S2";"17930.09029458"
"2008-07";"RS";"143798"
"2008-07";"E";"3946988"
"2008-08";"K";"704"
"2008-08";"T0";"94039"
"2008-08";"S0";"99085.85800383"
"2008-08";"T1";"2.38255095"
"2008-08";"S1";"2.51041701"
"2008-08";"T2";"13763"
"2008-08";"S2";"17862.00233699"
"2008-08";"RS";"143549"
"2008-08";"E";"3946988"
"2008-09";"K";"1007"
"2008-09";"T0";"95980"
"2008-09";"S0";"100815.15834498"
"2008-09";"T1";"2.43172769"
"2008-09";"S1";"2.55423017"
"2008-09";"T2";"14132"
"2008-09";"S2";"17667.00791527"
"2008-09";"RS";"145937"
"2008-09";"E";"3946988"
"2008-10";"K";"1634"
"2008-10";"T0";"100471"
"2008-10";"S0";"103390.03042234"
"2008-10";"T1";"2.54551065"
"2008-10";"S1";"2.61946655"
"2008-10";"T2";"13546"
"2008-10";"S2";"17310.1344624"
"2008-10";"RS";"151390"
"2008-10";"E";"3946988"
"2008-11";"K";"4182"
"2008-11";"T0";"107652"
"2008-11";"S0";"106915.56459333"
"2008-11";"T1";"2.72744685"
"2008-11";"S1";"2.70878869"
"2008-11";"T2";"11927"
"2008-11";"S2";"16826.76854965"
"2008-11";"RS";"160144"
"2008-11";"E";"3946988"
"2008-12";"K";"9710"
"2008-12";"T0";"118762"
"2008-12";"S0";"111457.21959663"
"2008-12";"T1";"3.00892731"
"2008-12";"S1";"2.82385504"
"2008-12";"T2";"9744"
"2008-12";"S2";"16345.51922478"
"2008-12";"RS";"171279"
"2008-12";"E";"3946988"
"2009-01";"K";"25529"
"2009-01";"T0";"128430"
"2009-01";"S0";"116976.00846"
"2009-01";"T1";"3.25387359"
"2009-01";"S1";"2.96367783"
"2009-01";"T2";"11213"
"2009-01";"S2";"15953.82190441"
"2009-01";"RS";"180287"
"2009-01";"E";"3946988"
"2009-02";"K";"45532"
"2009-02";"T0";"132402"
"2009-02";"S0";"122616.20156291"
"2009-02";"T1";"3.35450729"
"2009-02";"S1";"3.1065765"
"2009-02";"T2";"12644"
"2009-02";"S2";"15672.07067339"
"2009-02";"RS";"186273"
"2009-02";"E";"3946988"
"2009-03";"K";"64630"
"2009-03";"T0";"134713"
"2009-03";"S0";"129549.7180923"
"2009-03";"T1";"3.41305826"
"2009-03";"S1";"3.28224251"
"2009-03";"T2";"13057"
"2009-03";"S2";"15394.31970295"
"2009-03";"RS";"191992"
"2009-03";"E";"3946988"
"2009-04";"K";"80152"
"2009-04";"T0";"136709"
"2009-04";"S0";"135673.1798805"
"2009-04";"T1";"3.46362847"
"2009-04";"S1";"3.43738516"
"2009-04";"T2";"12397"
"2009-04";"S2";"15087.44630606"
"2009-04";"RS";"194726"
"2009-04";"E";"3946988"
"2009-05";"K";"92204"
"2009-05";"T0";"135128"
"2009-05";"S0";"140130.94297546"
"2009-05";"T1";"3.42357261"
"2009-05";"S1";"3.55032605"
"2009-05";"T2";"11739"
"2009-05";"S2";"14513.67713745"
"2009-05";"RS";"192516"
"2009-05";"E";"3946988"
"2009-06";"K";"91843"
"2009-06";"T0";"140253"
"2009-06";"S0";"150744.37035993"
"2009-06";"T1";"3.55341845"
"2009-06";"S1";"3.81922545"
"2009-06";"T2";"14855"
"2009-06";"S2";"14219.69165028"
"2009-06";"RS";"198990"
"2009-06";"E";"3946988"
"2009-07";"K";"63646"
"2009-07";"T0";"145364"
"2009-07";"S0";"155643.71410895"
"2009-07";"T1";"3.6829096"
"2009-07";"S1";"3.94335412"
"2009-07";"T2";"14370"
"2009-07";"S2";"13971.29743293"
"2009-07";"RS";"204137"
"2009-07";"E";"3946988"
"2009-08";"K";"67367"
"2009-08";"T0";"150831"
"2009-08";"S0";"158798.10038116"
"2009-08";"T1";"3.82142028"
"2009-08";"S1";"4.02327295"
"2009-08";"T2";"13353"
"2009-08";"S2";"13789.84939627"
"2009-08";"RS";"208568"
"2009-08";"E";"3946988"
"2009-09";"K";"79464"
"2009-09";"T0";"154409"
"2009-09";"S0";"162081.22701693"
"2009-09";"T1";"3.91207169"
"2009-09";"S1";"4.1064535"
"2009-09";"T2";"13940"
"2009-09";"S2";"13640.44599799"
"2009-09";"RS";"212902"
"2009-09";"E";"3946988"
"2009-10";"K";"75460"
"2009-10";"T0";"158138"
"2009-10";"S0";"162778.6333152"
"2009-10";"T1";"4.00654879"
"2009-10";"S1";"4.12412283"
"2009-10";"T2";"13147"
"2009-10";"S2";"13504.69008712"
"2009-10";"RS";"217972"
"2009-10";"E";"3946988"
"2009-11";"K";"67076"
"2009-11";"T0";"163950"
"2009-11";"S0";"162772.78014891"
"2009-11";"T1";"4.15380032"
"2009-11";"S1";"4.12397454"
"2009-11";"T2";"12936"
"2009-11";"S2";"13394.75433987"
"2009-11";"RS";"226116"
"2009-11";"E";"3946988"
"2009-12";"K";"55783"
"2009-12";"T0";"172740"
"2009-12";"S0";"161695.86786101"
"2009-12";"T1";"4.37650178"
"2009-12";"S1";"4.09669013"
"2009-12";"T2";"10824"
"2009-12";"S2";"13409.90147572"
"2009-12";"RS";"234359"
"2009-12";"E";"3946988"
"2010-01";"K";"54434"
"2010-01";"T0";"175765"
"2010-01";"S0";"160040.55861394"
"2010-01";"T1";"4.06590577"
"2010-01";"S1";"3.70215817"
"2010-01";"T2";"12528"
"2010-01";"S2";"13696.87043101"
"2010-01";"RS";"236317"
"2010-01";"E";"4322899"
"2010-02";"K";"45311"
"2010-02";"T0";"172999"
"2010-02";"S0";"160061.71171944"
"2010-02";"T1";"4.00192093"
"2010-02";"S1";"3.7026475"
"2010-02";"T2";"14795"
"2010-02";"S2";"14294.99290732"
"2010-02";"RS";"235667"
"2010-02";"E";"4322899"
"2010-03";"K";"39425"
"2010-03";"T0";"166032"
"2010-03";"S0";"159866.53787027"
"2010-03";"T1";"3.84075594"
"2010-03";"S1";"3.69813262"
"2010-03";"T2";"16965"
"2010-03";"S2";"15043.30597085"
"2010-03";"RS";"231497"
"2010-03";"E";"4322899"
"2010-04";"K";"37037"
"2010-04";"T0";"158570"
"2010-04";"S0";"157874.27625453"
"2010-04";"T1";"3.66814029"
"2010-04";"S1";"3.65204638"
"2010-04";"T2";"17294"
"2010-04";"S2";"15740.87712766"
"2010-04";"RS";"223804"
"2010-04";"E";"4322899"
"2010-05";"K";"23653"
"2010-05";"T0";"151074"
"2010-05";"S0";"156865.68533941"
"2010-05";"T1";"3.49473814"
"2010-05";"S1";"3.62871502"
"2010-05";"T2";"17097"
"2010-05";"S2";"16319.48208722"
"2010-05";"RS";"215264"
"2010-05";"E";"4322899"
"2010-06";"K";"20049"
"2010-06";"T0";"144473"
"2010-06";"S0";"155364.37362097"
"2010-06";"T1";"3.34203968"
"2010-06";"S1";"3.59398574"
"2010-06";"T2";"17642"
"2010-06";"S2";"16849.84816307"
"2010-06";"RS";"209270"
"2010-06";"E";"4322899"
"2010-07";"K";"12318"
"2010-07";"T0";"142330"
"2010-07";"S0";"152665.70175852"
"2010-07";"T1";"3.29246647"
"2010-07";"S1";"3.53155838"
"2010-07";"T2";"17426"
"2010-07";"S2";"17358.69007026"
"2010-07";"RS";"205604"
"2010-07";"E";"4322899"
"2010-08";"K";"10203"
"2010-08";"T0";"142879"
"2010-08";"S0";"150348.92452208"
"2010-08";"T1";"3.30516628"
"2010-08";"S1";"3.47796524"
"2010-08";"T2";"17994"
"2010-08";"S2";"17869.38186179"
"2010-08";"RS";"204989"
"2010-08";"E";"4322899"
"2010-09";"K";"10715"
"2010-09";"T0";"140040"
"2010-09";"S0";"147186.93974213"
"2010-09";"T1";"3.23949276"
"2010-09";"S1";"3.40482023"
"2010-09";"T2";"18457"
"2010-09";"S2";"18356.13776293"
"2010-09";"RS";"202774"
"2010-09";"E";"4322899"
"2010-10";"K";"9786"
"2010-10";"T0";"139365"
"2010-10";"S0";"143444.06030507"
"2010-10";"T1";"3.22387824"
"2010-10";"S1";"3.31823761"
"2010-10";"T2";"17059"
"2010-10";"S2";"18750.53554"
"2010-10";"RS";"202675"
"2010-10";"E";"4322899"
"2010-11";"K";"8789"
"2010-11";"T0";"141668"
"2010-11";"S0";"140643.33553938"
"2010-11";"T1";"3.27715267"
"2010-11";"S1";"3.25344949"
"2010-11";"T2";"17598"
"2010-11";"S2";"19108.12752829"
"2010-11";"RS";"206715"
"2010-11";"E";"4322899"
"2010-12";"K";"7750"
"2010-12";"T0";"148636"
"2010-12";"S0";"138522.27669553"
"2010-12";"T1";"3.4383408"
"2010-12";"S1";"3.20438383"
"2010-12";"T2";"15507"
"2010-12";"S2";"19523.5179104"
"2010-12";"RS";"211709"
"2010-12";"E";"4322899"
"2011-01";"K";"7582"
"2011-01";"T0";"148784"
"2011-01";"S0";"135104.46151868"
"2011-01";"T1";"3.44176443"
"2011-01";"S1";"3.1253208"
"2011-01";"T2";"17921"
"2011-01";"S2";"19901.60222727"
"2011-01";"RS";"210916"
"2011-01";"E";"4322899"
"2011-02";"K";"7022"
"2011-02";"T0";"143325"
"2011-02";"S0";"132333.63070272"
"2011-02";"T1";"3.31548343"
"2011-02";"S1";"3.06122421"
"2011-02";"T2";"20964"
"2011-02";"S2";"20178.41109785"
"2011-02";"RS";"205989"
"2011-02";"E";"4322899"
"2011-03";"K";"6154"
"2011-03";"T0";"134905"
"2011-03";"S0";"130070.41087463"
"2011-03";"T1";"3.12070673"
"2011-03";"S1";"3.00886999"
"2011-03";"T2";"21999"
"2011-03";"S2";"20409.53110119"
"2011-03";"RS";"197837"
"2011-03";"E";"4322899"
"2011-04";"K";"5931"
"2011-04";"T0";"123448"
"2011-04";"S0";"123060.92729649"
"2011-04";"T1";"2.85567625"
"2011-04";"S1";"2.84672224"
"2011-04";"T2";"21231"
"2011-04";"S2";"20502.58396181"
"2011-04";"RS";"181041"
"2011-04";"E";"4322899"
"2011-05";"K";"5390"
"2011-05";"T0";"114684"
"2011-05";"S0";"119291.28391811"
"2011-05";"T1";"2.65294193"
"2011-05";"S1";"2.7595205"
"2011-05";"T2";"21816"
"2011-05";"S2";"20300.14278313"
"2011-05";"RS";"171169"
"2011-05";"E";"4322899"
"2011-06";"K";"4787"
"2011-06";"T0";"110378"
"2011-06";"S0";"118777.54761468"
"2011-06";"T1";"2.55333284"
"2011-06";"S1";"2.74763643"
"2011-06";"T2";"21193"
"2011-06";"S2";"19867.23994601"
"2011-06";"RS";"165742"
"2011-06";"E";"4322899"
"2011-07";"K";"3201"
"2011-07";"T0";"109200"
"2011-07";"S0";"117386.09314432"
"2011-07";"T1";"2.52608261"
"2011-07";"S1";"2.71544843"
"2011-07";"T2";"19155"
"2011-07";"S2";"19445.325701"
"2011-07";"RS";"162530"
"2011-07";"E";"4322899"
"2011-08";"K";"2851"
"2011-08";"T0";"111687"
"2011-08";"S0";"117597.65060106"
"2011-08";"T1";"2.58361345"
"2011-08";"S1";"2.72034231"
"2011-08";"T2";"18584"
"2011-08";"S2";"19129.33585413"
"2011-08";"RS";"164070"
"2011-08";"E";"4322899"
"2011-09";"K";"5220"
"2011-09";"T0";"111344"
"2011-09";"S0";"117345.96393325"
"2011-09";"T1";"2.57567896"
"2011-09";"S1";"2.71452014"
"2011-09";"T2";"19435"
"2011-09";"S2";"18916.97161981"
"2011-09";"RS";"164448"
"2011-09";"E";"4322899"
"2011-10";"K";"6671"
"2011-10";"T0";"115178"
"2011-10";"S0";"118558.13324789"
"2011-10";"T1";"2.66436944"
"2011-10";"S1";"2.7425608"
"2011-10";"T2";"18750"
"2011-10";"S2";"18836.52742544"
"2011-10";"RS";"169191"
"2011-10";"E";"4322899"
"2011-11";"K";"8901"
"2011-11";"T0";"121109"
"2011-11";"S0";"120235.06643833"
"2011-11";"T1";"2.80156904"
"2011-11";"S1";"2.78135266"
"2011-11";"T2";"17395"
"2011-11";"S2";"18721.35007294"
"2011-11";"RS";"177681"
"2011-11";"E";"4322899"
"2011-12";"K";"7765"
"2011-12";"T0";"130662"
"2011-12";"S0";"121392.6542496"
"2011-12";"T1";"3.022555"
"2011-12";"S1";"2.80813071"
"2011-12";"T2";"15034"
"2011-12";"S2";"18447.71530496"
"2011-12";"RS";"185706"
"2011-12";"E";"4322899"
"2012-01";"K";"12129"
"2012-01";"T0";"134317"
"2012-01";"S0";"121687.89602106"
"2012-01";"T1";"3.10710475"
"2012-01";"S1";"2.81496042"
"2012-01";"T2";"17471"
"2012-01";"S2";"18070.09630604"
"2012-01";"RS";"187417"
"2012-01";"E";"4322899"
"2012-02";"K";"12771"
"2012-02";"T0";"133154"
"2012-02";"S0";"122562.62289053"
"2012-02";"T1";"3.0802015"
"2012-02";"S1";"2.83519515"
"2012-02";"T2";"18403"
"2012-02";"S2";"17629.09567972"
"2012-02";"RS";"187315"
"2012-02";"E";"4322899"
"2012-03";"K";"13047"
"2012-03";"T0";"126392"
"2012-03";"S0";"121975.02983334"
"2012-03";"T1";"2.9237787"
"2012-03";"S1";"2.82160258"
"2012-03";"T2";"17862"
"2012-03";"S2";"17144.07733655"
"2012-03";"RS";"180912"
"2012-03";"E";"4322899"
"2012-04";"K";"11128"
"2012-04";"T0";"123158"
"2012-04";"S0";"122772.45376651"
"2012-04";"T1";"2.84896779"
"2012-04";"S1";"2.84004909"
"2012-04";"T2";"18306"
"2012-04";"S2";"16767.44790181"
"2012-04";"RS";"176142"
"2012-04";"E";"4322899"
"2012-05";"K";"10685"
"2012-05";"T0";"118860"
"2012-05";"S0";"123637.11788955"
"2012-05";"T1";"2.74954377"
"2012-05";"S1";"2.86005104"
"2012-05";"T2";"17252"
"2012-05";"S2";"16661.84884476"
"2012-05";"RS";"170776"
"2012-05";"E";"4322899"
"2012-06";"K";"10781"
"2012-06";"T0";"114868"
"2012-06";"S0";"123811.81566802"
"2012-06";"T1";"2.65719833"
"2012-06";"S1";"2.86409226"
"2012-06";"T2";"17493"
"2012-06";"S2";"16689.05478877"
"2012-06";"RS";"166437"
"2012-06";"E";"4322899"
"2012-07";"K";"6321"
"2012-07";"T0";"116294"
"2012-07";"S0";"124979.707778"
"2012-07";"T1";"2.69018545"
"2012-07";"S1";"2.89110867"
"2012-07";"T2";"17112"
"2012-07";"S2";"16600.85756298"
"2012-07";"RS";"167222"
"2012-07";"E";"4322899"
"2012-08";"K";"6179"
"2012-08";"T0";"119823"
"2012-08";"S0";"126334.15156339"
"2012-08";"T1";"2.77182048"
"2012-08";"S1";"2.92244051"
"2012-08";"T2";"16562"
"2012-08";"S2";"16418.83812885"
"2012-08";"RS";"170276"
"2012-08";"E";"4322899"
"2012-09";"K";"8122"
"2012-09";"T0";"120347"
"2012-09";"S0";"126917.73759571"
"2012-09";"T1";"2.78394198"
"2012-09";"S1";"2.93594039"
"2012-09";"T2";"15770"
"2012-09";"S2";"16331.67708933"
"2012-09";"RS";"170867"
"2012-09";"E";"4322899"
"2012-10";"K";"10153"
"2012-10";"T0";"125536"
"2012-10";"S0";"129391.12772565"
"2012-10";"T1";"2.90397717"
"2012-10";"S1";"2.99315639"
"2012-10";"T2";"15726"
"2012-10";"S2";"16335.62085889"
"2012-10";"RS";"178532"
"2012-10";"E";"4322899"
"2012-11";"K";"13388"
"2012-11";"T0";"132067"
"2012-11";"S0";"131162.5444399"
"2012-11";"T1";"3.05505634"
"2012-11";"S1";"3.03413391"
"2012-11";"T2";"15876"
"2012-11";"S2";"16354.80805762"
"2012-11";"RS";"188311"
"2012-11";"E";"4322899"
"2012-12";"K";"9479"
"2012-12";"T0";"142309"
"2012-12";"S0";"132194.09643432"
"2012-12";"T1";"3.29198068"
"2012-12";"S1";"3.05799641"
"2012-12";"T2";"13722"
"2012-12";"S2";"16221.50913203"
"2012-12";"RS";"196898"
"2012-12";"E";"4322899"
"2013-01";"K";"13201"
"2013-01";"T0";"148158"
"2013-01";"S0";"133857.45610447"
"2013-01";"T1";"3.4272834"
"2013-01";"S1";"3.09647429"
"2013-01";"T2";"14559"
"2013-01";"S2";"15888.4453542"
"2013-01";"RS";"201776"
"2013-01";"E";"4322899"
"2013-02";"K";"11008"
"2013-02";"T0";"146001"
"2013-02";"S0";"134359.46318902"
"2013-02";"T1";"3.37738633"
"2013-02";"S1";"3.10808703"
"2013-02";"T2";"16035"
"2013-02";"S2";"15473.30667168"
"2013-02";"RS";"200495"
"2013-02";"E";"4322899"
"2013-03";"K";"11099"
"2013-03";"T0";"138993"
"2013-03";"S0";"134055.42625094"
"2013-03";"T1";"3.2152729"
"2013-03";"S1";"3.10105386"
"2013-03";"T2";"16022"
"2013-03";"S2";"15097.25564005"
"2013-03";"RS";"194224"
"2013-03";"E";"4322899"
"2013-04";"K";"11012"
"2013-04";"T0";"135851"
"2013-04";"S0";"135559.02209064"
"2013-04";"T1";"3.14259019"
"2013-04";"S1";"3.13583598"
"2013-04";"T2";"16135"
"2013-04";"S2";"14763.19316145"
"2013-04";"RS";"190367"
"2013-04";"E";"4322899"
"2013-05";"K";"8464"
"2013-05";"T0";"131290"
"2013-05";"S0";"136460.62562563"
"2013-05";"T1";"3.03708229"
"2013-05";"S1";"3.15669243"
"2013-05";"T2";"14808"
"2013-05";"S2";"14389.29113648"
"2013-05";"RS";"185012"
"2013-05";"E";"4322899"
"2013-06";"K";"7622"
"2013-06";"T0";"126498"
"2013-06";"S0";"136511.54299163"
"2013-06";"T1";"2.92623075"
"2013-06";"S1";"3.15787029"
"2013-06";"T2";"14647"
"2013-06";"S2";"14052.12725608"
"2013-06";"RS";"179806"
"2013-06";"E";"4322899"
"2013-07";"K";"3721"
"2013-07";"T0";"128516"
"2013-07";"S0";"137852.70593219"
"2013-07";"T1";"2.97291239"
"2013-07";"S1";"3.1888949"
"2013-07";"T2";"14037"
"2013-07";"S2";"13869.65123001"
"2013-07";"RS";"181398"
"2013-07";"E";"4322899"
"2013-08";"K";"4158"
"2013-08";"T0";"129956"
"2013-08";"S0";"137269.65752862"
"2013-08";"T1";"3.00622337"
"2013-08";"S1";"3.17540746"
"2013-08";"T2";"13878"
"2013-08";"S2";"13770.37565171"
"2013-08";"RS";"181129"
"2013-08";"E";"4322899"
"2013-09";"K";"4783"
"2013-09";"T0";"131072"
"2013-09";"S0";"137958.05496105"
"2013-09";"T1";"3.03203938"
"2013-09";"S1";"3.1913319"
"2013-09";"T2";"14235"
"2013-09";"S2";"13609.25269858"
"2013-09";"RS";"183741"
"2013-09";"E";"4322899"
"2013-10";"K";"5131"
"2013-10";"T0";"133443"
"2013-10";"S0";"137849.29966361"
"2013-10";"T1";"3.08688683"
"2013-10";"S1";"3.18881611"
"2013-10";"T2";"12982"
"2013-10";"S2";"13312.44772629"
"2013-10";"RS";"188536"
"2013-10";"E";"4322899"
"2013-11";"K";"6403"
"2013-11";"T0";"139073"
"2013-11";"S0";"138229.05805325"
"2013-11";"T1";"3.21712351"
"2013-11";"S1";"3.19760092"
"2013-11";"T2";"11568"
"2013-11";"S2";"13014.65926153"
"2013-11";"RS";"196522"
"2013-11";"E";"4322899"
"2013-12";"K";"4621"
"2013-12";"T0";"149437"
"2013-12";"S0";"138774.96735359"
"2013-12";"T1";"3.45687003"
"2013-12";"S1";"3.21022923"
"2013-12";"T2";"9745"
"2013-12";"S2";"12950.50990732"
"2013-12";"RS";"205802"
"2013-12";"E";"4322899"
"2014-01";"K";"3154"
"2014-01";"T0";"153260"
"2014-01";"S0";"138359.03074099"
"2014-01";"T1";"3.41089488"
"2014-01";"S1";"3.07926471"
"2014-01";"T2";"12296"
"2014-01";"S2";"13168.54973657"
"2014-01";"RS";"208777"
"2014-01";"E";"4493249"
"2014-02";"K";"3248"
"2014-02";"T0";"149259"
"2014-02";"S0";"137416.76309792"
"2014-02";"T1";"3.32185018"
"2014-02";"S1";"3.05829397"
"2014-02";"T2";"14042"
"2014-02";"S2";"13446.72935387"
"2014-02";"RS";"205934"
"2014-02";"E";"4493249"
"2014-03";"K";"3779"
"2014-03";"T0";"142846"
"2014-03";"S0";"137615.31863135"
"2014-03";"T1";"3.17912495"
"2014-03";"S1";"3.06271294"
"2014-03";"T2";"14741"
"2014-03";"S2";"13548.89276259"
"2014-03";"RS";"199911"
"2014-03";"E";"4493249"
"2014-04";"K";"2507"
"2014-04";"T0";"137087"
"2014-04";"S0";"136809.50765333"
"2014-04";"T1";"3.05095489"
"2014-04";"S1";"3.04477913"
"2014-04";"T2";"14088"
"2014-04";"S2";"13441.93827161"
"2014-04";"RS";"192829"
"2014-04";"E";"4493249"
"2014-05";"K";"2749"
"2014-05";"T0";"130310"
"2014-05";"S0";"135602.31918213"
"2014-05";"T1";"2.90012862"
"2014-05";"S1";"3.01791241"
"2014-05";"T2";"13157"
"2014-05";"S2";"13181.23854227"
"2014-05";"RS";"184436"
"2014-05";"E";"4493249"
"2014-06";"K";"2528"
"2014-06";"T0";"126632"
"2014-06";"S0";"136418.39964377"
"2014-06";"T1";"2.81827248"
"2014-06";"S1";"3.03607478"
"2014-06";"T2";"14211"
"2014-06";"S2";"12799.48054878"
"2014-06";"RS";"180689"
"2014-06";"E";"4493249"
"2014-07";"K";"1355"
"2014-07";"T0";"127054"
"2014-07";"S0";"136345.40855603"
"2014-07";"T1";"2.82766435"
"2014-07";"S1";"3.03445032"
"2014-07";"T2";"13240"
"2014-07";"S2";"12342.84204278"
"2014-07";"RS";"180822"
"2014-07";"E";"4493249"
"2014-08";"K";"1311"
"2014-08";"T0";"128434"
"2014-08";"S0";"135552.87474079"
"2014-08";"T1";"2.85837709"
"2014-08";"S1";"3.01681199"
"2014-08";"T2";"11113"
"2014-08";"S2";"11871.28393094"
"2014-08";"RS";"179880"
"2014-08";"E";"4493249"
"2014-09";"K";"2082"
"2014-09";"T0";"129965"
"2014-09";"S0";"136853.87503212"
"2014-09";"T1";"2.89245043"
"2014-09";"S1";"3.04576655"
"2014-09";"T2";"11045"
"2014-09";"S2";"11437.20004348"
"2014-09";"RS";"183113"
"2014-09";"E";"4493249"
"2014-10";"K";"2619"
"2014-10";"T0";"132397"
"2014-10";"S0";"136735.30846997"
"2014-10";"T1";"2.94657607"
"2014-10";"S1";"3.04312778"
"2014-10";"T2";"11076"
"2014-10";"S2";"11123.91201383"
"2014-10";"RS";"187715"
"2014-10";"E";"4493249"
"2014-11";"K";"3124"
"2014-11";"T0";"136552"
"2014-11";"S0";"136071.21305408"
"2014-11";"T1";"3.03904814"
"2014-11";"S1";"3.02834793"
"2014-11";"T2";"10545"
"2014-11";"S2";"10895.26013623"
"2014-11";"RS";"193892"
"2014-11";"E";"4493249"
"2014-12";"K";"2539"
"2014-12";"T0";"147369"
"2014-12";"S0";"136767.26693358"
"2014-12";"T1";"3.27978708"
"2014-12";"S1";"3.04383903"
"2014-12";"T2";"8791"
"2014-12";"S2";"10618.06002363"
"2014-12";"RS";"203926"
"2014-12";"E";"4493249"
"2015-01";"K";"3129"
"2015-01";"T0";"150946"
"2015-01";"S0";"136359.87448758"
"2015-01";"T1";"3.3593954"
"2015-01";"S1";"3.03477227"
"2015-01";"T2";"9672"
"2015-01";"S2";"10286.42271531"
"2015-01";"RS";"206138"
"2015-01";"E";"4493249"
"2015-02";"K";"5341"
"2015-02";"T0";"149921"
"2015-02";"S0";"137844.66586108"
"2015-02";"T1";"3.33658339"
"2015-02";"S1";"3.0678172"
"2015-02";"T2";"10289"
"2015-02";"S2";"9983.51402354"
"2015-02";"RS";"206369"
"2015-02";"E";"4493249"
"2015-03";"K";"8337"
"2015-03";"T0";"145108"
"2015-03";"S0";"139854.94420999"
"2015-03";"T1";"3.22946714"
"2015-03";"S1";"3.11255718"
"2015-03";"T2";"10191"
"2015-03";"S2";"9798.7422643"
"2015-03";"RS";"204266"
"2015-03";"E";"4493249"
"2015-04";"K";"8201"
"2015-04";"T0";"141131"
"2015-04";"S0";"140875.39436014"
"2015-04";"T1";"3.14095658"
"2015-04";"S1";"3.13526792"
"2015-04";"T2";"10216"
"2015-04";"S2";"9730.56641835"
"2015-04";"RS";"199346"
"2015-04";"E";"4493249"
"2015-05";"K";"7438"
"2015-05";"T0";"136349"
"2015-05";"S0";"141849.2159821"
"2015-05";"T1";"3.03453025"
"2015-05";"S1";"3.15694091"
"2015-05";"T2";"9929"
"2015-05";"S2";"9788.99137864"
"2015-05";"RS";"192798"
"2015-05";"E";"4493249"
"2015-06";"K";"7973"
"2015-06";"T0";"133256"
"2015-06";"S0";"143475.40594461"
"2015-06";"T1";"2.96569364"
"2015-06";"S1";"3.19313276"
"2015-06";"T2";"10487"
"2015-06";"S2";"9954.00033414"
"2015-06";"RS";"191090"
"2015-06";"E";"4493249"
"2015-07";"K";"4386"
"2015-07";"T0";"133754"
"2015-07";"S0";"143586.51997046"
"2015-07";"T1";"2.97677694"
"2015-07";"S1";"3.19560567"
"2015-07";"T2";"10352"
"2015-07";"S2";"10153.56348415"
"2015-07";"RS";"190939"
"2015-07";"E";"4493249"
"2015-08";"K";"4746"
"2015-08";"T0";"136983"
"2015-08";"S0";"144361.60485143"
"2015-08";"T1";"3.0486403"
"2015-08";"S1";"3.21285566"
"2015-08";"T2";"10905"
"2015-08";"S2";"10294.10957176"
"2015-08";"RS";"192669"
"2015-08";"E";"4493249"
"2015-09";"K";"6534"
"2015-09";"T0";"138226"
"2015-09";"S0";"145545.27212719"
"2015-09";"T1";"3.07630403"
"2015-09";"S1";"3.2391989"
"2015-09";"T2";"11342"
"2015-09";"S2";"10279.17630471"
"2015-09";"RS";"196042"
"2015-09";"E";"4493249"
"2015-10";"K";"8346"
"2015-10";"T0";"141269"
"2015-10";"S0";"146149.8214703"
"2015-10";"T1";"3.14402785"
"2015-10";"S1";"3.25265351"
"2015-10";"T2";"9471"
"2015-10";"S2";"10111.80132486"
"2015-10";"RS";"200920"
"2015-10";"E";"4493249"
"2015-11";"K";"8501"
"2015-11";"T0";"148143"
"2015-11";"S0";"147600.93986765"
"2015-11";"T1";"3.29701292"
"2015-11";"S1";"3.28494904"
"2015-11";"T2";"9465"
"2015-11";"S2";"9943.94135644"
"2015-11";"RS";"210886"
"2015-11";"E";"4493249"
"2015-12";"K";"6558"
"2015-12";"T0";"158629"
"2015-12";"S0";"147414.67367935"
"2015-12";"T1";"3.53038525"
"2015-12";"S1";"3.28080357"
"2015-12";"T2";"8033"
"2015-12";"S2";"9896.54764251"
"2015-12";"RS";"220209"
"2015-12";"E";"4493249"
"2016-01";"K";"8052"
"2016-01";"T0";"163644"
"2016-01";"S0";"147480.66604787"
"2016-01";"T1";"3.64199714"
"2016-01";"S1";"3.28227227"
"2016-01";"T2";"9391"
"2016-01";"S2";"9948.68730426"
"2016-01";"RS";"222751"
"2016-01";"E";"4493249"
"2016-02";"K";"8418"
"2016-02";"T0";"161417"
"2016-02";"S0";"148433.42162593"
"2016-02";"T1";"3.59243389"
"2016-02";"S1";"3.30347643"
"2016-02";"T2";"10645"
"2016-02";"S2";"10062.75134433"
"2016-02";"RS";"222888"
"2016-02";"E";"4493249"
"2016-03";"K";"8561"
"2016-03";"T0";"155324"
"2016-03";"S0";"149610.0642825"
"2016-03";"T1";"3.45683046"
"2016-03";"S1";"3.32966333"
"2016-03";"T2";"10386"
"2016-03";"S2";"10228.64916922"
"2016-03";"RS";"218187"
"2016-03";"E";"4493249"
"2016-04";"K";"9024"
"2016-04";"T0";"149540"
"2016-04";"S0";"149517.42120856"
"2016-04";"T1";"3.32810401"
"2016-04";"S1";"3.3276015"
"2016-04";"T2";"10441"
"2016-04";"S2";"10404.27632993"
"2016-04";"RS";"210926"
"2016-04";"E";"4493249"
"2016-05";"K";"8493"
"2016-05";"T0";"144778"
"2016-05";"S0";"150397.93748645"
"2016-05";"T1";"3.22212279"
"2016-05";"S1";"3.34719793"
"2016-05";"T2";"11020"
"2016-05";"S2";"10513.58613228"
"2016-05";"RS";"206239"
"2016-05";"E";"4493249"
"2016-06";"K";"7949"
"2016-06";"T0";"139127"
"2016-06";"S0";"149969.92028314"
"2016-06";"T1";"3.09635633"
"2016-06";"S1";"3.33767215"
"2016-06";"T2";"11269"
"2016-06";"S2";"10516.78777485"
"2016-06";"RS";"201131"
"2016-06";"E";"4493249"
"2016-07";"K";"5183"
"2016-07";"T0";"139310"
"2016-07";"S0";"149558.11754212"
"2016-07";"T1";"3.10042911"
"2016-07";"S1";"3.32850722"
"2016-07";"T2";"10648"
"2016-07";"S2";"10436.75987714"
"2016-07";"RS";"199347"
"2016-07";"E";"4493249"
"2016-08";"K";"5536"
"2016-08";"T0";"142858"
"2016-08";"S0";"150374.27572483"
"2016-08";"T1";"3.17939202"
"2016-08";"S1";"3.34667132"
"2016-08";"T2";"10802"
"2016-08";"S2";"10399.79539547"
"2016-08";"RS";"201989"
"2016-08";"E";"4493249"
"2016-09";"K";"7061"
"2016-09";"T0";"142675"
"2016-09";"S0";"150298.01592604"
"2016-09";"T1";"3.17531924"
"2016-09";"S1";"3.34497411"
"2016-09";"T2";"11031"
"2016-09";"S2";"10567.17091941"
"2016-09";"RS";"203568"
"2016-09";"E";"4493249"
"2016-10";"K";"7950"
"2016-10";"T0";"144531"
"2016-10";"S0";"149640.71759431"
"2016-10";"T1";"3.21662565"
"2016-10";"S1";"3.33034554"
"2016-10";"T2";"10910"
"2016-10";"S2";"10940.11632921"
"2016-10";"RS";"207512"
"2016-10";"E";"4493249"
"2016-11";"K";"8365"
"2016-11";"T0";"149228"
"2016-11";"S0";"148984.02667791"
"2016-11";"T1";"3.32116026"
"2016-11";"S1";"3.31573048"
"2016-11";"T2";"10814"
"2016-11";"S2";"11327.72896597"
"2016-11";"RS";"215215"
"2016-11";"E";"4493249"
"2016-12";"K";"6913"
"2016-12";"T0";"159372"
"2016-12";"S0";"148041.01570805"
"2016-12";"T1";"3.54692117"
"2016-12";"S1";"3.2947432"
"2016-12";"T2";"9639"
"2016-12";"S2";"11602.79265635"
"2016-12";"RS";"223413"
"2016-12";"E";"4493249"
"2017-01";"K";"8282"
"2017-01";"T0";"164466"
"2017-01";"S0";"147852.23448525"
"2017-01";"T1";"3.5475076"
"2017-01";"S1";"3.18915111"
"2017-01";"T2";"11094"
"2017-01";"S2";"11751.35381241"
"2017-01";"RS";"226861"
"2017-01";"E";"4636100"
"2017-02";"K";"7455"
"2017-02";"T0";"159809"
"2017-02";"S0";"146778.29886437"
"2017-02";"T1";"3.44705679"
"2017-02";"S1";"3.16598647"
"2017-02";"T2";"12041"
"2017-02";"S2";"11824.52085486"
"2017-02";"RS";"223627"
"2017-02";"E";"4636100"
"2017-03";"K";"7074"
"2017-03";"T0";"152280"
"2017-03";"S0";"146794.17243468"
"2017-03";"T1";"3.28465736"
"2017-03";"S1";"3.16632886"
"2017-03";"T2";"12131"
"2017-03";"S2";"11855.75258391"
"2017-03";"RS";"217248"
"2017-03";"E";"4636100"
"2017-04";"K";"5739"
"2017-04";"T0";"146327"
"2017-04";"S0";"146327.35205811"
"2017-04";"T1";"3.15625202"
"2017-04";"S1";"3.15625962"
"2017-04";"T2";"12119"
"2017-04";"S2";"11878.88483528"
"2017-04";"RS";"208357"
"2017-04";"E";"4636100"
"2017-05";"K";"4843"
"2017-05";"T0";"139778"
"2017-05";"S0";"145288.73279031"
"2017-05";"T1";"3.01499105"
"2017-05";"S1";"3.13385675"
"2017-05";"T2";"11977"
"2017-05";"S2";"11863.80449633"
"2017-05";"RS";"202419"
"2017-05";"E";"4636100"
"2017-06";"K";"4582"
"2017-06";"T0";"133603"
"2017-06";"S0";"144108.06010429"
"2017-06";"T1";"2.8817972"
"2017-06";"S1";"3.10838981"
"2017-06";"T2";"12420"
"2017-06";"S2";"11772.98416791"
"2017-06";"RS";"196896"
"2017-06";"E";"4636100"
"2017-07";"K";"2646"
"2017-07";"T0";"133926"
"2017-07";"S0";"143735.97182409"
"2017-07";"T1";"2.88876426"
"2017-07";"S1";"3.10036392"
"2017-07";"T2";"12206"
"2017-07";"S2";"11670.33517017"
"2017-07";"RS";"195223"
"2017-07";"E";"4636100"
"2017-08";"K";"1847"
"2017-08";"T0";"135578"
"2017-08";"S0";"142551.48350045"
"2017-08";"T1";"2.92439766"
"2017-08";"S1";"3.07481468"
"2017-08";"T2";"12439"
"2017-08";"S2";"11687.70948073"
"2017-08";"RS";"195334"
"2017-08";"E";"4636100"
"2017-09";"K";"1938"
"2017-09";"T0";"133169"
"2017-09";"S0";"140546.71574857"
"2017-09";"T1";"2.87243588"
"2017-09";"S1";"3.03157213"
"2017-09";"T2";"12456"
"2017-09";"S2";"11897.92121837"
"2017-09";"RS";"193624"
"2017-09";"E";"4636100"
"2017-10";"K";"1988"
"2017-10";"T0";"134800"
"2017-10";"S0";"139539.31071072"
"2017-10";"T1";"2.90761632"
"2017-10";"S1";"3.00984256"
"2017-10";"T2";"12316"
"2017-10";"S2";"12285.22508253"
"2017-10";"RS";"198025"
"2017-10";"E";"4636100"
"2017-11";"K";"1953"
"2017-11";"T0";"137317"
"2017-11";"S0";"137497.86659293"
"2017-11";"T1";"2.96190764"
"2017-11";"S1";"2.9658089"
"2017-11";"T2";"11994"
"2017-11";"S2";"12694.7405854"
"2017-11";"RS";"204141"
"2017-11";"E";"4636100"
"2017-12";"K";"1660"
"2017-12";"T0";"146654"
"2017-12";"S0";"135985.75958537"
"2017-12";"T1";"3.16330536"
"2017-12";"S1";"2.93319298"
"2017-12";"T2";"10704"
"2017-12";"S2";"12912.32376341"
"2017-12";"RS";"212018"
"2017-12";"E";"4636100"
"2018-01";"K";"3002"
"2018-01";"T0";"149161"
"2018-01";"S0";"134027.03461502"
"2018-01";"T1";"3.21738099"
"2018-01";"S1";"2.89094356"
"2018-01";"T2";"12341"
"2018-01";"S2";"12943.23251706"
"2018-01";"RS";"213125"
"2018-01";"E";"4636100"
"2018-02";"K";"2376"
"2018-02";"T0";"143930"
"2018-02";"S0";"131647.46196201"
"2018-02";"T1";"3.10454908"
"2018-02";"S1";"2.83961653"
"2018-02";"T2";"13122"
"2018-02";"S2";"13019.38103377"
"2018-02";"RS";"208617"
"2018-02";"E";"4636100"
"2018-03";"K";"2124"
"2018-03";"T0";"130413"
"2018-03";"S0";"125952.09161859"
"2018-03";"T1";"2.81298937"
"2018-03";"S1";"2.71676822"
"2018-03";"T2";"13228"
"2018-03";"S2";"13385.00946302"
"2018-03";"RS";"201119"
"2018-03";"E";"4636100"
"2018-04";"K";"2181"
"2018-04";"T0";"119781"
"2018-04";"S0";"119726.94209942"
"2018-04";"T1";"2.58365868"
"2018-04";"S1";"2.58249266"
"2018-04";"T2";"14431"
"2018-04";"S2";"14017.89696019"
"2018-04";"RS";"194060"
"2018-04";"E";"4636100"
"2018-05";"K";"1347"
"2018-05";"T0";"109392"
"2018-05";"S0";"113636.23541099"
"2018-05";"T1";"2.35956947"
"2018-05";"S1";"2.451117"
"2018-05";"T2";"15218"
"2018-05";"S2";"14921.4337097"
"2018-05";"RS";"185467"
"2018-05";"E";"4636100"
"2018-06";"K";"1075"
"2018-06";"T0";"106579"
"2018-06";"S0";"114885.71488352"
"2018-06";"T1";"2.29889347"
"2018-06";"S1";"2.47806809"
"2018-06";"T2";"16854"
"2018-06";"S2";"16071.6305282"
"2018-06";"RS";"179777"
"2018-06";"E";"4636100"
"2018-07";"K";"533"
"2018-07";"T0";"106052"
"2018-07";"S0";"113829.99589632"
"2018-07";"T1";"2.28752615"
"2018-07";"S1";"2.45529639"
"2018-07";"T2";"30004"
"2018-07";"S2";"30194.69893841"
"2018-07";"RS";"179857"
"2018-07";"E";"4636100"
"2018-08";"K";"376"
"2018-08";"T0";"107893"
"2018-08";"S0";"113459.31963818"
"2018-08";"T1";"2.32723625"
"2018-08";"S1";"2.44730096"
"2018-08";"T2";"36410"
"2018-08";"S2";"31888.15398847"
"2018-08";"RS";"179975"
"2018-08";"E";"4636100"
"2018-09";"K";"586"
"2018-09";"T0";"106586"
"2018-09";"S0";"112522.9039707"
"2018-09";"T1";"2.29904446"
"2018-09";"S1";"2.42710261"
"2018-09";"T2";"36288"
"2018-09";"S2";"32799.3817593"
"2018-09";"RS";"178499"
"2018-09";"E";"4636100"
"2018-10";"K";"1431"
"2018-10";"T0";"107315"
"2018-10";"S0";"111469.73117516"
"2018-10";"T1";"2.31476888"
"2018-10";"S1";"2.40438582"
"2018-10";"T2";"32090"
"2018-10";"S2";"32853.26296624"
"2018-10";"RS";"183446"
"2018-10";"E";"4636100"
"2018-11";"K";"1648"
"2018-11";"T0";"110474"
"2018-11";"S0";"110819.66242309"
"2018-11";"T1";"2.38290805"
"2018-11";"S1";"2.39036394"
"2018-11";"T2";"29576"
"2018-11";"S2";"32674.83878573"
"2018-11";"RS";"190212"
"2018-11";"E";"4636100"
"2018-12";"K";"1473"
"2018-12";"T0";"119661"
"2018-12";"S0";"111134.68266609"
"2018-12";"T1";"2.5810703"
"2018-12";"S1";"2.39715888"
"2018-12";"T2";"26904"
"2018-12";"S2";"33005.88368325"
"2018-12";"RS";"197950"
"2018-12";"E";"4636100"
"2019-01";"K";"1479"
"2019-01";"T0";"123962"
"2019-01";"S0";"111190.79996016"
"2019-01";"T1";"2.67384224"
"2019-01";"S1";"2.39836932"
"2019-01";"T2";"31592"
"2019-01";"S2";"34168.88636258"
"2019-01";"RS";"200125"
"2019-01";"E";"4636100"
"2019-02";"K";"1514"
"2019-02";"T0";"119473"
"2019-02";"S0";"109487.9561383"
"2019-02";"T1";"2.57701516"
"2019-02";"S1";"2.36163923"
"2019-02";"T2";"36766"
"2019-02";"S2";"35633.3939226"
"2019-02";"RS";"197072"
"2019-02";"E";"4636100"
"2019-03";"K";"1080"
"2019-03";"T0";"112341"
"2019-03";"S0";"108303.38230897"
"2019-03";"T1";"2.42317897"
"2019-03";"S1";"2.33608814"
"2019-03";"T2";"37409"
"2019-03";"S2";"36630.9874352"
"2019-03";"RS";"189467"
"2019-03";"E";"4636100"
"2019-04";"K";"1152"
"2019-04";"T0";"107298"
"2019-04";"S0";"107075.0332028"
"2019-04";"T1";"2.31440219"
"2019-04";"S1";"2.30959283"
"2019-04";"T2";"37958"
"2019-04";"S2";"36980.50792047"
"2019-04";"RS";"183549"
"2019-04";"E";"4636100"
"2019-05";"K";"1881"
"2019-05";"T0";"101370"
"2019-05";"S0";"105125.82768523"
"2019-05";"T1";"2.1865361"
"2019-05";"S1";"2.26754875"
"2019-05";"T2";"37390"
"2019-05";"S2";"36771.68111684"
"2019-05";"RS";"176128"
"2019-05";"E";"4636100"
"2019-06";"K";"2482"
"2019-06";"T0";"97222"
"2019-06";"S0";"104480.53172912"
"2019-06";"T1";"2.09706434"
"2019-06";"S1";"2.25362981"
"2019-06";"T2";"37186"
"2019-06";"S2";"36229.11239959"
"2019-06";"RS";"170800"
"2019-06";"E";"4636100"
"2019-07";"K";"1531"
"2019-07";"T0";"97578"
"2019-07";"S0";"104488.38102352"
"2019-07";"T1";"2.10474321"
"2019-07";"S1";"2.25379912"
"2019-07";"T2";"38236"
"2019-07";"S2";"35717.78607095"
"2019-07";"RS";"171280"
"2019-07";"E";"4636100"
"2019-08";"K";"1327"
"2019-08";"T0";"99552"
"2019-08";"S0";"104539.51880967"
"2019-08";"T1";"2.1473221"
"2019-08";"S1";"2.25490216"
"2019-08";"T2";"38478"
"2019-08";"S2";"35319.67227435"
"2019-08";"RS";"169849"
"2019-08";"E";"4636100"
"2019-09";"K";"2954"
"2019-09";"T0";"99098"
"2019-09";"S0";"104786.94613144"
"2019-09";"T1";"2.13752939"
"2019-09";"S1";"2.26023913"
"2019-09";"T2";"38125"
"2019-09";"S2";"35259.71572502"
"2019-09";"RS";"171423"
"2019-09";"E";"4636100"
"2019-10";"K";"2716"
"2019-10";"T0";"101684"
"2019-10";"S0";"105823.32225427"
"2019-10";"T1";"2.19330903"
"2019-10";"S1";"2.28259361"
"2019-10";"T2";"34927"
"2019-10";"S2";"35562.68831235"
"2019-10";"RS";"176495"
"2019-10";"E";"4636100"
"2019-11";"K";"5361"
"2019-11";"T0";"106330"
"2019-11";"S0";"107042.73114742"
"2019-11";"T1";"2.29352257"
"2019-11";"S1";"2.30889608"
"2019-11";"T2";"32168"
"2019-11";"S2";"35984.96598785"
"2019-11";"RS";"182427"
"2019-11";"E";"4636100"
"2019-12";"K";"3816"
"2019-12";"T0";"117277"
"2019-12";"S0";"109190.09540937"
"2019-12";"T1";"2.52964776"
"2019-12";"S1";"2.35521441"
"2019-12";"T2";"29720"
"2019-12";"S2";"36036.87274064"
"2019-12";"RS";"192955"
"2019-12";"E";"4636100"
"2020-01";"K";"5355"
"2020-01";"T0";"121018"
"2020-01";"S0";"108868.40353634"
"2020-01";"T1";"2.63239465"
"2020-01";"S1";"2.36811551"
"2020-01";"T2";"38552"
"2020-01";"S2";"35025.11055642"
"2020-01";"RS";"194233"
"2020-01";"E";"4597259"
"2020-02";"K";"5077"
"2020-02";"T0";"117822"
"2020-02";"S0";"108153.95559469"
"2020-02";"T1";"2.56287497"
"2020-02";"S1";"2.35257478"
"2020-02";"T2";"38151"
"2020-02";"S2";"32925.77767753"
"2020-02";"RS";"190399"
"2020-02";"E";"4597259"
"2020-03";"K";"980225"
"2020-03";"T0";"135624"
"2020-03";"S0";"130669.02713153"
"2020-03";"T1";"2.9501057"
"2020-03";"S1";"2.84232468"
"2020-03";"T2";"31472"
"2020-03";"S2";"30218.51683846"
"2020-03";"RS";"213897"
"2020-03";"E";"4597259"
"2020-04";"K";"1341719"
"2020-04";"T0";"153413"
"2020-04";"S0";"153034.44433021"
"2020-04";"T1";"3.33705367"
"2020-04";"S1";"3.32881929"
"2020-04";"T2";"18415"
"2020-04";"S2";"27730.58327363"
"2020-04";"RS";"231196"
"2020-04";"E";"4597259"
"2020-05";"K";"1085153"
"2020-05";"T0";"155998"
"2020-05";"S0";"161221.69022099"
"2020-05";"T1";"3.39328282"
"2020-05";"S1";"3.50690901"
"2020-05";"T2";"16701"
"2020-05";"S2";"26503.83362075"
"2020-05";"RS";"232982"
"2020-05";"E";"4597259"
"2020-06";"K";"615229"
"2020-06";"T0";"150289"
"2020-06";"S0";"160744.65511689"
"2020-06";"T1";"3.26910013"
"2020-06";"S1";"3.4965325"
"2020-06";"T2";"31919"
"2020-06";"S2";"26895.3986547"
"2020-06";"RS";"233454"
"2020-06";"E";"4597259"
"2020-07";"K";"419506"
"2020-07";"T0";"148870"
"2020-07";"S0";"159033.9680077"
"2020-07";"T1";"3.23823391"
"2020-07";"S1";"3.45932148"
"2020-07";"T2";"35295"
"2020-07";"S2";"28470.16415433"
"2020-07";"RS";"235762"
"2020-07";"E";"4597259"
"2020-08";"K";"355065"
"2020-08";"T0";"151111"
"2020-08";"S0";"158458.33956101"
"2020-08";"T1";"3.28698035"
"2020-08";"S1";"3.44680036"
"2020-08";"T2";"35052"
"2020-08";"S2";"30318.65696989"
"2020-08";"RS";"237215"
"2020-08";"E";"4597259"
"2020-09";"K";"252148"
"2020-09";"T0";"148560"
"2020-09";"S0";"156955.25475979"
"2020-09";"T1";"3.23149076"
"2020-09";"S1";"3.41410512"
"2020-09";"T2";"34725"
"2020-09";"S2";"31453.04321566"
"2020-09";"RS";"238145"
"2020-09";"E";"4597259"
"2020-10";"K";"249915"
"2020-10";"T0";"149118"
"2020-10";"S0";"155337.97756859"
"2020-10";"T1";"3.24362843"
"2020-10";"S1";"3.37892595"
"2020-10";"T2";"30671"
"2020-10";"S2";"31774.11152959"
"2020-10";"RS";"241460"
"2020-10";"E";"4597259"
"2020-11";"K";"361333"
"2020-11";"T0";"153270"
"2020-11";"S0";"154558.86392168"
"2020-11";"T1";"3.33394312"
"2020-11";"S1";"3.3619786"
"2020-11";"T2";"28861"
"2020-11";"S2";"31875.65386884"
"2020-11";"RS";"251139"
"2020-11";"E";"4597259"
"2020-12";"K";"377632"
"2020-12";"T0";"163545"
"2020-12";"S0";"153039.3693102"
"2020-12";"T1";"3.55744586"
"2020-12";"S1";"3.32892642"
"2020-12";"T2";"25226"
"2020-12";"S2";"32681.36460976"
"2020-12";"RS";"260318"
"2020-12";"E";"4597259"
"2021-01";"K";"516163"
"2021-01";"T0";"169753"
"2021-01";"S0";"153233.41186758"
"2021-01";"T1";"3.69248285"
"2021-01";"S1";"3.33314725"
"2021-01";"T2";"32941"
"2021-01";"S2";"34899.72981773"
"2021-01";"RS";"261499"
"2021-01";"E";"4597259"
"2021-02";"K";"525481"
"2021-02";"T0";"167953"
"2021-02";"S0";"154215.89224412"
"2021-02";"T1";"3.65332908"
"2021-02";"S1";"3.35451825"
"2021-02";"T2";"38678"
"2021-02";"S2";"38565.5284774"
"2021-02";"RS";"259735"
"2021-02";"E";"4597259"
"2021-03";"K";"430231"
"2021-03";"T0";"157968"
"2021-03";"S0";"152452.73604903"
"2021-03";"T1";"3.43613444"
"2021-03";"S1";"3.31616592"
"2021-03";"T2";"45182"
"2021-03";"S2";"43486.18492754"
"2021-03";"RS";"253939"
"2021-03";"E";"4597259"
"2021-04";"K";"366570"
"2021-04";"T0";"151279"
"2021-04";"S0";"150639.55072546"
"2021-04";"T1";"3.2906347"
"2021-04";"S1";"3.27672534"
"2021-04";"T2";"50101"
"2021-04";"S2";"48685.66788394"
"2021-04";"RS";"246227"
"2021-04";"E";"4597259"
"2021-05";"K";"295687"
"2021-05";"T0";"142966"
"2021-05";"S0";"147310.55893578"
"2021-05";"T1";"3.10980956"
"2021-05";"S1";"3.20431281"
"2021-05";"T2";"55255"
"2021-05";"S2";"52737.07276781"
"2021-05";"RS";"237367"
"2021-05";"E";"4597259"
"2021-06";"K";"196206"
"2021-06";"T0";"131821"
"2021-06";"S0";"141031.83561539"
"2021-06";"T1";"2.8673825"
"2021-06";"S1";"3.06773744"
"2021-06";"T2";"60717"
"2021-06";"S2";"55020.8081343"
"2021-06";"RS";"226637"
"2021-06";"E";"4597259"
"2021-07";"K";"115724"
"2021-07";"T0";"128279"
"2021-07";"S0";"136512.4440111"
"2021-07";"T1";"2.79033659"
"2021-07";"S1";"2.96943122"
"2021-07";"T2";"56812"
"2021-07";"S2";"55567.84519479"
"2021-07";"RS";"219183"
"2021-07";"E";"4597259"
"2021-08";"K";"90225"
"2021-08";"T0";"126355"
"2021-08";"S0";"132210.6036228"
"2021-08";"T1";"2.74848556"
"2021-08";"S1";"2.87585719"
"2021-08";"T2";"58450"
"2021-08";"S2";"55225.61594898"
"2021-08";"RS";"214415"
"2021-08";"E";"4597259"
"2021-09";"K";"78734"
"2021-09";"T0";"120294"
"2021-09";"S0";"126827.39997961"
"2021-09";"T1";"2.61664614"
"2021-09";"S1";"2.75876125"
"2021-09";"T2";"60588"
"2021-09";"S2";"55069.96421812"
"2021-09";"RS";"208282"
"2021-09";"E";"4597259"
"2021-10";"K";"67063"
"2021-10";"T0";"116733"
"2021-10";"S0";"121594.08917435"
"2021-10";"T1";"2.53918694"
"2021-10";"S1";"2.6449258"
"2021-10";"T2";"53206"
"2021-10";"S2";"55705.63972966"
"2021-10";"RS";"203853"
"2021-10";"E";"4597259"
"2021-11";"K";"62620"
"2021-11";"T0";"116244"
"2021-11";"S0";"117407.56309654"
"2021-11";"T1";"2.52855016"
"2021-11";"S1";"2.5538601"
"2021-11";"T2";"50552"
"2021-11";"S2";"57347.68496653"
"2021-11";"RS";"206349"
"2021-11";"E";"4597259"
"2021-12";"K";"62079"
"2021-12";"T0";"121728"
"2021-12";"S0";"114091.19943963"
"2021-12";"T1";"2.64783864"
"2021-12";"S1";"2.48172225"
"2021-12";"T2";"47531"
"2021-12";"S2";"59786.94575152"
"2021-12";"RS";"209676"
"2021-12";"E";"4597259"
"2022-01";"K";"81915"
"2022-01";"T0";"122268"
"2022-01";"S0";"110696.16513025"
"2022-01";"T1";"2.65958477"
"2022-01";"S1";"2.40787315"
"2022-01";"T2";"58412"
"2022-01";"S2";"62615.48673508"
"2022-01";"RS";"206867"
"2022-01";"E";"4597259"
"2022-02";"K";"73278"
"2022-02";"T0";"117970"
"2022-02";"S0";"108509.66696002"
"2022-02";"T1";"2.56609427"
"2022-02";"S1";"2.36031224"
"2022-02";"T2";"67826"
"2022-02";"S2";"65185.12312128"
"2022-02";"RS";"201909"
"2022-02";"E";"4597259"
"2022-03";"K";"35071"
"2022-03";"T0";"109500"
"2022-03";"S0";"105908.31376159"
"2022-03";"T1";"2.38185406"
"2022-03";"S1";"2.30372737"
"2022-03";"T2";"71138"
"2022-03";"S2";"66857.7526196"
"2022-03";"RS";"193595"
"2022-03";"E";"4597259"
"2022-04";"K";"15562"
"2022-04";"T0";"104391"
"2022-04";"S0";"103930.86737271"
"2022-04";"T1";"2.27072262"
"2022-04";"S1";"2.26071377"
"2022-04";"T2";"69535"
"2022-04";"S2";"67547.27656022"
"2022-04";"RS";"183220"
"2022-04";"E";"4597259"
"2022-05";"K";"11121"
"2022-05";"T0";"98004"
"2022-05";"S0";"101145.97533515"
"2022-05";"T1";"2.13179201"
"2022-05";"S1";"2.20013655"
"2022-05";"T2";"71048"
"2022-05";"S2";"67355.1859468"
"2022-05";"RS";"175456"
"2022-05";"E";"4597259"
"2022-06";"K";"7023"
"2022-06";"T0";"92511"
"2022-06";"S0";"98863.45796504"
"2022-06";"T1";"2.01230777"
"2022-06";"S1";"2.15048702"
"2022-06";"T2";"71742"
"2022-06";"S2";"66662.90009821"
"2022-06";"RS";"168944"
"2022-06";"E";"4597259"
"2022-07";"K";"3850"
"2022-07";"T0";"91474"
"2022-07";"S0";"97152.73671575"
"2022-07";"T1";"1.98975085"
"2022-07";"S1";"2.11327525"
"2022-07";"T2";"68004"
"2022-07";"S2";"66045.37433275"
"2022-07";"RS";"163315"
"2022-07";"E";"4597259"
"2022-08";"K";"2960"
"2022-08";"T0";"91372"
"2022-08";"S0";"95510.30579162"
"2022-08";"T1";"1.98753214"
"2022-08";"S1";"2.07754894"
"2022-08";"T2";"68262"
"2022-08";"S2";"65671.65187774"
"2022-08";"RS";"161394"
"2022-08";"E";"4597259"
"2022-09";"K";"3066"
"2022-09";"T0";"89526"
"2022-09";"S0";"94174.57774518"
"2022-09";"T1";"1.94737777"
"2022-09";"S1";"2.04849406"
"2022-09";"T2";"69842"
"2022-09";"S2";"65487.75125433"
"2022-09";"RS";"159399"
"2022-09";"E";"4597259"
"2022-10";"K";"3883"
"2022-10";"T0";"89636"
"2022-10";"S0";"93162.98273732"
"2022-10";"T1";"1.9497705"
"2022-10";"S1";"2.02648976"
"2022-10";"T2";"62889"
"2022-10";"S2";"64981.93339039"
"2022-10";"RS";"160094"
"2022-10";"E";"4597259"
"2022-11";"K";"3485"
"2022-11";"T0";"91327"
"2022-11";"S0";"92088.62607898"
"2022-11";"T1";"1.98655329"
"2022-11";"S1";"2.00312025"
"2022-11";"T2";"56446"
"2022-11";"S2";"63313.26544641"
"2022-11";"RS";"164496"
"2022-11";"E";"4597259"
"2022-12";"K";"3899"
"2022-12";"T0";"96941"
"2022-12";"S0";"91062.15565171"
"2022-12";"T1";"2.10866954"
"2022-12";"S1";"1.98079237"
"2022-12";"T2";"48473"
"2022-12";"S2";"60524.08206136"
"2022-12";"RS";"167904"
"2022-12";"E";"4597259"
"2023-01";"K";"3392"
"2023-01";"T0";"100776"
"2023-01";"S0";"91198.20963237"
"2023-01";"T1";"2.13636249"
"2023-01";"S1";"1.93332176"
"2023-01";"T2";"51810"
"2023-01";"S2";"57219.92100401"
"2023-01";"RS";"169516"
"2023-01";"E";"4717177"
"2023-02";"K";"3850"
"2023-02";"T0";"98452"
"2023-02";"S0";"90781.02745075"
"2023-02";"T1";"2.08709574"
"2023-02";"S1";"1.92447787"
"2023-02";"T2";"55001"
"2023-02";"S2";"54227.3306877"
"2023-02";"RS";"166763"
"2023-02";"E";"4717177"
"2023-03";"K";"3418"
"2023-03";"T0";"92755"
"2023-03";"S0";"89831.44054764"
"2023-03";"T1";"1.96632435"
"2023-03";"S1";"1.90434746"
"2023-03";"T2";"56742"
"2023-03";"S2";"51948.19384035"
"2023-03";"RS";"161864"
"2023-03";"E";"4717177"
"2023-04";"K";"2836"
"2023-04";"T0";"90534"
"2023-04";"S0";"90376.07884132"
"2023-04";"T1";"1.91924111"
"2023-04";"S1";"1.91589332"
"2023-04";"T2";"52223"
"2023-04";"S2";"50403.61269754"
"2023-04";"RS";"156036"
"2023-04";"E";"4717177"
"2023-05";"K";"3163"
"2023-05";"T0";"88076"
"2023-05";"S0";"90891.15181386"
"2023-05";"T1";"1.86713367"
"2023-05";"S1";"1.92681241"
"2023-05";"T2";"51807"
"2023-05";"S2";"49307.02382301"
"2023-05";"RS";"153468"
"2023-05";"E";"4717177"
"2023-06";"K";"3626"
"2023-06";"T0";"85099"
"2023-06";"S0";"91038.3725746"
"2023-06";"T1";"1.80402389"
"2023-06";"S1";"1.92993336"
"2023-06";"T2";"51731"
"2023-06";"S2";"48214.62866279"
"2023-06";"RS";"150618"
"2023-06";"E";"4717177"
"2023-07";"K";"3534"
"2023-07";"T0";"87601"
"2023-07";"S0";"92829.57410519"
"2023-07";"T1";"1.85706409"
"2023-07";"S1";"1.96790526"
"2023-07";"T2";"49204"
"2023-07";"S2";"47175.69246465"
"2023-07";"RS";"150673"
"2023-07";"E";"4717177"
"2023-08";"K";"3761"
"2023-08";"T0";"89881"
"2023-08";"S0";"93912.41868915"
"2023-08";"T1";"1.90539808"
"2023-08";"S1";"1.99086061"
"2023-08";"T2";"47366"
"2023-08";"S2";"46371.67233203"
"2023-08";"RS";"152317"
"2023-08";"E";"4717177"
"2023-09";"K";"6270"
"2023-09";"T0";"90826"
"2023-09";"S0";"95323.47425064"
"2023-09";"T1";"1.92543125"
"2023-09";"S1";"2.02077374"
"2023-09";"T2";"47191"
"2023-09";"S2";"45749.95267339"
"2023-09";"RS";"153535"
"2023-09";"E";"4717177"
"2023-10";"K";"7725"
"2023-10";"T0";"93563"
"2023-10";"S0";"97106.8864478"
"2023-10";"T1";"1.98345324"
"2023-10";"S1";"2.05858051"
"2023-10";"T2";"45899"
"2023-10";"S2";"45399.93486385"
"2023-10";"RS";"160373"
"2023-10";"E";"4717177"
"2023-11";"K";"9520"
"2023-11";"T0";"98011"
"2023-11";"S0";"98697.4202444"
"2023-11";"T1";"2.07774692"
"2023-11";"S1";"2.09229843"
"2023-11";"T2";"39968"
"2023-11";"S2";"45058.68725414"
"2023-11";"RS";"168898"
"2023-11";"E";"4717177"
"2023-12";"K";"6710"
"2023-12";"T0";"106859"
"2023-12";"S0";"100433.52786351"
"2023-12";"T1";"2.26531673"
"2023-12";"S1";"2.12910238"
"2023-12";"T2";"35380"
"2023-12";"S2";"44284.83174997"
"2023-12";"RS";"176979"
"2023-12";"E";"4717177"
"2024-01";"K";"8705"
"2024-01";"T0";"113175"
"2024-01";"S0";"102502.73488604"
"2024-01";"T1";"2.39921038"
"2024-01";"S1";"2.17296775"
"2024-01";"T2";"42106"
"2024-01";"S2";"42953.02509478"
"2024-01";"RS";"182253"
"2024-01";"E";"4717177"
"2024-02";"K";"8716"
"2024-02";"T0";"111879"
"2024-02";"S0";"103451.08116891"
"2024-02";"T1";"2.37173632"
"2024-02";"S1";"2.19307186"
"2024-02";"T2";"43356"
"2024-02";"S2";"41445.01039086"
"2024-02";"RS";"182018"
"2024-02";"E";"4717177"
"2024-03";"K";"9564"
"2024-03";"T0";"108593"
"2024-03";"S0";"105184.00853912"
"2024-03";"T1";"2.30207601"
"2024-03";"S1";"2.22980839"
"2024-03";"T2";"42413"
"2024-03";"S2";"40132.13310719"
"2024-03";"RS";"178392"
"2024-03";"E";"4717177"
"2024-04";"K";"9124"
"2024-04";"T0";"106957"
"2024-04";"S0";"106930.86261497"
"2024-04";"T1";"2.26739425"
"2024-04";"S1";"2.26684016"
"2024-04";"T2";"41531"
"2024-04";"S2";"38988.52882834"
"2024-04";"RS";"177570"
"2024-04";"E";"4717177"
"2024-05";"K";"10098"
"2024-05";"T0";"105465"
"2024-05";"S0";"108978.05754859"
"2024-05";"T1";"2.23576516"
"2024-05";"S1";"2.31023889"
"2024-05";"T2";"40105"
"2024-05";"S2";"37935.18058442"
"2024-05";"RS";"176422"
"2024-05";"E";"4717177"
"2024-06";"K";"10220"
"2024-06";"T0";"104518"
"2024-06";"S0";"111607.5473214"
"2024-06";"T1";"2.2156896"
"2024-06";"S1";"2.36598176"
"2024-06";"T2";"39592"
"2024-06";"S2";"37034.90737468"
"2024-06";"RS";"174964"
"2024-06";"E";"4717177"
"2024-07";"K";"7859"
"2024-07";"T0";"107716"
"2024-07";"S0";"114058.58063256"
"2024-07";"T1";"2.28348438"
"2024-07";"S1";"2.41794151"
"2024-07";"T2";"36674"
"2024-07";"S2";"36354.36178412"
"2024-07";"RS";"179139"
"2024-07";"E";"4717177"
"2024-08";"K";"8974"
"2024-08";"T0";"111354"
"2024-08";"S0";"116234.93686912"
"2024-08";"T1";"2.36060678"
"2024-08";"S1";"2.46407834"
"2024-08";"T2";"36246"
"2024-08";"S2";"36059.47422347"
"2024-08";"RS";"180236"
"2024-08";"E";"4717177"
"2024-09";"K";"13026"
"2024-09";"T0";"113245"
"2024-09";"S0";"118719.75033335"
"2024-09";"T1";"2.40069431"
"2024-09";"S1";"2.5167542"
"2024-09";"T2";"38320"
"2024-09";"S2";"36188.42893487"
"2024-09";"RS";"184373"
"2024-09";"E";"4717177"
"2024-10";"K";"16138"
"2024-10";"T0";"116447"
"2024-10";"S0";"120666.98814015"
"2024-10";"T1";"2.46857389"
"2024-10";"S1";"2.55803393"
"2024-10";"T2";"34471"
"2024-10";"S2";"36540.12265349"
"2024-10";"RS";"191163"
"2024-10";"E";"4717177"
"2024-11";"K";"17578"
"2024-11";"T0";"121114"
"2024-11";"S0";"121895.55254299"
"2024-11";"T1";"2.56751019"
"2024-11";"S1";"2.58407841"
"2024-11";"T2";"32908"
"2024-11";"S2";"37095.49903469"
"2024-11";"RS";"198793"
"2024-11";"E";"4717177"
"2024-12";"K";"12824"
"2024-12";"T0";"130293"
"2024-12";"S0";"122482.28623001"
"2024-12";"T1";"2.76209691"
"2024-12";"S1";"2.59651665"
"2024-12";"T2";"30422"
"2024-12";"S2";"37849.89717555"
"2024-12";"RS";"209024"
"2024-12";"E";"4717177"
"2025-01";"K";"20311"
"2025-01";"T0";"135773"
"2025-01";"S0";"123272.78158806"
"2025-01";"T1";"2.87826808"
"2025-01";"S1";"2.61327446"
"2025-01";"T2";"42052"
"2025-01";"S2";"38696.40229207"
"2025-01";"RS";"212803"
"2025-01";"E";"4717177"
"2025-02";"K";"20244"
"2025-02";"T0";"135446"
"2025-02";"S0";"125378.49017107"
"2025-02";"T1";"2.87133597"
"2025-02";"S1";"2.65791362"
"2025-02";"T2";"44398"
"2025-02";"S2";"39239.96058041"
"2025-02";"RS";"212699"
"2025-02";"E";"4717177"
"2025-03";"K";"18777"
"2025-03";"T0";"132569"
"2025-03";"S0";"128437.03863721"
"2025-03";"T1";"2.8103461"
"2025-03";"S1";"2.72275216"
"2025-03";"T2";"42530"
"2025-03";"S2";"39098.29950082"
"2025-03";"RS";"212390"
"2025-03";"E";"4717177"
"2025-04";"K";"14913"
"2025-04";"T0";"130101"
"2025-04";"S0";"130162.58917964"
"2025-04";"T1";"2.75802668"
"2025-04";"S1";"2.75933231"
"2025-04";"T2";"40887"
"2025-04";"S2";"38588.6987893"
"2025-04";"RS";"209075"
"2025-04";"E";"4717177"
"2025-05";"K";"13438"
"2025-05";"T0";"127944"
"2025-05";"S0";"132328.57218235"
"2025-05";"T1";"2.71230017"
"2025-05";"S1";"2.80524925"
"2025-05";"T2";"38142"
"2025-05";"S2";"38148.66532725"
"2025-05";"RS";"205855"
"2025-05";"E";"4717177"
"2025-06";"K";"10785"
"2025-06";"T0";"126877"
"2025-06";"S0";"135311.30150623"
"2025-06";"T1";"2.68968071"
"2025-06";"S1";"2.86848048"
"2025-06";"T2";"39757"
"2025-06";"S2";"37947.79681147"
"2025-06";"RS";"206868"
"2025-06";"E";"4717177"
"2025-07";"K";
"2025-07";"T0";"129154"
"2025-07";"S0";"136684.89408935"
"2025-07";"T1";"2.73795111"
"2025-07";"S1";"2.89759943"
"2025-07";"T2";"39805"
"2025-07";"S2";"37799.44127434"
"2025-07";"RS";"209441"
"2025-07";"E";"4717177"
"2025-08";"K";
"2025-08";"T0";"132105"
"2025-08";"S0";"137823.10205027"
"2025-08";"T1";"2.80050971"
"2025-08";"S1";"2.92172844"
"2025-08";"T2";"37865"
"2025-08";"S2";"37462.89275449"
"2025-08";"RS";"209090"
"2025-08";"E";"4717177"
"2025-09";"K";
"2025-09";"T0";"133233"
"2025-09";"S0";"139564.02927612"
"2025-09";"T1";"2.82442232"
"2025-09";"S1";"2.95863457"
"2025-09";"T2";"37372"
"2025-09";"S2";"36912.8948468"
"2025-09";"RS";"213750"
"2025-09";"E";"4717177"
