date,variable,value,type,value_std,variable_label
1992-06-30,gdp_growth,-3.3621640676874014,Actual (Quarterly),-0.7688163737966562,"GDP Growth (%, detrended)"
1992-09-30,gdp_growth,-6.17292174085945,Actual (Quarterly),-1.4115442354966454,"GDP Growth (%, detrended)"
1992-12-31,gdp_growth,-4.2986102727792135,Actual (Quarterly),-0.9829508304026164,"GDP Growth (%, detrended)"
1993-03-31,gdp_growth,-1.4247190844390747,Actual (Quarterly),-0.3257864096235955,"GDP Growth (%, detrended)"
1993-06-30,gdp_growth,4.216785364298958,Actual (Quarterly),0.9642401642490448,"GDP Growth (%, detrended)"
1993-09-30,gdp_growth,1.1150790567622135,Actual (Quarterly),0.25498191630671707,"GDP Growth (%, detrended)"
1993-12-31,gdp_growth,1.6558956813081391,Actual (Quarterly),0.3786488962046785,"GDP Growth (%, detrended)"
1994-03-31,gdp_growth,1.9629637563869704,Actual (Quarterly),0.4488652685285933,"GDP Growth (%, detrended)"
1994-06-30,gdp_growth,-4.010721299906506,Actual (Quarterly),-0.9171200881413446,"GDP Growth (%, detrended)"
1994-09-30,gdp_growth,2.568004996630024,Actual (Quarterly),0.5872183063210206,"GDP Growth (%, detrended)"
1994-12-31,gdp_growth,1.5564683570981839,Actual (Quarterly),0.35591313634392285,"GDP Growth (%, detrended)"
1995-03-31,gdp_growth,-2.449180961650355,Actual (Quarterly),-0.560047156474133,"GDP Growth (%, detrended)"
1995-06-30,gdp_growth,-0.6202222205832999,Actual (Quarterly),-0.14182442884321994,"GDP Growth (%, detrended)"
1995-09-30,gdp_growth,2.002080383695259,Actual (Quarterly),0.45780995503313954,"GDP Growth (%, detrended)"
1995-12-31,gdp_growth,-1.3881313892274096,Actual (Quarterly),-0.3174200067378619,"GDP Growth (%, detrended)"
1996-03-31,gdp_growth,-1.6609546967185753,Actual (Quarterly),-0.379805726687823,"GDP Growth (%, detrended)"
1996-06-30,gdp_growth,0.19260462742666218,Actual (Quarterly),0.04404234542202883,"GDP Growth (%, detrended)"
1996-09-30,gdp_growth,-4.257036610085819,Actual (Quarterly),-0.9734443006932064,"GDP Growth (%, detrended)"
1996-12-31,gdp_growth,-0.7243519918507804,Actual (Quarterly),-0.16563548372883263,"GDP Growth (%, detrended)"
1997-03-31,gdp_growth,2.306720963025854,Actual (Quarterly),0.5274712388958748,"GDP Growth (%, detrended)"
1997-06-30,gdp_growth,-0.7642797786250657,Actual (Quarterly),-0.17476565573220146,"GDP Growth (%, detrended)"
1997-09-30,gdp_growth,2.9403643745918524,Actual (Quarterly),0.6723646528259669,"GDP Growth (%, detrended)"
1997-12-31,gdp_growth,0.5015792066142108,Actual (Quarterly),0.11469467254945229,"GDP Growth (%, detrended)"
1998-03-31,gdp_growth,3.1175111097137327,Actual (Quarterly),0.7128722865358229,"GDP Growth (%, detrended)"
1998-06-30,gdp_growth,2.813821194668564,Actual (Quarterly),0.6434283883371734,"GDP Growth (%, detrended)"
1998-09-30,gdp_growth,-1.9584137625973443,Actual (Quarterly),-0.4478248345534176,"GDP Growth (%, detrended)"
1998-12-31,gdp_growth,-3.047293309255095,Actual (Quarterly),-0.6968157843432579,"GDP Growth (%, detrended)"
1999-03-31,gdp_growth,-1.3046088648277834,Actual (Quarterly),-0.2983211516414087,"GDP Growth (%, detrended)"
1999-06-30,gdp_growth,0.1807370283525398,Actual (Quarterly),0.04132861572230151,"GDP Growth (%, detrended)"
1999-09-30,gdp_growth,1.902892799631972,Actual (Quarterly),0.43512901586123315,"GDP Growth (%, detrended)"
1999-12-31,gdp_growth,6.437281880510725,Actual (Quarterly),1.4719947072319135,"GDP Growth (%, detrended)"
2000-03-31,gdp_growth,0.6468872237778254,Actual (Quarterly),0.14792183832430797,"GDP Growth (%, detrended)"
2000-06-30,gdp_growth,0.6081214179597947,Actual (Quarterly),0.13905737315951797,"GDP Growth (%, detrended)"
2000-09-30,gdp_growth,2.5787861809919983,Actual (Quarterly),0.5896836086975663,"GDP Growth (%, detrended)"
2000-12-31,gdp_growth,2.6865881725565695,Actual (Quarterly),0.6143343796219426,"GDP Growth (%, detrended)"
2001-03-31,gdp_growth,-1.561743659656101,Actual (Quarterly),-0.3571194245861407,"GDP Growth (%, detrended)"
2001-06-30,gdp_growth,-1.773512528012289,Actual (Quarterly),-0.4055440017854957,"GDP Growth (%, detrended)"
2001-09-30,gdp_growth,-0.9556071037917337,Actual (Quarterly),-0.218515924125269,"GDP Growth (%, detrended)"
2001-12-31,gdp_growth,-2.440432937012516,Actual (Quarterly),-0.5580467708758855,"GDP Growth (%, detrended)"
2002-03-31,gdp_growth,-1.7655847960267426,Actual (Quarterly),-0.40373119014547604,"GDP Growth (%, detrended)"
2002-06-30,gdp_growth,-2.0927784812617594,Actual (Quarterly),-0.47854962777888255,"GDP Growth (%, detrended)"
2002-09-30,gdp_growth,-0.8175445632933378,Actual (Quarterly),-0.18694556063133624,"GDP Growth (%, detrended)"
2002-12-31,gdp_growth,-2.7035349046710015,Actual (Quarterly),-0.6182095400452955,"GDP Growth (%, detrended)"
2003-03-31,gdp_growth,-3.266176426533163,Actual (Quarterly),-0.7468671563534232,"GDP Growth (%, detrended)"
2003-06-30,gdp_growth,-1.0517798044464957,Actual (Quarterly),-0.24050745859148645,"GDP Growth (%, detrended)"
2003-09-30,gdp_growth,1.63236351166377,Actual (Quarterly),0.3732678627484511,"GDP Growth (%, detrended)"
2003-12-31,gdp_growth,3.1190717822251353,Actual (Quarterly),0.713229161024023,"GDP Growth (%, detrended)"
2004-03-31,gdp_growth,0.2528542232997364,Actual (Quarterly),0.05781944698201065,"GDP Growth (%, detrended)"
2004-06-30,gdp_growth,2.1537871829205963,Actual (Quarterly),0.49250031187255044,"GDP Growth (%, detrended)"
2004-09-30,gdp_growth,-4.098137414895986,Actual (Quarterly),-0.9371092793838263,"GDP Growth (%, detrended)"
2004-12-31,gdp_growth,1.0391941040178818,Actual (Quarterly),0.23762952272327223,"GDP Growth (%, detrended)"
2005-03-31,gdp_growth,0.8858402466241142,Actual (Quarterly),0.20256253783627298,"GDP Growth (%, detrended)"
2005-06-30,gdp_growth,2.3482615036779615,Actual (Quarterly),0.5369701946835003,"GDP Growth (%, detrended)"
2005-09-30,gdp_growth,3.8324343492799224,Actual (Quarterly),0.876351724636028,"GDP Growth (%, detrended)"
2005-12-31,gdp_growth,3.084786050002763,Actual (Quarterly),0.7053891413850355,"GDP Growth (%, detrended)"
2006-03-31,gdp_growth,4.023757366753544,Actual (Quarterly),0.9201010080013334,"GDP Growth (%, detrended)"
2006-06-30,gdp_growth,2.168510768327125,Actual (Quarterly),0.49586711174121917,"GDP Growth (%, detrended)"
2006-09-30,gdp_growth,1.7937449415579618,Actual (Quarterly),0.4101704895184507,"GDP Growth (%, detrended)"
2006-12-31,gdp_growth,4.090271820127655,Actual (Quarterly),0.9353106764823023,"GDP Growth (%, detrended)"
2007-03-31,gdp_growth,2.9582992611902776,Actual (Quarterly),0.676465771689134,"GDP Growth (%, detrended)"
2007-06-30,gdp_growth,4.09689071436462,Actual (Quarterly),0.9368241999640124,"GDP Growth (%, detrended)"
2007-09-30,gdp_growth,1.1051936361087809,Actual (Quarterly),0.2527214456374632,"GDP Growth (%, detrended)"
2007-12-31,gdp_growth,-0.12407840516003321,Actual (Quarterly),-0.02837265154261908,"GDP Growth (%, detrended)"
2008-03-31,gdp_growth,2.133341135305799,Actual (Quarterly),0.4878249730523083,"GDP Growth (%, detrended)"
2008-06-30,gdp_growth,0.7080565654038804,Actual (Quarterly),0.16190925549661145,"GDP Growth (%, detrended)"
2008-09-30,gdp_growth,0.22118646902841133,Actual (Quarterly),0.050578072820900745,"GDP Growth (%, detrended)"
2008-12-31,gdp_growth,-10.169167651303878,Actual (Quarterly),-2.3253542780210954,"GDP Growth (%, detrended)"
2009-03-31,gdp_growth,-7.231260447020261,Actual (Quarterly),-1.6535514992524754,"GDP Growth (%, detrended)"
2009-06-30,gdp_growth,-1.0572630645893202,Actual (Quarterly),-0.24176129989569434,"GDP Growth (%, detrended)"
2009-09-30,gdp_growth,3.016400533992269,Actual (Quarterly),0.6897516223999598,"GDP Growth (%, detrended)"
2009-12-31,gdp_growth,0.520344141894513,Actual (Quarterly),0.11898559625403342,"GDP Growth (%, detrended)"
2010-03-31,gdp_growth,2.452544643478249,Actual (Quarterly),0.5608163199097845,"GDP Growth (%, detrended)"
2010-06-30,gdp_growth,1.6148199899478908,Actual (Quarterly),0.36925623616578335,"GDP Growth (%, detrended)"
2010-09-30,gdp_growth,0.5290389009384608,Actual (Quarterly),0.12097380176233916,"GDP Growth (%, detrended)"
2010-12-31,gdp_growth,1.1995967322856569,Actual (Quarterly),0.27430832974446173,"GDP Growth (%, detrended)"
2011-03-31,gdp_growth,-0.8637666594940032,Actual (Quarterly),-0.19751503424263409,"GDP Growth (%, detrended)"
2011-06-30,gdp_growth,0.5961400854263996,Actual (Quarterly),0.13631763635722902,"GDP Growth (%, detrended)"
2011-09-30,gdp_growth,-2.012874762750683,Actual (Quarterly),-0.4602782746022338,"GDP Growth (%, detrended)"
2011-12-31,gdp_growth,-0.49045166374638316,Actual (Quarterly),-0.11215016937094029,"GDP Growth (%, detrended)"
2012-03-31,gdp_growth,1.2963214761181672,Actual (Quarterly),0.2964260983341637,"GDP Growth (%, detrended)"
2012-06-30,gdp_growth,-0.3590968525959528,Actual (Quarterly),-0.0821136430276911,"GDP Growth (%, detrended)"
2012-09-30,gdp_growth,-0.16552660508507588,Actual (Quarterly),-0.037850492042142525,"GDP Growth (%, detrended)"
2012-12-31,gdp_growth,-0.30630876014724495,Actual (Quarterly),-0.0700427419654555,"GDP Growth (%, detrended)"
2013-03-31,gdp_growth,-0.7755915503790181,Actual (Quarterly),-0.17735228599949562,"GDP Growth (%, detrended)"
2013-06-30,gdp_growth,1.6924341701194276,Actual (Quarterly),0.38700404720456016,"GDP Growth (%, detrended)"
2013-09-30,gdp_growth,-0.3867458502743506,Actual (Quarterly),-0.0884360596933475,"GDP Growth (%, detrended)"
2013-12-31,gdp_growth,-0.6763898346204502,Actual (Quarterly),-0.15466811537353087,"GDP Growth (%, detrended)"
2014-03-31,gdp_growth,-0.3073996517603763,Actual (Quarterly),-0.0702921930086908,"GDP Growth (%, detrended)"
2014-06-30,gdp_growth,0.8285102550874666,Actual (Quarterly),0.18945305379098207,"GDP Growth (%, detrended)"
2014-09-30,gdp_growth,0.06648884472854033,Actual (Quarterly),0.01520381262574294,"GDP Growth (%, detrended)"
2014-12-31,gdp_growth,-0.18645140361114332,Actual (Quarterly),-0.0426353054543869,"GDP Growth (%, detrended)"
2015-03-31,gdp_growth,-0.814472691505286,Actual (Quarterly),-0.18624312455703643,"GDP Growth (%, detrended)"
2015-06-30,gdp_growth,0.32110442530880445,Actual (Quarterly),0.07342602410410591,"GDP Growth (%, detrended)"
2015-09-30,gdp_growth,0.2730402742986524,Actual (Quarterly),0.0624353331249304,"GDP Growth (%, detrended)"
2015-12-31,gdp_growth,-0.7329532012822273,Actual (Quarterly),-0.16760229751668537,"GDP Growth (%, detrended)"
2016-03-31,gdp_growth,0.3594387121448659,Actual (Quarterly),0.08219181506613157,"GDP Growth (%, detrended)"
2016-06-30,gdp_growth,0.470769515144853,Actual (Quarterly),0.10764950913791238,"GDP Growth (%, detrended)"
2016-09-30,gdp_growth,0.05808707206712538,Actual (Quarterly),0.013282603469684144,"GDP Growth (%, detrended)"
2016-12-31,gdp_growth,-3.2329592239389475,Actual (Quarterly),-0.7392714743069727,"GDP Growth (%, detrended)"
2017-03-31,gdp_growth,-2.5600646155919398,Actual (Quarterly),-0.5854026022585885,"GDP Growth (%, detrended)"
2017-06-30,gdp_growth,-1.8520829710571565,Actual (Quarterly),-0.4235104787013295,"GDP Growth (%, detrended)"
2017-09-30,gdp_growth,1.995183994886973,Actual (Quarterly),0.4562329776670334,"GDP Growth (%, detrended)"
2017-12-31,gdp_growth,0.9091080829374374,Actual (Quarterly),0.20788312695101172,"GDP Growth (%, detrended)"
2018-03-31,gdp_growth,0.5384753901469861,Actual (Quarterly),0.12313161657107924,"GDP Growth (%, detrended)"
2018-06-30,gdp_growth,4.112850634837472,Actual (Quarterly),0.9404737090114579,"GDP Growth (%, detrended)"
2018-09-30,gdp_growth,-3.1330804258641214,Actual (Quarterly),-0.7164324772178527,"GDP Growth (%, detrended)"
2018-12-31,gdp_growth,-0.604374012506226,Actual (Quarterly),-0.13820046474756784,"GDP Growth (%, detrended)"
2019-03-31,gdp_growth,-1.6541527201721198,Actual (Quarterly),-0.37825033830170746,"GDP Growth (%, detrended)"
2019-06-30,gdp_growth,-0.4258704550370698,Actual (Quarterly),-0.09738257037942204,"GDP Growth (%, detrended)"
2019-09-30,gdp_growth,-0.5727964341620708,Actual (Quarterly),-0.13097971085600302,"GDP Growth (%, detrended)"
2019-12-31,gdp_growth,0.8131627240860138,Actual (Quarterly),0.18594357808018347,"GDP Growth (%, detrended)"
2020-03-31,gdp_growth,-8.853403803686588,Actual (Quarterly),-2.0244823485933154,"GDP Growth (%, detrended)"
2020-06-30,gdp_growth,-29.618845089747182,Actual (Quarterly),-6.772855999739246,"GDP Growth (%, detrended)"
2020-09-30,gdp_growth,26.234112641279538,Actual (Quarterly),5.998878979310058,"GDP Growth (%, detrended)"
2020-12-31,gdp_growth,0.4194705226200466,Actual (Quarterly),0.09591911626643328,"GDP Growth (%, detrended)"
2021-03-31,gdp_growth,0.6462216963260101,Actual (Quarterly),0.14776965407872514,"GDP Growth (%, detrended)"
2021-06-30,gdp_growth,9.986219103096817,Actual (Quarterly),2.2835199604231855,"GDP Growth (%, detrended)"
2021-09-30,gdp_growth,5.742607401593902,Actual (Quarterly),1.313145494909783,"GDP Growth (%, detrended)"
2021-12-31,gdp_growth,-1.2111585570391827,Actual (Quarterly),-0.27695213891097664,"GDP Growth (%, detrended)"
2022-03-31,gdp_growth,1.0773759749358345,Actual (Quarterly),0.24636046117628577,"GDP Growth (%, detrended)"
2022-06-30,gdp_growth,2.7829061915024207,Actual (Quarterly),0.6363591436032439,"GDP Growth (%, detrended)"
2022-09-30,gdp_growth,-3.284042943414234,Actual (Quarterly),-0.7509526413102384,"GDP Growth (%, detrended)"
2022-12-31,gdp_growth,-1.7888927628381015,Actual (Quarterly),-0.40906095578561846,"GDP Growth (%, detrended)"
2023-03-31,gdp_growth,-3.206744276669993,Actual (Quarterly),-0.733276977818153,"GDP Growth (%, detrended)"
2023-06-30,gdp_growth,-3.736462882006875,Actual (Quarterly),-0.8544062056276236,"GDP Growth (%, detrended)"
2023-09-30,gdp_growth,-1.503546029454539,Actual (Quarterly),-0.3438115401062797,"GDP Growth (%, detrended)"
2023-12-31,gdp_growth,-0.8546436165499773,Actual (Quarterly),-0.19542889428842253,"GDP Growth (%, detrended)"
2024-03-31,gdp_growth,2.312132592537652,Actual (Quarterly),0.5287087006299933,"GDP Growth (%, detrended)"
2024-06-30,gdp_growth,0.17444077696312488,Actual (Quarterly),0.039888870051278474,"GDP Growth (%, detrended)"
2024-09-30,gdp_growth,-0.06065556073805456,Actual (Quarterly),-0.013869932376414295,"GDP Growth (%, detrended)"
2024-12-31,gdp_growth,-0.4699656756561257,Actual (Quarterly),-0.10746569747720948,"GDP Growth (%, detrended)"
2025-03-31,gdp_growth,0.45741415749448433,Actual (Quarterly),0.10459557796953356,"GDP Growth (%, detrended)"
2025-06-30,gdp_growth,-1.8817972839575094,Actual (Quarterly),-0.4303051650503577,"GDP Growth (%, detrended)"
1992-02-01,gdp_growth,-3.3621640676874014,Latent State (MF-VAR),-0.7577050490869949,"GDP Growth (%, detrended)"
1992-03-01,gdp_growth,-3.3621640676874014,Latent State (MF-VAR),-0.7577050490869949,"GDP Growth (%, detrended)"
1992-04-01,gdp_growth,-3.3621640676874014,Latent State (MF-VAR),-0.7577050490869949,"GDP Growth (%, detrended)"
1992-05-01,gdp_growth,-3.3621640676874014,Latent State (MF-VAR),-0.7577050490869949,"GDP Growth (%, detrended)"
1992-06-01,gdp_growth,-3.3621640676874014,Latent State (MF-VAR),-0.7577050490869949,"GDP Growth (%, detrended)"
1992-07-01,gdp_growth,-6.257861774072886,Latent State (MF-VAR),-1.4148947113212749,"GDP Growth (%, detrended)"
1992-08-01,gdp_growth,-6.278109079552491,Latent State (MF-VAR),-1.4194899146879638,"GDP Growth (%, detrended)"
1992-09-01,gdp_growth,-5.982794368952972,Latent State (MF-VAR),-1.3524671123824128,"GDP Growth (%, detrended)"
1992-10-01,gdp_growth,-3.81624937350667,Latent State (MF-VAR),-0.8607614448215529,"GDP Growth (%, detrended)"
1992-11-01,gdp_growth,-4.346742173755997,Latent State (MF-VAR),-0.9811588134573664,"GDP Growth (%, detrended)"
1992-12-01,gdp_growth,-4.732839271074974,Latent State (MF-VAR),-1.068785025412143,"GDP Growth (%, detrended)"
1993-01-01,gdp_growth,-1.5122162032617197,Latent State (MF-VAR),-0.33785231049070485,"GDP Growth (%, detrended)"
1993-02-01,gdp_growth,-1.4415974208825977,Latent State (MF-VAR),-0.3218251079146936,"GDP Growth (%, detrended)"
1993-03-01,gdp_growth,-1.3203436291729074,Latent State (MF-VAR),-0.29430609643687433,"GDP Growth (%, detrended)"
1993-04-01,gdp_growth,4.140405394405009,Latent State (MF-VAR),0.9450317662266116,"GDP Growth (%, detrended)"
1993-05-01,gdp_growth,4.1058236441379385,Latent State (MF-VAR),0.9371833058271126,"GDP Growth (%, detrended)"
1993-06-01,gdp_growth,4.404127054353927,Latent State (MF-VAR),1.0048844049338579,"GDP Growth (%, detrended)"
1993-07-01,gdp_growth,1.1112482713896754,Latent State (MF-VAR),0.25755297928724113,"GDP Growth (%, detrended)"
1993-08-01,gdp_growth,1.2085333770484246,Latent State (MF-VAR),0.27963220585405885,"GDP Growth (%, detrended)"
1993-09-01,gdp_growth,1.025455521848541,Latent State (MF-VAR),0.23808198686674206,"GDP Growth (%, detrended)"
1993-10-01,gdp_growth,1.3751359720924987,Latent State (MF-VAR),0.317443301578218,"GDP Growth (%, detrended)"
1993-11-01,gdp_growth,2.012543323494607,Latent State (MF-VAR),0.4621053362408354,"GDP Growth (%, detrended)"
1993-12-01,gdp_growth,1.580007748337312,Latent State (MF-VAR),0.36393973424615966,"GDP Growth (%, detrended)"
1994-01-01,gdp_growth,1.816364732927051,Latent State (MF-VAR),0.4175818552889441,"GDP Growth (%, detrended)"
1994-02-01,gdp_growth,2.243578550358747,Latent State (MF-VAR),0.5145396640272771,"GDP Growth (%, detrended)"
1994-03-01,gdp_growth,1.8289479858751136,Latent State (MF-VAR),0.4204376726404964,"GDP Growth (%, detrended)"
1994-04-01,gdp_growth,-4.418686830187245,Latent State (MF-VAR),-0.9974869282171878,"GDP Growth (%, detrended)"
1994-05-01,gdp_growth,-4.068141826949866,Latent State (MF-VAR),-0.9179293998994097,"GDP Growth (%, detrended)"
1994-06-01,gdp_growth,-3.5453352425824076,Latent State (MF-VAR),-0.7992764473358009,"GDP Growth (%, detrended)"
1994-07-01,gdp_growth,2.746263911104304,Latent State (MF-VAR),0.6286260279837057,"GDP Growth (%, detrended)"
1994-08-01,gdp_growth,2.3321133360085176,Latent State (MF-VAR),0.5346329720230848,"GDP Growth (%, detrended)"
1994-09-01,gdp_growth,2.6256377427772515,Latent State (MF-VAR),0.6012494580314424,"GDP Growth (%, detrended)"
1994-10-01,gdp_growth,1.6614000761694587,Latent State (MF-VAR),0.3824120341407639,"GDP Growth (%, detrended)"
1994-11-01,gdp_growth,1.044231406028508,Latent State (MF-VAR),0.24234324554549583,"GDP Growth (%, detrended)"
1994-12-01,gdp_growth,1.963773589096585,Latent State (MF-VAR),0.45103685861431586,"GDP Growth (%, detrended)"
1995-01-01,gdp_growth,-2.2606120727846517,Latent State (MF-VAR),-0.5077036135548069,"GDP Growth (%, detrended)"
1995-02-01,gdp_growth,-2.3822874265660627,Latent State (MF-VAR),-0.5353183001560736,"GDP Growth (%, detrended)"
1995-03-01,gdp_growth,-2.704643385600351,Latent State (MF-VAR),-0.6084782171494082,"GDP Growth (%, detrended)"
1995-04-01,gdp_growth,-1.7305953720661371,Latent State (MF-VAR),-0.3874142975272317,"GDP Growth (%, detrended)"
1995-05-01,gdp_growth,-0.4690808493643278,Latent State (MF-VAR),-0.10110875491142575,"GDP Growth (%, detrended)"
1995-06-01,gdp_growth,0.3390095596805649,Latent State (MF-VAR),0.0822904520582387,"GDP Growth (%, detrended)"
1995-07-01,gdp_growth,2.79198920047983,Latent State (MF-VAR),0.6390035571760663,"GDP Growth (%, detrended)"
1995-08-01,gdp_growth,1.9663603349663885,Latent State (MF-VAR),0.4516239304763798,"GDP Growth (%, detrended)"
1995-09-01,gdp_growth,1.2478916156395587,Latent State (MF-VAR),0.2885647085351244,"GDP Growth (%, detrended)"
1995-10-01,gdp_growth,-0.6965305857644053,Latent State (MF-VAR),-0.1527293419327921,"GDP Growth (%, detrended)"
1995-11-01,gdp_growth,-1.6340654056668797,Latent State (MF-VAR),-0.3655064527016057,"GDP Growth (%, detrended)"
1995-12-01,gdp_growth,-1.833798176250944,Latent State (MF-VAR),-0.410836568392827,"GDP Growth (%, detrended)"
1996-01-01,gdp_growth,-2.2630874398612715,Latent State (MF-VAR),-0.5082654075740521,"GDP Growth (%, detrended)"
1996-02-01,gdp_growth,-1.9616266838484415,Latent State (MF-VAR),-0.439847736770887,"GDP Growth (%, detrended)"
1996-03-01,gdp_growth,-0.7581499664460135,Latent State (MF-VAR),-0.16671409589655437,"GDP Growth (%, detrended)"
1996-04-01,gdp_growth,0.6482496772078027,Latent State (MF-VAR),0.15247367869092918,"GDP Growth (%, detrended)"
1996-05-01,gdp_growth,-0.10136091068074447,Latent State (MF-VAR),-0.0176533093490762,"GDP Growth (%, detrended)"
1996-06-01,gdp_growth,0.030925115752928157,Latent State (MF-VAR),0.01236950996612721,"GDP Growth (%, detrended)"
1996-07-01,gdp_growth,-3.8720728218050278,Latent State (MF-VAR),-0.8734307897780553,"GDP Growth (%, detrended)"
1996-08-01,gdp_growth,-4.247230275648028,Latent State (MF-VAR),-0.9585742078330796,"GDP Growth (%, detrended)"
1996-09-01,gdp_growth,-4.6518067328044,Latent State (MF-VAR),-1.0503943811337046,"GDP Growth (%, detrended)"
1996-10-01,gdp_growth,-0.38740557766737,Latent State (MF-VAR),-0.08257223982525079,"GDP Growth (%, detrended)"
1996-11-01,gdp_growth,-0.8878623719796626,Latent State (MF-VAR),-0.19615282211175086,"GDP Growth (%, detrended)"
1996-12-01,gdp_growth,-0.8977880259053088,Latent State (MF-VAR),-0.1984054872074428,"GDP Growth (%, detrended)"
1997-01-01,gdp_growth,0.4697096600128873,Latent State (MF-VAR),0.11195333938310467,"GDP Growth (%, detrended)"
1997-02-01,gdp_growth,2.210462979371157,Latent State (MF-VAR),0.507023958619203,"GDP Growth (%, detrended)"
1997-03-01,gdp_growth,4.239990249693518,Latent State (MF-VAR),0.9676329297618746,"GDP Growth (%, detrended)"
1997-04-01,gdp_growth,-1.6109959068259552,Latent State (MF-VAR),-0.36027074176473933,"GDP Growth (%, detrended)"
1997-05-01,gdp_growth,-0.7853081832192969,Latent State (MF-VAR),-0.1728777569958333,"GDP Growth (%, detrended)"
1997-06-01,gdp_growth,0.10346475417005449,Latent State (MF-VAR),0.028832658161749587,"GDP Growth (%, detrended)"
1997-07-01,gdp_growth,4.078669437551805,Latent State (MF-VAR),0.9310205548551348,"GDP Growth (%, detrended)"
1997-08-01,gdp_growth,3.4544521462771782,Latent State (MF-VAR),0.7893520547527426,"GDP Growth (%, detrended)"
1997-09-01,gdp_growth,1.287971539946575,Latent State (MF-VAR),0.2976610005477952,"GDP Growth (%, detrended)"
1997-10-01,gdp_growth,1.120192653988569,Latent State (MF-VAR),0.25958294110476743,"GDP Growth (%, detrended)"
1997-11-01,gdp_growth,0.43559739265636643,Latent State (MF-VAR),0.10421142992458574,"GDP Growth (%, detrended)"
1997-12-01,gdp_growth,-0.05105242680230281,Latent State (MF-VAR),-0.006235606646655217,"GDP Growth (%, detrended)"
1998-01-01,gdp_growth,1.5689992549534677,Latent State (MF-VAR),0.3614413145966627,"GDP Growth (%, detrended)"
1998-02-01,gdp_growth,2.7162566142930085,Latent State (MF-VAR),0.6218157572802092,"GDP Growth (%, detrended)"
1998-03-01,gdp_growth,5.067277459894723,Latent State (MF-VAR),1.1553889241268793,"GDP Growth (%, detrended)"
1998-04-01,gdp_growth,2.9567995710369632,Latent State (MF-VAR),0.6764079007027762,"GDP Growth (%, detrended)"
1998-05-01,gdp_growth,3.0983828939026754,Latent State (MF-VAR),0.7085407769788254,"GDP Growth (%, detrended)"
1998-06-01,gdp_growth,2.3862811190660533,Latent State (MF-VAR),0.5469265574249936,"GDP Growth (%, detrended)"
1998-07-01,gdp_growth,-0.09461154207132114,Latent State (MF-VAR),-0.016121514346117045,"GDP Growth (%, detrended)"
1998-08-01,gdp_growth,-1.556474517342985,Latent State (MF-VAR),-0.34789690403304385,"GDP Growth (%, detrended)"
1998-09-01,gdp_growth,-4.224155228377726,Latent State (MF-VAR),-0.9533372376589592,"GDP Growth (%, detrended)"
1998-10-01,gdp_growth,-4.568895387275251,Latent State (MF-VAR),-1.0315773343668633,"GDP Growth (%, detrended)"
1998-11-01,gdp_growth,-3.2283426881685093,Latent State (MF-VAR),-0.7273337755207622,"GDP Growth (%, detrended)"
1998-12-01,gdp_growth,-1.344641852321526,Latent State (MF-VAR),-0.2998206710517316,"GDP Growth (%, detrended)"
1999-01-01,gdp_growth,-1.7872856632076886,Latent State (MF-VAR),-0.40028037578019404,"GDP Growth (%, detrended)"
1999-02-01,gdp_growth,-0.7800468695671781,Latent State (MF-VAR),-0.17168368175299292,"GDP Growth (%, detrended)"
1999-03-01,gdp_growth,-1.3464940617084842,Latent State (MF-VAR),-0.3002410370515105,"GDP Growth (%, detrended)"
1999-04-01,gdp_growth,0.4741410424827438,Latent State (MF-VAR),0.11295905857201514,"GDP Growth (%, detrended)"
1999-05-01,gdp_growth,0.18074611306411734,Latent State (MF-VAR),0.046371957943145414,"GDP Growth (%, detrended)"
1999-06-01,gdp_growth,-0.11267607048924175,Latent State (MF-VAR),-0.020221328115771074,"GDP Growth (%, detrended)"
1999-07-01,gdp_growth,2.696361424734068,Latent State (MF-VAR),0.6173004679675524,"GDP Growth (%, detrended)"
1999-08-01,gdp_growth,1.793803134458694,Latent State (MF-VAR),0.41246141428289973,"GDP Growth (%, detrended)"
1999-09-01,gdp_growth,1.218513839703154,Latent State (MF-VAR),0.28189731000030305,"GDP Growth (%, detrended)"
1999-10-01,gdp_growth,6.33840804159455,Latent State (MF-VAR),1.443876868086236,"GDP Growth (%, detrended)"
1999-11-01,gdp_growth,6.203255862797356,Latent State (MF-VAR),1.4132035645372876,"GDP Growth (%, detrended)"
1999-12-01,gdp_growth,6.770181737140271,Latent State (MF-VAR),1.541869558591052,"GDP Growth (%, detrended)"
2000-01-01,gdp_growth,0.23481990219262902,Latent State (MF-VAR),0.05864421106360408,"GDP Growth (%, detrended)"
2000-02-01,gdp_growth,0.696397973877238,Latent State (MF-VAR),0.1634011186497222,"GDP Growth (%, detrended)"
2000-03-01,gdp_growth,1.009443795263609,Latent State (MF-VAR),0.23444806431918652,"GDP Growth (%, detrended)"
2000-04-01,gdp_growth,0.22388577075052168,Latent State (MF-VAR),0.056162668141006226,"GDP Growth (%, detrended)"
2000-05-01,gdp_growth,0.7516955287693542,Latent State (MF-VAR),0.17595111008763842,"GDP Growth (%, detrended)"
2000-06-01,gdp_growth,0.848782954359508,Latent State (MF-VAR),0.197985472407327,"GDP Growth (%, detrended)"
2000-07-01,gdp_growth,3.0845097843337306,Latent State (MF-VAR),0.7053922217371479,"GDP Growth (%, detrended)"
2000-08-01,gdp_growth,2.5510525646702735,Latent State (MF-VAR),0.5843220667848633,"GDP Growth (%, detrended)"
2000-09-01,gdp_growth,2.1007961939719912,Latent State (MF-VAR),0.4821346625107498,"GDP Growth (%, detrended)"
2000-10-01,gdp_growth,2.845801627807272,Latent State (MF-VAR),0.6512164932368101,"GDP Growth (%, detrended)"
2000-11-01,gdp_growth,2.8054821243544255,Latent State (MF-VAR),0.6420658278212873,"GDP Growth (%, detrended)"
2000-12-01,gdp_growth,2.408480765508011,Latent State (MF-VAR),0.5519648520352145,"GDP Growth (%, detrended)"
2001-01-01,gdp_growth,-2.779988943960532,Latent State (MF-VAR),-0.6255781796007334,"GDP Growth (%, detrended)"
2001-02-01,gdp_growth,-1.5184207293910483,Latent State (MF-VAR),-0.3392604514103408,"GDP Growth (%, detrended)"
2001-03-01,gdp_growth,-0.38682130561672307,Latent State (MF-VAR),-0.08243963705018527,"GDP Growth (%, detrended)"
2001-04-01,gdp_growth,-1.9746701311852652,Latent State (MF-VAR),-0.44280799699789725,"GDP Growth (%, detrended)"
2001-05-01,gdp_growth,-1.4130617848880718,Latent State (MF-VAR),-0.3153488362584607,"GDP Growth (%, detrended)"
2001-06-01,gdp_growth,-1.9328056679635295,Latent State (MF-VAR),-0.4333066970577683,"GDP Growth (%, detrended)"
2001-07-01,gdp_growth,-0.2639682805813779,Latent State (MF-VAR),-0.05455767345661051,"GDP Growth (%, detrended)"
2001-08-01,gdp_growth,-0.9497643601567642,Latent State (MF-VAR),-0.21020171492678155,"GDP Growth (%, detrended)"
2001-09-01,gdp_growth,-1.653088670637059,Latent State (MF-VAR),-0.36982385539622287,"GDP Growth (%, detrended)"
2001-10-01,gdp_growth,-3.7347714326432038,Latent State (MF-VAR),-0.8422697147222655,"GDP Growth (%, detrended)"
2001-11-01,gdp_growth,-2.0050045749205947,Latent State (MF-VAR),-0.4496925149462055,"GDP Growth (%, detrended)"
2001-12-01,gdp_growth,-1.5815228034737498,Latent State (MF-VAR),-0.353581708308547,"GDP Growth (%, detrended)"
2002-01-01,gdp_growth,-2.891435694814664,Latent State (MF-VAR),-0.6508714456724733,"GDP Growth (%, detrended)"
2002-02-01,gdp_growth,-1.9279064718460293,Latent State (MF-VAR),-0.4321948057734745,"GDP Growth (%, detrended)"
2002-03-01,gdp_growth,-0.4774122214195349,Latent State (MF-VAR),-0.10299959164304857,"GDP Growth (%, detrended)"
2002-04-01,gdp_growth,-0.6383311454164086,Latent State (MF-VAR),-0.13952075649924328,"GDP Growth (%, detrended)"
2002-05-01,gdp_growth,-2.216915246637862,Latent State (MF-VAR),-0.49778645184528414,"GDP Growth (%, detrended)"
2002-06-01,gdp_growth,-3.423089051731008,Latent State (MF-VAR),-0.7715322070796795,"GDP Growth (%, detrended)"
2002-07-01,gdp_growth,-1.3860356016195827,Latent State (MF-VAR),-0.3092151406677458,"GDP Growth (%, detrended)"
2002-08-01,gdp_growth,-1.0309254512539203,Latent State (MF-VAR),-0.22862153476055982,"GDP Growth (%, detrended)"
2002-09-01,gdp_growth,-0.03567263700651074,Latent State (MF-VAR),-0.002745104568747613,"GDP Growth (%, detrended)"
2002-10-01,gdp_growth,-2.691978352507344,Latent State (MF-VAR),-0.6056038394813853,"GDP Growth (%, detrended)"
2002-11-01,gdp_growth,-2.8373864841391248,Latent State (MF-VAR),-0.6386047707258591,"GDP Growth (%, detrended)"
2002-12-01,gdp_growth,-2.581239877366536,Latent State (MF-VAR),-0.5804713192899152,"GDP Growth (%, detrended)"
2003-01-01,gdp_growth,-3.9601199085195176,Latent State (MF-VAR),-0.893413412636446,"GDP Growth (%, detrended)"
2003-02-01,gdp_growth,-2.9696847735980425,Latent State (MF-VAR),-0.6686303731815129,"GDP Growth (%, detrended)"
2003-03-01,gdp_growth,-2.8687245974819304,Latent State (MF-VAR),-0.6457170753277526,"GDP Growth (%, detrended)"
2003-04-01,gdp_growth,-2.4682262799732313,Latent State (MF-VAR),-0.5548224514073989,"GDP Growth (%, detrended)"
2003-05-01,gdp_growth,-0.47066673468320125,Latent State (MF-VAR),-0.1014686776460242,"GDP Growth (%, detrended)"
2003-06-01,gdp_growth,-0.21644639868305496,Latent State (MF-VAR),-0.043772400724368124,"GDP Growth (%, detrended)"
2003-07-01,gdp_growth,2.080166497198481,Latent State (MF-VAR),0.47745267397835495,"GDP Growth (%, detrended)"
2003-08-01,gdp_growth,1.4220558132035295,Latent State (MF-VAR),0.32809193885269855,"GDP Growth (%, detrended)"
2003-09-01,gdp_growth,1.3948682245893003,Latent State (MF-VAR),0.3219216117018536,"GDP Growth (%, detrended)"
2003-10-01,gdp_growth,3.821239774893532,Latent State (MF-VAR),0.8725959089819122,"GDP Growth (%, detrended)"
2003-11-01,gdp_growth,2.8314485701470056,Latent State (MF-VAR),0.6479590119413768,"GDP Growth (%, detrended)"
2003-12-01,gdp_growth,2.704527001634869,Latent State (MF-VAR),0.6191536768551901,"GDP Growth (%, detrended)"
2004-01-01,gdp_growth,-1.648963098863898,Latent State (MF-VAR),-0.3688875411137795,"GDP Growth (%, detrended)"
2004-02-01,gdp_growth,0.4269417172033889,Latent State (MF-VAR),0.10224699129730501,"GDP Growth (%, detrended)"
2004-03-01,gdp_growth,1.9805840515597182,Latent State (MF-VAR),0.4548520573223117,"GDP Growth (%, detrended)"
2004-04-01,gdp_growth,3.329615463635147,Latent State (MF-VAR),0.7610198924835079,"GDP Growth (%, detrended)"
2004-05-01,gdp_growth,2.573160344917124,Latent State (MF-VAR),0.5893395120109788,"GDP Growth (%, detrended)"
2004-06-01,gdp_growth,0.5585857402095187,Latent State (MF-VAR),0.1321241054807988,"GDP Growth (%, detrended)"
2004-07-01,gdp_growth,-4.56253122744125,Latent State (MF-VAR),-1.030132963967809,"GDP Growth (%, detrended)"
2004-08-01,gdp_growth,-4.407314093172263,Latent State (MF-VAR),-0.9949058420834128,"GDP Growth (%, detrended)"
2004-09-01,gdp_growth,-3.324566924074446,Latent State (MF-VAR),-0.7491722336423835,"GDP Growth (%, detrended)"
2004-10-01,gdp_growth,2.564410439652739,Latent State (MF-VAR),0.5873536875678395,"GDP Growth (%, detrended)"
2004-11-01,gdp_growth,0.7650564520200992,Latent State (MF-VAR),0.17898342268675138,"GDP Growth (%, detrended)"
2004-12-01,gdp_growth,-0.2118845796191924,Latent State (MF-VAR),-0.042737078451900695,"GDP Growth (%, detrended)"
2005-01-01,gdp_growth,-0.8917894328010404,Latent State (MF-VAR),-0.19704408357494974,"GDP Growth (%, detrended)"
2005-02-01,gdp_growth,1.0046896541219805,Latent State (MF-VAR),0.23336909381608767,"GDP Growth (%, detrended)"
2005-03-01,gdp_growth,2.5446205185514033,Latent State (MF-VAR),0.5828622893339871,"GDP Growth (%, detrended)"
2005-04-01,gdp_growth,3.0585524209744412,Latent State (MF-VAR),0.6995010989100081,"GDP Growth (%, detrended)"
2005-05-01,gdp_growth,2.1090969778368454,Latent State (MF-VAR),0.4840185571356596,"GDP Growth (%, detrended)"
2005-06-01,gdp_growth,1.8771351122225988,Latent State (MF-VAR),0.43137392514313544,"GDP Growth (%, detrended)"
2005-07-01,gdp_growth,3.652866938977409,Latent State (MF-VAR),0.8343830503257282,"GDP Growth (%, detrended)"
2005-08-01,gdp_growth,3.8770305679887036,Latent State (MF-VAR),0.8852578427152387,"GDP Growth (%, detrended)"
2005-09-01,gdp_growth,3.9674055408736555,Latent State (MF-VAR),0.905768788237529,"GDP Growth (%, detrended)"
2005-10-01,gdp_growth,3.9628408651022116,Latent State (MF-VAR),0.9047328176243572,"GDP Growth (%, detrended)"
2005-11-01,gdp_growth,2.8723877017638166,Latent State (MF-VAR),0.6572503043370186,"GDP Growth (%, detrended)"
2005-12-01,gdp_growth,2.4191295831422615,Latent State (MF-VAR),0.5543816418986091,"GDP Growth (%, detrended)"
2006-01-01,gdp_growth,2.6208710490553724,Latent State (MF-VAR),0.6001676386722778,"GDP Growth (%, detrended)"
2006-02-01,gdp_growth,4.040825196115179,Latent State (MF-VAR),0.9224316596149982,"GDP Growth (%, detrended)"
2006-03-01,gdp_growth,5.409575855090081,Latent State (MF-VAR),1.233074853229807,"GDP Growth (%, detrended)"
2006-04-01,gdp_growth,3.282330362818073,Latent State (MF-VAR),0.750288358122666,"GDP Growth (%, detrended)"
2006-05-01,gdp_growth,2.309193422731661,Latent State (MF-VAR),0.529431210101721,"GDP Growth (%, detrended)"
2006-06-01,gdp_growth,0.9140085194316416,Latent State (MF-VAR),0.2127886637018706,"GDP Growth (%, detrended)"
2006-07-01,gdp_growth,1.3005532293302087,Latent State (MF-VAR),0.3005164630424242,"GDP Growth (%, detrended)"
2006-08-01,gdp_growth,2.0257034499445217,Latent State (MF-VAR),0.46509207723852586,"GDP Growth (%, detrended)"
2006-09-01,gdp_growth,2.0549781453991556,Latent State (MF-VAR),0.471736081264021,"GDP Growth (%, detrended)"
2006-10-01,gdp_growth,4.772651180103139,Latent State (MF-VAR),1.0885223638244699,"GDP Growth (%, detrended)"
2006-11-01,gdp_growth,4.322852947805087,Latent State (MF-VAR),0.9864389358113589,"GDP Growth (%, detrended)"
2006-12-01,gdp_growth,3.175311332474739,Latent State (MF-VAR),0.7259999801442317,"GDP Growth (%, detrended)"
2007-01-01,gdp_growth,0.9715126548370697,Latent State (MF-VAR),0.22583944702114872,"GDP Growth (%, detrended)"
2007-02-01,gdp_growth,3.1818487474478077,Latent State (MF-VAR),0.7274836714593031,"GDP Growth (%, detrended)"
2007-03-01,gdp_growth,4.721536381285956,Latent State (MF-VAR),1.0769216648648507,"GDP Growth (%, detrended)"
2007-04-01,gdp_growth,4.551304027224582,Latent State (MF-VAR),1.0382867814582581,"GDP Growth (%, detrended)"
2007-05-01,gdp_growth,4.7067062321592985,Latent State (MF-VAR),1.0735559058376083,"GDP Growth (%, detrended)"
2007-06-01,gdp_growth,3.0326618837099804,Latent State (MF-VAR),0.6936251425205084,"GDP Growth (%, detrended)"
2007-07-01,gdp_growth,1.2016985519832706,Latent State (MF-VAR),0.2780810161818449,"GDP Growth (%, detrended)"
2007-08-01,gdp_growth,0.8726387646332195,Latent State (MF-VAR),0.20339963972925892,"GDP Growth (%, detrended)"
2007-09-01,gdp_growth,1.2412435917098528,Latent State (MF-VAR),0.2870559140945809,"GDP Growth (%, detrended)"
2007-10-01,gdp_growth,1.4972330801708655,Latent State (MF-VAR),0.34515370692918396,"GDP Growth (%, detrended)"
2007-11-01,gdp_growth,-0.042996247221419634,Latent State (MF-VAR),-0.004407225898905125,"GDP Growth (%, detrended)"
2007-12-01,gdp_growth,-1.8264720484295454,Latent State (MF-VAR),-0.40917387568225394,"GDP Growth (%, detrended)"
2008-01-01,gdp_growth,1.7588641511654282,Latent State (MF-VAR),0.40453187848271016,"GDP Growth (%, detrended)"
2008-02-01,gdp_growth,1.5552957388227948,Latent State (MF-VAR),0.35833124923401116,"GDP Growth (%, detrended)"
2008-03-01,gdp_growth,3.0858635159291747,Latent State (MF-VAR),0.7056994562968893,"GDP Growth (%, detrended)"
2008-04-01,gdp_growth,-0.09805479478697281,Latent State (MF-VAR),-0.016902973710537714,"GDP Growth (%, detrended)"
2008-05-01,gdp_growth,1.4763756799826648,Latent State (MF-VAR),0.3404200402365102,"GDP Growth (%, detrended)"
2008-06-01,gdp_growth,0.7458488110159496,Latent State (MF-VAR),0.17462417514651316,"GDP Growth (%, detrended)"
2008-07-01,gdp_growth,0.6737043966871356,Latent State (MF-VAR),0.15825072456833617,"GDP Growth (%, detrended)"
2008-08-01,gdp_growth,0.1265531545413986,Latent State (MF-VAR),0.03407265887318901,"GDP Growth (%, detrended)"
2008-09-01,gdp_growth,-0.13669814414329998,Latent State (MF-VAR),-0.02567322954735507,"GDP Growth (%, detrended)"
2008-10-01,gdp_growth,-8.64067137184477,Latent State (MF-VAR),-1.9556824569741142,"GDP Growth (%, detrended)"
2008-11-01,gdp_growth,-11.089728921755304,Latent State (MF-VAR),-2.511505428573953,"GDP Growth (%, detrended)"
2008-12-01,gdp_growth,-10.777102660311561,Latent State (MF-VAR),-2.4405537036370863,"GDP Growth (%, detrended)"
2009-01-01,gdp_growth,-9.43066617753911,Latent State (MF-VAR),-2.134974797599391,"GDP Growth (%, detrended)"
2009-02-01,gdp_growth,-7.089008552177237,Latent State (MF-VAR),-1.603526649373718,"GDP Growth (%, detrended)"
2009-03-01,gdp_growth,-5.174106611344437,Latent State (MF-VAR),-1.1689323348730782,"GDP Growth (%, detrended)"
2009-04-01,gdp_growth,-1.866695890394689,Latent State (MF-VAR),-0.41830283035751065,"GDP Growth (%, detrended)"
2009-05-01,gdp_growth,-0.22766026151322893,Latent State (MF-VAR),-0.04631742975466101,"GDP Growth (%, detrended)"
2009-06-01,gdp_growth,-1.0774330418600426,Latent State (MF-VAR),-0.23917661020727113,"GDP Growth (%, detrended)"
2009-07-01,gdp_growth,2.400079536297175,Latent State (MF-VAR),0.5500581609551176,"GDP Growth (%, detrended)"
2009-08-01,gdp_growth,2.9611278590934607,Latent State (MF-VAR),0.6773902222205332,"GDP Growth (%, detrended)"
2009-09-01,gdp_growth,3.6879942065861724,Latent State (MF-VAR),0.8423553179709695,"GDP Growth (%, detrended)"
2009-10-01,gdp_growth,1.7523090357209838,Latent State (MF-VAR),0.4030441699780063,"GDP Growth (%, detrended)"
2009-11-01,gdp_growth,0.7086775689647871,Latent State (MF-VAR),0.16618801968920724,"GDP Growth (%, detrended)"
2009-12-01,gdp_growth,-0.8999541790022322,Latent State (MF-VAR),-0.198897103932136,"GDP Growth (%, detrended)"
2010-01-01,gdp_growth,1.0957121702029733,Latent State (MF-VAR),0.25402700174172205,"GDP Growth (%, detrended)"
2010-02-01,gdp_growth,2.355713795639424,Latent State (MF-VAR),0.5399891865406454,"GDP Growth (%, detrended)"
2010-03-01,gdp_growth,3.90620796459235,Latent State (MF-VAR),0.8918797643946121,"GDP Growth (%, detrended)"
2010-04-01,gdp_growth,3.578276130383675,Latent State (MF-VAR),0.8174543812186595,"GDP Growth (%, detrended)"
2010-05-01,gdp_growth,1.4616451319357444,Latent State (MF-VAR),0.3370768860550037,"GDP Growth (%, detrended)"
2010-06-01,gdp_growth,-0.1954612924757468,Latent State (MF-VAR),-0.03900975066254727,"GDP Growth (%, detrended)"
2010-07-01,gdp_growth,-0.06825316798575874,Latent State (MF-VAR),-0.01013938060192934,"GDP Growth (%, detrended)"
2010-08-01,gdp_growth,0.010601403980435197,Latent State (MF-VAR),0.00775696589923163,"GDP Growth (%, detrended)"
2010-09-01,gdp_growth,1.6447684668207059,Latent State (MF-VAR),0.37863742683067875,"GDP Growth (%, detrended)"
2010-10-01,gdp_growth,2.5475245464963554,Latent State (MF-VAR),0.5835213695757034,"GDP Growth (%, detrended)"
2010-11-01,gdp_growth,1.5255243425163958,Latent State (MF-VAR),0.3515745170517463,"GDP Growth (%, detrended)"
2010-12-01,gdp_growth,-0.4742586921557806,Latent State (MF-VAR),-0.10228388612340042,"GDP Growth (%, detrended)"
2011-01-01,gdp_growth,-2.662896250899863,Latent State (MF-VAR),-0.5990035453656227,"GDP Growth (%, detrended)"
2011-02-01,gdp_growth,-0.5581294438630869,Latent State (MF-VAR),-0.12131867378936205,"GDP Growth (%, detrended)"
2011-03-01,gdp_growth,0.6297257162809404,Latent State (MF-VAR),0.1482695949573542,"GDP Growth (%, detrended)"
2011-04-01,gdp_growth,1.6658671300372583,Latent State (MF-VAR),0.3834258490897787,"GDP Growth (%, detrended)"
2011-05-01,gdp_growth,1.521211277166462,Latent State (MF-VAR),0.3505956503854272,"GDP Growth (%, detrended)"
2011-06-01,gdp_growth,-1.3986581509245213,Latent State (MF-VAR),-0.3120798764776873,"GDP Growth (%, detrended)"
2011-07-01,gdp_growth,-1.6994734047959699,Latent State (MF-VAR),-0.3803510481026646,"GDP Growth (%, detrended)"
2011-08-01,gdp_growth,-2.5460441864279164,Latent State (MF-VAR),-0.5724835227084394,"GDP Growth (%, detrended)"
2011-09-01,gdp_growth,-1.7931066970281633,Latent State (MF-VAR),-0.4016014816545732,"GDP Growth (%, detrended)"
2011-10-01,gdp_growth,-0.08066440496399956,Latent State (MF-VAR),-0.012956158271660953,"GDP Growth (%, detrended)"
2011-11-01,gdp_growth,-0.22030984763452752,Latent State (MF-VAR),-0.04464922523055835,"GDP Growth (%, detrended)"
2011-12-01,gdp_growth,-1.1703807386406222,Latent State (MF-VAR),-0.2602714452509922,"GDP Growth (%, detrended)"
2012-01-01,gdp_growth,0.2490222260675425,Latent State (MF-VAR),0.06186748275032542,"GDP Growth (%, detrended)"
2012-02-01,gdp_growth,1.4423025127837263,Latent State (MF-VAR),0.33268700470820095,"GDP Growth (%, detrended)"
2012-03-01,gdp_growth,2.197639689503233,Latent State (MF-VAR),0.5041136639712327,"GDP Growth (%, detrended)"
2012-04-01,gdp_growth,0.12585866579508437,Latent State (MF-VAR),0.033915041997777846,"GDP Growth (%, detrended)"
2012-05-01,gdp_growth,-0.39521345970094196,Latent State (MF-VAR),-0.08434426849560993,"GDP Growth (%, detrended)"
2012-06-01,gdp_growth,-0.8079357638820006,Latent State (MF-VAR),-0.17801317291307805,"GDP Growth (%, detrended)"
2012-07-01,gdp_growth,-0.5085528274830433,Latent State (MF-VAR),-0.11006707121300459,"GDP Growth (%, detrended)"
2012-08-01,gdp_growth,0.04171537837034144,Latent State (MF-VAR),0.01481840130907356,"GDP Growth (%, detrended)"
2012-09-01,gdp_growth,-0.029742366142525786,Latent State (MF-VAR),-0.001399206929824235,"GDP Growth (%, detrended)"
2012-10-01,gdp_growth,0.5157090503062038,Latent State (MF-VAR),0.12239307682641057,"GDP Growth (%, detrended)"
2012-11-01,gdp_growth,-0.4350223845279977,Latent State (MF-VAR),-0.093379056140505,"GDP Growth (%, detrended)"
2012-12-01,gdp_growth,-0.9996129462199412,Latent State (MF-VAR),-0.2215150420622331,"GDP Growth (%, detrended)"
2013-01-01,gdp_growth,-2.414884606817322,Latent State (MF-VAR),-0.5427163548051741,"GDP Growth (%, detrended)"
2013-02-01,gdp_growth,-0.6151933619461151,Latent State (MF-VAR),-0.13426954810474803,"GDP Growth (%, detrended)"
2013-03-01,gdp_growth,0.7033033176263831,Latent State (MF-VAR),0.16496831280680047,"GDP Growth (%, detrended)"
2013-04-01,gdp_growth,1.6503921447991452,Latent State (MF-VAR),0.37991374204238576,"GDP Growth (%, detrended)"
2013-05-01,gdp_growth,1.8300196596441174,Latent State (MF-VAR),0.42068089309846196,"GDP Growth (%, detrended)"
2013-06-01,gdp_growth,1.5968907059150204,Latent State (MF-VAR),0.3677713859974951,"GDP Growth (%, detrended)"
2013-07-01,gdp_growth,-0.48806344258305695,Latent State (MF-VAR),-0.10541692699659802,"GDP Growth (%, detrended)"
2013-08-01,gdp_growth,-0.031245368435803042,Latent State (MF-VAR),-0.0017403190449728784,"GDP Growth (%, detrended)"
2013-09-01,gdp_growth,-0.6409287398041918,Latent State (MF-VAR),-0.14011029047392734,"GDP Growth (%, detrended)"
2013-10-01,gdp_growth,-0.053466035341672914,Latent State (MF-VAR),-0.0067833843298217246,"GDP Growth (%, detrended)"
2013-11-01,gdp_growth,-0.5059033754093444,Latent State (MF-VAR),-0.10946576793829449,"GDP Growth (%, detrended)"
2013-12-01,gdp_growth,-1.4698000931103339,Latent State (MF-VAR),-0.3282258121714185,"GDP Growth (%, detrended)"
2014-01-01,gdp_growth,-2.2113429689755866,Latent State (MF-VAR),-0.4965218021317899,"GDP Growth (%, detrended)"
2014-02-01,gdp_growth,0.10668963677434198,Latent State (MF-VAR),0.02956455759475441,"GDP Growth (%, detrended)"
2014-03-01,gdp_growth,1.1824543769201152,Latent State (MF-VAR),0.2737134770972769,"GDP Growth (%, detrended)"
2014-04-01,gdp_growth,0.8113195428857384,Latent State (MF-VAR),0.18948300798284712,"GDP Growth (%, detrended)"
2014-05-01,gdp_growth,1.2885166996072115,Latent State (MF-VAR),0.2977847266164547,"GDP Growth (%, detrended)"
2014-06-01,gdp_growth,0.3856945227694498,Latent State (MF-VAR),0.09288578286785595,"GDP Growth (%, detrended)"
2014-07-01,gdp_growth,0.7534249538768083,Latent State (MF-VAR),0.1763436097258848,"GDP Growth (%, detrended)"
2014-08-01,gdp_growth,-0.23352427140685628,Latent State (MF-VAR),-0.04764828921310284,"GDP Growth (%, detrended)"
2014-09-01,gdp_growth,-0.320434148284331,Latent State (MF-VAR),-0.06737281795240452,"GDP Growth (%, detrended)"
2014-10-01,gdp_growth,0.8913033136726266,Latent State (MF-VAR),0.2076356304723238,"GDP Growth (%, detrended)"
2014-11-01,gdp_growth,-0.36766870923890943,Latent State (MF-VAR),-0.07809288209828241,"GDP Growth (%, detrended)"
2014-12-01,gdp_growth,-1.0829888152671474,Latent State (MF-VAR),-0.2404375142169728,"GDP Growth (%, detrended)"
2015-01-01,gdp_growth,-1.8637541519587404,Latent State (MF-VAR),-0.41763519157572776,"GDP Growth (%, detrended)"
2015-02-01,gdp_growth,-1.4726903656458943,Latent State (MF-VAR),-0.32888177057039825,"GDP Growth (%, detrended)"
2015-03-01,gdp_growth,0.8930264430887761,Latent State (MF-VAR),0.2080267012793656,"GDP Growth (%, detrended)"
2015-04-01,gdp_growth,0.06528765874301358,Latent State (MF-VAR),0.02016822043627284,"GDP Growth (%, detrended)"
2015-05-01,gdp_growth,0.6313677482659649,Latent State (MF-VAR),0.1486422603924362,"GDP Growth (%, detrended)"
2015-06-01,gdp_growth,0.26665786891743504,Latent State (MF-VAR),0.0658699593010536,"GDP Growth (%, detrended)"
2015-07-01,gdp_growth,-0.04104787644431212,Latent State (MF-VAR),-0.003965035704089267,"GDP Growth (%, detrended)"
2015-08-01,gdp_growth,0.52726059427462,Latent State (MF-VAR),0.12501474388169304,"GDP Growth (%, detrended)"
2015-09-01,gdp_growth,0.3329081050656494,Latent State (MF-VAR),0.0809057036127529,"GDP Growth (%, detrended)"
2015-10-01,gdp_growth,0.19287107944280407,Latent State (MF-VAR),0.04912376540614113,"GDP Growth (%, detrended)"
2015-11-01,gdp_growth,-0.45155744626602434,Latent State (MF-VAR),-0.09713175160131707,"GDP Growth (%, detrended)"
2015-12-01,gdp_growth,-1.9401732370234621,Latent State (MF-VAR),-0.43497879501582093,"GDP Growth (%, detrended)"
2016-01-01,gdp_growth,-1.6009403267541737,Latent State (MF-VAR),-0.35798858943358575,"GDP Growth (%, detrended)"
2016-02-01,gdp_growth,0.30715455962875227,Latent State (MF-VAR),0.07506083804212124,"GDP Growth (%, detrended)"
2016-03-01,gdp_growth,2.3721019035600186,Latent State (MF-VAR),0.5437085302709128,"GDP Growth (%, detrended)"
2016-04-01,gdp_growth,0.6233481638679558,Latent State (MF-VAR),0.1468221850613114,"GDP Growth (%, detrended)"
2016-05-01,gdp_growth,0.8148535560162071,Latent State (MF-VAR),0.1902850657703098,"GDP Growth (%, detrended)"
2016-06-01,gdp_growth,-0.025893174449604067,Latent State (MF-VAR),-5.256181629553962e-4,"GDP Growth (%, detrended)"
2016-07-01,gdp_growth,0.22563677300642462,Latent State (MF-VAR),0.05656006479556404,"GDP Growth (%, detrended)"
2016-08-01,gdp_growth,0.036478112386190725,Latent State (MF-VAR),0.013629783776392165,"GDP Growth (%, detrended)"
2016-09-01,gdp_growth,-0.08785366919123928,Latent State (MF-VAR),-0.014587789266427401,"GDP Growth (%, detrended)"
2016-10-01,gdp_growth,-2.420272328653447,Latent State (MF-VAR),-0.5439391188685249,"GDP Growth (%, detrended)"
2016-11-01,gdp_growth,-3.474109563741056,Latent State (MF-VAR),-0.7831115072880417,"GDP Growth (%, detrended)"
2016-12-01,gdp_growth,-3.80449577942234,Latent State (MF-VAR),-0.8580939217201995,"GDP Growth (%, detrended)"
2017-01-01,gdp_growth,-3.8785278757150277,Latent State (MF-VAR),-0.8748957889350676,"GDP Growth (%, detrended)"
2017-02-01,gdp_growth,-2.570814273770253,Latent State (MF-VAR),-0.5781051887055932,"GDP Growth (%, detrended)"
2017-03-01,gdp_growth,-1.2308516972905388,Latent State (MF-VAR),-0.2739955604452291,"GDP Growth (%, detrended)"
2017-04-01,gdp_growth,-1.7786643065652497,Latent State (MF-VAR),-0.3983237259381364,"GDP Growth (%, detrended)"
2017-05-01,gdp_growth,-1.8429669334702035,Latent State (MF-VAR),-0.41291745288803716,"GDP Growth (%, detrended)"
2017-06-01,gdp_growth,-1.9346176731360163,Latent State (MF-VAR),-0.43371793855740665,"GDP Growth (%, detrended)"
2017-07-01,gdp_growth,1.6650462905297172,Latent State (MF-VAR),0.38323955642617646,"GDP Growth (%, detrended)"
2017-08-01,gdp_growth,2.065717789911913,Latent State (MF-VAR),0.4741734846346461,"GDP Growth (%, detrended)"
2017-09-01,gdp_growth,2.254787904219289,Latent State (MF-VAR),0.5170836697296782,"GDP Growth (%, detrended)"
2017-10-01,gdp_growth,1.8665946311174355,Latent State (MF-VAR),0.42898172266909484,"GDP Growth (%, detrended)"
2017-11-01,gdp_growth,1.161075029233767,Latent State (MF-VAR),0.2688613524249407,"GDP Growth (%, detrended)"
2017-12-01,gdp_growth,-0.30034541153889033,Latent State (MF-VAR),-0.06281360236600655,"GDP Growth (%, detrended)"
2018-01-01,gdp_growth,-0.6652905042984734,Latent State (MF-VAR),-0.14563928604004692,"GDP Growth (%, detrended)"
2018-02-01,gdp_growth,0.37039040925379213,Latent State (MF-VAR),0.08941245581097039,"GDP Growth (%, detrended)"
2018-03-01,gdp_growth,1.9103262654856394,Latent State (MF-VAR),0.43890678423750945,"GDP Growth (%, detrended)"
2018-04-01,gdp_growth,4.447020559696105,Latent State (MF-VAR),1.0146192499163673,"GDP Growth (%, detrended)"
2018-05-01,gdp_growth,4.722474305607036,Latent State (MF-VAR),1.0771345303744004,"GDP Growth (%, detrended)"
2018-06-01,gdp_growth,3.169057039209277,Latent State (MF-VAR),0.7245805443828333,"GDP Growth (%, detrended)"
2018-07-01,gdp_growth,-2.580003875632539,Latent State (MF-VAR),-0.5801908039722095,"GDP Growth (%, detrended)"
2018-08-01,gdp_growth,-3.201805214539317,Latent State (MF-VAR),-0.7213109944506036,"GDP Growth (%, detrended)"
2018-09-01,gdp_growth,-3.617432187420509,Latent State (MF-VAR),-0.8156391245316255,"GDP Growth (%, detrended)"
2018-10-01,gdp_growth,0.17872234670211376,Latent State (MF-VAR),0.0459126564321647,"GDP Growth (%, detrended)"
2018-11-01,gdp_growth,-0.4366697539217504,Latent State (MF-VAR),-0.09375293292089822,"GDP Growth (%, detrended)"
2018-12-01,gdp_growth,-1.5551746302990417,Latent State (MF-VAR),-0.347601889700067,"GDP Growth (%, detrended)"
2019-01-01,gdp_growth,-4.207999403778802,Latent State (MF-VAR),-0.949670611516365,"GDP Growth (%, detrended)"
2019-02-01,gdp_growth,-1.2992191928515284,Latent State (MF-VAR),-0.28951182487312555,"GDP Growth (%, detrended)"
2019-03-01,gdp_growth,0.5447604361139714,Latent State (MF-VAR),0.12898639987402805,"GDP Growth (%, detrended)"
2019-04-01,gdp_growth,0.6381437213734907,Latent State (MF-VAR),0.1501800933879259,"GDP Growth (%, detrended)"
2019-05-01,gdp_growth,0.015636859575037215,Latent State (MF-VAR),0.008899781792656826,"GDP Growth (%, detrended)"
2019-06-01,gdp_growth,-1.931391946059737,Latent State (MF-VAR),-0.43298584746825564,"GDP Growth (%, detrended)"
2019-07-01,gdp_growth,0.05076306561117262,Latent State (MF-VAR),0.0168718085099327,"GDP Growth (%, detrended)"
2019-08-01,gdp_growth,-0.9513841275590663,Latent State (MF-VAR),-0.21056932732971628,"GDP Growth (%, detrended)"
2019-09-01,gdp_growth,-0.8177682405383186,Latent State (MF-VAR),-0.18024469107135915,"GDP Growth (%, detrended)"
2019-10-01,gdp_growth,0.7739444748529226,Latent State (MF-VAR),0.181000593439953,"GDP Growth (%, detrended)"
2019-11-01,gdp_growth,0.7106914526259337,Latent State (MF-VAR),0.16664507828345537,"GDP Growth (%, detrended)"
2019-12-01,gdp_growth,0.9548522447791847,Latent State (MF-VAR),0.22205830328004564,"GDP Growth (%, detrended)"
2020-01-01,gdp_growth,-8.263049135369638,Latent State (MF-VAR),-1.8699796470799768,"GDP Growth (%, detrended)"
2020-02-01,gdp_growth,-7.4179768644045705,Latent State (MF-VAR),-1.6781872651975722,"GDP Growth (%, detrended)"
2020-03-01,gdp_growth,-10.879185411285556,Latent State (MF-VAR),-2.4637217741454847,"GDP Growth (%, detrended)"
2020-04-01,gdp_growth,-32.67179967434863,Latent State (MF-VAR),-7.409638875631008,"GDP Growth (%, detrended)"
2020-05-01,gdp_growth,-29.520331234724036,Latent State (MF-VAR),-6.694401067895849,"GDP Growth (%, detrended)"
2020-06-01,gdp_growth,-26.664404360168888,Latent State (MF-VAR),-6.046237547955262,"GDP Growth (%, detrended)"
2020-07-01,gdp_growth,26.38800803383166,Latent State (MF-VAR),5.994210218758388,"GDP Growth (%, detrended)"
2020-08-01,gdp_growth,26.47978097338636,Latent State (MF-VAR),6.015038438159606,"GDP Growth (%, detrended)"
2020-09-01,gdp_growth,25.834548916620594,Latent State (MF-VAR),5.868600556707565,"GDP Growth (%, detrended)"
2020-10-01,gdp_growth,1.6023296933476185,Latent State (MF-VAR),0.3690057849839098,"GDP Growth (%, detrended)"
2020-11-01,gdp_growth,0.027060200514786303,Latent State (MF-VAR),0.011492352680573028,"GDP Growth (%, detrended)"
2020-12-01,gdp_growth,-0.3709783260022651,Latent State (MF-VAR),-0.07884401227255382,"GDP Growth (%, detrended)"
2021-01-01,gdp_growth,-1.3075682760348162,Latent State (MF-VAR),-0.2914066812129607,"GDP Growth (%, detrended)"
2021-02-01,gdp_growth,0.628934163795665,Latent State (MF-VAR),0.14808994909539433,"GDP Growth (%, detrended)"
2021-03-01,gdp_growth,2.617299201217181,Latent State (MF-VAR),0.5993569941532879,"GDP Growth (%, detrended)"
2021-04-01,gdp_growth,9.73048743286686,Latent State (MF-VAR),2.2137222509472565,"GDP Growth (%, detrended)"
2021-05-01,gdp_growth,9.98236006170362,Latent State (MF-VAR),2.2708857067549095,"GDP Growth (%, detrended)"
2021-06-01,gdp_growth,10.245809814719973,Latent State (MF-VAR),2.3306766351445436,"GDP Growth (%, detrended)"
2021-07-01,gdp_growth,6.515028952691401,Latent State (MF-VAR),1.483961658930007,"GDP Growth (%, detrended)"
2021-08-01,gdp_growth,5.3076803414059714,Latent State (MF-VAR),1.209949276939996,"GDP Growth (%, detrended)"
2021-09-01,gdp_growth,5.405112910684333,Latent State (MF-VAR),1.2320619709389118,"GDP Growth (%, detrended)"
2021-10-01,gdp_growth,-0.350308227689967,Latent State (MF-VAR),-0.07415285445651065,"GDP Growth (%, detrended)"
2021-11-01,gdp_growth,-1.2268680994208423,Latent State (MF-VAR),-0.2730914676828216,"GDP Growth (%, detrended)"
2021-12-01,gdp_growth,-2.056299344006739,Latent State (MF-VAR),-0.46133405884623757,"GDP Growth (%, detrended)"
2022-01-01,gdp_growth,-0.07888147932227475,Latent State (MF-VAR),-0.012551516482675133,"GDP Growth (%, detrended)"
2022-02-01,gdp_growth,1.253642899875486,Latent State (MF-VAR),0.28986998447469764,"GDP Growth (%, detrended)"
2022-03-01,gdp_growth,2.0573665042542926,Latent State (MF-VAR),0.4722781284348429,"GDP Growth (%, detrended)"
2022-04-01,gdp_growth,3.148032836205636,Latent State (MF-VAR),0.7198090211536511,"GDP Growth (%, detrended)"
2022-05-01,gdp_growth,3.5473744880649827,Latent State (MF-VAR),0.810441135383943,"GDP Growth (%, detrended)"
2022-06-01,gdp_growth,1.653311250236644,Latent State (MF-VAR),0.3805762441786639,"GDP Growth (%, detrended)"
2022-07-01,gdp_growth,-2.7183289211518016,Latent State (MF-VAR),-0.6115842017508808,"GDP Growth (%, detrended)"
2022-08-01,gdp_growth,-3.302335657707616,Latent State (MF-VAR),-0.7441267627693571,"GDP Growth (%, detrended)"
2022-09-01,gdp_growth,-3.8314642513832853,Latent State (MF-VAR),-0.8642145195090865,"GDP Growth (%, detrended)"
2022-10-01,gdp_growth,-2.775624709604393,Latent State (MF-VAR),-0.6245876999328809,"GDP Growth (%, detrended)"
2022-11-01,gdp_growth,-1.6692047635499845,Latent State (MF-VAR),-0.3734814642808195,"GDP Growth (%, detrended)"
2022-12-01,gdp_growth,-0.9218488153599276,Latent State (MF-VAR),-0.20386617533794135,"GDP Growth (%, detrended)"
2023-01-01,gdp_growth,-3.239297096944007,Latent State (MF-VAR),-0.7298199204616759,"GDP Growth (%, detrended)"
2023-02-01,gdp_growth,-2.6435745622879208,Latent State (MF-VAR),-0.5946184142848897,"GDP Growth (%, detrended)"
2023-03-01,gdp_growth,-3.7373611707780516,Latent State (MF-VAR),-0.8428574656903182,"GDP Growth (%, detrended)"
2023-04-01,gdp_growth,-4.048078689207569,Latent State (MF-VAR),-0.9133759941046182,"GDP Growth (%, detrended)"
2023-05-01,gdp_growth,-3.3084799817395334,Latent State (MF-VAR),-0.7455212405928845,"GDP Growth (%, detrended)"
2023-06-01,gdp_growth,-3.852829975073523,Latent State (MF-VAR),-0.8690635521634326,"GDP Growth (%, detrended)"
2023-07-01,gdp_growth,-0.8733858308036134,Latent State (MF-VAR),-0.1928673157604391,"GDP Growth (%, detrended)"
2023-08-01,gdp_growth,-1.6756803517081185,Latent State (MF-VAR),-0.3749511237639306,"GDP Growth (%, detrended)"
2023-09-01,gdp_growth,-1.9615719058518857,Latent State (MF-VAR),-0.4398353046951993,"GDP Growth (%, detrended)"
2023-10-01,gdp_growth,-0.38914461013731505,Latent State (MF-VAR),-0.08296691989113524,"GDP Growth (%, detrended)"
2023-11-01,gdp_growth,-1.0008702503911968,Latent State (MF-VAR),-0.22180039204949561,"GDP Growth (%, detrended)"
2023-12-01,gdp_growth,-1.1739159891214206,Latent State (MF-VAR),-0.26107378385984154,"GDP Growth (%, detrended)"
2024-01-01,gdp_growth,1.0880099784673263,Latent State (MF-VAR),0.25227895988844035,"GDP Growth (%, detrended)"
2024-02-01,gdp_growth,2.166555051228604,Latent State (MF-VAR),0.4970588865048798,"GDP Growth (%, detrended)"
2024-03-01,gdp_growth,3.681832747917026,Latent State (MF-VAR),0.840956951376032,"GDP Growth (%, detrended)"
2024-04-01,gdp_growth,0.6242177257709286,Latent State (MF-VAR),0.14701953545878083,"GDP Growth (%, detrended)"
2024-05-01,gdp_growth,0.19803266849663825,Latent State (MF-VAR),0.05029520777023915,"GDP Growth (%, detrended)"
2024-06-01,gdp_growth,-0.29892806337819255,Latent State (MF-VAR),-0.06249192978362915,"GDP Growth (%, detrended)"
2024-07-01,gdp_growth,0.8996612326501999,Latent State (MF-VAR),0.20953249212944378,"GDP Growth (%, detrended)"
2024-08-01,gdp_growth,-0.1863467192411885,Latent State (MF-VAR),-0.03694116342976394,"GDP Growth (%, detrended)"
2024-09-01,gdp_growth,-0.8952811956231754,Latent State (MF-VAR),-0.19783655249344936,"GDP Growth (%, detrended)"
2024-10-01,gdp_growth,-0.13440393939487758,Latent State (MF-VAR),-0.02515255101092248,"GDP Growth (%, detrended)"
2024-11-01,gdp_growth,-0.3458396420873083,Latent State (MF-VAR),-0.07313869187441503,"GDP Growth (%, detrended)"
2024-12-01,gdp_growth,-0.9296534454861912,Latent State (MF-VAR),-0.2056374659755076,"GDP Growth (%, detrended)"
2025-01-01,gdp_growth,-1.0421006760584937,Latent State (MF-VAR),-0.2311577947432626,"GDP Growth (%, detrended)"
2025-02-01,gdp_growth,0.570633757137581,Latent State (MF-VAR),0.13485844897186353,"GDP Growth (%, detrended)"
2025-03-01,gdp_growth,1.8437093914043658,Latent State (MF-VAR),0.4237878300455598,"GDP Growth (%, detrended)"
2025-04-01,gdp_growth,-1.6690276819237535,Latent State (MF-VAR),-0.3734412749289151,"GDP Growth (%, detrended)"
2025-05-01,gdp_growth,-2.4078566043025518,Latent State (MF-VAR),-0.541121322772418,"GDP Growth (%, detrended)"
2025-06-01,gdp_growth,-1.5685075656462233,Latent State (MF-VAR),-0.3506278503374925,"GDP Growth (%, detrended)"
2025-07-01,gdp_growth,-1.0560902643847554,Latent State (MF-VAR),-0.23433278528411178,"GDP Growth (%, detrended)"
2025-08-01,gdp_growth,-1.0347950112130926,Latent State (MF-VAR),-0.22949974618330465,"GDP Growth (%, detrended)"
2025-09-01,gdp_growth,-0.8633618051879621,Latent State (MF-VAR),-0.1905923248337099,"GDP Growth (%, detrended)"
2025-10-01,gdp_growth,-0.28445307661804986,Latent State (MF-VAR),-0.05920677621294857,"GDP Growth (%, detrended)"
2025-11-01,gdp_growth,0.37728803570377706,Latent State (MF-VAR),0.09097789849750763,"GDP Growth (%, detrended)"
2025-12-01,gdp_growth,-0.0101820982986967,Latent State (MF-VAR),0.0030400706194693757,"GDP Growth (%, detrended)"
1992-03-31,gdp_growth,-1.2992831849252866,KOF Barometer (Monthly),-0.17390193286539093,"GDP Growth (%, detrended)"
1992-04-30,gdp_growth,-2.0370836165661785,KOF Barometer (Monthly),-0.25913611577291257,"GDP Growth (%, detrended)"
1992-05-31,gdp_growth,-0.5166510396893784,KOF Barometer (Monthly),-0.08348857912421073,"GDP Growth (%, detrended)"
1992-06-30,gdp_growth,0.643955307024612,KOF Barometer (Monthly),0.05059013565702355,"GDP Growth (%, detrended)"
1992-07-31,gdp_growth,-6.616520353209083,KOF Barometer (Monthly),-0.7881742291775777,"GDP Growth (%, detrended)"
1992-08-31,gdp_growth,-6.412557065533576,KOF Barometer (Monthly),-0.7646114289641249,"GDP Growth (%, detrended)"
1992-09-30,gdp_growth,-3.3719013748195863,KOF Barometer (Monthly),-0.41334055382419704,"GDP Growth (%, detrended)"
1992-10-31,gdp_growth,-7.754400147648283,KOF Barometer (Monthly),-0.9196274655362273,"GDP Growth (%, detrended)"
1992-11-30,gdp_growth,-3.808315553094886,KOF Barometer (Monthly),-0.4637571763949163,"GDP Growth (%, detrended)"
1992-12-31,gdp_growth,-0.5088059661423756,KOF Barometer (Monthly),-0.08258227925645238,"GDP Growth (%, detrended)"
1993-01-31,gdp_growth,1.709564179785616,KOF Barometer (Monthly),0.17369429455103327,"GDP Growth (%, detrended)"
1993-02-28,gdp_growth,1.4726593281506126,KOF Barometer (Monthly),0.14632592962472302,"GDP Growth (%, detrended)"
1993-03-31,gdp_growth,2.442182739469615,KOF Barometer (Monthly),0.25832984318940044,"GDP Growth (%, detrended)"
1993-04-30,gdp_growth,-1.3490711907077753,KOF Barometer (Monthly),-0.179653677930147,"GDP Growth (%, detrended)"
1993-05-31,gdp_growth,0.8909900104226125,KOF Barometer (Monthly),0.07912874879811611,"GDP Growth (%, detrended)"
1993-06-30,gdp_growth,3.942582747505625,KOF Barometer (Monthly),0.4316631230777938,"GDP Growth (%, detrended)"
1993-07-31,gdp_growth,4.736871111435619,KOF Barometer (Monthly),0.5234230581349705,"GDP Growth (%, detrended)"
1993-08-31,gdp_growth,4.588716177783624,KOF Barometer (Monthly),0.506307501987272,"GDP Growth (%, detrended)"
1993-09-30,gdp_growth,10.014962320316613,KOF Barometer (Monthly),1.1331730287331316,"GDP Growth (%, detrended)"
1993-10-31,gdp_growth,10.847090357013613,KOF Barometer (Monthly),1.229304381116008,"GDP Growth (%, detrended)"
1993-11-30,gdp_growth,13.610430504952618,KOF Barometer (Monthly),1.5485384578449988,"GDP Growth (%, detrended)"
1993-12-31,gdp_growth,13.931535088721617,KOF Barometer (Monthly),1.5856339726369062,"GDP Growth (%, detrended)"
1994-01-31,gdp_growth,7.999468178790622,KOF Barometer (Monthly),0.9003336470512853,"GDP Growth (%, detrended)"
1994-02-28,gdp_growth,20.709886199048626,KOF Barometer (Monthly),2.368701037349902,"GDP Growth (%, detrended)"
1994-03-31,gdp_growth,18.14606851154862,KOF Barometer (Monthly),2.0725167355436422,"GDP Growth (%, detrended)"
1994-04-30,gdp_growth,14.017744217891618,KOF Barometer (Monthly),1.5955932575178218,"GDP Growth (%, detrended)"
1994-05-31,gdp_growth,16.210168369203615,KOF Barometer (Monthly),1.8488724277511475,"GDP Growth (%, detrended)"
1994-06-30,gdp_growth,10.324983021726624,KOF Barometer (Monthly),1.168988081199732,"GDP Growth (%, detrended)"
1994-07-31,gdp_growth,6.930098907529626,KOF Barometer (Monthly),0.7767950692008639,"GDP Growth (%, detrended)"
1994-08-31,gdp_growth,9.748519752259625,KOF Barometer (Monthly),1.1023923276028662,"GDP Growth (%, detrended)"
1994-09-30,gdp_growth,4.504871534876614,KOF Barometer (Monthly),0.496621373702611,"GDP Growth (%, detrended)"
1994-10-31,gdp_growth,4.027212025371625,KOF Barometer (Monthly),0.4414398960906795,"GDP Growth (%, detrended)"
1994-11-30,gdp_growth,5.550719493822612,KOF Barometer (Monthly),0.617442658705124,"GDP Growth (%, detrended)"
1994-12-31,gdp_growth,4.726559186328615,KOF Barometer (Monthly),0.5222317759494284,"GDP Growth (%, detrended)"
1995-01-31,gdp_growth,-6.429180839508476,KOF Barometer (Monthly),-0.7665318856768414,"GDP Growth (%, detrended)"
1995-02-28,gdp_growth,-3.4530392442385818,KOF Barometer (Monthly),-0.42271398287926615,"GDP Growth (%, detrended)"
1995-03-31,gdp_growth,-4.966841464691285,KOF Barometer (Monthly),-0.5975955495068653,"GDP Growth (%, detrended)"
1995-04-30,gdp_growth,-9.458796445110877,KOF Barometer (Monthly),-1.1165273581558859,"GDP Growth (%, detrended)"
1995-05-31,gdp_growth,-10.885177524696886,KOF Barometer (Monthly),-1.2813096225994998,"GDP Growth (%, detrended)"
1995-06-30,gdp_growth,-11.239064546034584,KOF Barometer (Monthly),-1.3221923190736822,"GDP Growth (%, detrended)"
1995-07-31,gdp_growth,-7.2671559459611785,KOF Barometer (Monthly),-0.8633387191134796,"GDP Growth (%, detrended)"
1995-08-31,gdp_growth,-5.674278780045185,KOF Barometer (Monthly),-0.6793220421281504,"GDP Growth (%, detrended)"
1995-09-30,gdp_growth,-3.0709994289907883,KOF Barometer (Monthly),-0.3785789429764494,"GDP Growth (%, detrended)"
1995-10-31,gdp_growth,-5.536844414892386,KOF Barometer (Monthly),-0.6634449765764805,"GDP Growth (%, detrended)"
1995-11-30,gdp_growth,-3.8714751895490878,KOF Barometer (Monthly),-0.471053675251575,"GDP Growth (%, detrended)"
1995-12-31,gdp_growth,-5.2522352915565875,KOF Barometer (Monthly),-0.6305655893665798,"GDP Growth (%, detrended)"
1996-01-31,gdp_growth,-0.5166712934053805,KOF Barometer (Monthly),-0.08349091892893332,"GDP Growth (%, detrended)"
1996-02-29,gdp_growth,-5.604782348393883,KOF Barometer (Monthly),-0.6712934868268027,"GDP Growth (%, detrended)"
1996-03-31,gdp_growth,-1.0170821432806747,KOF Barometer (Monthly),-0.14130073860106268,"GDP Growth (%, detrended)"
1996-04-30,gdp_growth,0.4974804306016125,KOF Barometer (Monthly),0.03366866763805226,"GDP Growth (%, detrended)"
1996-05-31,gdp_growth,0.9750237133376203,KOF Barometer (Monthly),0.08883671818588723,"GDP Growth (%, detrended)"
1996-06-30,gdp_growth,1.714183336979616,KOF Barometer (Monthly),0.17422792135886309,"GDP Growth (%, detrended)"
1996-07-31,gdp_growth,3.8683564868686204,KOF Barometer (Monthly),0.42308815564167396,"GDP Growth (%, detrended)"
1996-08-31,gdp_growth,3.4914619135646205,KOF Barometer (Monthly),0.3795475183362715,"GDP Growth (%, detrended)"
1996-09-30,gdp_growth,5.23709559586662,KOF Barometer (Monthly),0.5812113479926876,"GDP Growth (%, detrended)"
1996-10-31,gdp_growth,0.31974616725962335,KOF Barometer (Monthly),0.013135967925566632,"GDP Growth (%, detrended)"
1996-11-30,gdp_growth,8.185438180516613,KOF Barometer (Monthly),0.9218177780745921,"GDP Growth (%, detrended)"
1996-12-31,gdp_growth,8.568667140025624,KOF Barometer (Monthly),0.9660901935265648,"GDP Growth (%, detrended)"
1997-01-31,gdp_growth,8.085787035214622,KOF Barometer (Monthly),0.9103056081416963,"GDP Growth (%, detrended)"
1997-02-28,gdp_growth,14.993800254757616,KOF Barometer (Monthly),1.7083518507721012,"GDP Growth (%, detrended)"
1997-03-31,gdp_growth,13.032039835456615,KOF Barometer (Monthly),1.4817200419134922,"GDP Growth (%, detrended)"
1997-04-30,gdp_growth,9.971910599443618,KOF Barometer (Monthly),1.128199491047322,"GDP Growth (%, detrended)"
1997-05-31,gdp_growth,16.942155368368617,KOF Barometer (Monthly),1.9334350155419944,"GDP Growth (%, detrended)"
1997-06-30,gdp_growth,10.276354533488615,KOF Barometer (Monthly),1.1633702890661919,"GDP Growth (%, detrended)"
1997-07-31,gdp_growth,14.232152529419622,KOF Barometer (Monthly),1.6203627161111527,"GDP Growth (%, detrended)"
1997-08-31,gdp_growth,13.555060303082612,KOF Barometer (Monthly),1.5421418311809043,"GDP Growth (%, detrended)"
1997-09-30,gdp_growth,16.038188702132615,KOF Barometer (Monthly),1.829004526119668,"GDP Growth (%, detrended)"
1997-10-31,gdp_growth,12.880605415300622,KOF Barometer (Monthly),1.4642256240295612,"GDP Growth (%, detrended)"
1997-11-30,gdp_growth,8.624574020831616,KOF Barometer (Monthly),0.97254881987056,"GDP Growth (%, detrended)"
1997-12-31,gdp_growth,8.491726303375614,KOF Barometer (Monthly),0.957201625476395,"GDP Growth (%, detrended)"
1998-01-31,gdp_growth,6.26607527557762,KOF Barometer (Monthly),0.7000839298825535,"GDP Growth (%, detrended)"
1998-02-28,gdp_growth,1.935068746087623,KOF Barometer (Monthly),0.19974564478936147,"GDP Growth (%, detrended)"
1998-03-31,gdp_growth,4.1467730729776235,KOF Barometer (Monthly),0.45525215176746214,"GDP Growth (%, detrended)"
1998-04-30,gdp_growth,3.875651902613612,KOF Barometer (Monthly),0.4239309564497625,"GDP Growth (%, detrended)"
1998-05-31,gdp_growth,8.680319066706616,KOF Barometer (Monthly),0.9789887502806448,"GDP Growth (%, detrended)"
1998-06-30,gdp_growth,0.3521630636256248,KOF Barometer (Monthly),0.0168809205654138,"GDP Growth (%, detrended)"
1998-07-31,gdp_growth,4.497874775880618,KOF Barometer (Monthly),0.49581307512965106,"GDP Growth (%, detrended)"
1998-08-31,gdp_growth,-0.920319549952282,KOF Barometer (Monthly),-0.13012226780508376,"GDP Growth (%, detrended)"
1998-09-30,gdp_growth,-0.6593570099000772,KOF Barometer (Monthly),-0.09997464533575004,"GDP Growth (%, detrended)"
1998-10-31,gdp_growth,-0.9294096554165776,KOF Barometer (Monthly),-0.1311723996274104,"GDP Growth (%, detrended)"
1998-11-30,gdp_growth,-4.781818380791478,KOF Barometer (Monthly),-0.5762208108933946,"GDP Growth (%, detrended)"
1998-12-31,gdp_growth,-1.4021883674911777,KOF Barometer (Monthly),-0.18579002451836815,"GDP Growth (%, detrended)"
1999-01-31,gdp_growth,-1.2784440198919782,KOF Barometer (Monthly),-0.1714944943116635,"GDP Growth (%, detrended)"
1999-02-28,gdp_growth,-3.5466031093143755,KOF Barometer (Monthly),-0.433522921512805,"GDP Growth (%, detrended)"
1999-03-31,gdp_growth,-2.3442288669489812,KOF Barometer (Monthly),-0.29461898258566405,"GDP Growth (%, detrended)"
1999-04-30,gdp_growth,4.121091621465624,KOF Barometer (Monthly),0.4522853094593922,"GDP Growth (%, detrended)"
1999-05-31,gdp_growth,2.5905566292776143,KOF Barometer (Monthly),0.27547069418411885,"GDP Growth (%, detrended)"
1999-06-30,gdp_growth,5.994707460644619,KOF Barometer (Monthly),0.6687342410218783,"GDP Growth (%, detrended)"
1999-07-31,gdp_growth,4.271210801953615,KOF Barometer (Monthly),0.4696277846585237,"GDP Growth (%, detrended)"
1999-08-31,gdp_growth,8.482801044121615,KOF Barometer (Monthly),0.9561705374651552,"GDP Growth (%, detrended)"
1999-09-30,gdp_growth,5.186283298828613,KOF Barometer (Monthly),0.5753412719748996,"GDP Growth (%, detrended)"
1999-10-31,gdp_growth,7.876483665228619,KOF Barometer (Monthly),0.8861258964534402,"GDP Growth (%, detrended)"
1999-11-30,gdp_growth,12.135549122334623,KOF Barometer (Monthly),1.378153209826945,"GDP Growth (%, detrended)"
1999-12-31,gdp_growth,9.194080174357623,KOF Barometer (Monthly),1.0383408546470063,"GDP Growth (%, detrended)"
2000-01-31,gdp_growth,7.024007297455626,KOF Barometer (Monthly),0.7876438089687466,"GDP Growth (%, detrended)"
2000-02-29,gdp_growth,5.8182694012076155,KOF Barometer (Monthly),0.6483512848931382,"GDP Growth (%, detrended)"
2000-03-31,gdp_growth,9.815801309836615,KOF Barometer (Monthly),1.1101650102130756,"GDP Growth (%, detrended)"
2000-04-30,gdp_growth,7.847451069543624,KOF Barometer (Monthly),0.8827719141775129,"GDP Growth (%, detrended)"
2000-05-31,gdp_growth,5.080397663728618,KOF Barometer (Monthly),0.5631088643991545,"GDP Growth (%, detrended)"
2000-06-30,gdp_growth,7.270728139298612,KOF Barometer (Monthly),0.8161461633438634,"GDP Growth (%, detrended)"
2000-07-31,gdp_growth,2.6047374790826154,KOF Barometer (Monthly),0.27710893278391935,"GDP Growth (%, detrended)"
2000-08-31,gdp_growth,-1.4468017905268766,KOF Barometer (Monthly),-0.19094397739787286,"GDP Growth (%, detrended)"
2000-09-30,gdp_growth,-1.88117052314918,KOF Barometer (Monthly),-0.24112430044715227,"GDP Growth (%, detrended)"
2000-10-31,gdp_growth,-0.5278007541333807,KOF Barometer (Monthly),-0.08477664668222658,"GDP Growth (%, detrended)"
2000-11-30,gdp_growth,-1.1005299825965835,KOF Barometer (Monthly),-0.15094102626485675,"GDP Growth (%, detrended)"
2000-12-31,gdp_growth,-3.833390401209286,KOF Barometer (Monthly),-0.4666539410197456,"GDP Growth (%, detrended)"
2001-01-31,gdp_growth,-5.520864444441187,KOF Barometer (Monthly),-0.6615988950808855,"GDP Growth (%, detrended)"
2001-02-28,gdp_growth,-14.990355506451976,KOF Barometer (Monthly),-1.7555591295924025,"GDP Growth (%, detrended)"
2001-03-31,gdp_growth,-15.492960902047983,KOF Barometer (Monthly),-1.8136224735284605,"GDP Growth (%, detrended)"
2001-04-30,gdp_growth,-10.032303990508481,KOF Barometer (Monthly),-1.182781652578765,"GDP Growth (%, detrended)"
2001-05-31,gdp_growth,-14.248451598203886,KOF Barometer (Monthly),-1.6698508937286949,"GDP Growth (%, detrended)"
2001-06-30,gdp_growth,-9.47236252357618,KOF Barometer (Monthly),-1.1180945754732812,"GDP Growth (%, detrended)"
2001-07-31,gdp_growth,-11.091836017897279,KOF Barometer (Monthly),-1.3051837856569275,"GDP Growth (%, detrended)"
2001-08-31,gdp_growth,-10.299422034479377,KOF Barometer (Monthly),-1.2136403878699318,"GDP Growth (%, detrended)"
2001-09-30,gdp_growth,-12.355654110237282,KOF Barometer (Monthly),-1.451186007700589,"GDP Growth (%, detrended)"
2001-10-31,gdp_growth,-19.44188730762768,KOF Barometer (Monthly),-2.2698210620721797,"GDP Growth (%, detrended)"
2001-11-30,gdp_growth,-17.398059362408986,KOF Barometer (Monthly),-2.0337084258585643,"GDP Growth (%, detrended)"
2001-12-31,gdp_growth,-15.240633191470181,KOF Barometer (Monthly),-1.7844723872535144,"GDP Growth (%, detrended)"
2002-01-31,gdp_growth,-8.815254244033483,KOF Barometer (Monthly),-1.0421823302553905,"GDP Growth (%, detrended)"
2002-02-28,gdp_growth,-2.911183650777687,KOF Barometer (Monthly),-0.3601162711107958,"GDP Growth (%, detrended)"
2002-03-31,gdp_growth,-1.3498269108782779,KOF Barometer (Monthly),-0.17974098228573848,"GDP Growth (%, detrended)"
2002-04-30,gdp_growth,0.02182319627861773,KOF Barometer (Monthly),-0.021281497708699724,"GDP Growth (%, detrended)"
2002-05-31,gdp_growth,-0.2918297860363879,KOF Barometer (Monthly),-0.0575161683833558,"GDP Growth (%, detrended)"
2002-06-30,gdp_growth,-1.722436131539979,KOF Barometer (Monthly),-0.22278655545824988,"GDP Growth (%, detrended)"
2002-07-31,gdp_growth,-4.831155899717984,KOF Barometer (Monthly),-0.5819205135935308,"GDP Growth (%, detrended)"
2002-08-31,gdp_growth,-5.292295246655584,KOF Barometer (Monthly),-0.6351935041708325,"GDP Growth (%, detrended)"
2002-09-30,gdp_growth,-4.076530933579875,KOF Barometer (Monthly),-0.494742681171627,"GDP Growth (%, detrended)"
2002-10-31,gdp_growth,-2.979439495297285,KOF Barometer (Monthly),-0.3680015079401535,"GDP Growth (%, detrended)"
2002-11-30,gdp_growth,-0.41968040331637724,KOF Barometer (Monthly),-0.07228607421527072,"GDP Growth (%, detrended)"
2002-12-31,gdp_growth,1.4134516443026257,KOF Barometer (Monthly),0.13948597895756712,"GDP Growth (%, detrended)"
2003-01-31,gdp_growth,-3.9007726054525875,KOF Barometer (Monthly),-0.4744382508071665,"GDP Growth (%, detrended)"
2003-02-28,gdp_growth,-6.832734735126181,KOF Barometer (Monthly),-0.8131523335337547,"GDP Growth (%, detrended)"
2003-03-31,gdp_growth,-9.667014046114787,KOF Barometer (Monthly),-1.140581636694409,"GDP Growth (%, detrended)"
2003-04-30,gdp_growth,-9.93438635192318,KOF Barometer (Monthly),-1.1714697455113072,"GDP Growth (%, detrended)"
2003-05-31,gdp_growth,-7.222497735468977,KOF Barometer (Monthly),-0.8581795921759291,"GDP Growth (%, detrended)"
2003-06-30,gdp_growth,-7.1188255006122745,KOF Barometer (Monthly),-0.8462028870274173,"GDP Growth (%, detrended)"
2003-07-31,gdp_growth,0.8878321574446204,KOF Barometer (Monthly),0.07876393874003221,"GDP Growth (%, detrended)"
2003-08-31,gdp_growth,3.559288362996625,KOF Barometer (Monthly),0.38738314942149304,"GDP Growth (%, detrended)"
2003-09-30,gdp_growth,6.451284118242626,KOF Barometer (Monthly),0.7214801282240083,"GDP Growth (%, detrended)"
2003-10-31,gdp_growth,8.316017938506619,KOF Barometer (Monthly),0.9369029671029949,"GDP Growth (%, detrended)"
2003-11-30,gdp_growth,8.705684371850623,KOF Barometer (Monthly),0.9819190698703759,"GDP Growth (%, detrended)"
2003-12-31,gdp_growth,9.263810747444623,KOF Barometer (Monthly),1.0463964590704482,"GDP Growth (%, detrended)"
2004-01-31,gdp_growth,9.128451264532615,KOF Barometer (Monthly),1.0307590936935664,"GDP Growth (%, detrended)"
2004-02-29,gdp_growth,8.31500138352962,KOF Barometer (Monthly),0.9367855298813165,"GDP Growth (%, detrended)"
2004-03-31,gdp_growth,10.832619336558622,KOF Barometer (Monthly),1.2276326206352286,"GDP Growth (%, detrended)"
2004-04-30,gdp_growth,12.584726378570622,KOF Barometer (Monthly),1.430044283312454,"GDP Growth (%, detrended)"
2004-05-31,gdp_growth,10.909945719063614,KOF Barometer (Monthly),1.2365657287595344,"GDP Growth (%, detrended)"
2004-06-30,gdp_growth,7.470911342832622,KOF Barometer (Monthly),0.839272270422825,"GDP Growth (%, detrended)"
2004-07-31,gdp_growth,6.0349271758416165,KOF Barometer (Monthly),0.6733806120655561,"GDP Growth (%, detrended)"
2004-08-31,gdp_growth,4.626492556274613,KOF Barometer (Monthly),0.5106716072599182,"GDP Growth (%, detrended)"
2004-09-30,gdp_growth,1.6971710212276179,KOF Barometer (Monthly),0.17226257846896886,"GDP Growth (%, detrended)"
2004-10-31,gdp_growth,2.7132394708166174,KOF Barometer (Monthly),0.2896435942081724,"GDP Growth (%, detrended)"
2004-11-30,gdp_growth,-2.4290024301466815,KOF Barometer (Monthly),-0.30441242412004366,"GDP Growth (%, detrended)"
2004-12-31,gdp_growth,-3.5620093621351856,KOF Barometer (Monthly),-0.4353027244439689,"GDP Growth (%, detrended)"
2005-01-31,gdp_growth,-3.6372024656587882,KOF Barometer (Monthly),-0.4439893861268051,"GDP Growth (%, detrended)"
2005-02-28,gdp_growth,-0.24717439601337787,KOF Barometer (Monthly),-0.052357367279698384,"GDP Growth (%, detrended)"
2005-03-31,gdp_growth,-1.6979231700262858,KOF Barometer (Monthly),-0.2199547026215466,"GDP Growth (%, detrended)"
2005-04-30,gdp_growth,-0.6354731384754757,KOF Barometer (Monthly),-0.09721546795086196,"GDP Growth (%, detrended)"
2005-05-31,gdp_growth,-1.4506035400771822,KOF Barometer (Monthly),-0.1913831734224925,"GDP Growth (%, detrended)"
2005-06-30,gdp_growth,-0.3054351662383823,KOF Barometer (Monthly),-0.05908792602259177,"GDP Growth (%, detrended)"
2005-07-31,gdp_growth,2.103650158361617,KOF Barometer (Monthly),0.21922096401167884,"GDP Growth (%, detrended)"
2005-08-31,gdp_growth,2.91660888829162,KOF Barometer (Monthly),0.3131377877373209,"GDP Growth (%, detrended)"
2005-09-30,gdp_growth,5.263861719794619,KOF Barometer (Monthly),0.5843034967700074,"GDP Growth (%, detrended)"
2005-10-31,gdp_growth,7.605403939529623,KOF Barometer (Monthly),0.8548094890187601,"GDP Growth (%, detrended)"
2005-11-30,gdp_growth,6.241788764109614,KOF Barometer (Monthly),0.697278237622323,"GDP Growth (%, detrended)"
2005-12-31,gdp_growth,5.6859450534576155,KOF Barometer (Monthly),0.6330645526339037,"GDP Growth (%, detrended)"
2006-01-31,gdp_growth,8.620960030802621,KOF Barometer (Monthly),0.9721313147106995,"GDP Growth (%, detrended)"
2006-02-28,gdp_growth,7.018029533246619,KOF Barometer (Monthly),0.7869532294758134,"GDP Growth (%, detrended)"
2006-03-31,gdp_growth,6.973182532307618,KOF Barometer (Monthly),0.7817722925761327,"GDP Growth (%, detrended)"
2006-04-30,gdp_growth,8.828234899089622,KOF Barometer (Monthly),0.9960766843229332,"GDP Growth (%, detrended)"
2006-05-31,gdp_growth,6.99221866238662,KOF Barometer (Monthly),0.7839714360347458,"GDP Growth (%, detrended)"
2006-06-30,gdp_growth,7.077771232086619,KOF Barometer (Monthly),0.7938548720715078,"GDP Growth (%, detrended)"
2006-07-31,gdp_growth,3.887263125154618,KOF Barometer (Monthly),0.4252723395981011,"GDP Growth (%, detrended)"
2006-08-31,gdp_growth,3.8847754915776136,KOF Barometer (Monthly),0.42498495644377343,"GDP Growth (%, detrended)"
2006-09-30,gdp_growth,2.250918283501619,KOF Barometer (Monthly),0.23623407186079468,"GDP Growth (%, detrended)"
2006-10-31,gdp_growth,3.571752783536624,KOF Barometer (Monthly),0.3888230980235557,"GDP Growth (%, detrended)"
2006-11-30,gdp_growth,5.984818803321616,KOF Barometer (Monthly),0.667591856725485,"GDP Growth (%, detrended)"
2006-12-31,gdp_growth,7.738242197141616,KOF Barometer (Monthly),0.8701555905671636,"GDP Growth (%, detrended)"
2007-01-31,gdp_growth,5.996610602550618,KOF Barometer (Monthly),0.6689541009438277,"GDP Growth (%, detrended)"
2007-02-28,gdp_growth,2.4112916577716135,KOF Barometer (Monthly),0.2547611598507328,"GDP Growth (%, detrended)"
2007-03-31,gdp_growth,3.0213681804806214,KOF Barometer (Monthly),0.32524007487185314,"GDP Growth (%, detrended)"
2007-04-30,gdp_growth,0.4188173719236232,KOF Barometer (Monthly),0.02458114038286593,"GDP Growth (%, detrended)"
2007-05-31,gdp_growth,-1.1723924308852816,KOF Barometer (Monthly),-0.15924291495852247,"GDP Growth (%, detrended)"
2007-06-30,gdp_growth,1.2288567905866188,KOF Barometer (Monthly),0.1181607115130566,"GDP Growth (%, detrended)"
2007-07-31,gdp_growth,0.5300671298766133,KOF Barometer (Monthly),0.037433236710180035,"GDP Growth (%, detrended)"
2007-08-31,gdp_growth,-0.9642480813626833,KOF Barometer (Monthly),-0.13519709877633393,"GDP Growth (%, detrended)"
2007-09-30,gdp_growth,2.0371945913896212,KOF Barometer (Monthly),0.21154370372881806,"GDP Growth (%, detrended)"
2007-10-31,gdp_growth,-2.282929518018875,KOF Barometer (Monthly),-0.2875373929107969,"GDP Growth (%, detrended)"
2007-11-30,gdp_growth,-1.5977999054510832,KOF Barometer (Monthly),-0.2083879912452449,"GDP Growth (%, detrended)"
2007-12-31,gdp_growth,-3.0323074832322874,KOF Barometer (Monthly),-0.3741090670582511,"GDP Growth (%, detrended)"
2008-01-31,gdp_growth,-1.452419569284288,KOF Barometer (Monthly),-0.19159296967492842,"GDP Growth (%, detrended)"
2008-02-29,gdp_growth,-4.869010918330787,KOF Barometer (Monthly),-0.5862937037436575,"GDP Growth (%, detrended)"
2008-03-31,gdp_growth,-8.278049355660286,KOF Barometer (Monthly),-0.9801218898561063,"GDP Growth (%, detrended)"
2008-04-30,gdp_growth,-9.118252612432187,KOF Barometer (Monthly),-1.0771861297182592,"GDP Growth (%, detrended)"
2008-05-31,gdp_growth,-6.988016046897187,KOF Barometer (Monthly),-0.831091162466362,"GDP Growth (%, detrended)"
2008-06-30,gdp_growth,-9.182750297772074,KOF Barometer (Monthly),-1.0846372062880374,"GDP Growth (%, detrended)"
2008-07-31,gdp_growth,-9.436139004589776,KOF Barometer (Monthly),-1.1139098638487914,"GDP Growth (%, detrended)"
2008-08-31,gdp_growth,-12.277998117587586,KOF Barometer (Monthly),-1.4422148214590078,"GDP Growth (%, detrended)"
2008-09-30,gdp_growth,-15.81887618898648,KOF Barometer (Monthly),-1.851273743421989,"GDP Growth (%, detrended)"
2008-10-31,gdp_growth,-16.473282117761585,KOF Barometer (Monthly),-1.9268738003437942,"GDP Growth (%, detrended)"
2008-11-30,gdp_growth,-22.73213322063988,KOF Barometer (Monthly),-2.649925775939989,"GDP Growth (%, detrended)"
2008-12-31,gdp_growth,-24.777041616106388,KOF Barometer (Monthly),-2.886163230858087,"GDP Growth (%, detrended)"
2009-01-31,gdp_growth,-26.341811024745482,KOF Barometer (Monthly),-3.0669327672588937,"GDP Growth (%, detrended)"
2009-02-28,gdp_growth,-24.109303538259283,KOF Barometer (Monthly),-2.8090229812448437,"GDP Growth (%, detrended)"
2009-03-31,gdp_growth,-21.26785489504428,KOF Barometer (Monthly),-2.480765443038365,"GDP Growth (%, detrended)"
2009-04-30,gdp_growth,-18.695627948383176,KOF Barometer (Monthly),-2.18360966398336,"GDP Growth (%, detrended)"
2009-05-31,gdp_growth,-7.727412634877382,KOF Barometer (Monthly),-0.9165097408764326,"GDP Growth (%, detrended)"
2009-06-30,gdp_growth,-4.925094937846978,KOF Barometer (Monthly),-0.5927727939862596,"GDP Growth (%, detrended)"
2009-07-31,gdp_growth,-2.2825576562406837,KOF Barometer (Monthly),-0.28749443368570105,"GDP Growth (%, detrended)"
2009-08-31,gdp_growth,2.5456025946106138,KOF Barometer (Monthly),0.2702773922437601,"GDP Growth (%, detrended)"
2009-09-30,gdp_growth,7.6198261713236235,KOF Barometer (Monthly),0.8564756132034946,"GDP Growth (%, detrended)"
2009-10-31,gdp_growth,8.089724611860618,KOF Barometer (Monthly),0.9107604955525246,"GDP Growth (%, detrended)"
2009-11-30,gdp_growth,10.78471014099162,KOF Barometer (Monthly),1.2220979245808659,"GDP Growth (%, detrended)"
2009-12-31,gdp_growth,12.933910455130615,KOF Barometer (Monthly),1.4703836734422697,"GDP Growth (%, detrended)"
2010-01-31,gdp_growth,7.6862234338676245,KOF Barometer (Monthly),0.8641461378840612,"GDP Growth (%, detrended)"
2010-02-28,gdp_growth,16.20708932381062,KOF Barometer (Monthly),1.8485167219166803,"GDP Growth (%, detrended)"
2010-03-31,gdp_growth,14.575339743093622,KOF Barometer (Monthly),1.660009320378863,"GDP Growth (%, detrended)"
2010-04-30,gdp_growth,13.73314236066362,KOF Barometer (Monthly),1.5627147097229372,"GDP Growth (%, detrended)"
2010-05-31,gdp_growth,12.615468349067612,KOF Barometer (Monthly),1.433595740622462,"GDP Growth (%, detrended)"
2010-06-30,gdp_growth,12.691197919656616,KOF Barometer (Monthly),1.4423443775089106,"GDP Growth (%, detrended)"
2010-07-31,gdp_growth,10.538415087343623,KOF Barometer (Monthly),1.1936447592646533,"GDP Growth (%, detrended)"
2010-08-31,gdp_growth,6.411275221796615,KOF Barometer (Monthly),0.7168581119559734,"GDP Growth (%, detrended)"
2010-09-30,gdp_growth,4.362952549993622,KOF Barometer (Monthly),0.48022622374496726,"GDP Growth (%, detrended)"
2010-10-31,gdp_growth,3.271437846652617,KOF Barometer (Monthly),0.35412930121551717,"GDP Growth (%, detrended)"
2010-11-30,gdp_growth,3.024178610986624,KOF Barometer (Monthly),0.3255647490486691,"GDP Growth (%, detrended)"
2010-12-31,gdp_growth,0.3947255783456143,KOF Barometer (Monthly),0.021797942850938033,"GDP Growth (%, detrended)"
2011-01-31,gdp_growth,-0.1889158732443832,KOF Barometer (Monthly),-0.045627068173514876,"GDP Growth (%, detrended)"
2011-02-28,gdp_growth,-2.2090788790488745,KOF Barometer (Monthly),-0.27900581905984784,"GDP Growth (%, detrended)"
2011-03-31,gdp_growth,0.5619153415706251,KOF Barometer (Monthly),0.04111249221666924,"GDP Growth (%, detrended)"
2011-04-30,gdp_growth,-0.713386259678785,KOF Barometer (Monthly),-0.10621635889473044,"GDP Growth (%, detrended)"
2011-05-31,gdp_growth,-4.548918326957775,KOF Barometer (Monthly),-0.5493150990825678,"GDP Growth (%, detrended)"
2011-06-30,gdp_growth,-6.219248621918382,KOF Barometer (Monthly),-0.7422795265497802,"GDP Growth (%, detrended)"
2011-07-31,gdp_growth,-12.095611181513178,KOF Barometer (Monthly),-1.421144623065745,"GDP Growth (%, detrended)"
2011-08-31,gdp_growth,-15.537502298180485,KOF Barometer (Monthly),-1.8187681055206655,"GDP Growth (%, detrended)"
2011-09-30,gdp_growth,-16.029313450824276,KOF Barometer (Monthly),-1.8755844476406753,"GDP Growth (%, detrended)"
2011-10-31,gdp_growth,-12.872224570767187,KOF Barometer (Monthly),-1.5108626617512049,"GDP Growth (%, detrended)"
2011-11-30,gdp_growth,-9.311478054919576,KOF Barometer (Monthly),-1.099508443451159,"GDP Growth (%, detrended)"
2011-12-31,gdp_growth,-8.415551970798674,KOF Barometer (Monthly),-0.9960068399677542,"GDP Growth (%, detrended)"
2012-01-31,gdp_growth,-6.324150248304377,KOF Barometer (Monthly),-0.7543982568015299,"GDP Growth (%, detrended)"
2012-02-29,gdp_growth,-5.343715042961975,KOF Barometer (Monthly),-0.6411337613670761,"GDP Growth (%, detrended)"
2012-03-31,gdp_growth,-3.603242686148377,KOF Barometer (Monthly),-0.4400661923549447,"GDP Growth (%, detrended)"
2012-04-30,gdp_growth,-2.0901905944403865,KOF Barometer (Monthly),-0.265271284135079,"GDP Growth (%, detrended)"
2012-05-31,gdp_growth,-4.031528709716483,KOF Barometer (Monthly),-0.48954381218819903,"GDP Growth (%, detrended)"
2012-06-30,gdp_growth,-3.4351522109093793,KOF Barometer (Monthly),-0.42064758849255723,"GDP Growth (%, detrended)"
2012-07-31,gdp_growth,-2.692254276700382,KOF Barometer (Monthly),-0.33482451806528296,"GDP Growth (%, detrended)"
2012-08-31,gdp_growth,1.2795209254476134,KOF Barometer (Monthly),0.12401367113790973,"GDP Growth (%, detrended)"
2012-09-30,gdp_growth,1.9894400369256147,KOF Barometer (Monthly),0.20602687254345292,"GDP Growth (%, detrended)"
2012-10-31,gdp_growth,-0.7713681717590788,KOF Barometer (Monthly),-0.11291470263056744,"GDP Growth (%, detrended)"
2012-11-30,gdp_growth,-1.5126602898488812,KOF Barometer (Monthly),-0.198552261611996,"GDP Growth (%, detrended)"
2012-12-31,gdp_growth,1.205640485176616,KOF Barometer (Monthly),0.11547865450022443,"GDP Growth (%, detrended)"
2013-01-31,gdp_growth,2.2561784418596176,KOF Barometer (Monthly),0.23684175014394643,"GDP Growth (%, detrended)"
2013-02-28,gdp_growth,4.375817202633613,KOF Barometer (Monthly),0.4817124090454014,"GDP Growth (%, detrended)"
2013-03-31,gdp_growth,2.475481079980625,KOF Barometer (Monthly),0.26217662441087547,"GDP Growth (%, detrended)"
2013-04-30,gdp_growth,0.5069647602496161,KOF Barometer (Monthly),0.034764342095947726,"GDP Growth (%, detrended)"
2013-05-31,gdp_growth,2.232075079517614,KOF Barometer (Monthly),0.23405721613388156,"GDP Growth (%, detrended)"
2013-06-30,gdp_growth,0.34206552528361556,KOF Barometer (Monthly),0.015714405349308,"GDP Growth (%, detrended)"
2013-07-31,gdp_growth,3.6406483634416134,KOF Barometer (Monthly),0.3967822400995254,"GDP Growth (%, detrended)"
2013-08-31,gdp_growth,3.0468569817176245,KOF Barometer (Monthly),0.32818466131224927,"GDP Growth (%, detrended)"
2013-09-30,gdp_growth,5.187939223045618,KOF Barometer (Monthly),0.5755325721443496,"GDP Growth (%, detrended)"
2013-10-31,gdp_growth,5.486055994908625,KOF Barometer (Monthly),0.6099724265698334,"GDP Growth (%, detrended)"
2013-11-30,gdp_growth,4.336272466919624,KOF Barometer (Monthly),0.4771440148125877,"GDP Growth (%, detrended)"
2013-12-31,gdp_growth,7.259043921846626,KOF Barometer (Monthly),0.814796347479404,"GDP Growth (%, detrended)"
2014-01-31,gdp_growth,3.718322806748617,KOF Barometer (Monthly),0.4057555578479914,"GDP Growth (%, detrended)"
2014-02-28,gdp_growth,5.876556190861621,KOF Barometer (Monthly),0.655084849523092,"GDP Growth (%, detrended)"
2014-03-31,gdp_growth,2.313258151269622,KOF Barometer (Monthly),0.24343586717548607,"GDP Growth (%, detrended)"
2014-04-30,gdp_growth,2.8924678797106225,KOF Barometer (Monthly),0.31034890465631143,"GDP Growth (%, detrended)"
2014-05-31,gdp_growth,1.977135948815615,KOF Barometer (Monthly),0.20460544629930508,"GDP Growth (%, detrended)"
2014-06-30,gdp_growth,3.1973016926976214,KOF Barometer (Monthly),0.34556474332795023,"GDP Growth (%, detrended)"
2014-07-31,gdp_growth,-0.9732860916321755,KOF Barometer (Monthly),-0.136241212316247,"GDP Growth (%, detrended)"
2014-08-31,gdp_growth,-0.021856698849376244,KOF Barometer (Monthly),-0.02632760504485387,"GDP Growth (%, detrended)"
2014-09-30,gdp_growth,-1.9653628995888823,KOF Barometer (Monthly),-0.25085060054827946,"GDP Growth (%, detrended)"
2014-10-31,gdp_growth,-3.13572772295268,KOF Barometer (Monthly),-0.3860566605410347,"GDP Growth (%, detrended)"
2014-11-30,gdp_growth,-3.955031733276286,KOF Barometer (Monthly),-0.48070652096125427,"GDP Growth (%, detrended)"
2014-12-31,gdp_growth,-5.236054842261083,KOF Barometer (Monthly),-0.6286963476100906,"GDP Growth (%, detrended)"
2015-01-31,gdp_growth,-6.518398041302277,KOF Barometer (Monthly),-0.7768386772834521,"GDP Growth (%, detrended)"
2015-02-28,gdp_growth,-18.027222657368284,KOF Barometer (Monthly),-2.1063923347605873,"GDP Growth (%, detrended)"
2015-03-31,gdp_growth,-11.073256889843876,KOF Barometer (Monthly),-1.3030374372260325,"GDP Growth (%, detrended)"
2015-04-30,gdp_growth,-13.723798580827875,KOF Barometer (Monthly),-1.6092405046204168,"GDP Growth (%, detrended)"
2015-05-31,gdp_growth,-6.978220860513787,KOF Barometer (Monthly),-0.8299595763734139,"GDP Growth (%, detrended)"
2015-06-30,gdp_growth,-7.3810236952330825,KOF Barometer (Monthly),-0.8764932581358058,"GDP Growth (%, detrended)"
2015-07-31,gdp_growth,-3.577551741740578,KOF Barometer (Monthly),-0.4370982533828147,"GDP Growth (%, detrended)"
2015-08-31,gdp_growth,-2.0297695073191875,KOF Barometer (Monthly),-0.2582911554033758,"GDP Growth (%, detrended)"
2015-09-30,gdp_growth,-2.9456453915683767,KOF Barometer (Monthly),-0.3640974538153553,"GDP Growth (%, detrended)"
2015-10-31,gdp_growth,-1.141516460907681,KOF Barometer (Monthly),-0.1556759773970128,"GDP Growth (%, detrended)"
2015-11-30,gdp_growth,-0.9625827001268874,KOF Barometer (Monthly),-0.13500470608750495,"GDP Growth (%, detrended)"
2015-12-31,gdp_growth,-2.838598647523284,KOF Barometer (Monthly),-0.35173090946229507,"GDP Growth (%, detrended)"
2016-01-31,gdp_growth,-2.655425574069284,KOF Barometer (Monthly),-0.33056989277409904,"GDP Growth (%, detrended)"
2016-02-29,gdp_growth,0.2164840543946127,KOF Barometer (Monthly),0.0012066420023237828,"GDP Growth (%, detrended)"
2016-03-31,gdp_growth,-1.9511942330175742,KOF Barometer (Monthly),-0.24921376941305134,"GDP Growth (%, detrended)"
2016-04-30,gdp_growth,1.0551504595566144,KOF Barometer (Monthly),0.09809333752375506,"GDP Growth (%, detrended)"
2016-05-31,gdp_growth,-1.090391398625286,KOF Barometer (Monthly),-0.14976976926421914,"GDP Growth (%, detrended)"
2016-06-30,gdp_growth,0.38994589325061213,KOF Barometer (Monthly),0.02124577110346194,"GDP Growth (%, detrended)"
2016-07-31,gdp_growth,0.17968414326661275,KOF Barometer (Monthly),-0.0030446571587360253,"GDP Growth (%, detrended)"
2016-08-31,gdp_growth,-0.9207812595993801,KOF Barometer (Monthly),-0.13017560667942324,"GDP Growth (%, detrended)"
2016-09-30,gdp_growth,0.030043426734621903,KOF Barometer (Monthly),-0.020331857946805327,"GDP Growth (%, detrended)"
2016-10-31,gdp_growth,0.5912490284456169,KOF Barometer (Monthly),0.04450125796582233,"GDP Growth (%, detrended)"
2016-11-30,gdp_growth,0.6640903046276208,KOF Barometer (Monthly),0.05291622547066122,"GDP Growth (%, detrended)"
2016-12-31,gdp_growth,1.4945052722526242,KOF Barometer (Monthly),0.14884967604113153,"GDP Growth (%, detrended)"
2017-01-31,gdp_growth,4.617768576378623,KOF Barometer (Monthly),0.5096637719886884,"GDP Growth (%, detrended)"
2017-02-28,gdp_growth,6.313235461527626,KOF Barometer (Monthly),0.7055320968160909,"GDP Growth (%, detrended)"
2017-03-31,gdp_growth,10.082372830119624,KOF Barometer (Monthly),1.1409606085122062,"GDP Growth (%, detrended)"
2017-04-30,gdp_growth,7.971569932962623,KOF Barometer (Monthly),0.8971107102167079,"GDP Growth (%, detrended)"
2017-05-31,gdp_growth,7.9937717957596135,KOF Barometer (Monthly),0.8996755740381042,"GDP Growth (%, detrended)"
2017-06-30,gdp_growth,7.063986712895613,KOF Barometer (Monthly),0.79226241945203,"GDP Growth (%, detrended)"
2017-07-31,gdp_growth,9.01171368687362,KOF Barometer (Monthly),1.0172730185712755,"GDP Growth (%, detrended)"
2017-08-31,gdp_growth,6.7288795815156135,KOF Barometer (Monthly),0.7535492643700608,"GDP Growth (%, detrended)"
2017-09-30,gdp_growth,10.335678487644614,KOF Barometer (Monthly),1.1702236718272785,"GDP Growth (%, detrended)"
2017-10-31,gdp_growth,9.836820335513622,KOF Barometer (Monthly),1.1125932271159953,"GDP Growth (%, detrended)"
2017-11-30,gdp_growth,9.689200830510615,KOF Barometer (Monthly),1.0955395262091514,"GDP Growth (%, detrended)"
2017-12-31,gdp_growth,9.738346548112617,KOF Barometer (Monthly),1.1012170711163753,"GDP Growth (%, detrended)"
2018-01-31,gdp_growth,7.878191843103622,KOF Barometer (Monthly),0.8863232332117188,"GDP Growth (%, detrended)"
2018-02-28,gdp_growth,2.941572762505615,KOF Barometer (Monthly),0.3160217321341869,"GDP Growth (%, detrended)"
2018-03-31,gdp_growth,0.06949822113061543,KOF Barometer (Monthly),-0.015773854158914368,"GDP Growth (%, detrended)"
2018-04-30,gdp_growth,2.01279209368262,KOF Barometer (Monthly),0.20872461219164848,"GDP Growth (%, detrended)"
2018-05-31,gdp_growth,0.7410532511946144,KOF Barometer (Monthly),0.06180734776263871,"GDP Growth (%, detrended)"
2018-06-30,gdp_growth,-1.4728634415547788,KOF Barometer (Monthly),-0.1939547421457924,"GDP Growth (%, detrended)"
2018-07-31,gdp_growth,-1.49005224073818,KOF Barometer (Monthly),-0.19594047323339872,"GDP Growth (%, detrended)"
2018-08-31,gdp_growth,-3.5201516993174806,KOF Barometer (Monthly),-0.43046712997196385,"GDP Growth (%, detrended)"
2018-09-30,gdp_growth,-3.3401906113202813,KOF Barometer (Monthly),-0.40967717698091477,"GDP Growth (%, detrended)"
2018-10-31,gdp_growth,-4.658885448327382,KOF Barometer (Monthly),-0.5620190191870668,"GDP Growth (%, detrended)"
2018-11-30,gdp_growth,-6.013484344896483,KOF Barometer (Monthly),-0.7185086675594797,"GDP Growth (%, detrended)"
2018-12-31,gdp_growth,-6.570769598685985,KOF Barometer (Monthly),-0.7828888864047276,"GDP Growth (%, detrended)"
2019-01-31,gdp_growth,-7.044710472840478,KOF Barometer (Monthly),-0.8376407697360952,"GDP Growth (%, detrended)"
2019-02-28,gdp_growth,-5.515835067332574,KOF Barometer (Monthly),-0.6610178777352694,"GDP Growth (%, detrended)"
2019-03-31,gdp_growth,-3.929134068921684,KOF Barometer (Monthly),-0.4777147007266571,"GDP Growth (%, detrended)"
2019-04-30,gdp_growth,-4.835474315927584,KOF Barometer (Monthly),-0.5824193973855356,"GDP Growth (%, detrended)"
2019-05-31,gdp_growth,-5.6783768323885795,KOF Barometer (Monthly),-0.6797954684478188,"GDP Growth (%, detrended)"
2019-06-30,gdp_growth,-5.747224659344383,KOF Barometer (Monthly),-0.6877490938780524,"GDP Growth (%, detrended)"
2019-07-31,gdp_growth,-7.249276491549182,KOF Barometer (Monthly),-0.8612732002790036,"GDP Growth (%, detrended)"
2019-08-31,gdp_growth,-5.573659662629481,KOF Barometer (Monthly),-0.6676980474949001,"GDP Growth (%, detrended)"
2019-09-30,gdp_growth,-5.711774525219781,KOF Barometer (Monthly),-0.6836537273175417,"GDP Growth (%, detrended)"
2019-10-31,gdp_growth,-6.443397959603786,KOF Barometer (Monthly),-0.76817431439151,"GDP Growth (%, detrended)"
2019-11-30,gdp_growth,-3.3747453113019787,KOF Barometer (Monthly),-0.4136690987693098,"GDP Growth (%, detrended)"
2019-12-31,gdp_growth,-1.6071560364905793,KOF Barometer (Monthly),-0.20946885559572187,"GDP Growth (%, detrended)"
2020-01-31,gdp_growth,0.8779348364296169,KOF Barometer (Monthly),0.07762055357310964,"GDP Growth (%, detrended)"
2020-02-29,gdp_growth,-4.376485005012782,KOF Barometer (Monthly),-0.5293947891020979,"GDP Growth (%, detrended)"
2020-03-31,gdp_growth,-18.993341975117076,KOF Barometer (Monthly),-2.2180029913935058,"GDP Growth (%, detrended)"
2020-04-30,gdp_growth,-43.65682630941638,KOF Barometer (Monthly),-5.067244933704603,"GDP Growth (%, detrended)"
2020-05-31,gdp_growth,-31.32531012868678,KOF Barometer (Monthly),-3.6426500695653083,"GDP Growth (%, detrended)"
2020-06-30,gdp_growth,0.6803739753896139,KOF Barometer (Monthly),0.054797391857412704,"GDP Growth (%, detrended)"
2020-07-31,gdp_growth,18.102630968265615,KOF Barometer (Monthly),2.067498625834757,"GDP Growth (%, detrended)"
2020-08-31,gdp_growth,19.00036995126962,KOF Barometer (Monthly),2.1712096639408163,"GDP Growth (%, detrended)"
2020-09-30,gdp_growth,13.033582450746621,KOF Barometer (Monthly),1.4818982521017023,"GDP Growth (%, detrended)"
2020-10-31,gdp_growth,14.356760091525615,KOF Barometer (Monthly),1.6347579689257674,"GDP Growth (%, detrended)"
2020-11-30,gdp_growth,5.863580629397617,KOF Barometer (Monthly),0.6535858515126259,"GDP Growth (%, detrended)"
2020-12-31,gdp_growth,9.040330930914621,KOF Barometer (Monthly),1.020579017467854,"GDP Growth (%, detrended)"
2021-01-31,gdp_growth,6.631317465783624,KOF Barometer (Monthly),0.7422784289780958,"GDP Growth (%, detrended)"
2021-02-28,gdp_growth,14.615844328641614,KOF Barometer (Monthly),1.664688600988001,"GDP Growth (%, detrended)"
2021-03-31,gdp_growth,20.261609842897613,KOF Barometer (Monthly),2.316914040087897,"GDP Growth (%, detrended)"
2021-04-30,gdp_growth,28.883712657512632,KOF Barometer (Monthly),3.312979990759567,"GDP Growth (%, detrended)"
2021-05-31,gdp_growth,26.264836370167615,KOF Barometer (Monthly),3.0104350600236325,"GDP Growth (%, detrended)"
2021-06-30,gdp_growth,15.764319445929615,KOF Barometer (Monthly),1.7973658589748984,"GDP Growth (%, detrended)"
2021-07-31,gdp_growth,21.076111127984618,KOF Barometer (Monthly),2.4110090670549016,"GDP Growth (%, detrended)"
2021-08-31,gdp_growth,11.263364725395618,KOF Barometer (Monthly),1.277394357934637,"GDP Growth (%, detrended)"
2021-09-30,gdp_growth,10.510125229514614,KOF Barometer (Monthly),1.1903765815661627,"GDP Growth (%, detrended)"
2021-10-31,gdp_growth,7.653810026446621,KOF Barometer (Monthly),0.8604015883035826,"GDP Growth (%, detrended)"
2021-11-30,gdp_growth,6.900711711151615,KOF Barometer (Monthly),0.773400121781747,"GDP Growth (%, detrended)"
2021-12-31,gdp_growth,2.9114513501716175,KOF Barometer (Monthly),0.3125419646276826,"GDP Growth (%, detrended)"
2022-01-31,gdp_growth,2.019839748357626,KOF Barometer (Monthly),0.20953879047330454,"GDP Growth (%, detrended)"
2022-02-28,gdp_growth,1.0928074811306203,KOF Barometer (Monthly),0.10244365412285614,"GDP Growth (%, detrended)"
2022-03-31,gdp_growth,-4.069308743676984,KOF Barometer (Monthly),-0.49390833975791065,"GDP Growth (%, detrended)"
2022-04-30,gdp_growth,-3.9298838770100843,KOF Barometer (Monthly),-0.4778013220906622,"GDP Growth (%, detrended)"
2022-05-31,gdp_growth,-9.503565006508481,KOF Barometer (Monthly),-1.121699233350081,"GDP Growth (%, detrended)"
2022-06-30,gdp_growth,-7.984414885160277,KOF Barometer (Monthly),-0.946199852007892,"GDP Growth (%, detrended)"
2022-07-31,gdp_growth,-11.097398319261686,KOF Barometer (Monthly),-1.3058263689240939,"GDP Growth (%, detrended)"
2022-08-31,gdp_growth,-14.284051791620087,KOF Barometer (Monthly),-1.673963595845758,"GDP Growth (%, detrended)"
2022-09-30,gdp_growth,-14.118912529739276,KOF Barometer (Monthly),-1.6548859300587406,"GDP Growth (%, detrended)"
2022-10-31,gdp_growth,-12.873792344361178,KOF Barometer (Monthly),-1.5110437783452553,"GDP Growth (%, detrended)"
2022-11-30,gdp_growth,-11.223504495078075,KOF Barometer (Monthly),-1.3203947486570753,"GDP Growth (%, detrended)"
2022-12-31,gdp_growth,-11.388139510536988,KOF Barometer (Monthly),-1.3394141615210646,"GDP Growth (%, detrended)"
2023-01-31,gdp_growth,-8.220607800354287,KOF Barometer (Monthly),-0.9734859706813841,"GDP Growth (%, detrended)"
2023-02-28,gdp_growth,-9.763911379891084,KOF Barometer (Monthly),-1.1517756733419233,"GDP Growth (%, detrended)"
2023-03-31,gdp_growth,-4.720124856984782,KOF Barometer (Monthly),-0.5690936842791494,"GDP Growth (%, detrended)"
2023-04-30,gdp_growth,-9.055690586571387,KOF Barometer (Monthly),-1.0699586696537198,"GDP Growth (%, detrended)"
2023-05-31,gdp_growth,-9.825146854023785,KOF Barometer (Monthly),-1.1588498838991705,"GDP Growth (%, detrended)"
2023-06-30,gdp_growth,-10.734482111337584,KOF Barometer (Monthly),-1.2639005782634523,"GDP Growth (%, detrended)"
2023-07-31,gdp_growth,-11.595983747642876,KOF Barometer (Monthly),-1.36342530730253,"GDP Growth (%, detrended)"
2023-08-31,gdp_growth,-9.811717181039086,KOF Barometer (Monthly),-1.1572984247857347,"GDP Growth (%, detrended)"
2023-09-30,gdp_growth,-5.188703722124174,KOF Barometer (Monthly),-0.6232261230594635,"GDP Growth (%, detrended)"
2023-10-31,gdp_growth,-6.258433725547178,KOF Barometer (Monthly),-0.7468063743892683,"GDP Growth (%, detrended)"
2023-11-30,gdp_growth,-1.822189501161077,KOF Barometer (Monthly),-0.23431053482624328,"GDP Growth (%, detrended)"
2023-12-31,gdp_growth,0.8646292255706243,KOF Barometer (Monthly),0.07608342670110521,"GDP Growth (%, detrended)"
2024-01-31,gdp_growth,-3.3200810593387757,KOF Barometer (Monthly),-0.4073540267653912,"GDP Growth (%, detrended)"
2024-02-29,gdp_growth,-1.6775525443071757,KOF Barometer (Monthly),-0.21760139193748834,"GDP Growth (%, detrended)"
2024-03-31,gdp_growth,-1.5331178940922854,KOF Barometer (Monthly),-0.20091562046508582,"GDP Growth (%, detrended)"
2024-04-30,gdp_growth,1.7063708186596216,KOF Barometer (Monthly),0.1733253824243523,"GDP Growth (%, detrended)"
2024-05-31,gdp_growth,4.3414322639866185,KOF Barometer (Monthly),0.4777400988864284,"GDP Growth (%, detrended)"
2024-06-30,gdp_growth,3.6429897557986237,KOF Barometer (Monthly),0.39705272877892595,"GDP Growth (%, detrended)"
2024-07-31,gdp_growth,1.2347934221716201,KOF Barometer (Monthly),0.11884653917141837,"GDP Growth (%, detrended)"
2024-08-31,gdp_growth,4.476359281868625,KOF Barometer (Monthly),0.4933275038649591,"GDP Growth (%, detrended)"
2024-09-30,gdp_growth,3.136670136938619,KOF Barometer (Monthly),0.338560300267329,"GDP Growth (%, detrended)"
2024-10-31,gdp_growth,-0.33228371372737797,KOF Barometer (Monthly),-0.06218959675811686,"GDP Growth (%, detrended)"
2024-11-30,gdp_growth,-2.1833673252915844,KOF Barometer (Monthly),-0.2760354991985386,"GDP Growth (%, detrended)"
2024-12-31,gdp_growth,-0.994702704146178,KOF Barometer (Monthly),-0.13871536032429058,"GDP Growth (%, detrended)"
2025-01-31,gdp_growth,1.7522428322646135,KOF Barometer (Monthly),0.17862473361780246,"GDP Growth (%, detrended)"
2025-02-28,gdp_growth,2.6656572774256233,KOF Barometer (Monthly),0.2841466749862505,"GDP Growth (%, detrended)"
2025-03-31,gdp_growth,0.2995682006096132,KOF Barometer (Monthly),0.010804914125118414,"GDP Growth (%, detrended)"
2025-04-30,gdp_growth,-5.217652843676376,KOF Barometer (Monthly),-0.6265704620101804,"GDP Growth (%, detrended)"
2025-05-31,gdp_growth,-3.2922751400402746,KOF Barometer (Monthly),-0.40414175592660995,"GDP Growth (%, detrended)"
2025-06-30,gdp_growth,-5.148317784180179,KOF Barometer (Monthly),-0.6185605491806916,"GDP Growth (%, detrended)"
2025-07-31,gdp_growth,0.2981282753006127,KOF Barometer (Monthly),0.010638567167462724,"GDP Growth (%, detrended)"
2025-08-31,gdp_growth,-3.6855912827103765,KOF Barometer (Monthly),-0.4495794903153876,"GDP Growth (%, detrended)"
2025-09-30,gdp_growth,-2.660647038564477,KOF Barometer (Monthly),-0.33117310095986635,"GDP Growth (%, detrended)"
2025-10-31,gdp_growth,0.7076670282256146,KOF Barometer (Monthly),0.057950413945451563,"GDP Growth (%, detrended)"
