monthly_coverage,extra_months,fold,cutoff_quarter,forecast_quarter,variable,step_ahead,prediction,model,quarter_end,horizon,actual,error
Cutoff only,0,104,2017 Q4,2018 Q1,exch_rate,1,0.14516257016695464,MF-VAR,2018-03-31,1-step ahead,0.15264355829537735,-0.007480988128422711
Cutoff only,0,104,2017 Q4,2018 Q1,exch_rate,1,NA,MIDAS (trend),2018-03-31,1-step ahead,0.15264355829537735,NA
Cutoff only,0,104,2017 Q4,2018 Q1,exch_rate,1,NA,MIDAS,2018-03-31,1-step ahead,0.15264355829537735,NA
Cutoff only,0,104,2017 Q4,2018 Q1,exch_rate,1,0.14978954724567872,AR(2),2018-03-31,1-step ahead,0.15264355829537735,-0.0028540110496986237
Cutoff only,0,104,2017 Q4,2018 Q1,exch_rate,1,0.14572549799887072,RW-trend,2018-03-31,1-step ahead,0.15264355829537735,-0.0069180602965066285
Cutoff only,0,104,2017 Q4,2018 Q2,exch_rate,2,0.14220548455724624,MF-VAR,2018-06-30,Other,0.16068195758324189,-0.018476473025995643
Cutoff only,0,104,2017 Q4,2018 Q2,exch_rate,2,NA,MIDAS (trend),2018-06-30,Other,0.16068195758324189,NA
Cutoff only,0,104,2017 Q4,2018 Q2,exch_rate,2,NA,MIDAS,2018-06-30,Other,0.16068195758324189,NA
Cutoff only,0,104,2017 Q4,2018 Q2,exch_rate,2,0.14721120806899912,AR(2),2018-06-30,Other,0.16068195758324189,-0.013470749514242764
Cutoff only,0,104,2017 Q4,2018 Q2,exch_rate,2,0.14102604507942865,RW-trend,2018-06-30,Other,0.16068195758324189,-0.01965591250381324
Cutoff only,0,104,2017 Q4,2018 Q3,exch_rate,3,0.12904372070705522,MF-VAR,2018-09-30,Other,0.13431935861291822,-0.005275637905862995
Cutoff only,0,104,2017 Q4,2018 Q3,exch_rate,3,NA,MIDAS (trend),2018-09-30,Other,0.13431935861291822,NA
Cutoff only,0,104,2017 Q4,2018 Q3,exch_rate,3,NA,MIDAS,2018-09-30,Other,0.13431935861291822,NA
Cutoff only,0,104,2017 Q4,2018 Q3,exch_rate,3,0.1367850363171263,AR(2),2018-09-30,Other,0.13431935861291822,0.00246567770420808
Cutoff only,0,104,2017 Q4,2018 Q3,exch_rate,3,0.13632659215998655,RW-trend,2018-09-30,Other,0.13431935861291822,0.0020072335470683322
Cutoff only,0,104,2017 Q4,2018 Q4,exch_rate,4,0.12632960844178084,MF-VAR,2018-12-31,1-year ahead,0.1276031360069662,-0.0012735275651853672
Cutoff only,0,104,2017 Q4,2018 Q4,exch_rate,4,NA,MIDAS (trend),2018-12-31,1-year ahead,0.1276031360069662,NA
Cutoff only,0,104,2017 Q4,2018 Q4,exch_rate,4,NA,MIDAS,2018-12-31,1-year ahead,0.1276031360069662,NA
Cutoff only,0,104,2017 Q4,2018 Q4,exch_rate,4,0.13326135975440376,AR(2),2018-12-31,1-year ahead,0.1276031360069662,0.005658223747437546
Cutoff only,0,104,2017 Q4,2018 Q4,exch_rate,4,0.13162713924054445,RW-trend,2018-12-31,1-year ahead,0.1276031360069662,0.004024003233578238
Cutoff only,0,104,2017 Q4,2018 Q1,gdp_growth,1,2.5475983713393062,MF-VAR,2018-03-31,1-step ahead,2.3240685470931055,0.22352982424620071
Cutoff only,0,104,2017 Q4,2018 Q1,gdp_growth,1,NA,MIDAS (trend),2018-03-31,1-step ahead,2.3240685470931055,NA
Cutoff only,0,104,2017 Q4,2018 Q1,gdp_growth,1,NA,MIDAS,2018-03-31,1-step ahead,2.3240685470931055,NA
Cutoff only,0,104,2017 Q4,2018 Q1,gdp_growth,1,1.8161226765173173,AR(2),2018-03-31,1-step ahead,2.3240685470931055,-0.5079458705757882
Cutoff only,0,104,2017 Q4,2018 Q1,gdp_growth,1,2.7365764570465454,RW-trend,2018-03-31,1-step ahead,2.3240685470931055,0.4125079099534399
Cutoff only,0,104,2017 Q4,2018 Q2,gdp_growth,2,2.6264289883145,MF-VAR,2018-06-30,Other,5.898443791783592,-3.272014803469092
Cutoff only,0,104,2017 Q4,2018 Q2,gdp_growth,2,NA,MIDAS (trend),2018-06-30,Other,5.898443791783592,NA
Cutoff only,0,104,2017 Q4,2018 Q2,gdp_growth,2,NA,MIDAS,2018-06-30,Other,5.898443791783592,NA
Cutoff only,0,104,2017 Q4,2018 Q2,gdp_growth,2,1.5701725112285394,AR(2),2018-06-30,Other,5.898443791783592,-4.328271280555052
Cutoff only,0,104,2017 Q4,2018 Q2,gdp_growth,2,2.778451674209534,RW-trend,2018-06-30,Other,5.898443791783592,-3.119992117574058
Cutoff only,0,104,2017 Q4,2018 Q3,gdp_growth,3,3.4267323769013798,MF-VAR,2018-09-30,Other,-1.3474872689180017,4.7742196458193815
Cutoff only,0,104,2017 Q4,2018 Q3,gdp_growth,3,NA,MIDAS (trend),2018-09-30,Other,-1.3474872689180017,NA
Cutoff only,0,104,2017 Q4,2018 Q3,gdp_growth,3,NA,MIDAS,2018-09-30,Other,-1.3474872689180017,NA
Cutoff only,0,104,2017 Q4,2018 Q3,gdp_growth,3,2.6179195293501434,AR(2),2018-09-30,Other,-1.3474872689180017,3.965406798268145
Cutoff only,0,104,2017 Q4,2018 Q3,gdp_growth,3,2.8203268913725226,RW-trend,2018-09-30,Other,-1.3474872689180017,4.167814160290524
Cutoff only,0,104,2017 Q4,2018 Q4,gdp_growth,4,2.142038429078351,MF-VAR,2018-12-31,1-year ahead,1.1812191444398934,0.9608192846384576
Cutoff only,0,104,2017 Q4,2018 Q4,gdp_growth,4,NA,MIDAS (trend),2018-12-31,1-year ahead,1.1812191444398934,NA
Cutoff only,0,104,2017 Q4,2018 Q4,gdp_growth,4,NA,MIDAS,2018-12-31,1-year ahead,1.1812191444398934,NA
Cutoff only,0,104,2017 Q4,2018 Q4,gdp_growth,4,1.5405648818067088,AR(2),2018-12-31,1-year ahead,1.1812191444398934,0.3593457373668154
Cutoff only,0,104,2017 Q4,2018 Q4,gdp_growth,4,2.862202108535511,RW-trend,2018-12-31,1-year ahead,1.1812191444398934,1.6809829640956178
Cutoff only,0,104,2017 Q4,2018 Q1,inflation,1,1.1889219816472671,MF-VAR,2018-03-31,1-step ahead,1.101666720053629,0.08725526159363817
Cutoff only,0,104,2017 Q4,2018 Q1,inflation,1,NA,MIDAS (trend),2018-03-31,1-step ahead,1.101666720053629,NA
Cutoff only,0,104,2017 Q4,2018 Q1,inflation,1,NA,MIDAS,2018-03-31,1-step ahead,1.101666720053629,NA
Cutoff only,0,104,2017 Q4,2018 Q1,inflation,1,0.7457110433446136,AR(2),2018-03-31,1-step ahead,1.101666720053629,-0.3559556767090154
Cutoff only,0,104,2017 Q4,2018 Q1,inflation,1,1.1526817216063565,RW-trend,2018-03-31,1-step ahead,1.101666720053629,0.051015001552727535
Cutoff only,0,104,2017 Q4,2018 Q2,inflation,2,0.8156602529404742,MF-VAR,2018-06-30,Other,1.1917670724635343,-0.37610681952306013
Cutoff only,0,104,2017 Q4,2018 Q2,inflation,2,NA,MIDAS (trend),2018-06-30,Other,1.1917670724635343,NA
Cutoff only,0,104,2017 Q4,2018 Q2,inflation,2,NA,MIDAS,2018-06-30,Other,1.1917670724635343,NA
Cutoff only,0,104,2017 Q4,2018 Q2,inflation,2,0.5540811402584767,AR(2),2018-06-30,Other,1.1917670724635343,-0.6376859322050576
Cutoff only,0,104,2017 Q4,2018 Q2,inflation,2,1.1256463322766168,RW-trend,2018-06-30,Other,1.1917670724635343,-0.06612074018691749
Cutoff only,0,104,2017 Q4,2018 Q3,inflation,3,0.5029477684805986,MF-VAR,2018-09-30,Other,0.900397845668266,-0.39745007718766734
Cutoff only,0,104,2017 Q4,2018 Q3,inflation,3,NA,MIDAS (trend),2018-09-30,Other,0.900397845668266,NA
Cutoff only,0,104,2017 Q4,2018 Q3,inflation,3,NA,MIDAS,2018-09-30,Other,0.900397845668266,NA
Cutoff only,0,104,2017 Q4,2018 Q3,inflation,3,0.38587016833276866,AR(2),2018-09-30,Other,0.900397845668266,-0.5145276773354973
Cutoff only,0,104,2017 Q4,2018 Q3,inflation,3,1.0986109429468773,RW-trend,2018-09-30,Other,0.900397845668266,0.19821309727861136
Cutoff only,0,104,2017 Q4,2018 Q4,inflation,4,0.44396220677286635,MF-VAR,2018-12-31,1-year ahead,0.50798003818322,-0.06401783141035366
Cutoff only,0,104,2017 Q4,2018 Q4,inflation,4,NA,MIDAS (trend),2018-12-31,1-year ahead,0.50798003818322,NA
Cutoff only,0,104,2017 Q4,2018 Q4,inflation,4,NA,MIDAS,2018-12-31,1-year ahead,0.50798003818322,NA
Cutoff only,0,104,2017 Q4,2018 Q4,inflation,4,0.3601608322939457,AR(2),2018-12-31,1-year ahead,0.50798003818322,-0.14781920588927433
Cutoff only,0,104,2017 Q4,2018 Q4,inflation,4,1.0715755536171379,RW-trend,2018-12-31,1-year ahead,0.50798003818322,0.5635955154339178
Cutoff only,0,105,2018 Q1,2018 Q2,exch_rate,1,0.15043651155980295,MF-VAR,2018-06-30,1-step ahead,0.16068195758324189,-0.010245446023438937
Cutoff only,0,105,2018 Q1,2018 Q2,exch_rate,1,NA,MIDAS (trend),2018-06-30,1-step ahead,0.16068195758324189,NA
Cutoff only,0,105,2018 Q1,2018 Q2,exch_rate,1,NA,MIDAS,2018-06-30,1-step ahead,0.16068195758324189,NA
Cutoff only,0,105,2018 Q1,2018 Q2,exch_rate,1,0.1505152667301063,AR(2),2018-06-30,1-step ahead,0.16068195758324189,-0.010166690853135596
Cutoff only,0,105,2018 Q1,2018 Q2,exch_rate,1,0.14801127100988193,RW-trend,2018-06-30,1-step ahead,0.16068195758324189,-0.012670686573359957
Cutoff only,0,105,2018 Q1,2018 Q3,exch_rate,2,0.13249170753223732,MF-VAR,2018-09-30,Other,0.13431935861291822,-0.001827651080680892
Cutoff only,0,105,2018 Q1,2018 Q3,exch_rate,2,NA,MIDAS (trend),2018-09-30,Other,0.13431935861291822,NA
Cutoff only,0,105,2018 Q1,2018 Q3,exch_rate,2,NA,MIDAS,2018-09-30,Other,0.13431935861291822,NA
Cutoff only,0,105,2018 Q1,2018 Q3,exch_rate,2,0.13998994880872875,AR(2),2018-09-30,Other,0.13431935861291822,0.005670590195810538
Cutoff only,0,105,2018 Q1,2018 Q3,exch_rate,2,0.1433789837243865,RW-trend,2018-09-30,Other,0.13431935861291822,0.009059625111468295
Cutoff only,0,105,2018 Q1,2018 Q4,exch_rate,3,0.12986343248568027,MF-VAR,2018-12-31,Other,0.1276031360069662,0.0022602964787140634
Cutoff only,0,105,2018 Q1,2018 Q4,exch_rate,3,NA,MIDAS (trend),2018-12-31,Other,0.1276031360069662,NA
Cutoff only,0,105,2018 Q1,2018 Q4,exch_rate,3,NA,MIDAS,2018-12-31,Other,0.1276031360069662,NA
Cutoff only,0,105,2018 Q1,2018 Q4,exch_rate,3,0.13625578904699198,AR(2),2018-12-31,Other,0.1276031360069662,0.00865265304002577
Cutoff only,0,105,2018 Q1,2018 Q4,exch_rate,3,0.13874669643889107,RW-trend,2018-12-31,Other,0.1276031360069662,0.011143560431924854
Cutoff only,0,105,2018 Q1,2019 Q1,exch_rate,4,0.12207162947471964,MF-VAR,2019-03-31,1-year ahead,0.12447116689910717,-0.0023995374243875323
Cutoff only,0,105,2018 Q1,2019 Q1,exch_rate,4,NA,MIDAS (trend),2019-03-31,1-year ahead,0.12447116689910717,NA
Cutoff only,0,105,2018 Q1,2019 Q1,exch_rate,4,NA,MIDAS,2019-03-31,1-year ahead,0.12447116689910717,NA
Cutoff only,0,105,2018 Q1,2019 Q1,exch_rate,4,0.12943196912389784,AR(2),2019-03-31,1-year ahead,0.12447116689910717,0.0049608022247906725
Cutoff only,0,105,2018 Q1,2019 Q1,exch_rate,4,0.13411440915339565,RW-trend,2019-03-31,1-year ahead,0.12447116689910717,0.009643242254288475
Cutoff only,0,105,2018 Q1,2018 Q2,gdp_growth,1,2.3818058457685827,MF-VAR,2018-06-30,1-step ahead,5.898443791783592,-3.5166379460150092
Cutoff only,0,105,2018 Q1,2018 Q2,gdp_growth,1,NA,MIDAS (trend),2018-06-30,1-step ahead,5.898443791783592,NA
Cutoff only,0,105,2018 Q1,2018 Q2,gdp_growth,1,NA,MIDAS,2018-06-30,1-step ahead,5.898443791783592,NA
Cutoff only,0,105,2018 Q1,2018 Q2,gdp_growth,1,1.7892563480177524,AR(2),2018-06-30,1-step ahead,5.898443791783592,-4.1091874437658396
Cutoff only,0,105,2018 Q1,2018 Q2,gdp_growth,1,2.361938833091498,RW-trend,2018-06-30,1-step ahead,5.898443791783592,-3.536504958692094
Cutoff only,0,105,2018 Q1,2018 Q3,gdp_growth,2,2.652992380578447,MF-VAR,2018-09-30,Other,-1.3474872689180017,4.000479649496449
Cutoff only,0,105,2018 Q1,2018 Q3,gdp_growth,2,NA,MIDAS (trend),2018-09-30,Other,-1.3474872689180017,NA
Cutoff only,0,105,2018 Q1,2018 Q3,gdp_growth,2,NA,MIDAS,2018-09-30,Other,-1.3474872689180017,NA
Cutoff only,0,105,2018 Q1,2018 Q3,gdp_growth,2,2.68968598278457,AR(2),2018-09-30,Other,-1.3474872689180017,4.037173251702572
Cutoff only,0,105,2018 Q1,2018 Q3,gdp_growth,2,2.39980911908989,RW-trend,2018-09-30,Other,-1.3474872689180017,3.7472963880078916
Cutoff only,0,105,2018 Q1,2018 Q4,gdp_growth,3,1.2768694142651613,MF-VAR,2018-12-31,Other,1.1812191444398934,0.09565026982526792
Cutoff only,0,105,2018 Q1,2018 Q4,gdp_growth,3,NA,MIDAS (trend),2018-12-31,Other,1.1812191444398934,NA
Cutoff only,0,105,2018 Q1,2018 Q4,gdp_growth,3,NA,MIDAS,2018-12-31,Other,1.1812191444398934,NA
Cutoff only,0,105,2018 Q1,2018 Q4,gdp_growth,3,1.5651656242861933,AR(2),2018-12-31,Other,1.1812191444398934,0.3839464798462999
Cutoff only,0,105,2018 Q1,2018 Q4,gdp_growth,3,2.437679405088282,RW-trend,2018-12-31,Other,1.1812191444398934,1.2564602606483888
Cutoff only,0,105,2018 Q1,2019 Q1,gdp_growth,4,1.1845908823015052,MF-VAR,2019-03-31,1-year ahead,0.13144043677399964,1.0531504455275056
Cutoff only,0,105,2018 Q1,2019 Q1,gdp_growth,4,NA,MIDAS (trend),2019-03-31,1-year ahead,0.13144043677399964,NA
Cutoff only,0,105,2018 Q1,2019 Q1,gdp_growth,4,NA,MIDAS,2019-03-31,1-year ahead,0.13144043677399964,NA
Cutoff only,0,105,2018 Q1,2019 Q1,gdp_growth,4,1.4013497469523726,AR(2),2019-03-31,1-year ahead,0.13144043677399964,1.269909310178373
Cutoff only,0,105,2018 Q1,2019 Q1,gdp_growth,4,2.475549691086674,RW-trend,2019-03-31,1-year ahead,0.13144043677399964,2.3441092543126745
Cutoff only,0,105,2018 Q1,2018 Q2,inflation,1,1.1047323654783192,MF-VAR,2018-06-30,1-step ahead,1.1917670724635343,-0.0870347069852151
Cutoff only,0,105,2018 Q1,2018 Q2,inflation,1,NA,MIDAS (trend),2018-06-30,1-step ahead,1.1917670724635343,NA
Cutoff only,0,105,2018 Q1,2018 Q2,inflation,1,NA,MIDAS,2018-06-30,1-step ahead,1.1917670724635343,NA
Cutoff only,0,105,2018 Q1,2018 Q2,inflation,1,0.7264737656936611,AR(2),2018-06-30,1-step ahead,1.1917670724635343,-0.46529330676987324
Cutoff only,0,105,2018 Q1,2018 Q2,inflation,1,1.0741360394466783,RW-trend,2018-06-30,1-step ahead,1.1917670724635343,-0.11763103301685596
Cutoff only,0,105,2018 Q1,2018 Q3,inflation,2,0.406979845092341,MF-VAR,2018-09-30,Other,0.900397845668266,-0.493418000575925
Cutoff only,0,105,2018 Q1,2018 Q3,inflation,2,NA,MIDAS (trend),2018-09-30,Other,0.900397845668266,NA
Cutoff only,0,105,2018 Q1,2018 Q3,inflation,2,NA,MIDAS,2018-09-30,Other,0.900397845668266,NA
Cutoff only,0,105,2018 Q1,2018 Q3,inflation,2,0.4776313392222925,AR(2),2018-09-30,Other,0.900397845668266,-0.42276650644597347
Cutoff only,0,105,2018 Q1,2018 Q3,inflation,2,1.0466053588397277,RW-trend,2018-09-30,Other,0.900397845668266,0.14620751317146174
Cutoff only,0,105,2018 Q1,2018 Q4,inflation,3,0.26794207818591737,MF-VAR,2018-12-31,Other,0.50798003818322,-0.24003795999730265
Cutoff only,0,105,2018 Q1,2018 Q4,inflation,3,NA,MIDAS (trend),2018-12-31,Other,0.50798003818322,NA
Cutoff only,0,105,2018 Q1,2018 Q4,inflation,3,NA,MIDAS,2018-12-31,Other,0.50798003818322,NA
Cutoff only,0,105,2018 Q1,2018 Q4,inflation,3,0.4104301689055556,AR(2),2018-12-31,Other,0.50798003818322,-0.0975498692776644
Cutoff only,0,105,2018 Q1,2018 Q4,inflation,3,1.0190746782327773,RW-trend,2018-12-31,Other,0.50798003818322,0.5110946400495573
Cutoff only,0,105,2018 Q1,2019 Q1,inflation,4,0.27999066783538507,MF-VAR,2019-03-31,1-year ahead,-0.15509153500232742,0.4350822028377125
Cutoff only,0,105,2018 Q1,2019 Q1,inflation,4,NA,MIDAS (trend),2019-03-31,1-year ahead,-0.15509153500232742,NA
Cutoff only,0,105,2018 Q1,2019 Q1,inflation,4,NA,MIDAS,2019-03-31,1-year ahead,-0.15509153500232742,NA
Cutoff only,0,105,2018 Q1,2019 Q1,inflation,4,0.3718481644714535,AR(2),2019-03-31,1-year ahead,-0.15509153500232742,0.5269396994737809
Cutoff only,0,105,2018 Q1,2019 Q1,inflation,4,0.9915439976258266,RW-trend,2019-03-31,1-year ahead,-0.15509153500232742,1.1466355326281539
Cutoff only,0,106,2018 Q2,2018 Q3,exch_rate,1,0.1515489796149433,MF-VAR,2018-09-30,1-step ahead,0.13431935861291822,0.017229621002025075
Cutoff only,0,106,2018 Q2,2018 Q3,exch_rate,1,NA,MIDAS (trend),2018-09-30,1-step ahead,0.13431935861291822,NA
Cutoff only,0,106,2018 Q2,2018 Q3,exch_rate,1,NA,MIDAS,2018-09-30,1-step ahead,0.13431935861291822,NA
Cutoff only,0,106,2018 Q2,2018 Q3,exch_rate,1,0.151581817308818,AR(2),2018-09-30,1-step ahead,0.13431935861291822,0.01726245869589979
Cutoff only,0,106,2018 Q2,2018 Q3,exch_rate,1,0.15617150382249032,RW-trend,2018-09-30,1-step ahead,0.13431935861291822,0.0218521452095721
Cutoff only,0,106,2018 Q2,2018 Q4,exch_rate,2,0.144810042473256,MF-VAR,2018-12-31,Other,0.1276031360069662,0.01720690646628978
Cutoff only,0,106,2018 Q2,2018 Q4,exch_rate,2,NA,MIDAS (trend),2018-12-31,Other,0.1276031360069662,NA
Cutoff only,0,106,2018 Q2,2018 Q4,exch_rate,2,NA,MIDAS,2018-12-31,Other,0.1276031360069662,NA
Cutoff only,0,106,2018 Q2,2018 Q4,exch_rate,2,0.14749664584337924,AR(2),2018-12-31,Other,0.1276031360069662,0.019893509836413026
Cutoff only,0,106,2018 Q2,2018 Q4,exch_rate,2,0.15166105006173872,RW-trend,2018-12-31,Other,0.1276031360069662,0.024057914054772506
Cutoff only,0,106,2018 Q2,2019 Q1,exch_rate,3,0.1346053270047002,MF-VAR,2019-03-31,Other,0.12447116689910717,0.010134160105593037
Cutoff only,0,106,2018 Q2,2019 Q1,exch_rate,3,NA,MIDAS (trend),2019-03-31,Other,0.12447116689910717,NA
Cutoff only,0,106,2018 Q2,2019 Q1,exch_rate,3,NA,MIDAS,2019-03-31,Other,0.12447116689910717,NA
Cutoff only,0,106,2018 Q2,2019 Q1,exch_rate,3,0.13999666281137427,AR(2),2019-03-31,Other,0.12447116689910717,0.015525495912267095
Cutoff only,0,106,2018 Q2,2019 Q1,exch_rate,3,0.14715059630098715,RW-trend,2019-03-31,Other,0.12447116689910717,0.022679429401879975
Cutoff only,0,106,2018 Q2,2019 Q2,exch_rate,4,0.1324273497439971,MF-VAR,2019-06-30,1-year ahead,0.11892652346100624,0.013500826282990874
Cutoff only,0,106,2018 Q2,2019 Q2,exch_rate,4,NA,MIDAS (trend),2019-06-30,1-year ahead,0.11892652346100624,NA
Cutoff only,0,106,2018 Q2,2019 Q2,exch_rate,4,NA,MIDAS,2019-06-30,1-year ahead,0.11892652346100624,NA
Cutoff only,0,106,2018 Q2,2019 Q2,exch_rate,4,0.1356215897072598,AR(2),2019-06-30,1-year ahead,0.11892652346100624,0.016695066246253554
Cutoff only,0,106,2018 Q2,2019 Q2,exch_rate,4,0.14264014254023558,RW-trend,2019-06-30,1-year ahead,0.11892652346100624,0.023713619079229337
Cutoff only,0,106,2018 Q2,2018 Q3,gdp_growth,1,7.035288201971443,MF-VAR,2018-09-30,1-step ahead,-1.3474872689180017,8.382775470889445
Cutoff only,0,106,2018 Q2,2018 Q3,gdp_growth,1,NA,MIDAS (trend),2018-09-30,1-step ahead,-1.3474872689180017,NA
Cutoff only,0,106,2018 Q2,2018 Q3,gdp_growth,1,NA,MIDAS,2018-09-30,1-step ahead,-1.3474872689180017,NA
Cutoff only,0,106,2018 Q2,2018 Q3,gdp_growth,1,4.401102600984684,AR(2),2018-09-30,1-step ahead,-1.3474872689180017,5.748589869902686
Cutoff only,0,106,2018 Q2,2018 Q3,gdp_growth,1,5.970318933154023,RW-trend,2018-09-30,1-step ahead,-1.3474872689180017,7.317806202072025
Cutoff only,0,106,2018 Q2,2018 Q4,gdp_growth,2,2.306398632865887,MF-VAR,2018-12-31,Other,1.1812191444398934,1.1251794884259936
Cutoff only,0,106,2018 Q2,2018 Q4,gdp_growth,2,NA,MIDAS (trend),2018-12-31,Other,1.1812191444398934,NA
Cutoff only,0,106,2018 Q2,2018 Q4,gdp_growth,2,NA,MIDAS,2018-12-31,Other,1.1812191444398934,NA
Cutoff only,0,106,2018 Q2,2018 Q4,gdp_growth,2,2.1236952687664186,AR(2),2018-12-31,Other,1.1812191444398934,0.9424761243265252
Cutoff only,0,106,2018 Q2,2018 Q4,gdp_growth,2,6.042194074524455,RW-trend,2018-12-31,Other,1.1812191444398934,4.860974930084562
Cutoff only,0,106,2018 Q2,2019 Q1,gdp_growth,3,1.1514687143731939,MF-VAR,2019-03-31,Other,0.13144043677399964,1.0200282775991942
Cutoff only,0,106,2018 Q2,2019 Q1,gdp_growth,3,NA,MIDAS (trend),2019-03-31,Other,0.13144043677399964,NA
Cutoff only,0,106,2018 Q2,2019 Q1,gdp_growth,3,NA,MIDAS,2019-03-31,Other,0.13144043677399964,NA
Cutoff only,0,106,2018 Q2,2019 Q1,gdp_growth,3,1.5862525181990024,AR(2),2019-03-31,Other,0.13144043677399964,1.4548120814250027
Cutoff only,0,106,2018 Q2,2019 Q1,gdp_growth,3,6.114069215894887,RW-trend,2019-03-31,Other,0.13144043677399964,5.982628779120887
Cutoff only,0,106,2018 Q2,2019 Q2,gdp_growth,4,1.2435714668092483,MF-VAR,2019-06-30,1-year ahead,1.3597227019090496,-0.1161512350998013
Cutoff only,0,106,2018 Q2,2019 Q2,gdp_growth,4,NA,MIDAS (trend),2019-06-30,1-year ahead,1.3597227019090496,NA
Cutoff only,0,106,2018 Q2,2019 Q2,gdp_growth,4,NA,MIDAS,2019-06-30,1-year ahead,1.3597227019090496,NA
Cutoff only,0,106,2018 Q2,2019 Q2,gdp_growth,4,1.5349585600437226,AR(2),2019-06-30,1-year ahead,1.3597227019090496,0.1752358581346729
Cutoff only,0,106,2018 Q2,2019 Q2,gdp_growth,4,6.185944357265318,RW-trend,2019-06-30,1-year ahead,1.3597227019090496,4.826221655356268
Cutoff only,0,106,2018 Q2,2018 Q3,inflation,1,1.1248582581209146,MF-VAR,2018-09-30,1-step ahead,0.900397845668266,0.22446041245264858
Cutoff only,0,106,2018 Q2,2018 Q3,inflation,1,NA,MIDAS (trend),2018-09-30,1-step ahead,0.900397845668266,NA
Cutoff only,0,106,2018 Q2,2018 Q3,inflation,1,NA,MIDAS,2018-09-30,1-step ahead,0.900397845668266,NA
Cutoff only,0,106,2018 Q2,2018 Q3,inflation,1,0.7058771507217563,AR(2),2018-09-30,1-step ahead,0.900397845668266,-0.1945206949465097
Cutoff only,0,106,2018 Q2,2018 Q3,inflation,1,1.165367459481746,RW-trend,2018-09-30,1-step ahead,0.900397845668266,0.26496961381348005
Cutoff only,0,106,2018 Q2,2018 Q4,inflation,2,0.3853029538034606,MF-VAR,2018-12-31,Other,0.50798003818322,-0.12267708437975944
Cutoff only,0,106,2018 Q2,2018 Q4,inflation,2,NA,MIDAS (trend),2018-12-31,Other,0.50798003818322,NA
Cutoff only,0,106,2018 Q2,2018 Q4,inflation,2,NA,MIDAS,2018-12-31,Other,0.50798003818322,NA
Cutoff only,0,106,2018 Q2,2018 Q4,inflation,2,0.5336923489090525,AR(2),2018-12-31,Other,0.50798003818322,0.025712310725832466
Cutoff only,0,106,2018 Q2,2018 Q4,inflation,2,1.1389678464999575,RW-trend,2018-12-31,Other,0.50798003818322,0.6309878083167375
Cutoff only,0,106,2018 Q2,2019 Q1,inflation,3,0.3197220123316814,MF-VAR,2019-03-31,Other,-0.15509153500232742,0.4748135473340088
Cutoff only,0,106,2018 Q2,2019 Q1,inflation,3,NA,MIDAS (trend),2019-03-31,Other,-0.15509153500232742,NA
Cutoff only,0,106,2018 Q2,2019 Q1,inflation,3,NA,MIDAS,2019-03-31,Other,-0.15509153500232742,NA
Cutoff only,0,106,2018 Q2,2019 Q1,inflation,3,0.4397761179796553,AR(2),2019-03-31,Other,-0.15509153500232742,0.5948676529819827
Cutoff only,0,106,2018 Q2,2019 Q1,inflation,3,1.1125682335181692,RW-trend,2019-03-31,Other,-0.15509153500232742,1.2676597685204967
Cutoff only,0,106,2018 Q2,2019 Q2,inflation,4,0.33207717239602463,MF-VAR,2019-06-30,1-year ahead,1.4366262966944987,-1.1045491242984742
Cutoff only,0,106,2018 Q2,2019 Q2,inflation,4,NA,MIDAS (trend),2019-06-30,1-year ahead,1.4366262966944987,NA
Cutoff only,0,106,2018 Q2,2019 Q2,inflation,4,NA,MIDAS,2019-06-30,1-year ahead,1.4366262966944987,NA
Cutoff only,0,106,2018 Q2,2019 Q2,inflation,4,0.38963657182244105,AR(2),2019-06-30,1-year ahead,1.4366262966944987,-1.0469897248720577
Cutoff only,0,106,2018 Q2,2019 Q2,inflation,4,1.0861686205363807,RW-trend,2019-06-30,1-year ahead,1.4366262966944987,-0.35045767615811796
Cutoff only,0,107,2018 Q3,2018 Q4,exch_rate,1,0.13219245572192534,MF-VAR,2018-12-31,1-step ahead,0.1276031360069662,0.004589319714959128
Cutoff only,0,107,2018 Q3,2018 Q4,exch_rate,1,NA,MIDAS (trend),2018-12-31,1-step ahead,0.1276031360069662,NA
Cutoff only,0,107,2018 Q3,2018 Q4,exch_rate,1,NA,MIDAS,2018-12-31,1-step ahead,0.1276031360069662,NA
Cutoff only,0,107,2018 Q3,2018 Q4,exch_rate,1,0.12765649342505053,AR(2),2018-12-31,1-step ahead,0.1276031360069662,5.335741808432104e-5
Cutoff only,0,107,2018 Q3,2018 Q4,exch_rate,1,0.12960078918350404,RW-trend,2018-12-31,1-step ahead,0.1276031360069662,0.001997653176537828
Cutoff only,0,107,2018 Q3,2019 Q1,exch_rate,2,0.12120764288769825,MF-VAR,2019-03-31,Other,0.12447116689910717,-0.0032635240114089192
Cutoff only,0,107,2018 Q3,2019 Q1,exch_rate,2,NA,MIDAS (trend),2019-03-31,Other,0.12447116689910717,NA
Cutoff only,0,107,2018 Q3,2019 Q1,exch_rate,2,NA,MIDAS,2019-03-31,Other,0.12447116689910717,NA
Cutoff only,0,107,2018 Q3,2019 Q1,exch_rate,2,0.12071694887739857,AR(2),2019-03-31,Other,0.12447116689910717,-0.003754218021708597
Cutoff only,0,107,2018 Q3,2019 Q1,exch_rate,2,0.12488221975408989,RW-trend,2019-03-31,Other,0.12447116689910717,4.110528549827186e-4
Cutoff only,0,107,2018 Q3,2019 Q2,exch_rate,3,0.11714786328250325,MF-VAR,2019-06-30,Other,0.11892652346100624,-0.0017786601785029915
Cutoff only,0,107,2018 Q3,2019 Q2,exch_rate,3,NA,MIDAS (trend),2019-06-30,Other,0.11892652346100624,NA
Cutoff only,0,107,2018 Q3,2019 Q2,exch_rate,3,NA,MIDAS,2019-06-30,Other,0.11892652346100624,NA
Cutoff only,0,107,2018 Q3,2019 Q2,exch_rate,3,0.11751280485848693,AR(2),2019-06-30,Other,0.11892652346100624,-0.0014137186025193066
Cutoff only,0,107,2018 Q3,2019 Q2,exch_rate,3,0.12016365032467571,RW-trend,2019-06-30,Other,0.11892652346100624,0.0012371268636694743
Cutoff only,0,107,2018 Q3,2019 Q3,exch_rate,4,0.10880856411935301,MF-VAR,2019-09-30,1-year ahead,0.09161599409455352,0.017192570024799486
Cutoff only,0,107,2018 Q3,2019 Q3,exch_rate,4,NA,MIDAS (trend),2019-09-30,1-year ahead,0.09161599409455352,NA
Cutoff only,0,107,2018 Q3,2019 Q3,exch_rate,4,NA,MIDAS,2019-09-30,1-year ahead,0.09161599409455352,NA
Cutoff only,0,107,2018 Q3,2019 Q3,exch_rate,4,0.10757755504933114,AR(2),2019-09-30,1-year ahead,0.09161599409455352,0.015961560954777618
Cutoff only,0,107,2018 Q3,2019 Q3,exch_rate,4,0.11544508089526155,RW-trend,2019-09-30,1-year ahead,0.09161599409455352,0.023829086800708027
Cutoff only,0,107,2018 Q3,2018 Q4,gdp_growth,1,-2.4032850510647923,MF-VAR,2018-12-31,1-step ahead,1.1812191444398934,-3.5845041955046857
Cutoff only,0,107,2018 Q3,2018 Q4,gdp_growth,1,NA,MIDAS (trend),2018-12-31,1-step ahead,1.1812191444398934,NA
Cutoff only,0,107,2018 Q3,2018 Q4,gdp_growth,1,NA,MIDAS,2018-12-31,1-step ahead,1.1812191444398934,NA
Cutoff only,0,107,2018 Q3,2018 Q4,gdp_growth,1,0.01509347725070112,AR(2),2018-12-31,1-step ahead,1.1812191444398934,-1.1661256671891922
Cutoff only,0,107,2018 Q3,2018 Q4,gdp_growth,1,-1.3453055199482562,RW-trend,2018-12-31,1-step ahead,1.1812191444398934,-2.5265246643881496
Cutoff only,0,107,2018 Q3,2019 Q1,gdp_growth,2,0.06224135678035625,MF-VAR,2019-03-31,Other,0.13144043677399964,-0.06919907999364339
Cutoff only,0,107,2018 Q3,2019 Q1,gdp_growth,2,NA,MIDAS (trend),2019-03-31,Other,0.13144043677399964,NA
Cutoff only,0,107,2018 Q3,2019 Q1,gdp_growth,2,NA,MIDAS,2019-03-31,Other,0.13144043677399964,NA
Cutoff only,0,107,2018 Q3,2019 Q1,gdp_growth,2,0.9180567701175232,AR(2),2019-03-31,Other,0.13144043677399964,0.7866163333435235
Cutoff only,0,107,2018 Q3,2019 Q1,gdp_growth,2,-1.3431237709785104,RW-trend,2019-03-31,Other,0.13144043677399964,-1.47456420775251
Cutoff only,0,107,2018 Q3,2019 Q2,gdp_growth,3,0.9133469230318826,MF-VAR,2019-06-30,Other,1.3597227019090496,-0.44637577887716706
Cutoff only,0,107,2018 Q3,2019 Q2,gdp_growth,3,NA,MIDAS (trend),2019-06-30,Other,1.3597227019090496,NA
Cutoff only,0,107,2018 Q3,2019 Q2,gdp_growth,3,NA,MIDAS,2019-06-30,Other,1.3597227019090496,NA
Cutoff only,0,107,2018 Q3,2019 Q2,gdp_growth,3,1.312608848331867,AR(2),2019-06-30,Other,1.3597227019090496,-0.047113853577182674
Cutoff only,0,107,2018 Q3,2019 Q2,gdp_growth,3,-1.3409420220087649,RW-trend,2019-06-30,Other,1.3597227019090496,-2.7006647239178143
Cutoff only,0,107,2018 Q3,2019 Q3,gdp_growth,4,2.239876985398663,MF-VAR,2019-09-30,1-year ahead,1.2127967227840486,1.0270802626146143
Cutoff only,0,107,2018 Q3,2019 Q3,gdp_growth,4,NA,MIDAS (trend),2019-09-30,1-year ahead,1.2127967227840486,NA
Cutoff only,0,107,2018 Q3,2019 Q3,gdp_growth,4,NA,MIDAS,2019-09-30,1-year ahead,1.2127967227840486,NA
Cutoff only,0,107,2018 Q3,2019 Q3,gdp_growth,4,2.5520936630902664,AR(2),2019-09-30,1-year ahead,1.2127967227840486,1.3392969403062178
Cutoff only,0,107,2018 Q3,2019 Q3,gdp_growth,4,-1.3387602730390191,RW-trend,2019-09-30,1-year ahead,1.2127967227840486,-2.5515569958230677
Cutoff only,0,107,2018 Q3,2018 Q4,inflation,1,0.9266517389430536,MF-VAR,2018-12-31,1-step ahead,0.50798003818322,0.4186717007598336
Cutoff only,0,107,2018 Q3,2018 Q4,inflation,1,NA,MIDAS (trend),2018-12-31,1-step ahead,0.50798003818322,NA
Cutoff only,0,107,2018 Q3,2018 Q4,inflation,1,NA,MIDAS,2018-12-31,1-step ahead,0.50798003818322,NA
Cutoff only,0,107,2018 Q3,2018 Q4,inflation,1,0.6309868854038465,AR(2),2018-12-31,1-step ahead,0.50798003818322,0.12300684722062649
Cutoff only,0,107,2018 Q3,2018 Q4,inflation,1,0.8714747125549207,RW-trend,2018-12-31,1-step ahead,0.50798003818322,0.3634946743717007
Cutoff only,0,107,2018 Q3,2019 Q1,inflation,2,0.55584995977511,MF-VAR,2019-03-31,Other,-0.15509153500232742,0.7109414947774374
Cutoff only,0,107,2018 Q3,2019 Q1,inflation,2,NA,MIDAS (trend),2019-03-31,Other,-0.15509153500232742,NA
Cutoff only,0,107,2018 Q3,2019 Q1,inflation,2,NA,MIDAS,2019-03-31,Other,-0.15509153500232742,NA
Cutoff only,0,107,2018 Q3,2019 Q1,inflation,2,0.49383557728884586,AR(2),2019-03-31,Other,-0.15509153500232742,0.6489271122911733
Cutoff only,0,107,2018 Q3,2019 Q1,inflation,2,0.8425515794415754,RW-trend,2019-03-31,Other,-0.15509153500232742,0.9976431144439029
Cutoff only,0,107,2018 Q3,2019 Q2,inflation,3,0.43061981356174645,MF-VAR,2019-06-30,Other,1.4366262966944987,-1.0060064831327522
Cutoff only,0,107,2018 Q3,2019 Q2,inflation,3,NA,MIDAS (trend),2019-06-30,Other,1.4366262966944987,NA
Cutoff only,0,107,2018 Q3,2019 Q2,inflation,3,NA,MIDAS,2019-06-30,Other,1.4366262966944987,NA
Cutoff only,0,107,2018 Q3,2019 Q2,inflation,3,0.42070195734018123,AR(2),2019-06-30,Other,1.4366262966944987,-1.0159243393543176
Cutoff only,0,107,2018 Q3,2019 Q2,inflation,3,0.8136284463282302,RW-trend,2019-06-30,Other,1.4366262966944987,-0.6229978503662685
Cutoff only,0,107,2018 Q3,2019 Q3,inflation,4,0.34275933751471854,MF-VAR,2019-09-30,1-year ahead,-0.8629354217656982,1.2056947592804166
Cutoff only,0,107,2018 Q3,2019 Q3,inflation,4,NA,MIDAS (trend),2019-09-30,1-year ahead,-0.8629354217656982,NA
Cutoff only,0,107,2018 Q3,2019 Q3,inflation,4,NA,MIDAS,2019-09-30,1-year ahead,-0.8629354217656982,NA
Cutoff only,0,107,2018 Q3,2019 Q3,inflation,4,0.3142746461621867,AR(2),2019-09-30,1-year ahead,-0.8629354217656982,1.1772100679278847
Cutoff only,0,107,2018 Q3,2019 Q3,inflation,4,0.7847053132148848,RW-trend,2019-09-30,1-year ahead,-0.8629354217656982,1.647640734980583
Cutoff only,0,108,2018 Q4,2019 Q1,exch_rate,1,0.12234075525560803,MF-VAR,2019-03-31,1-step ahead,0.12447116689910717,-0.0021304116434991416
Cutoff only,0,108,2018 Q4,2019 Q1,exch_rate,1,NA,MIDAS (trend),2019-03-31,1-step ahead,0.12447116689910717,NA
Cutoff only,0,108,2018 Q4,2019 Q1,exch_rate,1,NA,MIDAS,2019-03-31,1-step ahead,0.12447116689910717,NA
Cutoff only,0,108,2018 Q4,2019 Q1,exch_rate,1,0.12067832103736517,AR(2),2019-03-31,1-step ahead,0.12447116689910717,-0.0037928458617420002
Cutoff only,0,108,2018 Q4,2019 Q1,exch_rate,1,0.12286572079286773,RW-trend,2019-03-31,1-step ahead,0.12447116689910717,-0.0016054461062394443
Cutoff only,0,108,2018 Q4,2019 Q2,exch_rate,2,0.11855638254553381,MF-VAR,2019-06-30,Other,0.11892652346100624,-3.70140915472425e-4
Cutoff only,0,108,2018 Q4,2019 Q2,exch_rate,2,NA,MIDAS (trend),2019-06-30,Other,0.11892652346100624,NA
Cutoff only,0,108,2018 Q4,2019 Q2,exch_rate,2,NA,MIDAS,2019-06-30,Other,0.11892652346100624,NA
Cutoff only,0,108,2018 Q4,2019 Q2,exch_rate,2,0.11749381684449249,AR(2),2019-06-30,Other,0.11892652346100624,-0.0014327066165137486
Cutoff only,0,108,2018 Q4,2019 Q2,exch_rate,2,0.11812830557876923,RW-trend,2019-06-30,Other,0.11892652346100624,-7.982178822370095e-4
Cutoff only,0,108,2018 Q4,2019 Q3,exch_rate,3,0.10604885177703782,MF-VAR,2019-09-30,Other,0.09161599409455352,0.014432857682484299
Cutoff only,0,108,2018 Q4,2019 Q3,exch_rate,3,NA,MIDAS (trend),2019-09-30,Other,0.09161599409455352,NA
Cutoff only,0,108,2018 Q4,2019 Q3,exch_rate,3,NA,MIDAS,2019-09-30,Other,0.09161599409455352,NA
Cutoff only,0,108,2018 Q4,2019 Q3,exch_rate,3,0.10757603961321528,AR(2),2019-09-30,Other,0.09161599409455352,0.01596004551866176
Cutoff only,0,108,2018 Q4,2019 Q3,exch_rate,3,0.11339089036467075,RW-trend,2019-09-30,Other,0.09161599409455352,0.021774896270117222
Cutoff only,0,108,2018 Q4,2019 Q4,exch_rate,4,0.10579254373047536,MF-VAR,2019-12-31,1-year ahead,0.09189658673335668,0.01389595699711868
Cutoff only,0,108,2018 Q4,2019 Q4,exch_rate,4,NA,MIDAS (trend),2019-12-31,1-year ahead,0.09189658673335668,NA
Cutoff only,0,108,2018 Q4,2019 Q4,exch_rate,4,NA,MIDAS,2019-12-31,1-year ahead,0.09189658673335668,NA
Cutoff only,0,108,2018 Q4,2019 Q4,exch_rate,4,0.10474656097549087,AR(2),2019-12-31,1-year ahead,0.09189658673335668,0.012849974242134188
Cutoff only,0,108,2018 Q4,2019 Q4,exch_rate,4,0.10865347515057225,RW-trend,2019-12-31,1-year ahead,0.09189658673335668,0.016756888417215565
Cutoff only,0,108,2018 Q4,2019 Q1,gdp_growth,1,1.0341162758956428,MF-VAR,2019-03-31,1-step ahead,0.13144043677399964,0.9026758391216432
Cutoff only,0,108,2018 Q4,2019 Q1,gdp_growth,1,NA,MIDAS (trend),2019-03-31,1-step ahead,0.13144043677399964,NA
Cutoff only,0,108,2018 Q4,2019 Q1,gdp_growth,1,NA,MIDAS,2019-03-31,1-step ahead,0.13144043677399964,NA
Cutoff only,0,108,2018 Q4,2019 Q1,gdp_growth,1,1.3582883901867957,AR(2),2019-03-31,1-step ahead,0.13144043677399964,1.226847953412796
Cutoff only,0,108,2018 Q4,2019 Q1,gdp_growth,1,1.2072360317529234,RW-trend,2019-03-31,1-step ahead,0.13144043677399964,1.0757955949789237
Cutoff only,0,108,2018 Q4,2019 Q2,gdp_growth,2,0.73715762960035,MF-VAR,2019-06-30,Other,1.3597227019090496,-0.6225650723086996
Cutoff only,0,108,2018 Q4,2019 Q2,gdp_growth,2,NA,MIDAS (trend),2019-06-30,Other,1.3597227019090496,NA
Cutoff only,0,108,2018 Q4,2019 Q2,gdp_growth,2,NA,MIDAS,2019-06-30,Other,1.3597227019090496,NA
Cutoff only,0,108,2018 Q4,2019 Q2,gdp_growth,2,1.449994295959439,AR(2),2019-06-30,Other,1.3597227019090496,0.09027159405038931
Cutoff only,0,108,2018 Q4,2019 Q2,gdp_growth,2,1.2332529190659534,RW-trend,2019-06-30,Other,1.3597227019090496,-0.1264697828430963
Cutoff only,0,108,2018 Q4,2019 Q3,gdp_growth,3,1.946357409448319,MF-VAR,2019-09-30,Other,1.2127967227840486,0.7335606866642703
Cutoff only,0,108,2018 Q4,2019 Q3,gdp_growth,3,NA,MIDAS (trend),2019-09-30,Other,1.2127967227840486,NA
Cutoff only,0,108,2018 Q4,2019 Q3,gdp_growth,3,NA,MIDAS,2019-09-30,Other,1.2127967227840486,NA
Cutoff only,0,108,2018 Q4,2019 Q3,gdp_growth,3,2.591630059931318,AR(2),2019-09-30,Other,1.2127967227840486,1.3788333371472694
Cutoff only,0,108,2018 Q4,2019 Q3,gdp_growth,3,1.2592698063789833,RW-trend,2019-09-30,Other,1.2127967227840486,0.04647308359493474
Cutoff only,0,108,2018 Q4,2019 Q4,gdp_growth,4,1.1021569035312906,MF-VAR,2019-12-31,1-year ahead,2.598755881032133,-1.4965989775008426
Cutoff only,0,108,2018 Q4,2019 Q4,gdp_growth,4,NA,MIDAS (trend),2019-12-31,1-year ahead,2.598755881032133,NA
Cutoff only,0,108,2018 Q4,2019 Q4,gdp_growth,4,NA,MIDAS,2019-12-31,1-year ahead,2.598755881032133,NA
Cutoff only,0,108,2018 Q4,2019 Q4,gdp_growth,4,1.5367897078681292,AR(2),2019-12-31,1-year ahead,2.598755881032133,-1.061966173164004
Cutoff only,0,108,2018 Q4,2019 Q4,gdp_growth,4,1.2852866936920133,RW-trend,2019-12-31,1-year ahead,2.598755881032133,-1.3134691873401199
Cutoff only,0,108,2018 Q4,2019 Q1,inflation,1,0.5171849088943913,MF-VAR,2019-03-31,1-step ahead,-0.15509153500232742,0.6722764438967187
Cutoff only,0,108,2018 Q4,2019 Q1,inflation,1,NA,MIDAS (trend),2019-03-31,1-step ahead,-0.15509153500232742,NA
Cutoff only,0,108,2018 Q4,2019 Q1,inflation,1,NA,MIDAS,2019-03-31,1-step ahead,-0.15509153500232742,NA
Cutoff only,0,108,2018 Q4,2019 Q1,inflation,1,0.43602896515949996,AR(2),2019-03-31,1-step ahead,-0.15509153500232742,0.5911205001618274
Cutoff only,0,108,2018 Q4,2019 Q1,inflation,1,0.47562771002863224,RW-trend,2019-03-31,1-step ahead,-0.15509153500232742,0.6307192450309597
Cutoff only,0,108,2018 Q4,2019 Q2,inflation,2,0.2580656776975114,MF-VAR,2019-06-30,Other,1.4366262966944987,-1.1785606189969873
Cutoff only,0,108,2018 Q4,2019 Q2,inflation,2,NA,MIDAS (trend),2019-06-30,Other,1.4366262966944987,NA
Cutoff only,0,108,2018 Q4,2019 Q2,inflation,2,NA,MIDAS,2019-06-30,Other,1.4366262966944987,NA
Cutoff only,0,108,2018 Q4,2019 Q2,inflation,2,0.3914450943694474,AR(2),2019-06-30,Other,1.4366262966944987,-1.0451812023250513
Cutoff only,0,108,2018 Q4,2019 Q2,inflation,2,0.4432753818740444,RW-trend,2019-06-30,Other,1.4366262966944987,-0.9933509148204542
Cutoff only,0,108,2018 Q4,2019 Q3,inflation,3,0.16328481064042624,MF-VAR,2019-09-30,Other,-0.8629354217656982,1.0262202324061245
Cutoff only,0,108,2018 Q4,2019 Q3,inflation,3,NA,MIDAS (trend),2019-09-30,Other,-0.8629354217656982,NA
Cutoff only,0,108,2018 Q4,2019 Q3,inflation,3,NA,MIDAS,2019-09-30,Other,-0.8629354217656982,NA
Cutoff only,0,108,2018 Q4,2019 Q3,inflation,3,0.2999809642981044,AR(2),2019-09-30,Other,-0.8629354217656982,1.1629163860638025
Cutoff only,0,108,2018 Q4,2019 Q3,inflation,3,0.4109230537194566,RW-trend,2019-09-30,Other,-0.8629354217656982,1.2738584754851547
Cutoff only,0,108,2018 Q4,2019 Q4,inflation,4,0.3056275165755231,MF-VAR,2019-12-31,1-year ahead,-0.6876495314639186,0.9932770480394417
Cutoff only,0,108,2018 Q4,2019 Q4,inflation,4,NA,MIDAS (trend),2019-12-31,1-year ahead,-0.6876495314639186,NA
Cutoff only,0,108,2018 Q4,2019 Q4,inflation,4,NA,MIDAS,2019-12-31,1-year ahead,-0.6876495314639186,NA
Cutoff only,0,108,2018 Q4,2019 Q4,inflation,4,0.313459638589048,AR(2),2019-12-31,1-year ahead,-0.6876495314639186,1.0011091700529666
Cutoff only,0,108,2018 Q4,2019 Q4,inflation,4,0.3785707255648688,RW-trend,2019-12-31,1-year ahead,-0.6876495314639186,1.0662202570287875
Cutoff only,0,109,2019 Q1,2019 Q2,exch_rate,1,0.12226412016353279,MF-VAR,2019-06-30,1-step ahead,0.11892652346100624,0.003337596702526549
Cutoff only,0,109,2019 Q1,2019 Q2,exch_rate,1,NA,MIDAS (trend),2019-06-30,1-step ahead,0.11892652346100624,NA
Cutoff only,0,109,2019 Q1,2019 Q2,exch_rate,1,NA,MIDAS,2019-06-30,1-step ahead,0.11892652346100624,NA
Cutoff only,0,109,2019 Q1,2019 Q2,exch_rate,1,0.12185182928328064,AR(2),2019-06-30,1-step ahead,0.11892652346100624,0.0029253058222744044
Cutoff only,0,109,2019 Q1,2019 Q2,exch_rate,1,0.11974875585422588,RW-trend,2019-06-30,1-step ahead,0.11892652346100624,8.222323932196435e-4
Cutoff only,0,109,2019 Q1,2019 Q3,exch_rate,2,0.11456429347496402,MF-VAR,2019-09-30,Other,0.09161599409455352,0.0229482993804105
Cutoff only,0,109,2019 Q1,2019 Q3,exch_rate,2,NA,MIDAS (trend),2019-09-30,Other,0.09161599409455352,NA
Cutoff only,0,109,2019 Q1,2019 Q3,exch_rate,2,NA,MIDAS,2019-09-30,Other,0.09161599409455352,NA
Cutoff only,0,109,2019 Q1,2019 Q3,exch_rate,2,0.11181853315311126,AR(2),2019-09-30,Other,0.09161599409455352,0.020202539058557734
Cutoff only,0,109,2019 Q1,2019 Q3,exch_rate,2,0.11502634480934458,RW-trend,2019-09-30,Other,0.09161599409455352,0.023410350714791056
Cutoff only,0,109,2019 Q1,2019 Q4,exch_rate,3,0.11367094744792589,MF-VAR,2019-12-31,Other,0.09189658673335668,0.021774360714569202
Cutoff only,0,109,2019 Q1,2019 Q4,exch_rate,3,NA,MIDAS (trend),2019-12-31,Other,0.09189658673335668,NA
Cutoff only,0,109,2019 Q1,2019 Q4,exch_rate,3,NA,MIDAS,2019-12-31,Other,0.09189658673335668,NA
Cutoff only,0,109,2019 Q1,2019 Q4,exch_rate,3,0.10874275170710113,AR(2),2019-12-31,Other,0.09189658673335668,0.016846164973744443
Cutoff only,0,109,2019 Q1,2019 Q4,exch_rate,3,0.11030393376446329,RW-trend,2019-12-31,Other,0.09189658673335668,0.018407347031106608
Cutoff only,0,109,2019 Q1,2020 Q1,exch_rate,4,0.10739232310909191,MF-VAR,2020-03-31,1-year ahead,0.06468184825752378,0.042710474851568134
Cutoff only,0,109,2019 Q1,2020 Q1,exch_rate,4,NA,MIDAS (trend),2020-03-31,1-year ahead,0.06468184825752378,NA
Cutoff only,0,109,2019 Q1,2020 Q1,exch_rate,4,NA,MIDAS,2020-03-31,1-year ahead,0.06468184825752378,NA
Cutoff only,0,109,2019 Q1,2020 Q1,exch_rate,4,0.10257386164442818,AR(2),2020-03-31,1-year ahead,0.06468184825752378,0.0378920133869044
Cutoff only,0,109,2019 Q1,2020 Q1,exch_rate,4,0.105581522719582,RW-trend,2020-03-31,1-year ahead,0.06468184825752378,0.04089967446205822
Cutoff only,0,109,2019 Q1,2019 Q2,gdp_growth,1,0.1891777354494767,MF-VAR,2019-06-30,1-step ahead,1.3597227019090496,-1.1705449664595728
Cutoff only,0,109,2019 Q1,2019 Q2,gdp_growth,1,NA,MIDAS (trend),2019-06-30,1-step ahead,1.3597227019090496,NA
Cutoff only,0,109,2019 Q1,2019 Q2,gdp_growth,1,NA,MIDAS,2019-06-30,1-step ahead,1.3597227019090496,NA
Cutoff only,0,109,2019 Q1,2019 Q2,gdp_growth,1,0.9897853772626263,AR(2),2019-06-30,1-step ahead,1.3597227019090496,-0.36993732464642337
Cutoff only,0,109,2019 Q1,2019 Q2,gdp_growth,1,0.14740315964797424,RW-trend,2019-06-30,1-step ahead,1.3597227019090496,-1.2123195422610755
Cutoff only,0,109,2019 Q1,2019 Q3,gdp_growth,2,2.061771132747374,MF-VAR,2019-09-30,Other,1.2127967227840486,0.8489744099633252
Cutoff only,0,109,2019 Q1,2019 Q3,gdp_growth,2,NA,MIDAS (trend),2019-09-30,Other,1.2127967227840486,NA
Cutoff only,0,109,2019 Q1,2019 Q3,gdp_growth,2,NA,MIDAS,2019-09-30,Other,1.2127967227840486,NA
Cutoff only,0,109,2019 Q1,2019 Q3,gdp_growth,2,2.4343997339506656,AR(2),2019-09-30,Other,1.2127967227840486,1.221603011166617
Cutoff only,0,109,2019 Q1,2019 Q3,gdp_growth,2,0.16336588252194886,RW-trend,2019-09-30,Other,1.2127967227840486,-1.0494308402620998
Cutoff only,0,109,2019 Q1,2019 Q4,gdp_growth,3,1.4521720397438191,MF-VAR,2019-12-31,Other,2.598755881032133,-1.146583841288314
Cutoff only,0,109,2019 Q1,2019 Q4,gdp_growth,3,NA,MIDAS (trend),2019-12-31,Other,2.598755881032133,NA
Cutoff only,0,109,2019 Q1,2019 Q4,gdp_growth,3,NA,MIDAS,2019-12-31,Other,2.598755881032133,NA
Cutoff only,0,109,2019 Q1,2019 Q4,gdp_growth,3,1.4787669046025662,AR(2),2019-12-31,Other,2.598755881032133,-1.119988976429567
Cutoff only,0,109,2019 Q1,2019 Q4,gdp_growth,3,0.17932860539592346,RW-trend,2019-12-31,Other,2.598755881032133,-2.4194272756362096
Cutoff only,0,109,2019 Q1,2020 Q1,gdp_growth,4,1.4611816218671811,MF-VAR,2020-03-31,1-year ahead,-7.067810646740469,8.52899226860765
Cutoff only,0,109,2019 Q1,2020 Q1,gdp_growth,4,NA,MIDAS (trend),2020-03-31,1-year ahead,-7.067810646740469,NA
Cutoff only,0,109,2019 Q1,2020 Q1,gdp_growth,4,NA,MIDAS,2020-03-31,1-year ahead,-7.067810646740469,NA
Cutoff only,0,109,2019 Q1,2020 Q1,gdp_growth,4,1.363516566152429,AR(2),2020-03-31,1-year ahead,-7.067810646740469,8.431327212892898
Cutoff only,0,109,2019 Q1,2020 Q1,gdp_growth,4,0.1952913282698981,RW-trend,2020-03-31,1-year ahead,-7.067810646740469,7.263101975010367
Cutoff only,0,109,2019 Q1,2019 Q2,inflation,1,-0.15202588957763735,MF-VAR,2019-06-30,1-step ahead,1.4366262966944987,-1.5886521862721361
Cutoff only,0,109,2019 Q1,2019 Q2,inflation,1,NA,MIDAS (trend),2019-06-30,1-step ahead,1.4366262966944987,NA
Cutoff only,0,109,2019 Q1,2019 Q2,inflation,1,NA,MIDAS,2019-06-30,1-step ahead,1.4366262966944987,NA
Cutoff only,0,109,2019 Q1,2019 Q2,inflation,1,0.10554354727629883,AR(2),2019-06-30,1-step ahead,1.4366262966944987,-1.3310827494181998
Cutoff only,0,109,2019 Q1,2019 Q2,inflation,1,-0.19333843554038213,RW-trend,2019-06-30,1-step ahead,1.4366262966944987,-1.629964732234881
Cutoff only,0,109,2019 Q1,2019 Q3,inflation,2,0.13515295795201224,MF-VAR,2019-09-30,Other,-0.8629354217656982,0.9980883797177104
Cutoff only,0,109,2019 Q1,2019 Q3,inflation,2,NA,MIDAS (trend),2019-09-30,Other,-0.8629354217656982,NA
Cutoff only,0,109,2019 Q1,2019 Q3,inflation,2,NA,MIDAS,2019-09-30,Other,-0.8629354217656982,NA
Cutoff only,0,109,2019 Q1,2019 Q3,inflation,2,0.1490098448977856,AR(2),2019-09-30,Other,-0.8629354217656982,1.0119452666634838
Cutoff only,0,109,2019 Q1,2019 Q3,inflation,2,-0.23158533607843684,RW-trend,2019-09-30,Other,-0.8629354217656982,0.6313500856872614
Cutoff only,0,109,2019 Q1,2019 Q4,inflation,3,0.20721089990850602,MF-VAR,2019-12-31,Other,-0.6876495314639186,0.8948604313724247
Cutoff only,0,109,2019 Q1,2019 Q4,inflation,3,NA,MIDAS (trend),2019-12-31,Other,-0.6876495314639186,NA
Cutoff only,0,109,2019 Q1,2019 Q4,inflation,3,NA,MIDAS,2019-12-31,Other,-0.6876495314639186,NA
Cutoff only,0,109,2019 Q1,2019 Q4,inflation,3,0.2331723789040723,AR(2),2019-12-31,Other,-0.6876495314639186,0.9208219103679909
Cutoff only,0,109,2019 Q1,2019 Q4,inflation,3,-0.2698322366164916,RW-trend,2019-12-31,Other,-0.6876495314639186,0.417817294847427
Cutoff only,0,109,2019 Q1,2020 Q1,inflation,4,0.2802537969560391,MF-VAR,2020-03-31,1-year ahead,-0.5383806198913987,0.8186344168474378
Cutoff only,0,109,2019 Q1,2020 Q1,inflation,4,NA,MIDAS (trend),2020-03-31,1-year ahead,-0.5383806198913987,NA
Cutoff only,0,109,2019 Q1,2020 Q1,inflation,4,NA,MIDAS,2020-03-31,1-year ahead,-0.5383806198913987,NA
Cutoff only,0,109,2019 Q1,2020 Q1,inflation,4,0.2722777577197053,AR(2),2020-03-31,1-year ahead,-0.5383806198913987,0.810658377611104
Cutoff only,0,109,2019 Q1,2020 Q1,inflation,4,-0.30807913715454627,RW-trend,2020-03-31,1-year ahead,-0.5383806198913987,0.23030148273685247
Cutoff only,0,110,2019 Q2,2019 Q3,exch_rate,1,0.10979354549270769,MF-VAR,2019-09-30,1-step ahead,0.09161599409455352,0.018177551398154163
Cutoff only,0,110,2019 Q2,2019 Q3,exch_rate,1,NA,MIDAS (trend),2019-09-30,1-step ahead,0.09161599409455352,NA
Cutoff only,0,110,2019 Q2,2019 Q3,exch_rate,1,NA,MIDAS,2019-09-30,1-step ahead,0.09161599409455352,NA
Cutoff only,0,110,2019 Q2,2019 Q3,exch_rate,1,0.10846790150476757,AR(2),2019-09-30,1-step ahead,0.09161599409455352,0.016851907410214043
Cutoff only,0,110,2019 Q2,2019 Q3,exch_rate,1,0.11419649915322476,RW-trend,2019-09-30,1-step ahead,0.09161599409455352,0.022580505058671235
Cutoff only,0,110,2019 Q2,2019 Q4,exch_rate,2,0.10536289887577542,MF-VAR,2019-12-31,Other,0.09189658673335668,0.013466312142418738
Cutoff only,0,110,2019 Q2,2019 Q4,exch_rate,2,NA,MIDAS (trend),2019-12-31,Other,0.09189658673335668,NA
Cutoff only,0,110,2019 Q2,2019 Q4,exch_rate,2,NA,MIDAS,2019-12-31,Other,0.09189658673335668,NA
Cutoff only,0,110,2019 Q2,2019 Q4,exch_rate,2,0.10549515078980604,AR(2),2019-12-31,Other,0.09189658673335668,0.013598564056449353
Cutoff only,0,110,2019 Q2,2019 Q4,exch_rate,2,0.10946647484544328,RW-trend,2019-12-31,Other,0.09189658673335668,0.017569888112086596
Cutoff only,0,110,2019 Q2,2020 Q1,exch_rate,3,0.10010113456099544,MF-VAR,2020-03-31,Other,0.06468184825752378,0.03541928630347166
Cutoff only,0,110,2019 Q2,2020 Q1,exch_rate,3,NA,MIDAS (trend),2020-03-31,Other,0.06468184825752378,NA
Cutoff only,0,110,2019 Q2,2020 Q1,exch_rate,3,NA,MIDAS,2020-03-31,Other,0.06468184825752378,NA
Cutoff only,0,110,2019 Q2,2020 Q1,exch_rate,3,0.09953042236069341,AR(2),2020-03-31,Other,0.06468184825752378,0.03484857410316963
Cutoff only,0,110,2019 Q2,2020 Q1,exch_rate,3,0.10473645053766181,RW-trend,2020-03-31,Other,0.06468184825752378,0.04005460228013803
Cutoff only,0,110,2019 Q2,2020 Q2,exch_rate,4,0.09664261100106113,MF-VAR,2020-06-30,1-year ahead,0.059182391088171235,0.03746021991288989
Cutoff only,0,110,2019 Q2,2020 Q2,exch_rate,4,NA,MIDAS (trend),2020-06-30,1-year ahead,0.059182391088171235,NA
Cutoff only,0,110,2019 Q2,2020 Q2,exch_rate,4,NA,MIDAS,2020-06-30,1-year ahead,0.059182391088171235,NA
Cutoff only,0,110,2019 Q2,2020 Q2,exch_rate,4,0.09668861724518306,AR(2),2020-06-30,1-year ahead,0.059182391088171235,0.037506226157011824
Cutoff only,0,110,2019 Q2,2020 Q2,exch_rate,4,0.10000642622988033,RW-trend,2020-06-30,1-year ahead,0.059182391088171235,0.0408240351417091
Cutoff only,0,110,2019 Q2,2019 Q3,gdp_growth,1,2.4965671120969004,MF-VAR,2019-09-30,1-step ahead,1.2127967227840486,1.2837703893128518
Cutoff only,0,110,2019 Q2,2019 Q3,gdp_growth,1,NA,MIDAS (trend),2019-09-30,1-step ahead,1.2127967227840486,NA
Cutoff only,0,110,2019 Q2,2019 Q3,gdp_growth,1,NA,MIDAS,2019-09-30,1-step ahead,1.2127967227840486,NA
Cutoff only,0,110,2019 Q2,2019 Q3,gdp_growth,1,2.569577602810416,AR(2),2019-09-30,1-step ahead,1.2127967227840486,1.3567808800263674
Cutoff only,0,110,2019 Q2,2019 Q3,gdp_growth,1,1.386910605729886,RW-trend,2019-09-30,1-step ahead,1.2127967227840486,0.1741138829458373
Cutoff only,0,110,2019 Q2,2019 Q4,gdp_growth,2,0.9538762289260571,MF-VAR,2019-12-31,Other,2.598755881032133,-1.6448796521060762
Cutoff only,0,110,2019 Q2,2019 Q4,gdp_growth,2,NA,MIDAS (trend),2019-12-31,Other,2.598755881032133,NA
Cutoff only,0,110,2019 Q2,2019 Q4,gdp_growth,2,NA,MIDAS,2019-12-31,Other,2.598755881032133,NA
Cutoff only,0,110,2019 Q2,2019 Q4,gdp_growth,2,1.5219712423682403,AR(2),2019-12-31,Other,2.598755881032133,-1.0767846386638928
Cutoff only,0,110,2019 Q2,2019 Q4,gdp_growth,2,1.4140985095507224,RW-trend,2019-12-31,Other,2.598755881032133,-1.1846573714814108
Cutoff only,0,110,2019 Q2,2020 Q1,gdp_growth,3,0.7115748476125973,MF-VAR,2020-03-31,Other,-7.067810646740469,7.7793854943530665
Cutoff only,0,110,2019 Q2,2020 Q1,gdp_growth,3,NA,MIDAS (trend),2020-03-31,Other,-7.067810646740469,NA
Cutoff only,0,110,2019 Q2,2020 Q1,gdp_growth,3,NA,MIDAS,2020-03-31,Other,-7.067810646740469,NA
Cutoff only,0,110,2019 Q2,2020 Q1,gdp_growth,3,1.3767134224718665,AR(2),2020-03-31,Other,-7.067810646740469,8.444524069212335
Cutoff only,0,110,2019 Q2,2020 Q1,gdp_growth,3,1.4412864133715586,RW-trend,2020-03-31,Other,-7.067810646740469,8.509097060112028
Cutoff only,0,110,2019 Q2,2020 Q2,gdp_growth,4,0.8364919650719879,MF-VAR,2020-06-30,1-year ahead,-27.833251932801062,28.66974389787305
Cutoff only,0,110,2019 Q2,2020 Q2,gdp_growth,4,NA,MIDAS (trend),2020-06-30,1-year ahead,-27.833251932801062,NA
Cutoff only,0,110,2019 Q2,2020 Q2,gdp_growth,4,NA,MIDAS,2020-06-30,1-year ahead,-27.833251932801062,NA
Cutoff only,0,110,2019 Q2,2020 Q2,gdp_growth,4,1.4349973562632634,AR(2),2020-06-30,1-year ahead,-27.833251932801062,29.268249289064325
Cutoff only,0,110,2019 Q2,2020 Q2,gdp_growth,4,1.468474317192395,RW-trend,2020-06-30,1-year ahead,-27.833251932801062,29.301726249993457
Cutoff only,0,110,2019 Q2,2019 Q3,inflation,1,1.369717482351879,MF-VAR,2019-09-30,1-step ahead,-0.8629354217656982,2.232652904117577
Cutoff only,0,110,2019 Q2,2019 Q3,inflation,1,NA,MIDAS (trend),2019-09-30,1-step ahead,-0.8629354217656982,NA
Cutoff only,0,110,2019 Q2,2019 Q3,inflation,1,NA,MIDAS,2019-09-30,1-step ahead,-0.8629354217656982,NA
Cutoff only,0,110,2019 Q2,2019 Q3,inflation,1,0.7769575416781959,AR(2),2019-09-30,1-step ahead,-0.8629354217656982,1.6398929634438941
Cutoff only,0,110,2019 Q2,2019 Q3,inflation,1,1.4134716621956558,RW-trend,2019-09-30,1-step ahead,-0.8629354217656982,2.276407083961354
Cutoff only,0,110,2019 Q2,2019 Q4,inflation,2,0.5803389921426433,MF-VAR,2019-12-31,Other,-0.6876495314639186,1.267988523606562
Cutoff only,0,110,2019 Q2,2019 Q4,inflation,2,NA,MIDAS (trend),2019-12-31,Other,-0.6876495314639186,NA
Cutoff only,0,110,2019 Q2,2019 Q4,inflation,2,NA,MIDAS,2019-12-31,Other,-0.6876495314639186,NA
Cutoff only,0,110,2019 Q2,2019 Q4,inflation,2,0.5684178981866274,AR(2),2019-12-31,Other,-0.6876495314639186,1.256067429650546
Cutoff only,0,110,2019 Q2,2019 Q4,inflation,2,1.3903170276968129,RW-trend,2019-12-31,Other,-0.6876495314639186,2.0779665591607315
Cutoff only,0,110,2019 Q2,2020 Q1,inflation,3,0.382409438253689,MF-VAR,2020-03-31,Other,-0.5383806198913987,0.9207900581450877
Cutoff only,0,110,2019 Q2,2020 Q1,inflation,3,NA,MIDAS (trend),2020-03-31,Other,-0.5383806198913987,NA
Cutoff only,0,110,2019 Q2,2020 Q1,inflation,3,NA,MIDAS,2020-03-31,Other,-0.5383806198913987,NA
Cutoff only,0,110,2019 Q2,2020 Q1,inflation,3,0.45138252628356557,AR(2),2020-03-31,Other,-0.5383806198913987,0.9897631461749643
Cutoff only,0,110,2019 Q2,2020 Q1,inflation,3,1.36716239319797,RW-trend,2020-03-31,Other,-0.5383806198913987,1.9055430130893687
Cutoff only,0,110,2019 Q2,2020 Q2,inflation,4,0.25250259706877826,MF-VAR,2020-06-30,1-year ahead,-2.654470813291354,2.9069734103601323
Cutoff only,0,110,2019 Q2,2020 Q2,inflation,4,NA,MIDAS (trend),2020-06-30,1-year ahead,-2.654470813291354,NA
Cutoff only,0,110,2019 Q2,2020 Q2,inflation,4,NA,MIDAS,2020-06-30,1-year ahead,-2.654470813291354,NA
Cutoff only,0,110,2019 Q2,2020 Q2,inflation,4,0.38885556846420893,AR(2),2020-06-30,1-year ahead,-2.654470813291354,3.043326381755563
Cutoff only,0,110,2019 Q2,2020 Q2,inflation,4,1.3440077586991268,RW-trend,2020-06-30,1-year ahead,-2.654470813291354,3.998478571990481
Cutoff only,0,111,2019 Q3,2019 Q4,exch_rate,1,0.08948909120356065,MF-VAR,2019-12-31,1-step ahead,0.09189658673335668,-0.002407495529796036
Cutoff only,0,111,2019 Q3,2019 Q4,exch_rate,1,NA,MIDAS (trend),2019-12-31,1-step ahead,0.09189658673335668,NA
Cutoff only,0,111,2019 Q3,2019 Q4,exch_rate,1,NA,MIDAS,2019-12-31,1-step ahead,0.09189658673335668,NA
Cutoff only,0,111,2019 Q3,2019 Q4,exch_rate,1,0.08619914518866865,AR(2),2019-12-31,1-step ahead,0.09189658673335668,-0.005697441544688028
Cutoff only,0,111,2019 Q3,2019 Q4,exch_rate,1,0.0866788091899035,RW-trend,2019-12-31,1-step ahead,0.09189658673335668,-0.005217777543453178
Cutoff only,0,111,2019 Q3,2020 Q1,exch_rate,2,0.08506402296205486,MF-VAR,2020-03-31,Other,0.06468184825752378,0.020382174704531075
Cutoff only,0,111,2019 Q3,2020 Q1,exch_rate,2,NA,MIDAS (trend),2020-03-31,Other,0.06468184825752378,NA
Cutoff only,0,111,2019 Q3,2020 Q1,exch_rate,2,NA,MIDAS,2020-03-31,Other,0.06468184825752378,NA
Cutoff only,0,111,2019 Q3,2020 Q1,exch_rate,2,0.08080493245261383,AR(2),2020-03-31,Other,0.06468184825752378,0.01612308419509005
Cutoff only,0,111,2019 Q3,2020 Q1,exch_rate,2,0.08174162428525349,RW-trend,2020-03-31,Other,0.06468184825752378,0.017059776027729706
Cutoff only,0,111,2019 Q3,2020 Q2,exch_rate,3,0.08616212124166751,MF-VAR,2020-06-30,Other,0.059182391088171235,0.02697973015349628
Cutoff only,0,111,2019 Q3,2020 Q2,exch_rate,3,NA,MIDAS (trend),2020-06-30,Other,0.059182391088171235,NA
Cutoff only,0,111,2019 Q3,2020 Q2,exch_rate,3,NA,MIDAS,2020-06-30,Other,0.059182391088171235,NA
Cutoff only,0,111,2019 Q3,2020 Q2,exch_rate,3,0.07910484343617721,AR(2),2020-06-30,Other,0.059182391088171235,0.01992245234800598
Cutoff only,0,111,2019 Q3,2020 Q2,exch_rate,3,0.07680443938060347,RW-trend,2020-06-30,Other,0.059182391088171235,0.017622048292432232
Cutoff only,0,111,2019 Q3,2020 Q3,exch_rate,4,0.07831366351856124,MF-VAR,2020-09-30,1-year ahead,0.07254644174085553,0.005767221777705708
Cutoff only,0,111,2019 Q3,2020 Q3,exch_rate,4,NA,MIDAS (trend),2020-09-30,1-year ahead,0.07254644174085553,NA
Cutoff only,0,111,2019 Q3,2020 Q3,exch_rate,4,NA,MIDAS,2020-09-30,1-year ahead,0.07254644174085553,NA
Cutoff only,0,111,2019 Q3,2020 Q3,exch_rate,4,0.07057867324137193,AR(2),2020-09-30,1-year ahead,0.07254644174085553,-0.001967768499483602
Cutoff only,0,111,2019 Q3,2020 Q3,exch_rate,4,0.07186725447595343,RW-trend,2020-09-30,1-year ahead,0.07254644174085553,-6.79187264902098e-4
Cutoff only,0,111,2019 Q3,2019 Q4,gdp_growth,1,0.15699894063725775,MF-VAR,2019-12-31,1-step ahead,2.598755881032133,-2.4417569403948756
Cutoff only,0,111,2019 Q3,2019 Q4,gdp_growth,1,NA,MIDAS (trend),2019-12-31,1-step ahead,2.598755881032133,NA
Cutoff only,0,111,2019 Q3,2019 Q4,gdp_growth,1,NA,MIDAS,2019-12-31,1-step ahead,2.598755881032133,NA
Cutoff only,0,111,2019 Q3,2019 Q4,gdp_growth,1,1.0186317815548893,AR(2),2019-12-31,1-step ahead,2.598755881032133,-1.5801240994772439
Cutoff only,0,111,2019 Q3,2019 Q4,gdp_growth,1,1.2383872515319874,RW-trend,2019-12-31,1-step ahead,2.598755881032133,-1.3603686295001458
Cutoff only,0,111,2019 Q3,2020 Q1,gdp_growth,2,0.5620607906316196,MF-VAR,2020-03-31,Other,-7.067810646740469,7.629871437372088
Cutoff only,0,111,2019 Q3,2020 Q1,gdp_growth,2,NA,MIDAS (trend),2020-03-31,Other,-7.067810646740469,NA
Cutoff only,0,111,2019 Q3,2020 Q1,gdp_growth,2,NA,MIDAS,2020-03-31,Other,-7.067810646740469,NA
Cutoff only,0,111,2019 Q3,2020 Q1,gdp_growth,2,1.2021158519520583,AR(2),2020-03-31,Other,-7.067810646740469,8.269926498692527
Cutoff only,0,111,2019 Q3,2020 Q1,gdp_growth,2,1.263977780279926,RW-trend,2020-03-31,Other,-7.067810646740469,8.331788427020395
Cutoff only,0,111,2019 Q3,2020 Q2,gdp_growth,3,1.0540229524870832,MF-VAR,2020-06-30,Other,-27.833251932801062,28.887274885288146
Cutoff only,0,111,2019 Q3,2020 Q2,gdp_growth,3,NA,MIDAS (trend),2020-06-30,Other,-27.833251932801062,NA
Cutoff only,0,111,2019 Q3,2020 Q2,gdp_growth,3,NA,MIDAS,2020-06-30,Other,-27.833251932801062,NA
Cutoff only,0,111,2019 Q3,2020 Q2,gdp_growth,3,1.369589613020326,AR(2),2020-06-30,Other,-27.833251932801062,29.20284154582139
Cutoff only,0,111,2019 Q3,2020 Q2,gdp_growth,3,1.2895683090278647,RW-trend,2020-06-30,Other,-27.833251932801062,29.122820241828926
Cutoff only,0,111,2019 Q3,2020 Q3,gdp_growth,4,2.3731256423278113,MF-VAR,2020-09-30,1-year ahead,28.019705798225658,-25.646580155897848
Cutoff only,0,111,2019 Q3,2020 Q3,gdp_growth,4,NA,MIDAS (trend),2020-09-30,1-year ahead,28.019705798225658,NA
Cutoff only,0,111,2019 Q3,2020 Q3,gdp_growth,4,NA,MIDAS,2020-09-30,1-year ahead,28.019705798225658,NA
Cutoff only,0,111,2019 Q3,2020 Q3,gdp_growth,4,2.542297527653289,AR(2),2020-09-30,1-year ahead,28.019705798225658,-25.47740827057237
Cutoff only,0,111,2019 Q3,2020 Q3,gdp_growth,4,1.3151588377758034,RW-trend,2020-09-30,1-year ahead,28.019705798225658,-26.704546960449854
Cutoff only,0,111,2019 Q3,2019 Q4,inflation,1,-0.8366815284909104,MF-VAR,2019-12-31,1-step ahead,-0.6876495314639186,-0.14903199702699177
Cutoff only,0,111,2019 Q3,2019 Q4,inflation,1,NA,MIDAS (trend),2019-12-31,1-step ahead,-0.6876495314639186,NA
Cutoff only,0,111,2019 Q3,2019 Q4,inflation,1,NA,MIDAS,2019-12-31,1-step ahead,-0.6876495314639186,NA
Cutoff only,0,111,2019 Q3,2019 Q4,inflation,1,-0.1686164109959268,AR(2),2019-12-31,1-step ahead,-0.6876495314639186,0.5190331204679918
Cutoff only,0,111,2019 Q3,2019 Q4,inflation,1,-0.906974524924737,RW-trend,2019-12-31,1-step ahead,-0.6876495314639186,-0.21932499346081835
Cutoff only,0,111,2019 Q3,2020 Q1,inflation,2,-0.1947951949434329,MF-VAR,2020-03-31,Other,-0.5383806198913987,0.34358542494796585
Cutoff only,0,111,2019 Q3,2020 Q1,inflation,2,NA,MIDAS (trend),2020-03-31,Other,-0.5383806198913987,NA
Cutoff only,0,111,2019 Q3,2020 Q1,inflation,2,NA,MIDAS,2020-03-31,Other,-0.5383806198913987,NA
Cutoff only,0,111,2019 Q3,2020 Q1,inflation,2,0.04725237470955045,AR(2),2020-03-31,Other,-0.5383806198913987,0.5856329946009492
Cutoff only,0,111,2019 Q3,2020 Q1,inflation,2,-0.9510136280837758,RW-trend,2020-03-31,Other,-0.5383806198913987,-0.412633008192377
Cutoff only,0,111,2019 Q3,2020 Q2,inflation,3,0.038913945519310655,MF-VAR,2020-06-30,Other,-2.654470813291354,2.693384758810665
Cutoff only,0,111,2019 Q3,2020 Q2,inflation,3,NA,MIDAS (trend),2020-06-30,Other,-2.654470813291354,NA
Cutoff only,0,111,2019 Q3,2020 Q2,inflation,3,NA,MIDAS,2020-06-30,Other,-2.654470813291354,NA
Cutoff only,0,111,2019 Q3,2020 Q2,inflation,3,0.17173159452861447,AR(2),2020-06-30,Other,-2.654470813291354,2.826202407819969
Cutoff only,0,111,2019 Q3,2020 Q2,inflation,3,-0.9950527312428146,RW-trend,2020-06-30,Other,-2.654470813291354,1.6594180820485396
Cutoff only,0,111,2019 Q3,2020 Q3,inflation,4,0.16473662365111438,MF-VAR,2020-09-30,1-year ahead,0.39094669766832624,-0.22621007401721185
Cutoff only,0,111,2019 Q3,2020 Q3,inflation,4,NA,MIDAS (trend),2020-09-30,1-year ahead,0.39094669766832624,NA
Cutoff only,0,111,2019 Q3,2020 Q3,inflation,4,NA,MIDAS,2020-09-30,1-year ahead,0.39094669766832624,NA
Cutoff only,0,111,2019 Q3,2020 Q3,inflation,4,0.168291063125455,AR(2),2020-09-30,1-year ahead,0.39094669766832624,-0.22265563454287124
Cutoff only,0,111,2019 Q3,2020 Q3,inflation,4,-1.0390918344018534,RW-trend,2020-09-30,1-year ahead,0.39094669766832624,-1.4300385320701796
Cutoff only,0,112,2019 Q4,2020 Q1,exch_rate,1,0.0866342059819985,MF-VAR,2020-03-31,1-step ahead,0.06468184825752378,0.021952357724474722
Cutoff only,0,112,2019 Q4,2020 Q1,exch_rate,1,NA,MIDAS (trend),2020-03-31,1-step ahead,0.06468184825752378,NA
Cutoff only,0,112,2019 Q4,2020 Q1,exch_rate,1,NA,MIDAS,2020-03-31,1-step ahead,0.06468184825752378,NA
Cutoff only,0,112,2019 Q4,2020 Q1,exch_rate,1,0.08733005380078374,AR(2),2020-03-31,1-step ahead,0.06468184825752378,0.022648205543259955
Cutoff only,0,112,2019 Q4,2020 Q1,exch_rate,1,0.08700683617001079,RW-trend,2020-03-31,1-step ahead,0.06468184825752378,0.022324987912487007
Cutoff only,0,112,2019 Q4,2020 Q2,exch_rate,2,0.09002036647788707,MF-VAR,2020-06-30,Other,0.059182391088171235,0.030837975389715833
Cutoff only,0,112,2019 Q4,2020 Q2,exch_rate,2,NA,MIDAS (trend),2020-06-30,Other,0.059182391088171235,NA
Cutoff only,0,112,2019 Q4,2020 Q2,exch_rate,2,NA,MIDAS,2020-06-30,Other,0.059182391088171235,NA
Cutoff only,0,112,2019 Q4,2020 Q2,exch_rate,2,0.08543575077297023,AR(2),2020-06-30,Other,0.059182391088171235,0.026253359684799
Cutoff only,0,112,2019 Q4,2020 Q2,exch_rate,2,0.08211708560666488,RW-trend,2020-06-30,Other,0.059182391088171235,0.022934694518493642
Cutoff only,0,112,2019 Q4,2020 Q3,exch_rate,3,0.08320580364535543,MF-VAR,2020-09-30,Other,0.07254644174085553,0.010659361904499898
Cutoff only,0,112,2019 Q4,2020 Q3,exch_rate,3,NA,MIDAS (trend),2020-09-30,Other,0.07254644174085553,NA
Cutoff only,0,112,2019 Q4,2020 Q3,exch_rate,3,NA,MIDAS,2020-09-30,Other,0.07254644174085553,NA
Cutoff only,0,112,2019 Q4,2020 Q3,exch_rate,3,0.07652112452086807,AR(2),2020-09-30,Other,0.07254644174085553,0.003974682780012534
Cutoff only,0,112,2019 Q4,2020 Q3,exch_rate,3,0.07722733504331898,RW-trend,2020-09-30,Other,0.07254644174085553,0.004680893302463449
Cutoff only,0,112,2019 Q4,2020 Q4,exch_rate,4,0.08079225726132751,MF-VAR,2020-12-31,1-year ahead,0.07496664276390097,0.005825614497426537
Cutoff only,0,112,2019 Q4,2020 Q4,exch_rate,4,NA,MIDAS (trend),2020-12-31,1-year ahead,0.07496664276390097,NA
Cutoff only,0,112,2019 Q4,2020 Q4,exch_rate,4,NA,MIDAS,2020-12-31,1-year ahead,0.07496664276390097,NA
Cutoff only,0,112,2019 Q4,2020 Q4,exch_rate,4,0.07458153604955439,AR(2),2020-12-31,1-year ahead,0.07496664276390097,-3.8510671434657806e-4
Cutoff only,0,112,2019 Q4,2020 Q4,exch_rate,4,0.07233758447997307,RW-trend,2020-12-31,1-year ahead,0.07496664276390097,-0.0026290582839278986
Cutoff only,0,112,2019 Q4,2020 Q1,gdp_growth,1,2.4516530124878826,MF-VAR,2020-03-31,1-step ahead,-7.067810646740469,9.519463659228352
Cutoff only,0,112,2019 Q4,2020 Q1,gdp_growth,1,NA,MIDAS (trend),2020-03-31,1-step ahead,-7.067810646740469,NA
Cutoff only,0,112,2019 Q4,2020 Q1,gdp_growth,1,NA,MIDAS,2020-03-31,1-step ahead,-7.067810646740469,NA
Cutoff only,0,112,2019 Q4,2020 Q1,gdp_growth,1,1.7790108564707743,AR(2),2020-03-31,1-step ahead,-7.067810646740469,8.846821503211244
Cutoff only,0,112,2019 Q4,2020 Q1,gdp_growth,1,2.636713397320982,RW-trend,2020-03-31,1-step ahead,-7.067810646740469,9.70452404406145
Cutoff only,0,112,2019 Q4,2020 Q2,gdp_growth,2,1.6990132345136164,MF-VAR,2020-06-30,Other,-27.833251932801062,29.532265167314677
Cutoff only,0,112,2019 Q4,2020 Q2,gdp_growth,2,NA,MIDAS (trend),2020-06-30,Other,-27.833251932801062,NA
Cutoff only,0,112,2019 Q4,2020 Q2,gdp_growth,2,NA,MIDAS,2020-06-30,Other,-27.833251932801062,NA
Cutoff only,0,112,2019 Q4,2020 Q2,gdp_growth,2,1.5669586058590084,AR(2),2020-06-30,Other,-27.833251932801062,29.40021053866007
Cutoff only,0,112,2019 Q4,2020 Q2,gdp_growth,2,2.6746709136098317,RW-trend,2020-06-30,Other,-27.833251932801062,30.507922846410892
Cutoff only,0,112,2019 Q4,2020 Q3,gdp_growth,3,2.623769861023156,MF-VAR,2020-09-30,Other,28.019705798225658,-25.395935937202502
Cutoff only,0,112,2019 Q4,2020 Q3,gdp_growth,3,NA,MIDAS (trend),2020-09-30,Other,28.019705798225658,NA
Cutoff only,0,112,2019 Q4,2020 Q3,gdp_growth,3,NA,MIDAS,2020-09-30,Other,28.019705798225658,NA
Cutoff only,0,112,2019 Q4,2020 Q3,gdp_growth,3,2.613609908723277,AR(2),2020-09-30,Other,28.019705798225658,-25.40609588950238
Cutoff only,0,112,2019 Q4,2020 Q3,gdp_growth,3,2.7126284298986807,RW-trend,2020-09-30,Other,28.019705798225658,-25.30707736832698
Cutoff only,0,112,2019 Q4,2020 Q4,gdp_growth,4,1.7345151891344823,MF-VAR,2020-12-31,1-year ahead,2.205063679566166,-0.4705484904316837
Cutoff only,0,112,2019 Q4,2020 Q4,gdp_growth,4,NA,MIDAS (trend),2020-12-31,1-year ahead,2.205063679566166,NA
Cutoff only,0,112,2019 Q4,2020 Q4,gdp_growth,4,NA,MIDAS,2020-12-31,1-year ahead,2.205063679566166,NA
Cutoff only,0,112,2019 Q4,2020 Q4,gdp_growth,4,1.5281496313855822,AR(2),2020-12-31,1-year ahead,2.205063679566166,-0.6769140481805838
Cutoff only,0,112,2019 Q4,2020 Q4,gdp_growth,4,2.75058594618753,RW-trend,2020-12-31,1-year ahead,2.205063679566166,0.5455222666213642
Cutoff only,0,112,2019 Q4,2020 Q1,inflation,1,-0.6784446607527476,MF-VAR,2020-03-31,1-step ahead,-0.5383806198913987,-0.14006404086134883
Cutoff only,0,112,2019 Q4,2020 Q1,inflation,1,NA,MIDAS (trend),2020-03-31,1-step ahead,-0.5383806198913987,NA
Cutoff only,0,112,2019 Q4,2020 Q1,inflation,1,NA,MIDAS,2020-03-31,1-step ahead,-0.5383806198913987,NA
Cutoff only,0,112,2019 Q4,2020 Q1,inflation,1,-0.18487169642086299,AR(2),2020-03-31,1-step ahead,-0.5383806198913987,0.35350892347053575
Cutoff only,0,112,2019 Q4,2020 Q1,inflation,1,-0.7296947710460409,RW-trend,2020-03-31,1-step ahead,-0.5383806198913987,-0.19131415115464212
Cutoff only,0,112,2019 Q4,2020 Q2,inflation,2,-0.11235424843225167,MF-VAR,2020-06-30,Other,-2.654470813291354,2.5421165648591026
Cutoff only,0,112,2019 Q4,2020 Q2,inflation,2,NA,MIDAS (trend),2020-06-30,Other,-2.654470813291354,NA
Cutoff only,0,112,2019 Q4,2020 Q2,inflation,2,NA,MIDAS,2020-06-30,Other,-2.654470813291354,NA
Cutoff only,0,112,2019 Q4,2020 Q2,inflation,2,0.05004768553682165,AR(2),2020-06-30,Other,-2.654470813291354,2.704518498828176
Cutoff only,0,112,2019 Q4,2020 Q2,inflation,2,-0.7717400106281631,RW-trend,2020-06-30,Other,-2.654470813291354,1.882730802663191
Cutoff only,0,112,2019 Q4,2020 Q3,inflation,3,0.06489867945347541,MF-VAR,2020-09-30,Other,0.39094669766832624,-0.32604801821485085
Cutoff only,0,112,2019 Q4,2020 Q3,inflation,3,NA,MIDAS (trend),2020-09-30,Other,0.39094669766832624,NA
Cutoff only,0,112,2019 Q4,2020 Q3,inflation,3,NA,MIDAS,2020-09-30,Other,0.39094669766832624,NA
Cutoff only,0,112,2019 Q4,2020 Q3,inflation,3,0.10364156605843691,AR(2),2020-09-30,Other,0.39094669766832624,-0.28730513160988935
Cutoff only,0,112,2019 Q4,2020 Q3,inflation,3,-0.8137852502102854,RW-trend,2020-09-30,Other,0.39094669766832624,-1.2047319478786116
Cutoff only,0,112,2019 Q4,2020 Q4,inflation,4,0.11126957223017574,MF-VAR,2020-12-31,1-year ahead,0.17231238982731156,-0.061042817597135826
Cutoff only,0,112,2019 Q4,2020 Q4,inflation,4,NA,MIDAS (trend),2020-12-31,1-year ahead,0.17231238982731156,NA
Cutoff only,0,112,2019 Q4,2020 Q4,inflation,4,NA,MIDAS,2020-12-31,1-year ahead,0.17231238982731156,NA
Cutoff only,0,112,2019 Q4,2020 Q4,inflation,4,0.1918498555899719,AR(2),2020-12-31,1-year ahead,0.17231238982731156,0.019537465762660328
Cutoff only,0,112,2019 Q4,2020 Q4,inflation,4,-0.8558304897924077,RW-trend,2020-12-31,1-year ahead,0.17231238982731156,-1.0281428796197192
Cutoff only,0,113,2020 Q1,2020 Q2,exch_rate,1,0.0624748015219494,MF-VAR,2020-06-30,1-step ahead,0.059182391088171235,0.0032924104337781618
Cutoff only,0,113,2020 Q1,2020 Q2,exch_rate,1,NA,MIDAS (trend),2020-06-30,1-step ahead,0.059182391088171235,NA
Cutoff only,0,113,2020 Q1,2020 Q2,exch_rate,1,NA,MIDAS,2020-06-30,1-step ahead,0.059182391088171235,NA
Cutoff only,0,113,2020 Q1,2020 Q2,exch_rate,1,0.05977931587183388,AR(2),2020-06-30,1-step ahead,0.059182391088171235,5.969247836626473e-4
Cutoff only,0,113,2020 Q1,2020 Q2,exch_rate,1,0.05959097167694827,RW-trend,2020-06-30,1-step ahead,0.059182391088171235,4.0858058877703274e-4
Cutoff only,0,113,2020 Q1,2020 Q3,exch_rate,2,0.03870942103851124,MF-VAR,2020-09-30,Other,0.07254644174085553,-0.033837020702344296
Cutoff only,0,113,2020 Q1,2020 Q3,exch_rate,2,NA,MIDAS (trend),2020-09-30,Other,0.07254644174085553,NA
Cutoff only,0,113,2020 Q1,2020 Q3,exch_rate,2,NA,MIDAS,2020-09-30,Other,0.07254644174085553,NA
Cutoff only,0,113,2020 Q1,2020 Q3,exch_rate,2,0.05170752186127613,AR(2),2020-09-30,Other,0.07254644174085553,-0.0208389198795794
Cutoff only,0,113,2020 Q1,2020 Q3,exch_rate,2,0.054500095096372755,RW-trend,2020-09-30,Other,0.07254644174085553,-0.018046346644482777
Cutoff only,0,113,2020 Q1,2020 Q4,exch_rate,3,0.04394693464699286,MF-VAR,2020-12-31,Other,0.07496664276390097,-0.031019708116908108
Cutoff only,0,113,2020 Q1,2020 Q4,exch_rate,3,NA,MIDAS (trend),2020-12-31,Other,0.07496664276390097,NA
Cutoff only,0,113,2020 Q1,2020 Q4,exch_rate,3,NA,MIDAS,2020-12-31,Other,0.07496664276390097,NA
Cutoff only,0,113,2020 Q1,2020 Q4,exch_rate,3,0.051286673546612246,AR(2),2020-12-31,Other,0.07496664276390097,-0.023679969217288724
Cutoff only,0,113,2020 Q1,2020 Q4,exch_rate,3,0.049409218515797236,RW-trend,2020-12-31,Other,0.07496664276390097,-0.025557424248103734
Cutoff only,0,113,2020 Q1,2021 Q1,exch_rate,4,0.045148292247375287,MF-VAR,2021-03-31,1-year ahead,0.08651203736449914,-0.04136374511712385
Cutoff only,0,113,2020 Q1,2021 Q1,exch_rate,4,NA,MIDAS (trend),2021-03-31,1-year ahead,0.08651203736449914,NA
Cutoff only,0,113,2020 Q1,2021 Q1,exch_rate,4,NA,MIDAS,2021-03-31,1-year ahead,0.08651203736449914,NA
Cutoff only,0,113,2020 Q1,2021 Q1,exch_rate,4,0.04775655812990318,AR(2),2021-03-31,1-year ahead,0.08651203736449914,-0.038755479234595956
Cutoff only,0,113,2020 Q1,2021 Q1,exch_rate,4,0.044318341935221724,RW-trend,2021-03-31,1-year ahead,0.08651203736449914,-0.042193695429277416
Cutoff only,0,113,2020 Q1,2020 Q2,gdp_growth,1,-7.010073348064991,MF-VAR,2020-06-30,1-step ahead,-27.833251932801062,20.82317858473607
Cutoff only,0,113,2020 Q1,2020 Q2,gdp_growth,1,NA,MIDAS (trend),2020-06-30,1-step ahead,-27.833251932801062,NA
Cutoff only,0,113,2020 Q1,2020 Q2,gdp_growth,1,NA,MIDAS,2020-06-30,1-step ahead,-27.833251932801062,NA
Cutoff only,0,113,2020 Q1,2020 Q2,gdp_growth,1,-1.165963248111804,AR(2),2020-06-30,1-step ahead,-27.833251932801062,26.667288684689257
Cutoff only,0,113,2020 Q1,2020 Q2,gdp_growth,1,-7.117281274992714,RW-trend,2020-06-30,1-step ahead,-27.833251932801062,20.71597065780835
Cutoff only,0,113,2020 Q1,2020 Q3,gdp_growth,2,-1.2251661285871076,MF-VAR,2020-09-30,Other,28.019705798225658,-29.244871926812767
Cutoff only,0,113,2020 Q1,2020 Q3,gdp_growth,2,NA,MIDAS (trend),2020-09-30,Other,28.019705798225658,NA
Cutoff only,0,113,2020 Q1,2020 Q3,gdp_growth,2,NA,MIDAS,2020-09-30,Other,28.019705798225658,NA
Cutoff only,0,113,2020 Q1,2020 Q3,gdp_growth,2,1.494038499494847,AR(2),2020-09-30,Other,28.019705798225658,-26.52566729873081
Cutoff only,0,113,2020 Q1,2020 Q3,gdp_growth,2,-7.1667519032449585,RW-trend,2020-09-30,Other,28.019705798225658,-35.186457701470616
Cutoff only,0,113,2020 Q1,2020 Q4,gdp_growth,3,-0.623812746840333,MF-VAR,2020-12-31,Other,2.205063679566166,-2.828876426406499
Cutoff only,0,113,2020 Q1,2020 Q4,gdp_growth,3,NA,MIDAS (trend),2020-12-31,Other,2.205063679566166,NA
Cutoff only,0,113,2020 Q1,2020 Q4,gdp_growth,3,NA,MIDAS,2020-12-31,Other,2.205063679566166,NA
Cutoff only,0,113,2020 Q1,2020 Q4,gdp_growth,3,1.0636861666489401,AR(2),2020-12-31,Other,2.205063679566166,-1.141377512917226
Cutoff only,0,113,2020 Q1,2020 Q4,gdp_growth,3,-7.216222531497204,RW-trend,2020-12-31,Other,2.205063679566166,-9.42128621106337
Cutoff only,0,113,2020 Q1,2021 Q1,gdp_growth,4,-0.3532244615206269,MF-VAR,2021-03-31,1-year ahead,2.4318148532721295,-2.7850393147927566
Cutoff only,0,113,2020 Q1,2021 Q1,gdp_growth,4,NA,MIDAS (trend),2021-03-31,1-year ahead,2.4318148532721295,NA
Cutoff only,0,113,2020 Q1,2021 Q1,gdp_growth,4,NA,MIDAS,2021-03-31,1-year ahead,2.4318148532721295,NA
Cutoff only,0,113,2020 Q1,2021 Q1,gdp_growth,4,1.149351024869754,AR(2),2021-03-31,1-year ahead,2.4318148532721295,-1.2824638284023755
Cutoff only,0,113,2020 Q1,2021 Q1,gdp_growth,4,-7.265693159749449,RW-trend,2021-03-31,1-year ahead,2.4318148532721295,-9.69750801302158
Cutoff only,0,113,2020 Q1,2020 Q2,inflation,1,-0.5353149744667087,MF-VAR,2020-06-30,1-step ahead,-2.654470813291354,2.1191558388246454
Cutoff only,0,113,2020 Q1,2020 Q2,inflation,1,NA,MIDAS (trend),2020-06-30,1-step ahead,-2.654470813291354,NA
Cutoff only,0,113,2020 Q1,2020 Q2,inflation,1,NA,MIDAS,2020-06-30,1-step ahead,-2.654470813291354,NA
Cutoff only,0,113,2020 Q1,2020 Q2,inflation,1,-0.12051271594075647,AR(2),2020-06-30,1-step ahead,-2.654470813291354,2.5339580973505975
Cutoff only,0,113,2020 Q1,2020 Q2,inflation,1,-0.578702308562218,RW-trend,2020-06-30,1-step ahead,-2.654470813291354,2.075768504729136
Cutoff only,0,113,2020 Q1,2020 Q3,inflation,2,-0.8209362573586296,MF-VAR,2020-09-30,Other,0.39094669766832624,-1.2118829550269559
Cutoff only,0,113,2020 Q1,2020 Q3,inflation,2,NA,MIDAS (trend),2020-09-30,Other,0.39094669766832624,NA
Cutoff only,0,113,2020 Q1,2020 Q3,inflation,2,NA,MIDAS,2020-09-30,Other,0.39094669766832624,NA
Cutoff only,0,113,2020 Q1,2020 Q3,inflation,2,0.008813740492084526,AR(2),2020-09-30,Other,0.39094669766832624,-0.38213295717624174
Cutoff only,0,113,2020 Q1,2020 Q3,inflation,2,-0.6190239972330372,RW-trend,2020-09-30,Other,0.39094669766832624,-1.0099706949013636
Cutoff only,0,113,2020 Q1,2020 Q4,inflation,3,-0.41376279090864326,MF-VAR,2020-12-31,Other,0.17231238982731156,-0.5860751807359548
Cutoff only,0,113,2020 Q1,2020 Q4,inflation,3,NA,MIDAS (trend),2020-12-31,Other,0.17231238982731156,NA
Cutoff only,0,113,2020 Q1,2020 Q4,inflation,3,NA,MIDAS,2020-12-31,Other,0.17231238982731156,NA
Cutoff only,0,113,2020 Q1,2020 Q4,inflation,3,0.1382871474797809,AR(2),2020-12-31,Other,0.17231238982731156,-0.034025242347530654
Cutoff only,0,113,2020 Q1,2020 Q4,inflation,3,-0.6593456859038564,RW-trend,2020-12-31,Other,0.17231238982731156,-0.831658075731168
Cutoff only,0,113,2020 Q1,2021 Q1,inflation,4,-0.13219207746890815,MF-VAR,2021-03-31,1-year ahead,0.2776485073894719,-0.40984058485838004
Cutoff only,0,113,2020 Q1,2021 Q1,inflation,4,NA,MIDAS (trend),2021-03-31,1-year ahead,0.2776485073894719,NA
Cutoff only,0,113,2020 Q1,2021 Q1,inflation,4,NA,MIDAS,2021-03-31,1-year ahead,0.2776485073894719,NA
Cutoff only,0,113,2020 Q1,2021 Q1,inflation,4,0.20113138341191406,AR(2),2021-03-31,1-year ahead,0.2776485073894719,-0.07651712397755783
Cutoff only,0,113,2020 Q1,2021 Q1,inflation,4,-0.6996673745746758,RW-trend,2021-03-31,1-year ahead,0.2776485073894719,-0.9773158819641476
Cutoff only,0,114,2020 Q2,2020 Q3,exch_rate,1,0.05004941311987258,MF-VAR,2020-09-30,1-step ahead,0.07254644174085553,-0.022497028620982955
Cutoff only,0,114,2020 Q2,2020 Q3,exch_rate,1,NA,MIDAS (trend),2020-09-30,1-step ahead,0.07254644174085553,NA
Cutoff only,0,114,2020 Q2,2020 Q3,exch_rate,1,NA,MIDAS,2020-09-30,1-step ahead,0.07254644174085553,NA
Cutoff only,0,114,2020 Q2,2020 Q3,exch_rate,1,0.051003208651398874,AR(2),2020-09-30,1-step ahead,0.07254644174085553,-0.02154323308945666
Cutoff only,0,114,2020 Q2,2020 Q3,exch_rate,1,0.0540878664666245,RW-trend,2020-09-30,1-step ahead,0.07254644174085553,-0.01845857527423103
Cutoff only,0,114,2020 Q2,2020 Q4,exch_rate,2,0.09850917284567406,MF-VAR,2020-12-31,Other,0.07496664276390097,0.023542530081773094
Cutoff only,0,114,2020 Q2,2020 Q4,exch_rate,2,NA,MIDAS (trend),2020-12-31,Other,0.07496664276390097,NA
Cutoff only,0,114,2020 Q2,2020 Q4,exch_rate,2,NA,MIDAS,2020-12-31,Other,0.07496664276390097,NA
Cutoff only,0,114,2020 Q2,2020 Q4,exch_rate,2,0.050610035755643185,AR(2),2020-12-31,Other,0.07496664276390097,-0.024356607008257786
Cutoff only,0,114,2020 Q2,2020 Q4,exch_rate,2,0.04899334184507776,RW-trend,2020-12-31,Other,0.07496664276390097,-0.02597330091882321
Cutoff only,0,114,2020 Q2,2021 Q1,exch_rate,3,0.09888424494832794,MF-VAR,2021-03-31,Other,0.08651203736449914,0.012372207583828801
Cutoff only,0,114,2020 Q2,2021 Q1,exch_rate,3,NA,MIDAS (trend),2021-03-31,Other,0.08651203736449914,NA
Cutoff only,0,114,2020 Q2,2021 Q1,exch_rate,3,NA,MIDAS,2021-03-31,Other,0.08651203736449914,NA
Cutoff only,0,114,2020 Q2,2021 Q1,exch_rate,3,0.04713742198283693,AR(2),2021-03-31,Other,0.08651203736449914,-0.03937461538166221
Cutoff only,0,114,2020 Q2,2021 Q1,exch_rate,3,0.04389881722353103,RW-trend,2021-03-31,Other,0.08651203736449914,-0.04261322014096811
Cutoff only,0,114,2020 Q2,2021 Q2,exch_rate,4,0.08585126747446888,MF-VAR,2021-06-30,1-year ahead,0.09350122260331158,-0.0076499551288427
Cutoff only,0,114,2020 Q2,2021 Q2,exch_rate,4,NA,MIDAS (trend),2021-06-30,1-year ahead,0.09350122260331158,NA
Cutoff only,0,114,2020 Q2,2021 Q2,exch_rate,4,NA,MIDAS,2021-06-30,1-year ahead,0.09350122260331158,NA
Cutoff only,0,114,2020 Q2,2021 Q2,exch_rate,4,0.046630979487777224,AR(2),2021-06-30,1-year ahead,0.09350122260331158,-0.04687024311553435
Cutoff only,0,114,2020 Q2,2021 Q2,exch_rate,4,0.038804292601984286,RW-trend,2021-06-30,1-year ahead,0.09350122260331158,-0.05469693000132729
Cutoff only,0,114,2020 Q2,2020 Q3,gdp_growth,1,-26.69640752261321,MF-VAR,2020-09-30,1-step ahead,28.019705798225658,-54.71611332083887
Cutoff only,0,114,2020 Q2,2020 Q3,gdp_growth,1,NA,MIDAS (trend),2020-09-30,1-step ahead,28.019705798225658,NA
Cutoff only,0,114,2020 Q2,2020 Q3,gdp_growth,1,NA,MIDAS,2020-09-30,1-step ahead,28.019705798225658,NA
Cutoff only,0,114,2020 Q2,2020 Q3,gdp_growth,1,-6.522498099226427,AR(2),2020-09-30,1-step ahead,28.019705798225658,-34.54220389745208
Cutoff only,0,114,2020 Q2,2020 Q3,gdp_growth,1,-28.067686584783736,RW-trend,2020-09-30,1-step ahead,28.019705798225658,-56.087392383009394
Cutoff only,0,114,2020 Q2,2020 Q4,gdp_growth,2,4.096519626033302,MF-VAR,2020-12-31,Other,2.205063679566166,1.8914559464671363
Cutoff only,0,114,2020 Q2,2020 Q4,gdp_growth,2,NA,MIDAS (trend),2020-12-31,Other,2.205063679566166,NA
Cutoff only,0,114,2020 Q2,2020 Q4,gdp_growth,2,NA,MIDAS,2020-12-31,Other,2.205063679566166,NA
Cutoff only,0,114,2020 Q2,2020 Q4,gdp_growth,2,-0.030144005950527436,AR(2),2020-12-31,Other,2.205063679566166,-2.2352076855166936
Cutoff only,0,114,2020 Q2,2020 Q4,gdp_growth,2,-28.302121236766414,RW-trend,2020-12-31,Other,2.205063679566166,-30.50718491633258
Cutoff only,0,114,2020 Q2,2021 Q1,gdp_growth,3,3.3377881334535004,MF-VAR,2021-03-31,Other,2.4318148532721295,0.9059732801813709
Cutoff only,0,114,2020 Q2,2021 Q1,gdp_growth,3,NA,MIDAS (trend),2021-03-31,Other,2.4318148532721295,NA
Cutoff only,0,114,2020 Q2,2021 Q1,gdp_growth,3,NA,MIDAS,2021-03-31,Other,2.4318148532721295,NA
Cutoff only,0,114,2020 Q2,2021 Q1,gdp_growth,3,1.1247825566341594,AR(2),2021-03-31,Other,2.4318148532721295,-1.3070322966379702
Cutoff only,0,114,2020 Q2,2021 Q1,gdp_growth,3,-28.53655588874909,RW-trend,2021-03-31,Other,2.4318148532721295,-30.968370742021218
Cutoff only,0,114,2020 Q2,2021 Q2,gdp_growth,4,2.214063506134173,MF-VAR,2021-06-30,1-year ahead,11.771812260042935,-9.557748753908761
Cutoff only,0,114,2020 Q2,2021 Q2,gdp_growth,4,NA,MIDAS (trend),2021-06-30,1-year ahead,11.771812260042935,NA
Cutoff only,0,114,2020 Q2,2021 Q2,gdp_growth,4,NA,MIDAS,2021-06-30,1-year ahead,11.771812260042935,NA
Cutoff only,0,114,2020 Q2,2021 Q2,gdp_growth,4,1.185680629687071,AR(2),2021-06-30,1-year ahead,11.771812260042935,-10.586131630355865
Cutoff only,0,114,2020 Q2,2021 Q2,gdp_growth,4,-28.770990540731766,RW-trend,2021-06-30,1-year ahead,11.771812260042935,-40.5428028007747
Cutoff only,0,114,2020 Q2,2020 Q3,inflation,1,-2.721379627633974,MF-VAR,2020-09-30,1-step ahead,0.39094669766832624,-3.1123263253023
Cutoff only,0,114,2020 Q2,2020 Q3,inflation,1,NA,MIDAS (trend),2020-09-30,1-step ahead,0.39094669766832624,NA
Cutoff only,0,114,2020 Q2,2020 Q3,inflation,1,NA,MIDAS,2020-09-30,1-step ahead,0.39094669766832624,NA
Cutoff only,0,114,2020 Q2,2020 Q3,inflation,1,-1.1405169628564065,AR(2),2020-09-30,1-step ahead,0.39094669766832624,-1.5314636605247327
Cutoff only,0,114,2020 Q2,2020 Q3,inflation,1,-2.7133261493258263,RW-trend,2020-09-30,1-step ahead,0.39094669766832624,-3.1042728469941525
Cutoff only,0,114,2020 Q2,2020 Q4,inflation,2,1.6556327809258446,MF-VAR,2020-12-31,Other,0.17231238982731156,1.483320391098533
Cutoff only,0,114,2020 Q2,2020 Q4,inflation,2,NA,MIDAS (trend),2020-12-31,Other,0.17231238982731156,NA
Cutoff only,0,114,2020 Q2,2020 Q4,inflation,2,NA,MIDAS,2020-12-31,Other,0.17231238982731156,NA
Cutoff only,0,114,2020 Q2,2020 Q4,inflation,2,-0.5064626101937896,AR(2),2020-12-31,Other,0.17231238982731156,-0.6787750000211011
Cutoff only,0,114,2020 Q2,2020 Q4,inflation,2,-2.7721814853602984,RW-trend,2020-12-31,Other,0.17231238982731156,-2.94449387518761
Cutoff only,0,114,2020 Q2,2021 Q1,inflation,3,1.302599495163179,MF-VAR,2021-03-31,Other,0.2776485073894719,1.024950987773707
Cutoff only,0,114,2020 Q2,2021 Q1,inflation,3,NA,MIDAS (trend),2021-03-31,Other,0.2776485073894719,NA
Cutoff only,0,114,2020 Q2,2021 Q1,inflation,3,NA,MIDAS,2021-03-31,Other,0.2776485073894719,NA
Cutoff only,0,114,2020 Q2,2021 Q1,inflation,3,-0.1538041573700466,AR(2),2021-03-31,Other,0.2776485073894719,-0.4314526647595185
Cutoff only,0,114,2020 Q2,2021 Q1,inflation,3,-2.831036821394771,RW-trend,2021-03-31,Other,0.2776485073894719,-3.108685328784243
Cutoff only,0,114,2020 Q2,2021 Q2,inflation,4,0.7445194995632678,MF-VAR,2021-06-30,1-year ahead,1.0912758993917748,-0.34675639982850703
Cutoff only,0,114,2020 Q2,2021 Q2,inflation,4,NA,MIDAS (trend),2021-06-30,1-year ahead,1.0912758993917748,NA
Cutoff only,0,114,2020 Q2,2021 Q2,inflation,4,NA,MIDAS,2021-06-30,1-year ahead,1.0912758993917748,NA
Cutoff only,0,114,2020 Q2,2021 Q2,inflation,4,0.03025666288503487,AR(2),2021-06-30,1-year ahead,1.0912758993917748,-1.06101923650674
Cutoff only,0,114,2020 Q2,2021 Q2,inflation,4,-2.889892157429243,RW-trend,2021-06-30,1-year ahead,1.0912758993917748,-3.981168056821018
Cutoff only,0,115,2020 Q3,2020 Q4,exch_rate,1,0.07041953884986277,MF-VAR,2020-12-31,1-step ahead,0.07496664276390097,-0.004547103914038203
Cutoff only,0,115,2020 Q3,2020 Q4,exch_rate,1,NA,MIDAS (trend),2020-12-31,1-step ahead,0.07496664276390097,NA
Cutoff only,0,115,2020 Q3,2020 Q4,exch_rate,1,NA,MIDAS,2020-12-31,1-step ahead,0.07496664276390097,NA
Cutoff only,0,115,2020 Q3,2020 Q4,exch_rate,1,0.07524875470541631,AR(2),2020-12-31,1-step ahead,0.07496664276390097,2.8211194151533947e-4
Cutoff only,0,115,2020 Q3,2020 Q4,exch_rate,1,0.06761526734297456,RW-trend,2020-12-31,1-step ahead,0.07496664276390097,-0.007351375420926412
Cutoff only,0,115,2020 Q3,2021 Q1,exch_rate,2,0.05790048359208541,MF-VAR,2021-03-31,Other,0.08651203736449914,-0.028611553772413728
Cutoff only,0,115,2020 Q3,2021 Q1,exch_rate,2,NA,MIDAS (trend),2021-03-31,Other,0.08651203736449914,NA
Cutoff only,0,115,2020 Q3,2021 Q1,exch_rate,2,NA,MIDAS,2021-03-31,Other,0.08651203736449914,NA
Cutoff only,0,115,2020 Q3,2021 Q1,exch_rate,2,0.07101816956068392,AR(2),2021-03-31,Other,0.08651203736449914,-0.015493867803815217
Cutoff only,0,115,2020 Q3,2021 Q1,exch_rate,2,0.06268409294509358,RW-trend,2021-03-31,Other,0.08651203736449914,-0.023827944419405556
Cutoff only,0,115,2020 Q3,2021 Q2,exch_rate,3,0.05623501841756368,MF-VAR,2021-06-30,Other,0.09350122260331158,-0.03726620418574789
Cutoff only,0,115,2020 Q3,2021 Q2,exch_rate,3,NA,MIDAS (trend),2021-06-30,Other,0.09350122260331158,NA
Cutoff only,0,115,2020 Q3,2021 Q2,exch_rate,3,NA,MIDAS,2021-06-30,Other,0.09350122260331158,NA
Cutoff only,0,115,2020 Q3,2021 Q2,exch_rate,3,0.06902706685489934,AR(2),2021-06-30,Other,0.09350122260331158,-0.024474155748412232
Cutoff only,0,115,2020 Q3,2021 Q2,exch_rate,3,0.05775291854721261,RW-trend,2021-06-30,Other,0.09350122260331158,-0.03574830405609897
Cutoff only,0,115,2020 Q3,2021 Q3,exch_rate,4,0.05037182183034893,MF-VAR,2021-09-30,1-year ahead,0.07922978993283807,-0.028857968102489133
Cutoff only,0,115,2020 Q3,2021 Q3,exch_rate,4,NA,MIDAS (trend),2021-09-30,1-year ahead,0.07922978993283807,NA
Cutoff only,0,115,2020 Q3,2021 Q3,exch_rate,4,NA,MIDAS,2021-09-30,1-year ahead,0.07922978993283807,NA
Cutoff only,0,115,2020 Q3,2021 Q3,exch_rate,4,0.05993507248316634,AR(2),2021-09-30,1-year ahead,0.07922978993283807,-0.019294717449671726
Cutoff only,0,115,2020 Q3,2021 Q3,exch_rate,4,0.052821744149331634,RW-trend,2021-09-30,1-year ahead,0.07922978993283807,-0.02640804578350643
Cutoff only,0,115,2020 Q3,2020 Q4,gdp_growth,1,26.963908016078864,MF-VAR,2020-12-31,1-step ahead,2.205063679566166,24.7588443365127
Cutoff only,0,115,2020 Q3,2020 Q4,gdp_growth,1,NA,MIDAS (trend),2020-12-31,1-step ahead,2.205063679566166,NA
Cutoff only,0,115,2020 Q3,2020 Q4,gdp_growth,1,NA,MIDAS,2020-12-31,1-step ahead,2.205063679566166,NA
Cutoff only,0,115,2020 Q3,2020 Q4,gdp_growth,1,0.6279836468454241,AR(2),2020-12-31,1-step ahead,2.205063679566166,-1.577080032720742
Cutoff only,0,115,2020 Q3,2020 Q4,gdp_growth,1,28.281619751402356,RW-trend,2020-12-31,1-step ahead,2.205063679566166,26.07655607183619
Cutoff only,0,115,2020 Q3,2021 Q1,gdp_growth,2,-3.15537965207771,MF-VAR,2021-03-31,Other,2.4318148532721295,-5.5871945053498395
Cutoff only,0,115,2020 Q3,2021 Q1,gdp_growth,2,NA,MIDAS (trend),2021-03-31,Other,2.4318148532721295,NA
Cutoff only,0,115,2020 Q3,2021 Q1,gdp_growth,2,NA,MIDAS,2021-03-31,Other,2.4318148532721295,NA
Cutoff only,0,115,2020 Q3,2021 Q1,gdp_growth,2,-0.6775981913290264,AR(2),2021-03-31,Other,2.4318148532721295,-3.109413044601156
Cutoff only,0,115,2020 Q3,2021 Q1,gdp_growth,2,28.543533704579055,RW-trend,2021-03-31,Other,2.4318148532721295,26.111718851306925
Cutoff only,0,115,2020 Q3,2021 Q2,gdp_growth,3,1.1390238505102572,MF-VAR,2021-06-30,Other,11.771812260042935,-10.632788409532678
Cutoff only,0,115,2020 Q3,2021 Q2,gdp_growth,3,NA,MIDAS (trend),2021-06-30,Other,11.771812260042935,NA
Cutoff only,0,115,2020 Q3,2021 Q2,gdp_growth,3,NA,MIDAS,2021-06-30,Other,11.771812260042935,NA
Cutoff only,0,115,2020 Q3,2021 Q2,gdp_growth,3,1.6131155632019039,AR(2),2021-06-30,Other,11.771812260042935,-10.158696696841032
Cutoff only,0,115,2020 Q3,2021 Q2,gdp_growth,3,28.805447657755753,RW-trend,2021-06-30,Other,11.771812260042935,17.033635397712818
Cutoff only,0,115,2020 Q3,2021 Q3,gdp_growth,4,3.3268738558161877,MF-VAR,2021-09-30,1-year ahead,7.528200558540021,-4.201326702723834
Cutoff only,0,115,2020 Q3,2021 Q3,gdp_growth,4,NA,MIDAS (trend),2021-09-30,1-year ahead,7.528200558540021,NA
Cutoff only,0,115,2020 Q3,2021 Q3,gdp_growth,4,NA,MIDAS,2021-09-30,1-year ahead,7.528200558540021,NA
Cutoff only,0,115,2020 Q3,2021 Q3,gdp_growth,4,2.5715967303902065,AR(2),2021-09-30,1-year ahead,7.528200558540021,-4.956603828149815
Cutoff only,0,115,2020 Q3,2021 Q3,gdp_growth,4,29.06736161093245,RW-trend,2021-09-30,1-year ahead,7.528200558540021,21.53916105239243
Cutoff only,0,115,2020 Q3,2020 Q4,inflation,1,0.41720059094311385,MF-VAR,2020-12-31,1-step ahead,0.17231238982731156,0.24488820111580228
Cutoff only,0,115,2020 Q3,2020 Q4,inflation,1,NA,MIDAS (trend),2020-12-31,1-step ahead,0.17231238982731156,NA
Cutoff only,0,115,2020 Q3,2020 Q4,inflation,1,NA,MIDAS,2020-12-31,1-step ahead,0.17231238982731156,NA
Cutoff only,0,115,2020 Q3,2020 Q4,inflation,1,0.16903218502406384,AR(2),2020-12-31,1-step ahead,0.17231238982731156,-0.003280204803247727
Cutoff only,0,115,2020 Q3,2020 Q4,inflation,1,0.3595628027576961,RW-trend,2020-12-31,1-step ahead,0.17231238982731156,0.18725041293038452
Cutoff only,0,115,2020 Q3,2021 Q1,inflation,2,-0.12216236400152036,MF-VAR,2021-03-31,Other,0.2776485073894719,-0.39981087139099225
Cutoff only,0,115,2020 Q3,2021 Q1,inflation,2,NA,MIDAS (trend),2021-03-31,Other,0.2776485073894719,NA
Cutoff only,0,115,2020 Q3,2021 Q1,inflation,2,NA,MIDAS,2021-03-31,Other,0.2776485073894719,NA
Cutoff only,0,115,2020 Q3,2021 Q1,inflation,2,0.2191622646470187,AR(2),2021-03-31,Other,0.2776485073894719,-0.058486242742453176
Cutoff only,0,115,2020 Q3,2021 Q1,inflation,2,0.32817890784706594,RW-trend,2021-03-31,Other,0.2776485073894719,0.05053040045759405
Cutoff only,0,115,2020 Q3,2021 Q2,inflation,3,-0.06552962320268046,MF-VAR,2021-06-30,Other,1.0912758993917748,-1.1568055225944553
Cutoff only,0,115,2020 Q3,2021 Q2,inflation,3,NA,MIDAS (trend),2021-06-30,Other,1.0912758993917748,NA
Cutoff only,0,115,2020 Q3,2021 Q2,inflation,3,NA,MIDAS,2021-06-30,Other,1.0912758993917748,NA
Cutoff only,0,115,2020 Q3,2021 Q2,inflation,3,0.22829852713007664,AR(2),2021-06-30,Other,1.0912758993917748,-0.8629773722616982
Cutoff only,0,115,2020 Q3,2021 Q2,inflation,3,0.2967950129364358,RW-trend,2021-06-30,Other,1.0912758993917748,-0.794480886455339
Cutoff only,0,115,2020 Q3,2021 Q3,inflation,4,0.14835701733487183,MF-VAR,2021-09-30,1-year ahead,1.6810527454161672,-1.5326957280812954
Cutoff only,0,115,2020 Q3,2021 Q3,inflation,4,NA,MIDAS (trend),2021-09-30,1-year ahead,1.6810527454161672,NA
Cutoff only,0,115,2020 Q3,2021 Q3,inflation,4,NA,MIDAS,2021-09-30,1-year ahead,1.6810527454161672,NA
Cutoff only,0,115,2020 Q3,2021 Q3,inflation,4,0.16604961264431403,AR(2),2021-09-30,1-year ahead,1.6810527454161672,-1.5150031327718532
Cutoff only,0,115,2020 Q3,2021 Q3,inflation,4,0.26541111802580564,RW-trend,2021-09-30,1-year ahead,1.6810527454161672,-1.4156416273903616
Cutoff only,0,116,2020 Q4,2021 Q1,exch_rate,1,0.06970426201254279,MF-VAR,2021-03-31,1-step ahead,0.08651203736449914,-0.01680777535195635
Cutoff only,0,116,2020 Q4,2021 Q1,exch_rate,1,NA,MIDAS (trend),2021-03-31,1-step ahead,0.08651203736449914,NA
Cutoff only,0,116,2020 Q4,2021 Q1,exch_rate,1,NA,MIDAS,2021-03-31,1-step ahead,0.08651203736449914,NA
Cutoff only,0,116,2020 Q4,2021 Q1,exch_rate,1,0.07069266577971786,AR(2),2021-03-31,1-step ahead,0.08651203736449914,-0.015819371584781278
Cutoff only,0,116,2020 Q4,2021 Q1,exch_rate,1,0.07009995411532637,RW-trend,2021-03-31,1-step ahead,0.08651203736449914,-0.016412083249172774
Cutoff only,0,116,2020 Q4,2021 Q2,exch_rate,2,0.06549371759729952,MF-VAR,2021-06-30,Other,0.09350122260331158,-0.028007505006012054
Cutoff only,0,116,2020 Q4,2021 Q2,exch_rate,2,NA,MIDAS (trend),2021-06-30,Other,0.09350122260331158,NA
Cutoff only,0,116,2020 Q4,2021 Q2,exch_rate,2,NA,MIDAS,2021-06-30,Other,0.09350122260331158,NA
Cutoff only,0,116,2020 Q4,2021 Q2,exch_rate,2,0.06870989425047012,AR(2),2021-06-30,Other,0.09350122260331158,-0.024791328352841452
Cutoff only,0,116,2020 Q4,2021 Q2,exch_rate,2,0.06523326546675176,RW-trend,2021-06-30,Other,0.09350122260331158,-0.028267957136559815
Cutoff only,0,116,2020 Q4,2021 Q3,exch_rate,3,0.056170646097733305,MF-VAR,2021-09-30,Other,0.07922978993283807,-0.02305914383510476
Cutoff only,0,116,2020 Q4,2021 Q3,exch_rate,3,NA,MIDAS (trend),2021-09-30,Other,0.07922978993283807,NA
Cutoff only,0,116,2020 Q4,2021 Q3,exch_rate,3,NA,MIDAS,2021-09-30,Other,0.07922978993283807,NA
Cutoff only,0,116,2020 Q4,2021 Q3,exch_rate,3,0.059636444542867276,AR(2),2021-09-30,Other,0.07922978993283807,-0.01959334538997079
Cutoff only,0,116,2020 Q4,2021 Q3,exch_rate,3,0.060366576818177156,RW-trend,2021-09-30,Other,0.07922978993283807,-0.01886321311466091
Cutoff only,0,116,2020 Q4,2021 Q4,exch_rate,4,0.05337837554857066,MF-VAR,2021-12-31,1-year ahead,0.05333528834149974,4.308720707092012e-5
Cutoff only,0,116,2020 Q4,2021 Q4,exch_rate,4,NA,MIDAS (trend),2021-12-31,1-year ahead,0.05333528834149974,NA
Cutoff only,0,116,2020 Q4,2021 Q4,exch_rate,4,NA,MIDAS,2021-12-31,1-year ahead,0.05333528834149974,NA
Cutoff only,0,116,2020 Q4,2021 Q4,exch_rate,4,0.05753292653368112,AR(2),2021-12-31,1-year ahead,0.05333528834149974,0.0041976381921813785
Cutoff only,0,116,2020 Q4,2021 Q4,exch_rate,4,0.05549988816960255,RW-trend,2021-12-31,1-year ahead,0.05333528834149974,0.0021645998281028117
Cutoff only,0,116,2020 Q4,2021 Q1,gdp_growth,1,2.0579608110219154,MF-VAR,2021-03-31,1-step ahead,2.4318148532721295,-0.3738540422502141
Cutoff only,0,116,2020 Q4,2021 Q1,gdp_growth,1,NA,MIDAS (trend),2021-03-31,1-step ahead,2.4318148532721295,NA
Cutoff only,0,116,2020 Q4,2021 Q1,gdp_growth,1,NA,MIDAS,2021-03-31,1-step ahead,2.4318148532721295,NA
Cutoff only,0,116,2020 Q4,2021 Q1,gdp_growth,1,-1.0610234877424047,AR(2),2021-03-31,1-step ahead,2.4318148532721295,-3.4928383410145343
Cutoff only,0,116,2020 Q4,2021 Q1,gdp_growth,1,2.238235912814477,RW-trend,2021-03-31,1-step ahead,2.4318148532721295,-0.19357894045765267
Cutoff only,0,116,2020 Q4,2021 Q2,gdp_growth,2,1.9582153569142582,MF-VAR,2021-06-30,Other,11.771812260042935,-9.813596903128676
Cutoff only,0,116,2020 Q4,2021 Q2,gdp_growth,2,NA,MIDAS (trend),2021-06-30,Other,11.771812260042935,NA
Cutoff only,0,116,2020 Q4,2021 Q2,gdp_growth,2,NA,MIDAS,2021-06-30,Other,11.771812260042935,NA
Cutoff only,0,116,2020 Q4,2021 Q2,gdp_growth,2,1.5155919107510196,AR(2),2021-06-30,Other,11.771812260042935,-10.256220349291915
Cutoff only,0,116,2020 Q4,2021 Q2,gdp_growth,2,2.2714081460627877,RW-trend,2021-06-30,Other,11.771812260042935,-9.500404113980148
Cutoff only,0,116,2020 Q4,2021 Q3,gdp_growth,3,3.0989551834564724,MF-VAR,2021-09-30,Other,7.528200558540021,-4.429245375083549
Cutoff only,0,116,2020 Q4,2021 Q3,gdp_growth,3,NA,MIDAS (trend),2021-09-30,Other,7.528200558540021,NA
Cutoff only,0,116,2020 Q4,2021 Q3,gdp_growth,3,NA,MIDAS,2021-09-30,Other,7.528200558540021,NA
Cutoff only,0,116,2020 Q4,2021 Q3,gdp_growth,3,2.6428312032338495,AR(2),2021-09-30,Other,7.528200558540021,-4.885369355306172
Cutoff only,0,116,2020 Q4,2021 Q3,gdp_growth,3,2.304580379311099,RW-trend,2021-09-30,Other,7.528200558540021,-5.223620179228922
Cutoff only,0,116,2020 Q4,2021 Q4,gdp_growth,4,1.6415492862105265,MF-VAR,2021-12-31,1-year ahead,0.5744345999069367,1.0671146863035899
Cutoff only,0,116,2020 Q4,2021 Q4,gdp_growth,4,NA,MIDAS (trend),2021-12-31,1-year ahead,0.5744345999069367,NA
Cutoff only,0,116,2020 Q4,2021 Q4,gdp_growth,4,NA,MIDAS,2021-12-31,1-year ahead,0.5744345999069367,NA
Cutoff only,0,116,2020 Q4,2021 Q4,gdp_growth,4,1.367476305080932,AR(2),2021-12-31,1-year ahead,0.5744345999069367,0.7930417051739953
Cutoff only,0,116,2020 Q4,2021 Q4,gdp_growth,4,2.33775261255941,RW-trend,2021-12-31,1-year ahead,0.5744345999069367,1.7633180126524732
Cutoff only,0,116,2020 Q4,2021 Q1,inflation,1,0.1815172605384829,MF-VAR,2021-03-31,1-step ahead,0.2776485073894719,-0.09613124685098898
Cutoff only,0,116,2020 Q4,2021 Q1,inflation,1,NA,MIDAS (trend),2021-03-31,1-step ahead,0.2776485073894719,NA
Cutoff only,0,116,2020 Q4,2021 Q1,inflation,1,NA,MIDAS,2021-03-31,1-step ahead,0.2776485073894719,NA
Cutoff only,0,116,2020 Q4,2021 Q1,inflation,1,0.2206359662752503,AR(2),2021-03-31,1-step ahead,0.2776485073894719,-0.05701254111422158
Cutoff only,0,116,2020 Q4,2021 Q1,inflation,1,0.13928594743483588,RW-trend,2021-03-31,1-step ahead,0.2776485073894719,-0.138362559954636
Cutoff only,0,116,2020 Q4,2021 Q2,inflation,2,0.15346844337367177,MF-VAR,2021-06-30,Other,1.0912758993917748,-0.9378074560181031
Cutoff only,0,116,2020 Q4,2021 Q2,inflation,2,NA,MIDAS (trend),2021-06-30,Other,1.0912758993917748,NA
Cutoff only,0,116,2020 Q4,2021 Q2,inflation,2,NA,MIDAS,2021-06-30,Other,1.0912758993917748,NA
Cutoff only,0,116,2020 Q4,2021 Q2,inflation,2,0.22881637672821,AR(2),2021-06-30,Other,1.0912758993917748,-0.8624595226635648
Cutoff only,0,116,2020 Q4,2021 Q2,inflation,2,0.10625950504236022,RW-trend,2021-06-30,Other,1.0912758993917748,-0.9850163943494146
Cutoff only,0,116,2020 Q4,2021 Q3,inflation,3,0.1558338627974488,MF-VAR,2021-09-30,Other,1.6810527454161672,-1.5252188826187185
Cutoff only,0,116,2020 Q4,2021 Q3,inflation,3,NA,MIDAS (trend),2021-09-30,Other,1.6810527454161672,NA
Cutoff only,0,116,2020 Q4,2021 Q3,inflation,3,NA,MIDAS,2021-09-30,Other,1.6810527454161672,NA
Cutoff only,0,116,2020 Q4,2021 Q3,inflation,3,0.1661015143458506,AR(2),2021-09-30,Other,1.6810527454161672,-1.5149512310703166
Cutoff only,0,116,2020 Q4,2021 Q3,inflation,3,0.07323306264988455,RW-trend,2021-09-30,Other,1.6810527454161672,-1.6078196827662827
Cutoff only,0,116,2020 Q4,2021 Q4,inflation,4,0.1997354410251109,MF-VAR,2021-12-31,1-year ahead,2.9053258054450026,-2.7055903644198915
Cutoff only,0,116,2020 Q4,2021 Q4,inflation,4,NA,MIDAS (trend),2021-12-31,1-year ahead,2.9053258054450026,NA
Cutoff only,0,116,2020 Q4,2021 Q4,inflation,4,NA,MIDAS,2021-12-31,1-year ahead,2.9053258054450026,NA
Cutoff only,0,116,2020 Q4,2021 Q4,inflation,4,0.1944582632504098,AR(2),2021-12-31,1-year ahead,2.9053258054450026,-2.7108675421945927
Cutoff only,0,116,2020 Q4,2021 Q4,inflation,4,0.04020662025740887,RW-trend,2021-12-31,1-year ahead,2.9053258054450026,-2.8651191851875937
Cutoff only,0,117,2021 Q1,2021 Q2,exch_rate,1,0.08430499062892476,MF-VAR,2021-06-30,1-step ahead,0.09350122260331158,-0.00919623197438682
Cutoff only,0,117,2021 Q1,2021 Q2,exch_rate,1,NA,MIDAS (trend),2021-06-30,1-step ahead,0.09350122260331158,NA
Cutoff only,0,117,2021 Q1,2021 Q2,exch_rate,1,NA,MIDAS,2021-06-30,1-step ahead,0.09350122260331158,NA
Cutoff only,0,117,2021 Q1,2021 Q2,exch_rate,1,0.08672570052967694,AR(2),2021-06-30,1-step ahead,0.09350122260331158,-0.006775522073634632
Cutoff only,0,117,2021 Q1,2021 Q2,exch_rate,1,0.08178806248330865,RW-trend,2021-06-30,1-step ahead,0.09350122260331158,-0.011713160120002925
Cutoff only,0,117,2021 Q1,2021 Q3,exch_rate,2,0.07794256206465175,MF-VAR,2021-09-30,Other,0.07922978993283807,-0.0012872278681863164
Cutoff only,0,117,2021 Q1,2021 Q3,exch_rate,2,NA,MIDAS (trend),2021-09-30,Other,0.07922978993283807,NA
Cutoff only,0,117,2021 Q1,2021 Q3,exch_rate,2,NA,MIDAS,2021-09-30,Other,0.07922978993283807,NA
Cutoff only,0,117,2021 Q1,2021 Q3,exch_rate,2,0.07707611204803468,AR(2),2021-09-30,Other,0.07922978993283807,-0.00215367788480339
Cutoff only,0,117,2021 Q1,2021 Q3,exch_rate,2,0.07706408760211816,RW-trend,2021-09-30,Other,0.07922978993283807,-0.0021657023307199014
Cutoff only,0,117,2021 Q1,2021 Q4,exch_rate,3,0.07250019837259854,MF-VAR,2021-12-31,Other,0.05333528834149974,0.019164910031098797
Cutoff only,0,117,2021 Q1,2021 Q4,exch_rate,3,NA,MIDAS (trend),2021-12-31,Other,0.05333528834149974,NA
Cutoff only,0,117,2021 Q1,2021 Q4,exch_rate,3,NA,MIDAS,2021-12-31,Other,0.05333528834149974,NA
Cutoff only,0,117,2021 Q1,2021 Q4,exch_rate,3,0.07388959072401691,AR(2),2021-12-31,Other,0.05333528834149974,0.020554302382517167
Cutoff only,0,117,2021 Q1,2021 Q4,exch_rate,3,0.07234011272092766,RW-trend,2021-12-31,Other,0.05333528834149974,0.019004824379427923
Cutoff only,0,117,2021 Q1,2022 Q1,exch_rate,4,0.06533101532849007,MF-VAR,2022-03-31,1-year ahead,0.03629136242387352,0.029039652904616554
Cutoff only,0,117,2021 Q1,2022 Q1,exch_rate,4,NA,MIDAS (trend),2022-03-31,1-year ahead,0.03629136242387352,NA
Cutoff only,0,117,2021 Q1,2022 Q1,exch_rate,4,NA,MIDAS,2022-03-31,1-year ahead,0.03629136242387352,NA
Cutoff only,0,117,2021 Q1,2022 Q1,exch_rate,4,0.06752127555269513,AR(2),2022-03-31,1-year ahead,0.03629136242387352,0.03122991312882161
Cutoff only,0,117,2021 Q1,2022 Q1,exch_rate,4,0.06761613783973718,RW-trend,2022-03-31,1-year ahead,0.03629136242387352,0.031324775415863655
Cutoff only,0,117,2021 Q1,2021 Q2,gdp_growth,1,2.4895521519476067,MF-VAR,2021-06-30,1-step ahead,11.771812260042935,-9.282260108095329
Cutoff only,0,117,2021 Q1,2021 Q2,gdp_growth,1,NA,MIDAS (trend),2021-06-30,1-step ahead,11.771812260042935,NA
Cutoff only,0,117,2021 Q1,2021 Q2,gdp_growth,1,NA,MIDAS,2021-06-30,1-step ahead,11.771812260042935,NA
Cutoff only,0,117,2021 Q1,2021 Q2,gdp_growth,1,1.1480135410060117,AR(2),2021-06-30,1-step ahead,11.771812260042935,-10.623798719036923
Cutoff only,0,117,2021 Q1,2021 Q2,gdp_growth,1,2.466670381654855,RW-trend,2021-06-30,1-step ahead,11.771812260042935,-9.305141878388081
Cutoff only,0,117,2021 Q1,2021 Q3,gdp_growth,2,7.805702295257278,MF-VAR,2021-09-30,Other,7.528200558540021,0.277501736717257
Cutoff only,0,117,2021 Q1,2021 Q3,gdp_growth,2,NA,MIDAS (trend),2021-09-30,Other,7.528200558540021,NA
Cutoff only,0,117,2021 Q1,2021 Q3,gdp_growth,2,NA,MIDAS,2021-09-30,Other,7.528200558540021,NA
Cutoff only,0,117,2021 Q1,2021 Q3,gdp_growth,2,2.4052051036715296,AR(2),2021-09-30,Other,7.528200558540021,-5.122995454868492
Cutoff only,0,117,2021 Q1,2021 Q3,gdp_growth,2,2.50152591003758,RW-trend,2021-09-30,Other,7.528200558540021,-5.026674648502441
Cutoff only,0,117,2021 Q1,2021 Q4,gdp_growth,3,2.1342132615158387,MF-VAR,2021-12-31,Other,0.5744345999069367,1.559778661608902
Cutoff only,0,117,2021 Q1,2021 Q4,gdp_growth,3,NA,MIDAS (trend),2021-12-31,Other,0.5744345999069367,NA
Cutoff only,0,117,2021 Q1,2021 Q4,gdp_growth,3,NA,MIDAS,2021-12-31,Other,0.5744345999069367,NA
Cutoff only,0,117,2021 Q1,2021 Q4,gdp_growth,3,1.4358260972885188,AR(2),2021-12-31,Other,0.5744345999069367,0.8613914973815822
Cutoff only,0,117,2021 Q1,2021 Q4,gdp_growth,3,2.5363814384203054,RW-trend,2021-12-31,Other,0.5744345999069367,1.9619468385133687
Cutoff only,0,117,2021 Q1,2022 Q1,gdp_growth,4,1.9331223711326198,MF-VAR,2022-03-31,1-year ahead,2.862969131881954,-0.9298467607493341
Cutoff only,0,117,2021 Q1,2022 Q1,gdp_growth,4,NA,MIDAS (trend),2022-03-31,1-year ahead,2.862969131881954,NA
Cutoff only,0,117,2021 Q1,2022 Q1,gdp_growth,4,NA,MIDAS,2022-03-31,1-year ahead,2.862969131881954,NA
Cutoff only,0,117,2021 Q1,2022 Q1,gdp_growth,4,1.2702362385143653,AR(2),2022-03-31,1-year ahead,2.862969131881954,-1.5927328933675886
Cutoff only,0,117,2021 Q1,2022 Q1,gdp_growth,4,2.571236966803031,RW-trend,2022-03-31,1-year ahead,2.862969131881954,-0.2917321650789231
Cutoff only,0,117,2021 Q1,2021 Q2,inflation,1,0.28071415281416195,MF-VAR,2021-06-30,1-step ahead,1.0912758993917748,-0.8105617465776129
Cutoff only,0,117,2021 Q1,2021 Q2,inflation,1,NA,MIDAS (trend),2021-06-30,1-step ahead,1.0912758993917748,NA
Cutoff only,0,117,2021 Q1,2021 Q2,inflation,1,NA,MIDAS,2021-06-30,1-step ahead,1.0912758993917748,NA
Cutoff only,0,117,2021 Q1,2021 Q2,inflation,1,0.25414023856536594,AR(2),2021-06-30,1-step ahead,1.0912758993917748,-0.8371356608264089
Cutoff only,0,117,2021 Q1,2021 Q2,inflation,1,0.245825217692254,RW-trend,2021-06-30,1-step ahead,1.0912758993917748,-0.8454506816995209
Cutoff only,0,117,2021 Q1,2021 Q3,inflation,2,0.8060499569772459,MF-VAR,2021-09-30,Other,1.6810527454161672,-0.8750027884389213
Cutoff only,0,117,2021 Q1,2021 Q3,inflation,2,NA,MIDAS (trend),2021-09-30,Other,1.6810527454161672,NA
Cutoff only,0,117,2021 Q1,2021 Q3,inflation,2,NA,MIDAS,2021-09-30,Other,1.6810527454161672,NA
Cutoff only,0,117,2021 Q1,2021 Q3,inflation,2,0.1802860119645002,AR(2),2021-09-30,Other,1.6810527454161672,-1.500766733451667
Cutoff only,0,117,2021 Q1,2021 Q3,inflation,2,0.2140019279950361,RW-trend,2021-09-30,Other,1.6810527454161672,-1.4670508174211312
Cutoff only,0,117,2021 Q1,2021 Q4,inflation,3,0.5618425975225806,MF-VAR,2021-12-31,Other,2.9053258054450026,-2.343483207922422
Cutoff only,0,117,2021 Q1,2021 Q4,inflation,3,NA,MIDAS (trend),2021-12-31,Other,2.9053258054450026,NA
Cutoff only,0,117,2021 Q1,2021 Q4,inflation,3,NA,MIDAS,2021-12-31,Other,2.9053258054450026,NA
Cutoff only,0,117,2021 Q1,2021 Q4,inflation,3,0.20215853460513764,AR(2),2021-12-31,Other,2.9053258054450026,-2.703167270839865
Cutoff only,0,117,2021 Q1,2021 Q4,inflation,3,0.18217863829781822,RW-trend,2021-12-31,Other,2.9053258054450026,-2.7231471671471845
Cutoff only,0,117,2021 Q1,2022 Q1,inflation,4,0.45101157203631437,MF-VAR,2022-03-31,1-year ahead,2.4487738699512818,-1.9977622979149674
Cutoff only,0,117,2021 Q1,2022 Q1,inflation,4,NA,MIDAS (trend),2022-03-31,1-year ahead,2.4487738699512818,NA
Cutoff only,0,117,2021 Q1,2022 Q1,inflation,4,NA,MIDAS,2022-03-31,1-year ahead,2.4487738699512818,NA
Cutoff only,0,117,2021 Q1,2022 Q1,inflation,4,0.20908683856407426,AR(2),2022-03-31,1-year ahead,2.4487738699512818,-2.2396870313872075
Cutoff only,0,117,2021 Q1,2022 Q1,inflation,4,0.15035534860060032,RW-trend,2022-03-31,1-year ahead,2.4487738699512818,-2.2984185213506816
Cutoff only,0,118,2021 Q2,2021 Q3,exch_rate,1,0.08436824463501291,MF-VAR,2021-09-30,1-step ahead,0.07922978993283807,0.005138454702174847
Cutoff only,0,118,2021 Q2,2021 Q3,exch_rate,1,NA,MIDAS (trend),2021-09-30,1-step ahead,0.07922978993283807,NA
Cutoff only,0,118,2021 Q2,2021 Q3,exch_rate,1,NA,MIDAS,2021-09-30,1-step ahead,0.07922978993283807,NA
Cutoff only,0,118,2021 Q2,2021 Q3,exch_rate,1,0.08481264195695945,AR(2),2021-09-30,1-step ahead,0.07922978993283807,0.005582852024121385
Cutoff only,0,118,2021 Q2,2021 Q3,exch_rate,1,0.08887822324039697,RW-trend,2021-09-30,1-step ahead,0.07922978993283807,0.009648433307558907
Cutoff only,0,118,2021 Q2,2021 Q4,exch_rate,2,0.07316157757987593,MF-VAR,2021-12-31,Other,0.05333528834149974,0.01982628923837619
Cutoff only,0,118,2021 Q2,2021 Q4,exch_rate,2,NA,MIDAS (trend),2021-12-31,Other,0.05333528834149974,NA
Cutoff only,0,118,2021 Q2,2021 Q4,exch_rate,2,NA,MIDAS,2021-12-31,Other,0.05333528834149974,NA
Cutoff only,0,118,2021 Q2,2021 Q4,exch_rate,2,0.08138050138800516,AR(2),2021-12-31,Other,0.05333528834149974,0.028045213046505424
Cutoff only,0,118,2021 Q2,2021 Q4,exch_rate,2,0.08425522387748235,RW-trend,2021-12-31,Other,0.05333528834149974,0.030919935535982615
Cutoff only,0,118,2021 Q2,2022 Q1,exch_rate,3,0.06734264795165691,MF-VAR,2022-03-31,Other,0.03629136242387352,0.03105128552778339
Cutoff only,0,118,2021 Q2,2022 Q1,exch_rate,3,NA,MIDAS (trend),2022-03-31,Other,0.03629136242387352,NA
Cutoff only,0,118,2021 Q2,2022 Q1,exch_rate,3,NA,MIDAS,2022-03-31,Other,0.03629136242387352,NA
Cutoff only,0,118,2021 Q2,2022 Q1,exch_rate,3,0.0745419391607973,AR(2),2022-03-31,Other,0.03629136242387352,0.03825057673692377
Cutoff only,0,118,2021 Q2,2022 Q1,exch_rate,3,0.07963222451456775,RW-trend,2022-03-31,Other,0.03629136242387352,0.04334086209069423
Cutoff only,0,118,2021 Q2,2022 Q2,exch_rate,4,0.06484539986903308,MF-VAR,2022-06-30,1-year ahead,0.027153709404771603,0.037691690464261476
Cutoff only,0,118,2021 Q2,2022 Q2,exch_rate,4,NA,MIDAS (trend),2022-06-30,1-year ahead,0.027153709404771603,NA
Cutoff only,0,118,2021 Q2,2022 Q2,exch_rate,4,NA,MIDAS,2022-06-30,1-year ahead,0.027153709404771603,NA
Cutoff only,0,118,2021 Q2,2022 Q2,exch_rate,4,0.07079445780685711,AR(2),2022-06-30,1-year ahead,0.027153709404771603,0.04364074840208551
Cutoff only,0,118,2021 Q2,2022 Q2,exch_rate,4,0.07500922515165315,RW-trend,2022-06-30,1-year ahead,0.027153709404771603,0.047855515746881544
Cutoff only,0,118,2021 Q2,2021 Q3,gdp_growth,1,12.908656670230785,MF-VAR,2021-09-30,1-step ahead,7.528200558540021,5.380456111690764
Cutoff only,0,118,2021 Q2,2021 Q3,gdp_growth,1,NA,MIDAS (trend),2021-09-30,1-step ahead,7.528200558540021,NA
Cutoff only,0,118,2021 Q2,2021 Q3,gdp_growth,1,NA,MIDAS,2021-09-30,1-step ahead,7.528200558540021,NA
Cutoff only,0,118,2021 Q2,2021 Q3,gdp_growth,1,1.4602368412271787,AR(2),2021-09-30,1-step ahead,7.528200558540021,-6.067963717312843
Cutoff only,0,118,2021 Q2,2021 Q3,gdp_growth,1,11.886884528756593,RW-trend,2021-09-30,1-step ahead,7.528200558540021,4.358683970216571
Cutoff only,0,118,2021 Q2,2021 Q4,gdp_growth,2,-0.6980967007850784,MF-VAR,2021-12-31,Other,0.5744345999069367,-1.2725313006920151
Cutoff only,0,118,2021 Q2,2021 Q4,gdp_growth,2,NA,MIDAS (trend),2021-12-31,Other,0.5744345999069367,NA
Cutoff only,0,118,2021 Q2,2021 Q4,gdp_growth,2,NA,MIDAS,2021-12-31,Other,0.5744345999069367,NA
Cutoff only,0,118,2021 Q2,2021 Q4,gdp_growth,2,0.9267892958731351,AR(2),2021-12-31,Other,0.5744345999069367,0.3523546959661984
Cutoff only,0,118,2021 Q2,2021 Q4,gdp_growth,2,12.00195679747025,RW-trend,2021-12-31,Other,0.5744345999069367,11.427522197563313
Cutoff only,0,118,2021 Q2,2022 Q1,gdp_growth,3,2.564253441720873,MF-VAR,2022-03-31,Other,2.862969131881954,-0.2987156901610808
Cutoff only,0,118,2021 Q2,2022 Q1,gdp_growth,3,NA,MIDAS (trend),2022-03-31,Other,2.862969131881954,NA
Cutoff only,0,118,2021 Q2,2022 Q1,gdp_growth,3,NA,MIDAS,2022-03-31,Other,2.862969131881954,NA
Cutoff only,0,118,2021 Q2,2022 Q1,gdp_growth,3,1.4872414894062236,AR(2),2022-03-31,Other,2.862969131881954,-1.3757276424757303
Cutoff only,0,118,2021 Q2,2022 Q1,gdp_growth,3,12.117029066183907,RW-trend,2022-03-31,Other,2.862969131881954,9.254059934301953
Cutoff only,0,118,2021 Q2,2022 Q2,gdp_growth,4,2.4911201765682356,MF-VAR,2022-06-30,1-year ahead,4.56849934844854,-2.0773791718803047
Cutoff only,0,118,2021 Q2,2022 Q2,gdp_growth,4,NA,MIDAS (trend),2022-06-30,1-year ahead,4.56849934844854,NA
Cutoff only,0,118,2021 Q2,2022 Q2,gdp_growth,4,NA,MIDAS,2022-06-30,1-year ahead,4.56849934844854,NA
Cutoff only,0,118,2021 Q2,2022 Q2,gdp_growth,4,1.4399854667489946,AR(2),2022-06-30,1-year ahead,4.56849934844854,-3.1285138816995457
Cutoff only,0,118,2021 Q2,2022 Q2,gdp_growth,4,12.232101334897564,RW-trend,2022-06-30,1-year ahead,4.56849934844854,7.663601986449024
Cutoff only,0,118,2021 Q2,2021 Q3,inflation,1,1.024367085049155,MF-VAR,2021-09-30,1-step ahead,1.6810527454161672,-0.6566856603670121
Cutoff only,0,118,2021 Q2,2021 Q3,inflation,1,NA,MIDAS (trend),2021-09-30,1-step ahead,1.6810527454161672,NA
Cutoff only,0,118,2021 Q2,2021 Q3,inflation,1,NA,MIDAS,2021-09-30,1-step ahead,1.6810527454161672,NA
Cutoff only,0,118,2021 Q2,2021 Q3,inflation,1,0.5517287035998188,AR(2),2021-09-30,1-step ahead,1.6810527454161672,-1.1293240418163484
Cutoff only,0,118,2021 Q2,2021 Q3,inflation,1,1.0667409776402426,RW-trend,2021-09-30,1-step ahead,1.6810527454161672,-0.6143117677759247
Cutoff only,0,118,2021 Q2,2021 Q4,inflation,2,0.23544600607304242,MF-VAR,2021-12-31,Other,2.9053258054450026,-2.66987979937196
Cutoff only,0,118,2021 Q2,2021 Q4,inflation,2,NA,MIDAS (trend),2021-12-31,Other,2.9053258054450026,NA
Cutoff only,0,118,2021 Q2,2021 Q4,inflation,2,NA,MIDAS,2021-12-31,Other,2.9053258054450026,NA
Cutoff only,0,118,2021 Q2,2021 Q4,inflation,2,0.4108664019699169,AR(2),2021-12-31,Other,2.9053258054450026,-2.4944594034750858
Cutoff only,0,118,2021 Q2,2021 Q4,inflation,2,1.0422060558887103,RW-trend,2021-12-31,Other,2.9053258054450026,-1.8631197495562923
Cutoff only,0,118,2021 Q2,2022 Q1,inflation,3,0.39557190731701036,MF-VAR,2022-03-31,Other,2.4487738699512818,-2.0532019626342715
Cutoff only,0,118,2021 Q2,2022 Q1,inflation,3,NA,MIDAS (trend),2022-03-31,Other,2.4487738699512818,NA
Cutoff only,0,118,2021 Q2,2022 Q1,inflation,3,NA,MIDAS,2022-03-31,Other,2.4487738699512818,NA
Cutoff only,0,118,2021 Q2,2022 Q1,inflation,3,0.3230460749337795,AR(2),2022-03-31,Other,2.4487738699512818,-2.1257277950175024
Cutoff only,0,118,2021 Q2,2022 Q1,inflation,3,1.017671134137178,RW-trend,2022-03-31,Other,2.4487738699512818,-1.4311027358141037
Cutoff only,0,118,2021 Q2,2022 Q2,inflation,4,0.38869184602510726,MF-VAR,2022-06-30,1-year ahead,4.516735213599077,-4.128043367573969
Cutoff only,0,118,2021 Q2,2022 Q2,inflation,4,NA,MIDAS (trend),2022-06-30,1-year ahead,4.516735213599077,NA
Cutoff only,0,118,2021 Q2,2022 Q2,inflation,4,NA,MIDAS,2022-06-30,1-year ahead,4.516735213599077,NA
Cutoff only,0,118,2021 Q2,2022 Q2,inflation,4,0.2751411953960465,AR(2),2022-06-30,1-year ahead,4.516735213599077,-4.24159401820303
Cutoff only,0,118,2021 Q2,2022 Q2,inflation,4,0.9931362123856456,RW-trend,2022-06-30,1-year ahead,4.516735213599077,-3.523599001213431
Cutoff only,0,119,2021 Q3,2021 Q4,exch_rate,1,0.07710288704184519,MF-VAR,2021-12-31,1-step ahead,0.05333528834149974,0.02376759870034545
Cutoff only,0,119,2021 Q3,2021 Q4,exch_rate,1,NA,MIDAS (trend),2021-12-31,1-step ahead,0.05333528834149974,NA
Cutoff only,0,119,2021 Q3,2021 Q4,exch_rate,1,NA,MIDAS,2021-12-31,1-step ahead,0.05333528834149974,NA
Cutoff only,0,119,2021 Q3,2021 Q4,exch_rate,1,0.07499455133892863,AR(2),2021-12-31,1-step ahead,0.05333528834149974,0.021659262997428888
Cutoff only,0,119,2021 Q3,2021 Q4,exch_rate,1,0.07452432532797851,RW-trend,2021-12-31,1-step ahead,0.05333528834149974,0.021189036986478768
Cutoff only,0,119,2021 Q3,2022 Q1,exch_rate,2,0.06513718728538079,MF-VAR,2022-03-31,Other,0.03629136242387352,0.028845824861507267
Cutoff only,0,119,2021 Q3,2022 Q1,exch_rate,2,NA,MIDAS (trend),2022-03-31,Other,0.03629136242387352,NA
Cutoff only,0,119,2021 Q3,2022 Q1,exch_rate,2,NA,MIDAS,2022-03-31,Other,0.03629136242387352,NA
Cutoff only,0,119,2021 Q3,2022 Q1,exch_rate,2,0.0683563966317221,AR(2),2022-03-31,Other,0.03629136242387352,0.032065034207848585
Cutoff only,0,119,2021 Q3,2022 Q1,exch_rate,2,0.06981886072311896,RW-trend,2022-03-31,Other,0.03629136242387352,0.033527498299245444
Cutoff only,0,119,2021 Q3,2022 Q2,exch_rate,3,0.060869640476363465,MF-VAR,2022-06-30,Other,0.027153709404771603,0.03371593107159186
Cutoff only,0,119,2021 Q3,2022 Q2,exch_rate,3,NA,MIDAS (trend),2022-06-30,Other,0.027153709404771603,NA
Cutoff only,0,119,2021 Q3,2022 Q2,exch_rate,3,NA,MIDAS,2022-06-30,Other,0.027153709404771603,NA
Cutoff only,0,119,2021 Q3,2022 Q2,exch_rate,3,0.06499967344046262,AR(2),2022-06-30,Other,0.027153709404771603,0.037845964035691015
Cutoff only,0,119,2021 Q3,2022 Q2,exch_rate,3,0.0651133961182594,RW-trend,2022-06-30,Other,0.027153709404771603,0.0379596867134878
Cutoff only,0,119,2021 Q3,2022 Q3,exch_rate,4,0.048451829362684364,MF-VAR,2022-09-30,1-year ahead,-0.026739916121992047,0.07519174548467641
Cutoff only,0,119,2021 Q3,2022 Q3,exch_rate,4,NA,MIDAS (trend),2022-09-30,1-year ahead,-0.026739916121992047,NA
Cutoff only,0,119,2021 Q3,2022 Q3,exch_rate,4,NA,MIDAS,2022-09-30,1-year ahead,-0.026739916121992047,NA
Cutoff only,0,119,2021 Q3,2022 Q3,exch_rate,4,0.05482781832492634,AR(2),2022-09-30,1-year ahead,-0.026739916121992047,0.0815677344469184
Cutoff only,0,119,2021 Q3,2022 Q3,exch_rate,4,0.060407931513399855,RW-trend,2022-09-30,1-year ahead,-0.026739916121992047,0.0871478476353919
Cutoff only,0,119,2021 Q3,2021 Q4,gdp_growth,1,6.47240277639323,MF-VAR,2021-12-31,1-step ahead,0.5744345999069367,5.897968176486294
Cutoff only,0,119,2021 Q3,2021 Q4,gdp_growth,1,NA,MIDAS (trend),2021-12-31,1-step ahead,0.5744345999069367,NA
Cutoff only,0,119,2021 Q3,2021 Q4,gdp_growth,1,NA,MIDAS,2021-12-31,1-step ahead,0.5744345999069367,NA
Cutoff only,0,119,2021 Q3,2021 Q4,gdp_growth,1,0.5600820089361285,AR(2),2021-12-31,1-step ahead,0.5744345999069367,-0.01435259097080821
Cutoff only,0,119,2021 Q3,2021 Q4,gdp_growth,1,7.606019118106528,RW-trend,2021-12-31,1-step ahead,0.5744345999069367,7.031584518199591
Cutoff only,0,119,2021 Q3,2022 Q1,gdp_growth,2,1.2964697513910481,MF-VAR,2022-03-31,Other,2.862969131881954,-1.5664993804909058
Cutoff only,0,119,2021 Q3,2022 Q1,gdp_growth,2,NA,MIDAS (trend),2022-03-31,Other,2.862969131881954,NA
Cutoff only,0,119,2021 Q3,2022 Q1,gdp_growth,2,NA,MIDAS,2022-03-31,Other,2.862969131881954,NA
Cutoff only,0,119,2021 Q3,2022 Q1,gdp_growth,2,1.1793851538844855,AR(2),2022-03-31,Other,2.862969131881954,-1.6835839779974684
Cutoff only,0,119,2021 Q3,2022 Q1,gdp_growth,2,7.683837677673035,RW-trend,2022-03-31,Other,2.862969131881954,4.820868545791081
Cutoff only,0,119,2021 Q3,2022 Q2,gdp_growth,3,1.8980022281124964,MF-VAR,2022-06-30,Other,4.56849934844854,-2.670497120336044
Cutoff only,0,119,2021 Q3,2022 Q2,gdp_growth,3,NA,MIDAS (trend),2022-06-30,Other,4.56849934844854,NA
Cutoff only,0,119,2021 Q3,2022 Q2,gdp_growth,3,NA,MIDAS,2022-06-30,Other,4.56849934844854,NA
Cutoff only,0,119,2021 Q3,2022 Q2,gdp_growth,3,1.5321289879572557,AR(2),2022-06-30,Other,4.56849934844854,-3.0363703604912846
Cutoff only,0,119,2021 Q3,2022 Q2,gdp_growth,3,7.761656237239542,RW-trend,2022-06-30,Other,4.56849934844854,3.193156888791002
Cutoff only,0,119,2021 Q3,2022 Q3,gdp_growth,4,3.0384827963100687,MF-VAR,2022-09-30,1-year ahead,-1.4984497864681146,4.536932582778183
Cutoff only,0,119,2021 Q3,2022 Q3,gdp_growth,4,NA,MIDAS (trend),2022-09-30,1-year ahead,-1.4984497864681146,NA
Cutoff only,0,119,2021 Q3,2022 Q3,gdp_growth,4,NA,MIDAS,2022-09-30,1-year ahead,-1.4984497864681146,NA
Cutoff only,0,119,2021 Q3,2022 Q3,gdp_growth,4,2.601023994593188,AR(2),2022-09-30,1-year ahead,-1.4984497864681146,4.0994737810613024
Cutoff only,0,119,2021 Q3,2022 Q3,gdp_growth,4,7.839474796806049,RW-trend,2022-09-30,1-year ahead,-1.4984497864681146,9.337924583274162
Cutoff only,0,119,2021 Q3,2021 Q4,inflation,1,1.7073066386909548,MF-VAR,2021-12-31,1-step ahead,2.9053258054450026,-1.1980191667540478
Cutoff only,0,119,2021 Q3,2021 Q4,inflation,1,NA,MIDAS (trend),2021-12-31,1-step ahead,2.9053258054450026,NA
Cutoff only,0,119,2021 Q3,2021 Q4,inflation,1,NA,MIDAS,2021-12-31,1-step ahead,2.9053258054450026,NA
Cutoff only,0,119,2021 Q3,2021 Q4,inflation,1,0.9149101340323439,AR(2),2021-12-31,1-step ahead,2.9053258054450026,-1.9904156714126588
Cutoff only,0,119,2021 Q3,2021 Q4,inflation,1,1.6617683515943436,RW-trend,2021-12-31,1-step ahead,2.9053258054450026,-1.243557453850659
Cutoff only,0,119,2021 Q3,2022 Q1,inflation,2,0.8275589720976684,MF-VAR,2022-03-31,Other,2.4487738699512818,-1.6212148978536134
Cutoff only,0,119,2021 Q3,2022 Q1,inflation,2,NA,MIDAS (trend),2022-03-31,Other,2.4487738699512818,NA
Cutoff only,0,119,2021 Q3,2022 Q1,inflation,2,NA,MIDAS,2022-03-31,Other,2.4487738699512818,NA
Cutoff only,0,119,2021 Q3,2022 Q1,inflation,2,0.6026654961417088,AR(2),2022-03-31,Other,2.4487738699512818,-1.846108373809573
Cutoff only,0,119,2021 Q3,2022 Q1,inflation,2,1.6424839577725199,RW-trend,2022-03-31,Other,2.4487738699512818,-0.8062899121787619
Cutoff only,0,119,2021 Q3,2022 Q2,inflation,3,0.5911544552010923,MF-VAR,2022-06-30,Other,4.516735213599077,-3.9255807583979845
Cutoff only,0,119,2021 Q3,2022 Q2,inflation,3,NA,MIDAS (trend),2022-06-30,Other,4.516735213599077,NA
Cutoff only,0,119,2021 Q3,2022 Q2,inflation,3,NA,MIDAS,2022-06-30,Other,4.516735213599077,NA
Cutoff only,0,119,2021 Q3,2022 Q2,inflation,3,0.42763225691001333,AR(2),2022-06-30,Other,4.516735213599077,-4.0891029566890635
Cutoff only,0,119,2021 Q3,2022 Q2,inflation,3,1.6231995639506964,RW-trend,2022-06-30,Other,4.516735213599077,-2.8935356496483804
Cutoff only,0,119,2021 Q3,2022 Q3,inflation,4,0.37522384188581537,MF-VAR,2022-09-30,1-year ahead,3.320870259523545,-2.9456464176377297
Cutoff only,0,119,2021 Q3,2022 Q3,inflation,4,NA,MIDAS (trend),2022-09-30,1-year ahead,3.320870259523545,NA
Cutoff only,0,119,2021 Q3,2022 Q3,inflation,4,NA,MIDAS,2022-09-30,1-year ahead,3.320870259523545,NA
Cutoff only,0,119,2021 Q3,2022 Q3,inflation,4,0.26734458126947047,AR(2),2022-09-30,1-year ahead,3.320870259523545,-3.0535256782540747
Cutoff only,0,119,2021 Q3,2022 Q3,inflation,4,1.6039151701288727,RW-trend,2022-09-30,1-year ahead,3.320870259523545,-1.7169550893946723
Cutoff only,0,120,2021 Q4,2022 Q1,exch_rate,1,0.04807290759014156,MF-VAR,2022-03-31,1-step ahead,0.03629136242387352,0.011781545166268038
Cutoff only,0,120,2021 Q4,2022 Q1,exch_rate,1,NA,MIDAS (trend),2022-03-31,1-step ahead,0.03629136242387352,NA
Cutoff only,0,120,2021 Q4,2022 Q1,exch_rate,1,NA,MIDAS,2022-03-31,1-step ahead,0.03629136242387352,NA
Cutoff only,0,120,2021 Q4,2022 Q1,exch_rate,1,0.04358886816264484,AR(2),2022-03-31,1-step ahead,0.03629136242387352,0.007297505738771318
Cutoff only,0,120,2021 Q4,2022 Q1,exch_rate,1,0.04845025562658528,RW-trend,2022-03-31,1-step ahead,0.03629136242387352,0.012158893202711761
Cutoff only,0,120,2021 Q4,2022 Q2,exch_rate,2,0.0378258889810722,MF-VAR,2022-06-30,Other,0.027153709404771603,0.010672179576300594
Cutoff only,0,120,2021 Q4,2022 Q2,exch_rate,2,NA,MIDAS (trend),2022-06-30,Other,0.027153709404771603,NA
Cutoff only,0,120,2021 Q4,2022 Q2,exch_rate,2,NA,MIDAS,2022-06-30,Other,0.027153709404771603,NA
Cutoff only,0,120,2021 Q4,2022 Q2,exch_rate,2,0.041012753960604637,AR(2),2022-06-30,Other,0.027153709404771603,0.013859044555833033
Cutoff only,0,120,2021 Q4,2022 Q2,exch_rate,2,0.04356522291167082,RW-trend,2022-06-30,Other,0.027153709404771603,0.01641151350689922
Cutoff only,0,120,2021 Q4,2022 Q3,exch_rate,3,0.023152208980001185,MF-VAR,2022-09-30,Other,-0.026739916121992047,0.04989212510199323
Cutoff only,0,120,2021 Q4,2022 Q3,exch_rate,3,NA,MIDAS (trend),2022-09-30,Other,-0.026739916121992047,NA
Cutoff only,0,120,2021 Q4,2022 Q3,exch_rate,3,NA,MIDAS,2022-09-30,Other,-0.026739916121992047,NA
Cutoff only,0,120,2021 Q4,2022 Q3,exch_rate,3,0.0323554913810646,AR(2),2022-09-30,Other,-0.026739916121992047,0.05909540750305664
Cutoff only,0,120,2021 Q4,2022 Q3,exch_rate,3,0.03868019019675637,RW-trend,2022-09-30,Other,-0.026739916121992047,0.06542010631874842
Cutoff only,0,120,2021 Q4,2022 Q4,exch_rate,4,0.02189445108473345,MF-VAR,2022-12-31,1-year ahead,-0.01686369046465063,0.03875814154938408
Cutoff only,0,120,2021 Q4,2022 Q4,exch_rate,4,NA,MIDAS (trend),2022-12-31,1-year ahead,-0.01686369046465063,NA
Cutoff only,0,120,2021 Q4,2022 Q4,exch_rate,4,NA,MIDAS,2022-12-31,1-year ahead,-0.01686369046465063,NA
Cutoff only,0,120,2021 Q4,2022 Q4,exch_rate,4,0.030846469628589068,AR(2),2022-12-31,1-year ahead,-0.01686369046465063,0.047710160093239695
Cutoff only,0,120,2021 Q4,2022 Q4,exch_rate,4,0.03379515748184191,RW-trend,2022-12-31,1-year ahead,-0.01686369046465063,0.050658847946492544
Cutoff only,0,120,2021 Q4,2022 Q1,gdp_growth,1,0.4273317313626861,MF-VAR,2022-03-31,1-step ahead,2.862969131881954,-2.435637400519268
Cutoff only,0,120,2021 Q4,2022 Q1,gdp_growth,1,NA,MIDAS (trend),2022-03-31,1-step ahead,2.862969131881954,NA
Cutoff only,0,120,2021 Q4,2022 Q1,gdp_growth,1,NA,MIDAS,2022-03-31,1-step ahead,2.862969131881954,NA
Cutoff only,0,120,2021 Q4,2022 Q1,gdp_growth,1,1.1495286847137742,AR(2),2022-03-31,1-step ahead,2.862969131881954,-1.7134404471681797
Cutoff only,0,120,2021 Q4,2022 Q1,gdp_growth,1,0.5926634601666673,RW-trend,2022-03-31,1-step ahead,2.862969131881954,-2.2703056717152865
Cutoff only,0,120,2021 Q4,2022 Q2,gdp_growth,2,0.08113133997708044,MF-VAR,2022-06-30,Other,4.56849934844854,-4.48736800847146
Cutoff only,0,120,2021 Q4,2022 Q2,gdp_growth,2,NA,MIDAS (trend),2022-06-30,Other,4.56849934844854,NA
Cutoff only,0,120,2021 Q4,2022 Q2,gdp_growth,2,NA,MIDAS,2022-06-30,Other,4.56849934844854,NA
Cutoff only,0,120,2021 Q4,2022 Q2,gdp_growth,2,1.5290842853944464,AR(2),2022-06-30,Other,4.56849934844854,-3.039415063054094
Cutoff only,0,120,2021 Q4,2022 Q2,gdp_growth,2,0.610892320426398,RW-trend,2022-06-30,Other,4.56849934844854,-3.9576070280221423
Cutoff only,0,120,2021 Q4,2022 Q3,gdp_growth,3,2.1813362348044096,MF-VAR,2022-09-30,Other,-1.4984497864681146,3.679786021272524
Cutoff only,0,120,2021 Q4,2022 Q3,gdp_growth,3,NA,MIDAS (trend),2022-09-30,Other,-1.4984497864681146,NA
Cutoff only,0,120,2021 Q4,2022 Q3,gdp_growth,3,NA,MIDAS,2022-09-30,Other,-1.4984497864681146,NA
Cutoff only,0,120,2021 Q4,2022 Q3,gdp_growth,3,2.5946416346549572,AR(2),2022-09-30,Other,-1.4984497864681146,4.093091421123072
Cutoff only,0,120,2021 Q4,2022 Q3,gdp_growth,3,0.6291211806861285,RW-trend,2022-09-30,Other,-1.4984497864681146,2.1275709671542433
Cutoff only,0,120,2021 Q4,2022 Q4,gdp_growth,4,1.328206636965434,MF-VAR,2022-12-31,1-year ahead,-0.0032996058919820825,1.331506242857416
Cutoff only,0,120,2021 Q4,2022 Q4,gdp_growth,4,NA,MIDAS (trend),2022-12-31,1-year ahead,-0.0032996058919820825,NA
Cutoff only,0,120,2021 Q4,2022 Q4,gdp_growth,4,NA,MIDAS,2022-12-31,1-year ahead,-0.0032996058919820825,NA
Cutoff only,0,120,2021 Q4,2022 Q4,gdp_growth,4,1.5237615680307137,AR(2),2022-12-31,1-year ahead,-0.0032996058919820825,1.5270611739226958
Cutoff only,0,120,2021 Q4,2022 Q4,gdp_growth,4,0.6473500409458592,RW-trend,2022-12-31,1-year ahead,-0.0032996058919820825,0.6506496468378413
Cutoff only,0,120,2021 Q4,2022 Q1,inflation,1,2.9145306761561742,MF-VAR,2022-03-31,1-step ahead,2.4487738699512818,0.46575680620489246
Cutoff only,0,120,2021 Q4,2022 Q1,inflation,1,NA,MIDAS (trend),2022-03-31,1-step ahead,2.4487738699512818,NA
Cutoff only,0,120,2021 Q4,2022 Q1,inflation,1,NA,MIDAS,2022-03-31,1-step ahead,2.4487738699512818,NA
Cutoff only,0,120,2021 Q4,2022 Q1,inflation,1,1.5060512554413403,AR(2),2022-03-31,1-step ahead,2.4487738699512818,-0.9427226145099414
Cutoff only,0,120,2021 Q4,2022 Q1,inflation,1,2.896580034113439,RW-trend,2022-03-31,1-step ahead,2.4487738699512818,0.4478061641621571
Cutoff only,0,120,2021 Q4,2022 Q2,inflation,2,1.2545906255166037,MF-VAR,2022-06-30,Other,4.516735213599077,-3.262144588082473
Cutoff only,0,120,2021 Q4,2022 Q2,inflation,2,NA,MIDAS (trend),2022-06-30,Other,4.516735213599077,NA
Cutoff only,0,120,2021 Q4,2022 Q2,inflation,2,NA,MIDAS,2022-06-30,Other,4.516735213599077,NA
Cutoff only,0,120,2021 Q4,2022 Q2,inflation,2,0.9325496606054886,AR(2),2022-06-30,Other,4.516735213599077,-3.5841855529935884
Cutoff only,0,120,2021 Q4,2022 Q2,inflation,2,2.8878342627818747,RW-trend,2022-06-30,Other,4.516735213599077,-1.628900950817202
Cutoff only,0,120,2021 Q4,2022 Q3,inflation,3,0.6394105995717432,MF-VAR,2022-09-30,Other,3.320870259523545,-2.681459659951802
Cutoff only,0,120,2021 Q4,2022 Q3,inflation,3,NA,MIDAS (trend),2022-09-30,Other,3.320870259523545,NA
Cutoff only,0,120,2021 Q4,2022 Q3,inflation,3,NA,MIDAS,2022-09-30,Other,3.320870259523545,NA
Cutoff only,0,120,2021 Q4,2022 Q3,inflation,3,0.5452900938988141,AR(2),2022-09-30,Other,3.320870259523545,-2.775580165624731
Cutoff only,0,120,2021 Q4,2022 Q3,inflation,3,2.879088491450311,RW-trend,2022-09-30,Other,3.320870259523545,-0.4417817680732341
Cutoff only,0,120,2021 Q4,2022 Q4,inflation,4,0.3370044658884367,MF-VAR,2022-12-31,1-year ahead,1.4337160386958203,-1.0967115728073837
Cutoff only,0,120,2021 Q4,2022 Q4,inflation,4,NA,MIDAS (trend),2022-12-31,1-year ahead,1.4337160386958203,NA
Cutoff only,0,120,2021 Q4,2022 Q4,inflation,4,NA,MIDAS,2022-12-31,1-year ahead,1.4337160386958203,NA
Cutoff only,0,120,2021 Q4,2022 Q4,inflation,4,0.4027004458458341,AR(2),2022-12-31,1-year ahead,1.4337160386958203,-1.0310155928499862
Cutoff only,0,120,2021 Q4,2022 Q4,inflation,4,2.8703427201187472,RW-trend,2022-12-31,1-year ahead,1.4337160386958203,1.436626681422927
Cutoff only,0,121,2022 Q1,2022 Q2,exch_rate,1,0.03408431568829924,MF-VAR,2022-06-30,1-step ahead,0.027153709404771603,0.006930606283527638
Cutoff only,0,121,2022 Q1,2022 Q2,exch_rate,1,NA,MIDAS (trend),2022-06-30,1-step ahead,0.027153709404771603,NA
Cutoff only,0,121,2022 Q1,2022 Q2,exch_rate,1,NA,MIDAS,2022-06-30,1-step ahead,0.027153709404771603,NA
Cutoff only,0,121,2022 Q1,2022 Q2,exch_rate,1,0.03263918940967304,AR(2),2022-06-30,1-step ahead,0.027153709404771603,0.005485480004901434
Cutoff only,0,121,2022 Q1,2022 Q2,exch_rate,1,0.03130415413582703,RW-trend,2022-06-30,1-step ahead,0.027153709404771603,0.004150444731055428
Cutoff only,0,121,2022 Q1,2022 Q3,exch_rate,2,0.017277659681100527,MF-VAR,2022-09-30,Other,-0.026739916121992047,0.044017575803092575
Cutoff only,0,121,2022 Q1,2022 Q3,exch_rate,2,NA,MIDAS (trend),2022-09-30,Other,-0.026739916121992047,NA
Cutoff only,0,121,2022 Q1,2022 Q3,exch_rate,2,NA,MIDAS,2022-09-30,Other,-0.026739916121992047,NA
Cutoff only,0,121,2022 Q1,2022 Q3,exch_rate,2,0.0242382425567729,AR(2),2022-09-30,Other,-0.026739916121992047,0.05097815867876494
Cutoff only,0,121,2022 Q1,2022 Q3,exch_rate,2,0.02631694584778054,RW-trend,2022-09-30,Other,-0.026739916121992047,0.05305686196977259
Cutoff only,0,121,2022 Q1,2022 Q4,exch_rate,3,0.012624316488150196,MF-VAR,2022-12-31,Other,-0.01686369046465063,0.02948800695280083
Cutoff only,0,121,2022 Q1,2022 Q4,exch_rate,3,NA,MIDAS (trend),2022-12-31,Other,-0.01686369046465063,NA
Cutoff only,0,121,2022 Q1,2022 Q4,exch_rate,3,NA,MIDAS,2022-12-31,Other,-0.01686369046465063,NA
Cutoff only,0,121,2022 Q1,2022 Q4,exch_rate,3,0.023242703473615532,AR(2),2022-12-31,Other,-0.01686369046465063,0.04010639393826616
Cutoff only,0,121,2022 Q1,2022 Q4,exch_rate,3,0.021329737559734056,RW-trend,2022-12-31,Other,-0.01686369046465063,0.03819342802438469
Cutoff only,0,121,2022 Q1,2023 Q1,exch_rate,4,0.006992005262945912,MF-VAR,2023-03-31,1-year ahead,-0.007646277114312552,0.014638282377258465
Cutoff only,0,121,2022 Q1,2023 Q1,exch_rate,4,NA,MIDAS (trend),2023-03-31,1-year ahead,-0.007646277114312552,NA
Cutoff only,0,121,2022 Q1,2023 Q1,exch_rate,4,NA,MIDAS,2023-03-31,1-year ahead,-0.007646277114312552,NA
Cutoff only,0,121,2022 Q1,2023 Q1,exch_rate,4,0.01912793808384398,AR(2),2023-03-31,1-year ahead,-0.007646277114312552,0.026774215198156533
Cutoff only,0,121,2022 Q1,2023 Q1,exch_rate,4,0.016342529271687566,RW-trend,2023-03-31,1-year ahead,-0.007646277114312552,0.02398880638600012
Cutoff only,0,121,2022 Q1,2022 Q2,gdp_growth,1,2.920706430557431,MF-VAR,2022-06-30,1-step ahead,4.56849934844854,-1.6477929178911093
Cutoff only,0,121,2022 Q1,2022 Q2,gdp_growth,1,NA,MIDAS (trend),2022-06-30,1-step ahead,4.56849934844854,NA
Cutoff only,0,121,2022 Q1,2022 Q2,gdp_growth,1,NA,MIDAS,2022-06-30,1-step ahead,4.56849934844854,NA
Cutoff only,0,121,2022 Q1,2022 Q2,gdp_growth,1,1.4065643371325574,AR(2),2022-06-30,1-step ahead,4.56849934844854,-3.161935011315983
Cutoff only,0,121,2022 Q1,2022 Q2,gdp_growth,1,2.9002761910636616,RW-trend,2022-06-30,1-step ahead,4.56849934844854,-1.6682231573848787
Cutoff only,0,121,2022 Q1,2022 Q3,gdp_growth,2,-0.10645192961940975,MF-VAR,2022-09-30,Other,-1.4984497864681146,1.3919978568487048
Cutoff only,0,121,2022 Q1,2022 Q3,gdp_growth,2,NA,MIDAS (trend),2022-09-30,Other,-1.4984497864681146,NA
Cutoff only,0,121,2022 Q1,2022 Q3,gdp_growth,2,NA,MIDAS,2022-09-30,Other,-1.4984497864681146,NA
Cutoff only,0,121,2022 Q1,2022 Q3,gdp_growth,2,2.5126610390672353,AR(2),2022-09-30,Other,-1.4984497864681146,4.01111082553535
Cutoff only,0,121,2022 Q1,2022 Q3,gdp_growth,2,2.93758325024537,RW-trend,2022-09-30,Other,-1.4984497864681146,4.436033036713484
Cutoff only,0,121,2022 Q1,2022 Q4,gdp_growth,3,0.5418795423206854,MF-VAR,2022-12-31,Other,-0.0032996058919820825,0.5451791482126674
Cutoff only,0,121,2022 Q1,2022 Q4,gdp_growth,3,NA,MIDAS (trend),2022-12-31,Other,-0.0032996058919820825,NA
Cutoff only,0,121,2022 Q1,2022 Q4,gdp_growth,3,NA,MIDAS,2022-12-31,Other,-0.0032996058919820825,NA
Cutoff only,0,121,2022 Q1,2022 Q4,gdp_growth,3,1.551862073642937,AR(2),2022-12-31,Other,-0.0032996058919820825,1.555161679534919
Cutoff only,0,121,2022 Q1,2022 Q4,gdp_growth,3,2.9748903094270776,RW-trend,2022-12-31,Other,-0.0032996058919820825,2.9781899153190596
Cutoff only,0,121,2022 Q1,2023 Q1,gdp_growth,4,0.6982525956917051,MF-VAR,2023-03-31,1-year ahead,-1.4211511197238735,2.1194037154155785
Cutoff only,0,121,2022 Q1,2023 Q1,gdp_growth,4,NA,MIDAS (trend),2023-03-31,1-year ahead,-1.4211511197238735,NA
Cutoff only,0,121,2022 Q1,2023 Q1,gdp_growth,4,NA,MIDAS,2023-03-31,1-year ahead,-1.4211511197238735,NA
Cutoff only,0,121,2022 Q1,2023 Q1,gdp_growth,4,1.3992232755913219,AR(2),2023-03-31,1-year ahead,-1.4211511197238735,2.8203743953151954
Cutoff only,0,121,2022 Q1,2023 Q1,gdp_growth,4,3.0121973686087853,RW-trend,2023-03-31,1-year ahead,-1.4211511197238735,4.433348488332658
Cutoff only,0,121,2022 Q1,2022 Q2,inflation,1,2.4518395153759713,MF-VAR,2022-06-30,1-step ahead,4.516735213599077,-2.0648956982231055
Cutoff only,0,121,2022 Q1,2022 Q2,inflation,1,NA,MIDAS (trend),2022-06-30,1-step ahead,4.516735213599077,NA
Cutoff only,0,121,2022 Q1,2022 Q2,inflation,1,NA,MIDAS,2022-06-30,1-step ahead,4.516735213599077,NA
Cutoff only,0,121,2022 Q1,2022 Q2,inflation,1,1.390259716403919,AR(2),2022-06-30,1-step ahead,4.516735213599077,-3.126475497195158
Cutoff only,0,121,2022 Q1,2022 Q2,inflation,1,2.436265021609952,RW-trend,2022-06-30,1-step ahead,4.516735213599077,-2.0804701919891246
Cutoff only,0,121,2022 Q1,2022 Q3,inflation,2,0.879755362537483,MF-VAR,2022-09-30,Other,3.320870259523545,-2.441114896986062
Cutoff only,0,121,2022 Q1,2022 Q3,inflation,2,NA,MIDAS (trend),2022-09-30,Other,3.320870259523545,NA
Cutoff only,0,121,2022 Q1,2022 Q3,inflation,2,NA,MIDAS,2022-09-30,Other,3.320870259523545,NA
Cutoff only,0,121,2022 Q1,2022 Q3,inflation,2,0.8080553223922452,AR(2),2022-09-30,Other,3.320870259523545,-2.5128149371312998
Cutoff only,0,121,2022 Q1,2022 Q3,inflation,2,2.423756173268622,RW-trend,2022-09-30,Other,3.320870259523545,-0.897114086254923
Cutoff only,0,121,2022 Q1,2022 Q4,inflation,3,0.3808386071943933,MF-VAR,2022-12-31,Other,1.4337160386958203,-1.052877431501427
Cutoff only,0,121,2022 Q1,2022 Q4,inflation,3,NA,MIDAS (trend),2022-12-31,Other,1.4337160386958203,NA
Cutoff only,0,121,2022 Q1,2022 Q4,inflation,3,NA,MIDAS,2022-12-31,Other,1.4337160386958203,NA
Cutoff only,0,121,2022 Q1,2022 Q4,inflation,3,0.5540575765200441,AR(2),2022-12-31,Other,1.4337160386958203,-0.8796584621757763
Cutoff only,0,121,2022 Q1,2022 Q4,inflation,3,2.4112473249272925,RW-trend,2022-12-31,Other,1.4337160386958203,0.9775312862314722
Cutoff only,0,121,2022 Q1,2023 Q1,inflation,4,0.22142048210526322,MF-VAR,2023-03-31,1-year ahead,3.17581391503019,-2.9543934329249266
Cutoff only,0,121,2022 Q1,2023 Q1,inflation,4,NA,MIDAS (trend),2023-03-31,1-year ahead,3.17581391503019,NA
Cutoff only,0,121,2022 Q1,2023 Q1,inflation,4,NA,MIDAS,2023-03-31,1-year ahead,3.17581391503019,NA
Cutoff only,0,121,2022 Q1,2023 Q1,inflation,4,0.413080858766505,AR(2),2023-03-31,1-year ahead,3.17581391503019,-2.762733056263685
Cutoff only,0,121,2022 Q1,2023 Q1,inflation,4,2.398738476585963,RW-trend,2023-03-31,1-year ahead,3.17581391503019,-0.7770754384442271
Cutoff only,0,122,2022 Q2,2022 Q3,exch_rate,1,0.018020731436472943,MF-VAR,2022-09-30,1-step ahead,-0.026739916121992047,0.04476064755846499
Cutoff only,0,122,2022 Q2,2022 Q3,exch_rate,1,NA,MIDAS (trend),2022-09-30,1-step ahead,-0.026739916121992047,NA
Cutoff only,0,122,2022 Q2,2022 Q3,exch_rate,1,NA,MIDAS,2022-09-30,1-step ahead,-0.026739916121992047,NA
Cutoff only,0,122,2022 Q2,2022 Q3,exch_rate,1,0.017943647128371487,AR(2),2022-09-30,1-step ahead,-0.026739916121992047,0.04468356325036353
Cutoff only,0,122,2022 Q2,2022 Q3,exch_rate,1,0.022131914077299652,RW-trend,2022-09-30,1-step ahead,-0.026739916121992047,0.0488718301992917
Cutoff only,0,122,2022 Q2,2022 Q4,exch_rate,2,0.004346357627870762,MF-VAR,2022-12-31,Other,-0.01686369046465063,0.021210048092521392
Cutoff only,0,122,2022 Q2,2022 Q4,exch_rate,2,NA,MIDAS (trend),2022-12-31,Other,-0.01686369046465063,NA
Cutoff only,0,122,2022 Q2,2022 Q4,exch_rate,2,NA,MIDAS,2022-12-31,Other,-0.01686369046465063,NA
Cutoff only,0,122,2022 Q2,2022 Q4,exch_rate,2,0.017140077070886727,AR(2),2022-12-31,Other,-0.01686369046465063,0.034003767535537355
Cutoff only,0,122,2022 Q2,2022 Q4,exch_rate,2,0.0171101187498277,RW-trend,2022-12-31,Other,-0.01686369046465063,0.03397380921447833
Cutoff only,0,122,2022 Q2,2023 Q1,exch_rate,3,-0.004290608076358152,MF-VAR,2023-03-31,Other,-0.007646277114312552,0.0033556690379544004
Cutoff only,0,122,2022 Q2,2023 Q1,exch_rate,3,NA,MIDAS (trend),2023-03-31,Other,-0.007646277114312552,NA
Cutoff only,0,122,2022 Q2,2023 Q1,exch_rate,3,NA,MIDAS,2023-03-31,Other,-0.007646277114312552,NA
Cutoff only,0,122,2022 Q2,2023 Q1,exch_rate,3,0.013410224260915789,AR(2),2023-03-31,Other,-0.007646277114312552,0.02105650137522834
Cutoff only,0,122,2022 Q2,2023 Q1,exch_rate,3,0.012088323422355749,RW-trend,2023-03-31,Other,-0.007646277114312552,0.0197346005366683
Cutoff only,0,122,2022 Q2,2023 Q2,exch_rate,4,-0.005322734006702481,MF-VAR,2023-06-30,1-year ahead,-0.021509631884717315,0.016186897878014833
Cutoff only,0,122,2022 Q2,2023 Q2,exch_rate,4,NA,MIDAS (trend),2023-06-30,1-year ahead,-0.021509631884717315,NA
Cutoff only,0,122,2022 Q2,2023 Q2,exch_rate,4,NA,MIDAS,2023-06-30,1-year ahead,-0.021509631884717315,NA
Cutoff only,0,122,2022 Q2,2023 Q2,exch_rate,4,0.012690238924259165,AR(2),2023-06-30,1-year ahead,-0.021509631884717315,0.034199870808976476
Cutoff only,0,122,2022 Q2,2023 Q2,exch_rate,4,0.007066528094883798,RW-trend,2023-06-30,1-year ahead,-0.021509631884717315,0.028576159979601112
Cutoff only,0,122,2022 Q2,2022 Q3,gdp_growth,1,5.705343758636391,MF-VAR,2022-09-30,1-step ahead,-1.4984497864681146,7.203793545104506
Cutoff only,0,122,2022 Q2,2022 Q3,gdp_growth,1,NA,MIDAS (trend),2022-09-30,1-step ahead,-1.4984497864681146,NA
Cutoff only,0,122,2022 Q2,2022 Q3,gdp_growth,1,NA,MIDAS,2022-09-30,1-step ahead,-1.4984497864681146,NA
Cutoff only,0,122,2022 Q2,2022 Q3,gdp_growth,1,2.3006805969450115,AR(2),2022-09-30,1-step ahead,-1.4984497864681146,3.799130383413126
Cutoff only,0,122,2022 Q2,2022 Q3,gdp_growth,1,4.619708267275122,RW-trend,2022-09-30,1-step ahead,-1.4984497864681146,6.118158053743237
Cutoff only,0,122,2022 Q2,2022 Q4,gdp_growth,2,-0.8110064875004966,MF-VAR,2022-12-31,Other,-0.0032996058919820825,-0.8077068816085146
Cutoff only,0,122,2022 Q2,2022 Q4,gdp_growth,2,NA,MIDAS (trend),2022-12-31,Other,-0.0032996058919820825,NA
Cutoff only,0,122,2022 Q2,2022 Q4,gdp_growth,2,NA,MIDAS,2022-12-31,Other,-0.0032996058919820825,NA
Cutoff only,0,122,2022 Q2,2022 Q4,gdp_growth,2,1.4011179223045118,AR(2),2022-12-31,Other,-0.0032996058919820825,1.404417528196494
Cutoff only,0,122,2022 Q2,2022 Q4,gdp_growth,2,4.670917186101704,RW-trend,2022-12-31,Other,-0.0032996058919820825,4.674216791993686
Cutoff only,0,122,2022 Q2,2023 Q1,gdp_growth,3,-0.9938361839276445,MF-VAR,2023-03-31,Other,-1.4211511197238735,0.42731493579622903
Cutoff only,0,122,2022 Q2,2023 Q1,gdp_growth,3,NA,MIDAS (trend),2023-03-31,Other,-1.4211511197238735,NA
Cutoff only,0,122,2022 Q2,2023 Q1,gdp_growth,3,NA,MIDAS,2023-03-31,Other,-1.4211511197238735,NA
Cutoff only,0,122,2022 Q2,2023 Q1,gdp_growth,3,1.4531080628906867,AR(2),2023-03-31,Other,-1.4211511197238735,2.8742591826145603
Cutoff only,0,122,2022 Q2,2023 Q1,gdp_growth,3,4.722126104928286,RW-trend,2023-03-31,Other,-1.4211511197238735,6.143277224652159
Cutoff only,0,122,2022 Q2,2023 Q2,gdp_growth,4,0.2978883949530523,MF-VAR,2023-06-30,1-year ahead,-1.9508697250607554,2.248758120013808
Cutoff only,0,122,2022 Q2,2023 Q2,gdp_growth,4,NA,MIDAS (trend),2023-06-30,1-year ahead,-1.9508697250607554,NA
Cutoff only,0,122,2022 Q2,2023 Q2,gdp_growth,4,NA,MIDAS,2023-06-30,1-year ahead,-1.9508697250607554,NA
Cutoff only,0,122,2022 Q2,2023 Q2,gdp_growth,4,1.4860590564519338,AR(2),2023-06-30,1-year ahead,-1.9508697250607554,3.436928781512689
Cutoff only,0,122,2022 Q2,2023 Q2,gdp_growth,4,4.773335023754868,RW-trend,2023-06-30,1-year ahead,-1.9508697250607554,6.724204748815623
Cutoff only,0,122,2022 Q2,2022 Q3,inflation,1,4.449826399256456,MF-VAR,2022-09-30,1-step ahead,3.320870259523545,1.128956139732911
Cutoff only,0,122,2022 Q2,2022 Q3,inflation,1,NA,MIDAS (trend),2022-09-30,1-step ahead,3.320870259523545,NA
Cutoff only,0,122,2022 Q2,2022 Q3,inflation,1,NA,MIDAS,2022-09-30,1-step ahead,3.320870259523545,NA
Cutoff only,0,122,2022 Q2,2022 Q3,inflation,1,2.309332250415841,AR(2),2022-09-30,1-step ahead,3.320870259523545,-1.0115380091077042
Cutoff only,0,122,2022 Q2,2022 Q3,inflation,1,4.521563616857656,RW-trend,2022-09-30,1-step ahead,3.320870259523545,1.200693357334111
Cutoff only,0,122,2022 Q2,2022 Q4,inflation,2,1.9161027003429827,MF-VAR,2022-12-31,Other,1.4337160386958203,0.4823866616471624
Cutoff only,0,122,2022 Q2,2022 Q4,inflation,2,NA,MIDAS (trend),2022-12-31,Other,1.4337160386958203,NA
Cutoff only,0,122,2022 Q2,2022 Q4,inflation,2,NA,MIDAS,2022-12-31,Other,1.4337160386958203,NA
Cutoff only,0,122,2022 Q2,2022 Q4,inflation,2,1.5185450588592335,AR(2),2022-12-31,Other,1.4337160386958203,0.0848290201634132
Cutoff only,0,122,2022 Q2,2022 Q4,inflation,2,4.526392020116236,RW-trend,2022-12-31,Other,1.4337160386958203,3.092675981420416
Cutoff only,0,122,2022 Q2,2023 Q1,inflation,3,0.8331539802256649,MF-VAR,2023-03-31,Other,3.17581391503019,-2.342659934804525
Cutoff only,0,122,2022 Q2,2023 Q1,inflation,3,NA,MIDAS (trend),2023-03-31,Other,3.17581391503019,NA
Cutoff only,0,122,2022 Q2,2023 Q1,inflation,3,NA,MIDAS,2023-03-31,Other,3.17581391503019,NA
Cutoff only,0,122,2022 Q2,2023 Q1,inflation,3,0.9973676589704724,AR(2),2023-03-31,Other,3.17581391503019,-2.1784462560597175
Cutoff only,0,122,2022 Q2,2023 Q1,inflation,3,4.5312204233748155,RW-trend,2023-03-31,Other,3.17581391503019,1.3554065083446254
Cutoff only,0,122,2022 Q2,2023 Q2,inflation,4,0.3614538495458353,MF-VAR,2023-06-30,1-year ahead,0.5501119867577842,-0.18865813721194885
Cutoff only,0,122,2022 Q2,2023 Q2,inflation,4,NA,MIDAS (trend),2023-06-30,1-year ahead,0.5501119867577842,NA
Cutoff only,0,122,2022 Q2,2023 Q2,inflation,4,NA,MIDAS,2023-06-30,1-year ahead,0.5501119867577842,NA
Cutoff only,0,122,2022 Q2,2023 Q2,inflation,4,0.6988475954173927,AR(2),2023-06-30,1-year ahead,0.5501119867577842,0.14873560865960855
Cutoff only,0,122,2022 Q2,2023 Q2,inflation,4,4.536048826633396,RW-trend,2023-06-30,1-year ahead,0.5501119867577842,3.9859368398756114
Cutoff only,0,123,2022 Q3,2022 Q4,exch_rate,1,-0.028866819012984924,MF-VAR,2022-12-31,1-step ahead,-0.01686369046465063,-0.012003128548334293
Cutoff only,0,123,2022 Q3,2022 Q4,exch_rate,1,NA,MIDAS (trend),2022-12-31,1-step ahead,-0.01686369046465063,NA
Cutoff only,0,123,2022 Q3,2022 Q4,exch_rate,1,NA,MIDAS,2022-12-31,1-step ahead,-0.01686369046465063,NA
Cutoff only,0,123,2022 Q3,2022 Q4,exch_rate,1,-0.03151574313276253,AR(2),2022-12-31,1-step ahead,-0.01686369046465063,-0.014652052668111898
Cutoff only,0,123,2022 Q3,2022 Q4,exch_rate,1,-0.03216561087259864,RW-trend,2022-12-31,1-step ahead,-0.01686369046465063,-0.015301920407948012
Cutoff only,0,123,2022 Q3,2023 Q1,exch_rate,2,-0.04262759305499222,MF-VAR,2023-03-31,Other,-0.007646277114312552,-0.034981315940679665
Cutoff only,0,123,2022 Q3,2023 Q1,exch_rate,2,NA,MIDAS (trend),2023-03-31,Other,-0.007646277114312552,NA
Cutoff only,0,123,2022 Q3,2023 Q1,exch_rate,2,NA,MIDAS,2023-03-31,Other,-0.007646277114312552,NA
Cutoff only,0,123,2022 Q3,2023 Q1,exch_rate,2,-0.03296813704854884,AR(2),2023-03-31,Other,-0.007646277114312552,-0.025321859934236288
Cutoff only,0,123,2022 Q3,2023 Q1,exch_rate,2,-0.037591305623205236,RW-trend,2023-03-31,Other,-0.007646277114312552,-0.029945028508892683
Cutoff only,0,123,2022 Q3,2023 Q2,exch_rate,3,-0.04899208045469318,MF-VAR,2023-06-30,Other,-0.021509631884717315,-0.027482448569975865
Cutoff only,0,123,2022 Q3,2023 Q2,exch_rate,3,NA,MIDAS (trend),2023-06-30,Other,-0.021509631884717315,NA
Cutoff only,0,123,2022 Q3,2023 Q2,exch_rate,3,NA,MIDAS,2023-06-30,Other,-0.021509631884717315,NA
Cutoff only,0,123,2022 Q3,2023 Q2,exch_rate,3,-0.030627642763258515,AR(2),2023-06-30,Other,-0.021509631884717315,-0.009118010878541201
Cutoff only,0,123,2022 Q3,2023 Q2,exch_rate,3,-0.04301700037381183,RW-trend,2023-06-30,Other,-0.021509631884717315,-0.021507368489094514
Cutoff only,0,123,2022 Q3,2023 Q3,exch_rate,4,-0.056338814050998366,MF-VAR,2023-09-30,1-year ahead,-0.03937898253147601,-0.016959831519522357
Cutoff only,0,123,2022 Q3,2023 Q3,exch_rate,4,NA,MIDAS (trend),2023-09-30,1-year ahead,-0.03937898253147601,NA
Cutoff only,0,123,2022 Q3,2023 Q3,exch_rate,4,NA,MIDAS,2023-09-30,1-year ahead,-0.03937898253147601,NA
Cutoff only,0,123,2022 Q3,2023 Q3,exch_rate,4,-0.03537571190593926,AR(2),2023-09-30,1-year ahead,-0.03937898253147601,0.004003270625536751
Cutoff only,0,123,2022 Q3,2023 Q3,exch_rate,4,-0.04844269512441842,RW-trend,2023-09-30,1-year ahead,-0.03937898253147601,-0.009063712592942412
Cutoff only,0,123,2022 Q3,2022 Q4,gdp_growth,1,-2.554247568614905,MF-VAR,2022-12-31,1-step ahead,-0.0032996058919820825,-2.550947962722923
Cutoff only,0,123,2022 Q3,2022 Q4,gdp_growth,1,NA,MIDAS (trend),2022-12-31,1-step ahead,-0.0032996058919820825,NA
Cutoff only,0,123,2022 Q3,2022 Q4,gdp_growth,1,NA,MIDAS,2022-12-31,1-step ahead,-0.0032996058919820825,NA
Cutoff only,0,123,2022 Q3,2022 Q4,gdp_growth,1,1.6636455854759182,AR(2),2022-12-31,1-step ahead,-0.0032996058919820825,1.6669451913679003
Cutoff only,0,123,2022 Q3,2022 Q4,gdp_growth,1,-1.49780415734189,RW-trend,2022-12-31,1-step ahead,-0.0032996058919820825,-1.494504551449908
Cutoff only,0,123,2022 Q3,2023 Q1,gdp_growth,2,-1.9760092726698035,MF-VAR,2023-03-31,Other,-1.4211511197238735,-0.55485815294593
Cutoff only,0,123,2022 Q3,2023 Q1,gdp_growth,2,NA,MIDAS (trend),2023-03-31,Other,-1.4211511197238735,NA
Cutoff only,0,123,2022 Q3,2023 Q1,gdp_growth,2,NA,MIDAS,2023-03-31,Other,-1.4211511197238735,NA
Cutoff only,0,123,2022 Q3,2023 Q1,gdp_growth,2,1.6403674336707765,AR(2),2023-03-31,Other,-1.4211511197238735,3.06151855339465
Cutoff only,0,123,2022 Q3,2023 Q1,gdp_growth,2,-1.4971585282156654,RW-trend,2023-03-31,Other,-1.4211511197238735,-0.07600740849179188
Cutoff only,0,123,2022 Q3,2023 Q2,gdp_growth,3,-0.5699132820784442,MF-VAR,2023-06-30,Other,-1.9508697250607554,1.3809564429823111
Cutoff only,0,123,2022 Q3,2023 Q2,gdp_growth,3,NA,MIDAS (trend),2023-06-30,Other,-1.9508697250607554,NA
Cutoff only,0,123,2022 Q3,2023 Q2,gdp_growth,3,NA,MIDAS,2023-06-30,Other,-1.9508697250607554,NA
Cutoff only,0,123,2022 Q3,2023 Q2,gdp_growth,3,1.4154921850856148,AR(2),2023-06-30,Other,-1.9508697250607554,3.36636191014637
Cutoff only,0,123,2022 Q3,2023 Q2,gdp_growth,3,-1.496512899089441,RW-trend,2023-06-30,Other,-1.9508697250607554,0.45435682597131444
Cutoff only,0,123,2022 Q3,2023 Q3,gdp_growth,4,0.6346883376614392,MF-VAR,2023-09-30,1-year ahead,0.28204712749158034,0.35264121016985883
Cutoff only,0,123,2022 Q3,2023 Q3,gdp_growth,4,NA,MIDAS (trend),2023-09-30,1-year ahead,0.28204712749158034,NA
Cutoff only,0,123,2022 Q3,2023 Q3,gdp_growth,4,NA,MIDAS,2023-09-30,1-year ahead,0.28204712749158034,NA
Cutoff only,0,123,2022 Q3,2023 Q3,gdp_growth,4,2.56723074725958,AR(2),2023-09-30,1-year ahead,0.28204712749158034,2.2851836197679996
Cutoff only,0,123,2022 Q3,2023 Q3,gdp_growth,4,-1.4958672699632165,RW-trend,2023-09-30,1-year ahead,0.28204712749158034,-1.7779143974547968
Cutoff only,0,123,2022 Q3,2022 Q4,inflation,1,3.347124152798333,MF-VAR,2022-12-31,1-step ahead,1.4337160386958203,1.9134081141025128
Cutoff only,0,123,2022 Q3,2022 Q4,inflation,1,NA,MIDAS (trend),2022-12-31,1-step ahead,1.4337160386958203,NA
Cutoff only,0,123,2022 Q3,2022 Q4,inflation,1,NA,MIDAS,2022-12-31,1-step ahead,1.4337160386958203,NA
Cutoff only,0,123,2022 Q3,2022 Q4,inflation,1,2.034486050019379,AR(2),2022-12-31,1-step ahead,1.4337160386958203,0.6007700113235588
Cutoff only,0,123,2022 Q3,2022 Q4,inflation,1,3.315775577184322,RW-trend,2022-12-31,1-step ahead,1.4337160386958203,1.8820595384885017
Cutoff only,0,123,2022 Q3,2023 Q1,inflation,2,1.522986585339251,MF-VAR,2023-03-31,Other,3.17581391503019,-1.652827329690939
Cutoff only,0,123,2022 Q3,2023 Q1,inflation,2,NA,MIDAS (trend),2023-03-31,Other,3.17581391503019,NA
Cutoff only,0,123,2022 Q3,2023 Q1,inflation,2,NA,MIDAS,2023-03-31,Other,3.17581391503019,NA
Cutoff only,0,123,2022 Q3,2023 Q1,inflation,2,1.3278439681389915,AR(2),2023-03-31,Other,3.17581391503019,-1.8479699468911985
Cutoff only,0,123,2022 Q3,2023 Q1,inflation,2,3.310680894845099,RW-trend,2023-03-31,Other,3.17581391503019,0.13486697981490892
Cutoff only,0,123,2022 Q3,2023 Q2,inflation,3,0.7719643367050968,MF-VAR,2023-06-30,Other,0.5501119867577842,0.22185234994731262
Cutoff only,0,123,2022 Q3,2023 Q2,inflation,3,NA,MIDAS (trend),2023-06-30,Other,0.5501119867577842,NA
Cutoff only,0,123,2022 Q3,2023 Q2,inflation,3,NA,MIDAS,2023-06-30,Other,0.5501119867577842,NA
Cutoff only,0,123,2022 Q3,2023 Q2,inflation,3,0.9059591347376119,AR(2),2023-06-30,Other,0.5501119867577842,0.35584714797982775
Cutoff only,0,123,2022 Q3,2023 Q2,inflation,3,3.305586212505876,RW-trend,2023-06-30,Other,0.5501119867577842,2.7554742257480918
Cutoff only,0,123,2022 Q3,2023 Q3,inflation,4,0.2715110133566626,MF-VAR,2023-09-30,1-year ahead,1.2606093578710897,-0.9890983445144271
Cutoff only,0,123,2022 Q3,2023 Q3,inflation,4,NA,MIDAS (trend),2023-09-30,1-year ahead,1.2606093578710897,NA
Cutoff only,0,123,2022 Q3,2023 Q3,inflation,4,NA,MIDAS,2023-09-30,1-year ahead,1.2606093578710897,NA
Cutoff only,0,123,2022 Q3,2023 Q3,inflation,4,0.5899286742213115,AR(2),2023-09-30,1-year ahead,1.2606093578710897,-0.6706806836497783
Cutoff only,0,123,2022 Q3,2023 Q3,inflation,4,3.3004915301666533,RW-trend,2023-09-30,1-year ahead,1.2606093578710897,2.0398821722955636
Cutoff only,0,124,2022 Q4,2023 Q1,exch_rate,1,-0.022126071216008816,MF-VAR,2023-03-31,1-step ahead,-0.007646277114312552,-0.014479794101696263
Cutoff only,0,124,2022 Q4,2023 Q1,exch_rate,1,NA,MIDAS (trend),2023-03-31,1-step ahead,-0.007646277114312552,NA
Cutoff only,0,124,2022 Q4,2023 Q1,exch_rate,1,NA,MIDAS,2023-03-31,1-step ahead,-0.007646277114312552,NA
Cutoff only,0,124,2022 Q4,2023 Q1,exch_rate,1,-0.016346030113761848,AR(2),2023-03-31,1-step ahead,-0.007646277114312552,-0.008699752999449296
Cutoff only,0,124,2022 Q4,2023 Q1,exch_rate,1,-0.022163959638142897,RW-trend,2023-03-31,1-step ahead,-0.007646277114312552,-0.014517682523830344
Cutoff only,0,124,2022 Q4,2023 Q2,exch_rate,2,-0.027010369857909278,MF-VAR,2023-06-30,Other,-0.021509631884717315,-0.005500737973191963
Cutoff only,0,124,2022 Q4,2023 Q2,exch_rate,2,NA,MIDAS (trend),2023-06-30,Other,-0.021509631884717315,NA
Cutoff only,0,124,2022 Q4,2023 Q2,exch_rate,2,NA,MIDAS,2023-06-30,Other,-0.021509631884717315,NA
Cutoff only,0,124,2022 Q4,2023 Q2,exch_rate,2,-0.014380777559209572,AR(2),2023-06-30,Other,-0.021509631884717315,0.007128854325507743
Cutoff only,0,124,2022 Q4,2023 Q2,exch_rate,2,-0.027464228811635162,RW-trend,2023-06-30,Other,-0.021509631884717315,-0.0059545969269178475
Cutoff only,0,124,2022 Q4,2023 Q3,exch_rate,3,-0.03559377448877181,MF-VAR,2023-09-30,Other,-0.03937898253147601,0.0037852080427041995
Cutoff only,0,124,2022 Q4,2023 Q3,exch_rate,3,NA,MIDAS (trend),2023-09-30,Other,-0.03937898253147601,NA
Cutoff only,0,124,2022 Q4,2023 Q3,exch_rate,3,NA,MIDAS,2023-09-30,Other,-0.03937898253147601,NA
Cutoff only,0,124,2022 Q4,2023 Q3,exch_rate,3,-0.01992059399203452,AR(2),2023-09-30,Other,-0.03937898253147601,0.019458388539441488
Cutoff only,0,124,2022 Q4,2023 Q3,exch_rate,3,-0.03276449798512743,RW-trend,2023-09-30,Other,-0.03937898253147601,0.006614484546348581
Cutoff only,0,124,2022 Q4,2023 Q4,exch_rate,4,-0.03448734046561052,MF-VAR,2023-12-31,1-year ahead,-0.046880815886738175,0.012393475421127655
Cutoff only,0,124,2022 Q4,2023 Q4,exch_rate,4,NA,MIDAS (trend),2023-12-31,1-year ahead,-0.046880815886738175,NA
Cutoff only,0,124,2022 Q4,2023 Q4,exch_rate,4,NA,MIDAS,2023-12-31,1-year ahead,-0.046880815886738175,NA
Cutoff only,0,124,2022 Q4,2023 Q4,exch_rate,4,-0.01879073239411212,AR(2),2023-12-31,1-year ahead,-0.046880815886738175,0.028090083492626056
Cutoff only,0,124,2022 Q4,2023 Q4,exch_rate,4,-0.038064767158619686,RW-trend,2023-12-31,1-year ahead,-0.046880815886738175,0.008816048728118489
Cutoff only,0,124,2022 Q4,2023 Q1,gdp_growth,1,-0.15040247443623278,MF-VAR,2023-03-31,1-step ahead,-1.4211511197238735,1.2707486452876409
Cutoff only,0,124,2022 Q4,2023 Q1,gdp_growth,1,NA,MIDAS (trend),2023-03-31,1-step ahead,-1.4211511197238735,NA
Cutoff only,0,124,2022 Q4,2023 Q1,gdp_growth,1,NA,MIDAS,2023-03-31,1-step ahead,-1.4211511197238735,NA
Cutoff only,0,124,2022 Q4,2023 Q1,gdp_growth,1,1.7626944432826557,AR(2),2023-03-31,1-step ahead,-1.4211511197238735,3.183845563006529
Cutoff only,0,124,2022 Q4,2023 Q1,gdp_growth,1,0.009596060541208904,RW-trend,2023-03-31,1-step ahead,-1.4211511197238735,1.4307471802650824
Cutoff only,0,124,2022 Q4,2023 Q2,gdp_growth,2,-0.3291084136956356,MF-VAR,2023-06-30,Other,-1.9508697250607554,1.6217613113651197
Cutoff only,0,124,2022 Q4,2023 Q2,gdp_growth,2,NA,MIDAS (trend),2023-06-30,Other,-1.9508697250607554,NA
Cutoff only,0,124,2022 Q4,2023 Q2,gdp_growth,2,NA,MIDAS,2023-06-30,Other,-1.9508697250607554,NA
Cutoff only,0,124,2022 Q4,2023 Q2,gdp_growth,2,1.5021958026339806,AR(2),2023-06-30,Other,-1.9508697250607554,3.453065527694736
Cutoff only,0,124,2022 Q4,2023 Q2,gdp_growth,2,0.02249172697439989,RW-trend,2023-06-30,Other,-1.9508697250607554,1.9733614520351552
Cutoff only,0,124,2022 Q4,2023 Q3,gdp_growth,3,0.8841293872960021,MF-VAR,2023-09-30,Other,0.28204712749158034,0.6020822598044218
Cutoff only,0,124,2022 Q4,2023 Q3,gdp_growth,3,NA,MIDAS (trend),2023-09-30,Other,0.28204712749158034,NA
Cutoff only,0,124,2022 Q4,2023 Q3,gdp_growth,3,NA,MIDAS,2023-09-30,Other,0.28204712749158034,NA
Cutoff only,0,124,2022 Q4,2023 Q3,gdp_growth,3,2.5376280020022772,AR(2),2023-09-30,Other,0.28204712749158034,2.255580874510697
Cutoff only,0,124,2022 Q4,2023 Q3,gdp_growth,3,0.03538739340759088,RW-trend,2023-09-30,Other,0.28204712749158034,-0.24665973408398945
Cutoff only,0,124,2022 Q4,2023 Q4,gdp_growth,4,0.7993679006897804,MF-VAR,2023-12-31,1-year ahead,0.9309495403961421,-0.13158163970636172
Cutoff only,0,124,2022 Q4,2023 Q4,gdp_growth,4,NA,MIDAS (trend),2023-12-31,1-year ahead,0.9309495403961421,NA
Cutoff only,0,124,2022 Q4,2023 Q4,gdp_growth,4,NA,MIDAS,2023-12-31,1-year ahead,0.9309495403961421,NA
Cutoff only,0,124,2022 Q4,2023 Q4,gdp_growth,4,1.5107846541180232,AR(2),2023-12-31,1-year ahead,0.9309495403961421,0.5798351137218811
Cutoff only,0,124,2022 Q4,2023 Q4,gdp_growth,4,0.048283059840781864,RW-trend,2023-12-31,1-year ahead,0.9309495403961421,-0.8826664805553602
Cutoff only,0,124,2022 Q4,2023 Q1,inflation,1,1.4429209094069912,MF-VAR,2023-03-31,1-step ahead,3.17581391503019,-1.7328930056231988
Cutoff only,0,124,2022 Q4,2023 Q1,inflation,1,NA,MIDAS (trend),2023-03-31,1-step ahead,3.17581391503019,NA
Cutoff only,0,124,2022 Q4,2023 Q1,inflation,1,NA,MIDAS,2023-03-31,1-step ahead,3.17581391503019,NA
Cutoff only,0,124,2022 Q4,2023 Q1,inflation,1,1.0683873024854933,AR(2),2023-03-31,1-step ahead,3.17581391503019,-2.107426612544697
Cutoff only,0,124,2022 Q4,2023 Q1,inflation,1,1.413194638828003,RW-trend,2023-03-31,1-step ahead,3.17581391503019,-1.762619276202187
Cutoff only,0,124,2022 Q4,2023 Q2,inflation,2,0.7635694511346842,MF-VAR,2023-06-30,Other,0.5501119867577842,0.21345746437690005
Cutoff only,0,124,2022 Q4,2023 Q2,inflation,2,NA,MIDAS (trend),2023-06-30,Other,0.5501119867577842,NA
Cutoff only,0,124,2022 Q4,2023 Q2,inflation,2,NA,MIDAS,2023-06-30,Other,0.5501119867577842,NA
Cutoff only,0,124,2022 Q4,2023 Q2,inflation,2,0.7664957370947214,AR(2),2023-06-30,Other,0.5501119867577842,0.21638375033693724
Cutoff only,0,124,2022 Q4,2023 Q2,inflation,2,1.3926732389601857,RW-trend,2023-06-30,Other,0.5501119867577842,0.8425612522024015
Cutoff only,0,124,2022 Q4,2023 Q3,inflation,3,0.10723258002432437,MF-VAR,2023-09-30,Other,1.2606093578710897,-1.1533767778467654
Cutoff only,0,124,2022 Q4,2023 Q3,inflation,3,NA,MIDAS (trend),2023-09-30,Other,1.2606093578710897,NA
Cutoff only,0,124,2022 Q4,2023 Q3,inflation,3,NA,MIDAS,2023-09-30,Other,1.2606093578710897,NA
Cutoff only,0,124,2022 Q4,2023 Q3,inflation,3,0.5218617956733073,AR(2),2023-09-30,Other,1.2606093578710897,-0.7387475621977825
Cutoff only,0,124,2022 Q4,2023 Q3,inflation,3,1.3721518390923684,RW-trend,2023-09-30,Other,1.2606093578710897,0.11154248122127863
Cutoff only,0,124,2022 Q4,2023 Q4,inflation,4,0.08201801673014968,MF-VAR,2023-12-31,1-year ahead,1.5459954544169818,-1.4639774376868322
Cutoff only,0,124,2022 Q4,2023 Q4,inflation,4,NA,MIDAS (trend),2023-12-31,1-year ahead,1.5459954544169818,NA
Cutoff only,0,124,2022 Q4,2023 Q4,inflation,4,NA,MIDAS,2023-12-31,1-year ahead,1.5459954544169818,NA
Cutoff only,0,124,2022 Q4,2023 Q4,inflation,4,0.43936985522693633,AR(2),2023-12-31,1-year ahead,1.5459954544169818,-1.1066255991900456
Cutoff only,0,124,2022 Q4,2023 Q4,inflation,4,1.3516304392245513,RW-trend,2023-12-31,1-year ahead,1.5459954544169818,-0.19436501519243055
Cutoff only,0,125,2023 Q1,2023 Q2,exch_rate,1,-0.009853323849886943,MF-VAR,2023-06-30,1-step ahead,-0.021509631884717315,0.011656308034830372
Cutoff only,0,125,2023 Q1,2023 Q2,exch_rate,1,NA,MIDAS (trend),2023-06-30,1-step ahead,-0.021509631884717315,NA
Cutoff only,0,125,2023 Q1,2023 Q2,exch_rate,1,NA,MIDAS,2023-06-30,1-step ahead,-0.021509631884717315,NA
Cutoff only,0,125,2023 Q1,2023 Q2,exch_rate,1,-0.0044641405143454535,AR(2),2023-06-30,1-step ahead,-0.021509631884717315,0.01704549137037186
Cutoff only,0,125,2023 Q1,2023 Q2,exch_rate,1,-0.012828516348586685,RW-trend,2023-06-30,1-step ahead,-0.021509631884717315,0.00868111553613063
Cutoff only,0,125,2023 Q1,2023 Q3,exch_rate,2,-0.020470436598994498,MF-VAR,2023-09-30,Other,-0.03937898253147601,0.01890854593248151
Cutoff only,0,125,2023 Q1,2023 Q3,exch_rate,2,NA,MIDAS (trend),2023-09-30,Other,-0.03937898253147601,NA
Cutoff only,0,125,2023 Q1,2023 Q3,exch_rate,2,NA,MIDAS,2023-09-30,Other,-0.03937898253147601,NA
Cutoff only,0,125,2023 Q1,2023 Q3,exch_rate,2,-0.010400796900040353,AR(2),2023-09-30,Other,-0.03937898253147601,0.028978185631435657
Cutoff only,0,125,2023 Q1,2023 Q3,exch_rate,2,-0.01801075558286082,RW-trend,2023-09-30,Other,-0.03937898253147601,0.02136822694861519
Cutoff only,0,125,2023 Q1,2023 Q4,exch_rate,3,-0.026759467143536022,MF-VAR,2023-12-31,Other,-0.046880815886738175,0.020121348743202153
Cutoff only,0,125,2023 Q1,2023 Q4,exch_rate,3,NA,MIDAS (trend),2023-12-31,Other,-0.046880815886738175,NA
Cutoff only,0,125,2023 Q1,2023 Q4,exch_rate,3,NA,MIDAS,2023-12-31,Other,-0.046880815886738175,NA
Cutoff only,0,125,2023 Q1,2023 Q4,exch_rate,3,-0.009974213530404884,AR(2),2023-12-31,Other,-0.046880815886738175,0.03690660235633329
Cutoff only,0,125,2023 Q1,2023 Q4,exch_rate,3,-0.023192994817134955,RW-trend,2023-12-31,Other,-0.046880815886738175,0.02368782106960322
Cutoff only,0,125,2023 Q1,2024 Q1,exch_rate,4,-0.030845573889787054,MF-VAR,2024-03-31,1-year ahead,-0.052092694858905865,0.02124712096911881
Cutoff only,0,125,2023 Q1,2024 Q1,exch_rate,4,NA,MIDAS (trend),2024-03-31,1-year ahead,-0.052092694858905865,NA
Cutoff only,0,125,2023 Q1,2024 Q1,exch_rate,4,NA,MIDAS,2024-03-31,1-year ahead,-0.052092694858905865,NA
Cutoff only,0,125,2023 Q1,2024 Q1,exch_rate,4,-0.012968618494157537,AR(2),2024-03-31,1-year ahead,-0.052092694858905865,0.03912407636474833
Cutoff only,0,125,2023 Q1,2024 Q1,exch_rate,4,-0.028375234051409088,RW-trend,2024-03-31,1-year ahead,-0.052092694858905865,0.023717460807496777
Cutoff only,0,125,2023 Q1,2023 Q2,gdp_growth,1,-1.3634138210483964,MF-VAR,2023-06-30,1-step ahead,-1.9508697250607554,0.587455904012359
Cutoff only,0,125,2023 Q1,2023 Q2,gdp_growth,1,NA,MIDAS (trend),2023-06-30,1-step ahead,-1.9508697250607554,NA
Cutoff only,0,125,2023 Q1,2023 Q2,gdp_growth,1,NA,MIDAS,2023-06-30,1-step ahead,-1.9508697250607554,NA
Cutoff only,0,125,2023 Q1,2023 Q2,gdp_growth,1,1.7108303282121722,AR(2),2023-06-30,1-step ahead,-1.9508697250607554,3.6617000532729276
Cutoff only,0,125,2023 Q1,2023 Q2,gdp_growth,1,-1.4198875441871466,RW-trend,2023-06-30,1-step ahead,-1.9508697250607554,0.5309821808736088
Cutoff only,0,125,2023 Q1,2023 Q3,gdp_growth,2,2.722253516009612,MF-VAR,2023-09-30,Other,0.28204712749158034,2.440206388518032
Cutoff only,0,125,2023 Q1,2023 Q3,gdp_growth,2,NA,MIDAS (trend),2023-09-30,Other,0.28204712749158034,NA
Cutoff only,0,125,2023 Q1,2023 Q3,gdp_growth,2,NA,MIDAS,2023-09-30,Other,0.28204712749158034,NA
Cutoff only,0,125,2023 Q1,2023 Q3,gdp_growth,2,2.6918856628449683,AR(2),2023-09-30,Other,0.28204712749158034,2.409838535353388
Cutoff only,0,125,2023 Q1,2023 Q3,gdp_growth,2,-1.4186239686504196,RW-trend,2023-09-30,Other,0.28204712749158034,-1.700671096142
Cutoff only,0,125,2023 Q1,2023 Q4,gdp_growth,3,-0.010273028910083942,MF-VAR,2023-12-31,Other,0.9309495403961421,-0.941222569306226
Cutoff only,0,125,2023 Q1,2023 Q4,gdp_growth,3,NA,MIDAS (trend),2023-12-31,Other,0.9309495403961421,NA
Cutoff only,0,125,2023 Q1,2023 Q4,gdp_growth,3,NA,MIDAS,2023-12-31,Other,0.9309495403961421,NA
Cutoff only,0,125,2023 Q1,2023 Q4,gdp_growth,3,1.4610854643034432,AR(2),2023-12-31,Other,0.9309495403961421,0.5301359239073011
Cutoff only,0,125,2023 Q1,2023 Q4,gdp_growth,3,-1.4173603931136927,RW-trend,2023-12-31,Other,0.9309495403961421,-2.3483099335098347
Cutoff only,0,125,2023 Q1,2024 Q1,gdp_growth,4,0.37831072003745314,MF-VAR,2024-03-31,1-year ahead,4.0977257494837716,-3.7194150294463184
Cutoff only,0,125,2023 Q1,2024 Q1,gdp_growth,4,NA,MIDAS (trend),2024-03-31,1-year ahead,4.0977257494837716,NA
Cutoff only,0,125,2023 Q1,2024 Q1,gdp_growth,4,NA,MIDAS,2024-03-31,1-year ahead,4.0977257494837716,NA
Cutoff only,0,125,2023 Q1,2024 Q1,gdp_growth,4,1.3367133526731987,AR(2),2024-03-31,1-year ahead,4.0977257494837716,-2.761012396810573
Cutoff only,0,125,2023 Q1,2024 Q1,gdp_growth,4,-1.416096817576966,RW-trend,2024-03-31,1-year ahead,4.0977257494837716,-5.513822567060737
Cutoff only,0,125,2023 Q1,2023 Q2,inflation,1,3.17887956045488,MF-VAR,2023-06-30,1-step ahead,0.5501119867577842,2.628767573697096
Cutoff only,0,125,2023 Q1,2023 Q2,inflation,1,NA,MIDAS (trend),2023-06-30,1-step ahead,0.5501119867577842,NA
Cutoff only,0,125,2023 Q1,2023 Q2,inflation,1,NA,MIDAS,2023-06-30,1-step ahead,0.5501119867577842,NA
Cutoff only,0,125,2023 Q1,2023 Q2,inflation,1,1.8187000387300312,AR(2),2023-06-30,1-step ahead,0.5501119867577842,1.268588051972247
Cutoff only,0,125,2023 Q1,2023 Q2,inflation,1,3.1696227531802768,RW-trend,2023-06-30,1-step ahead,0.5501119867577842,2.6195107664224926
Cutoff only,0,125,2023 Q1,2023 Q3,inflation,2,1.6800786486420147,MF-VAR,2023-09-30,Other,1.2606093578710897,0.419469290770925
Cutoff only,0,125,2023 Q1,2023 Q3,inflation,2,NA,MIDAS (trend),2023-09-30,Other,1.2606093578710897,NA
Cutoff only,0,125,2023 Q1,2023 Q3,inflation,2,NA,MIDAS,2023-09-30,Other,1.2606093578710897,NA
Cutoff only,0,125,2023 Q1,2023 Q3,inflation,2,1.2783851640463086,AR(2),2023-09-30,Other,1.2606093578710897,0.0177758061752189
Cutoff only,0,125,2023 Q1,2023 Q3,inflation,2,3.1634315913303634,RW-trend,2023-09-30,Other,1.2606093578710897,1.9028222334592737
Cutoff only,0,125,2023 Q1,2023 Q4,inflation,3,1.0053833544392048,MF-VAR,2023-12-31,Other,1.5459954544169818,-0.540612099977777
Cutoff only,0,125,2023 Q1,2023 Q4,inflation,3,NA,MIDAS (trend),2023-12-31,Other,1.5459954544169818,NA
Cutoff only,0,125,2023 Q1,2023 Q4,inflation,3,NA,MIDAS,2023-12-31,Other,1.5459954544169818,NA
Cutoff only,0,125,2023 Q1,2023 Q4,inflation,3,0.9350245072051907,AR(2),2023-12-31,Other,1.5459954544169818,-0.6109709472117911
Cutoff only,0,125,2023 Q1,2023 Q4,inflation,3,3.15724042948045,RW-trend,2023-12-31,Other,1.5459954544169818,1.6112449750634683
Cutoff only,0,125,2023 Q1,2024 Q1,inflation,4,0.5700083811669366,MF-VAR,2024-03-31,1-year ahead,1.20167733791412,-0.6316689567471833
Cutoff only,0,125,2023 Q1,2024 Q1,inflation,4,NA,MIDAS (trend),2024-03-31,1-year ahead,1.20167733791412,NA
Cutoff only,0,125,2023 Q1,2024 Q1,inflation,4,NA,MIDAS,2024-03-31,1-year ahead,1.20167733791412,NA
Cutoff only,0,125,2023 Q1,2024 Q1,inflation,4,0.7170599101616097,AR(2),2024-03-31,1-year ahead,1.20167733791412,-0.48461742775251015
Cutoff only,0,125,2023 Q1,2024 Q1,inflation,4,3.1510492676305364,RW-trend,2024-03-31,1-year ahead,1.20167733791412,1.9493719297164165
Cutoff only,0,126,2023 Q2,2023 Q3,exch_rate,1,-0.030642609853015864,MF-VAR,2023-09-30,1-step ahead,-0.03937898253147601,0.008736372678460145
Cutoff only,0,126,2023 Q2,2023 Q3,exch_rate,1,NA,MIDAS (trend),2023-09-30,1-step ahead,-0.03937898253147601,NA
Cutoff only,0,126,2023 Q2,2023 Q3,exch_rate,1,NA,MIDAS,2023-09-30,1-step ahead,-0.03937898253147601,NA
Cutoff only,0,126,2023 Q2,2023 Q3,exch_rate,1,-0.029683948449861216,AR(2),2023-09-30,1-step ahead,-0.03937898253147601,0.009695034081614793
Cutoff only,0,126,2023 Q2,2023 Q3,exch_rate,1,-0.026761880115250568,RW-trend,2023-09-30,1-step ahead,-0.03937898253147601,0.012617102416225441
Cutoff only,0,126,2023 Q2,2023 Q4,exch_rate,2,-0.0317283019099636,MF-VAR,2023-12-31,Other,-0.046880815886738175,0.015152513976774577
Cutoff only,0,126,2023 Q2,2023 Q4,exch_rate,2,NA,MIDAS (trend),2023-12-31,Other,-0.046880815886738175,NA
Cutoff only,0,126,2023 Q2,2023 Q4,exch_rate,2,NA,MIDAS,2023-12-31,Other,-0.046880815886738175,NA
Cutoff only,0,126,2023 Q2,2023 Q4,exch_rate,2,-0.028627208407344586,AR(2),2023-12-31,Other,-0.046880815886738175,0.01825360747939359
Cutoff only,0,126,2023 Q2,2023 Q4,exch_rate,2,-0.03201412834578382,RW-trend,2023-12-31,Other,-0.046880815886738175,0.014866687540954354
Cutoff only,0,126,2023 Q2,2024 Q1,exch_rate,3,-0.03535112151400251,MF-VAR,2024-03-31,Other,-0.052092694858905865,0.01674157334490335
Cutoff only,0,126,2023 Q2,2024 Q1,exch_rate,3,NA,MIDAS (trend),2024-03-31,Other,-0.052092694858905865,NA
Cutoff only,0,126,2023 Q2,2024 Q1,exch_rate,3,NA,MIDAS,2024-03-31,Other,-0.052092694858905865,NA
Cutoff only,0,126,2023 Q2,2024 Q1,exch_rate,3,-0.030493388596627768,AR(2),2024-03-31,Other,-0.052092694858905865,0.021599306262278097
Cutoff only,0,126,2023 Q2,2024 Q1,exch_rate,3,-0.03726637657631707,RW-trend,2024-03-31,Other,-0.052092694858905865,0.014826318282588798
Cutoff only,0,126,2023 Q2,2024 Q2,exch_rate,4,-0.03423203123705289,MF-VAR,2024-06-30,1-year ahead,-0.02679720863629812,-0.007434822600754766
Cutoff only,0,126,2023 Q2,2024 Q2,exch_rate,4,NA,MIDAS (trend),2024-06-30,1-year ahead,-0.02679720863629812,NA
Cutoff only,0,126,2023 Q2,2024 Q2,exch_rate,4,NA,MIDAS,2024-06-30,1-year ahead,-0.02679720863629812,NA
Cutoff only,0,126,2023 Q2,2024 Q2,exch_rate,4,-0.029468429496997475,AR(2),2024-06-30,1-year ahead,-0.02679720863629812,-0.002671220860699354
Cutoff only,0,126,2023 Q2,2024 Q2,exch_rate,4,-0.04251862480685032,RW-trend,2024-06-30,1-year ahead,-0.02679720863629812,-0.0157214161705522
Cutoff only,0,126,2023 Q2,2023 Q3,gdp_growth,1,-0.8140253148729046,MF-VAR,2023-09-30,1-step ahead,0.28204712749158034,-1.096072442364485
Cutoff only,0,126,2023 Q2,2023 Q3,gdp_growth,1,NA,MIDAS (trend),2023-09-30,1-step ahead,0.28204712749158034,NA
Cutoff only,0,126,2023 Q2,2023 Q3,gdp_growth,1,NA,MIDAS,2023-09-30,1-step ahead,0.28204712749158034,NA
Cutoff only,0,126,2023 Q2,2023 Q3,gdp_growth,1,2.9151724942317063,AR(2),2023-09-30,1-step ahead,0.28204712749158034,2.633125366740126
Cutoff only,0,126,2023 Q2,2023 Q3,gdp_growth,1,-1.9538882638859125,RW-trend,2023-09-30,1-step ahead,0.28204712749158034,-2.2359353913774926
Cutoff only,0,126,2023 Q2,2023 Q4,gdp_growth,2,-0.5755666393291866,MF-VAR,2023-12-31,Other,0.9309495403961421,-1.5065161797253288
Cutoff only,0,126,2023 Q2,2023 Q4,gdp_growth,2,NA,MIDAS (trend),2023-12-31,Other,0.9309495403961421,NA
Cutoff only,0,126,2023 Q2,2023 Q4,gdp_growth,2,NA,MIDAS,2023-12-31,Other,0.9309495403961421,NA
Cutoff only,0,126,2023 Q2,2023 Q4,gdp_growth,2,1.6277345639611043,AR(2),2023-12-31,Other,0.9309495403961421,0.6967850235649622
Cutoff only,0,126,2023 Q2,2023 Q4,gdp_growth,2,-1.9569068027110696,RW-trend,2023-12-31,Other,0.9309495403961421,-2.8878563431072117
Cutoff only,0,126,2023 Q2,2024 Q1,gdp_growth,3,0.28087038501175166,MF-VAR,2024-03-31,Other,4.0977257494837716,-3.81685536447202
Cutoff only,0,126,2023 Q2,2024 Q1,gdp_growth,3,NA,MIDAS (trend),2024-03-31,Other,4.0977257494837716,NA
Cutoff only,0,126,2023 Q2,2024 Q1,gdp_growth,3,NA,MIDAS,2024-03-31,Other,4.0977257494837716,NA
Cutoff only,0,126,2023 Q2,2024 Q1,gdp_growth,3,1.28192509161011,AR(2),2024-03-31,Other,4.0977257494837716,-2.8158006578736616
Cutoff only,0,126,2023 Q2,2024 Q1,gdp_growth,3,-1.9599253415362268,RW-trend,2024-03-31,Other,4.0977257494837716,-6.0576510910199985
Cutoff only,0,126,2023 Q2,2024 Q2,gdp_growth,4,0.496031147509021,MF-VAR,2024-06-30,1-year ahead,1.9600339339092443,-1.4640027864002234
Cutoff only,0,126,2023 Q2,2024 Q2,gdp_growth,4,NA,MIDAS (trend),2024-06-30,1-year ahead,1.9600339339092443,NA
Cutoff only,0,126,2023 Q2,2024 Q2,gdp_growth,4,NA,MIDAS,2024-06-30,1-year ahead,1.9600339339092443,NA
Cutoff only,0,126,2023 Q2,2024 Q2,gdp_growth,4,1.3671787017102819,AR(2),2024-06-30,1-year ahead,1.9600339339092443,-0.5928552321989624
Cutoff only,0,126,2023 Q2,2024 Q2,gdp_growth,4,-1.962943880361384,RW-trend,2024-06-30,1-year ahead,1.9600339339092443,-3.922977814270628
Cutoff only,0,126,2023 Q2,2023 Q3,inflation,1,0.48320317241516453,MF-VAR,2023-09-30,1-step ahead,1.2606093578710897,-0.7774061854559252
Cutoff only,0,126,2023 Q2,2023 Q3,inflation,1,NA,MIDAS (trend),2023-09-30,1-step ahead,1.2606093578710897,NA
Cutoff only,0,126,2023 Q2,2023 Q3,inflation,1,NA,MIDAS,2023-09-30,1-step ahead,1.2606093578710897,NA
Cutoff only,0,126,2023 Q2,2023 Q3,inflation,1,0.663739629202619,AR(2),2023-09-30,1-step ahead,1.2606093578710897,-0.5968697286684708
Cutoff only,0,126,2023 Q2,2023 Q3,inflation,1,0.522795738081883,RW-trend,2023-09-30,1-step ahead,1.2606093578710897,-0.7378136197892068
Cutoff only,0,126,2023 Q2,2023 Q4,inflation,2,0.33130259140372265,MF-VAR,2023-12-31,Other,1.5459954544169818,-1.2146928630132592
Cutoff only,0,126,2023 Q2,2023 Q4,inflation,2,NA,MIDAS (trend),2023-12-31,Other,1.5459954544169818,NA
Cutoff only,0,126,2023 Q2,2023 Q4,inflation,2,NA,MIDAS,2023-12-31,Other,1.5459954544169818,NA
Cutoff only,0,126,2023 Q2,2023 Q4,inflation,2,0.5086645523641343,AR(2),2023-12-31,Other,1.5459954544169818,-1.0373309020528474
Cutoff only,0,126,2023 Q2,2023 Q4,inflation,2,0.49547948940598163,RW-trend,2023-12-31,Other,1.5459954544169818,-1.0505159650110003
Cutoff only,0,126,2023 Q2,2024 Q1,inflation,3,0.22820865616351074,MF-VAR,2024-03-31,Other,1.20167733791412,-0.9734686817506092
Cutoff only,0,126,2023 Q2,2024 Q1,inflation,3,NA,MIDAS (trend),2024-03-31,Other,1.20167733791412,NA
Cutoff only,0,126,2023 Q2,2024 Q1,inflation,3,NA,MIDAS,2024-03-31,Other,1.20167733791412,NA
Cutoff only,0,126,2023 Q2,2024 Q1,inflation,3,0.44848712051141093,AR(2),2024-03-31,Other,1.20167733791412,-0.753190217402709
Cutoff only,0,126,2023 Q2,2024 Q1,inflation,3,0.4681632407300804,RW-trend,2024-03-31,Other,1.20167733791412,-0.7335140971840395
Cutoff only,0,126,2023 Q2,2024 Q2,inflation,4,0.086520542435496,MF-VAR,2024-06-30,1-year ahead,1.3948747405589046,-1.3083541981234086
Cutoff only,0,126,2023 Q2,2024 Q2,inflation,4,NA,MIDAS (trend),2024-06-30,1-year ahead,1.3948747405589046,NA
Cutoff only,0,126,2023 Q2,2024 Q2,inflation,4,NA,MIDAS,2024-06-30,1-year ahead,1.3948747405589046,NA
Cutoff only,0,126,2023 Q2,2024 Q2,inflation,4,0.39940107938213504,AR(2),2024-06-30,1-year ahead,1.3948747405589046,-0.9954736611767696
Cutoff only,0,126,2023 Q2,2024 Q2,inflation,4,0.44084699205417915,RW-trend,2024-06-30,1-year ahead,1.3948747405589046,-0.9540277485047255
Cutoff only,0,127,2023 Q3,2023 Q4,exch_rate,1,-0.041505885422468886,MF-VAR,2023-12-31,1-step ahead,-0.046880815886738175,0.00537493046426929
Cutoff only,0,127,2023 Q3,2023 Q4,exch_rate,1,NA,MIDAS (trend),2023-12-31,1-step ahead,-0.046880815886738175,NA
Cutoff only,0,127,2023 Q3,2023 Q4,exch_rate,1,NA,MIDAS,2023-12-31,1-step ahead,-0.046880815886738175,NA
Cutoff only,0,127,2023 Q3,2023 Q4,exch_rate,1,-0.039493116959399104,AR(2),2023-12-31,1-step ahead,-0.046880815886738175,0.007387698927339072
Cutoff only,0,127,2023 Q3,2023 Q4,exch_rate,1,-0.044732167581339063,RW-trend,2023-12-31,1-step ahead,-0.046880815886738175,0.0021486483053991118
Cutoff only,0,127,2023 Q3,2024 Q1,exch_rate,2,-0.04586272084845872,MF-VAR,2024-03-31,Other,-0.052092694858905865,0.006229974010447142
Cutoff only,0,127,2023 Q3,2024 Q1,exch_rate,2,NA,MIDAS (trend),2024-03-31,Other,-0.052092694858905865,NA
Cutoff only,0,127,2023 Q3,2024 Q1,exch_rate,2,NA,MIDAS,2024-03-31,Other,-0.052092694858905865,NA
Cutoff only,0,127,2023 Q3,2024 Q1,exch_rate,2,-0.04091398937124056,AR(2),2024-03-31,Other,-0.052092694858905865,0.011178705487665308
Cutoff only,0,127,2023 Q3,2024 Q1,exch_rate,2,-0.05008535263120212,RW-trend,2024-03-31,Other,-0.052092694858905865,0.002007342227703747
Cutoff only,0,127,2023 Q3,2024 Q2,exch_rate,3,-0.04808518441610714,MF-VAR,2024-06-30,Other,-0.02679720863629812,-0.021287975779809017
Cutoff only,0,127,2023 Q3,2024 Q2,exch_rate,3,NA,MIDAS (trend),2024-06-30,Other,-0.02679720863629812,NA
Cutoff only,0,127,2023 Q3,2024 Q2,exch_rate,3,NA,MIDAS,2024-06-30,Other,-0.02679720863629812,NA
Cutoff only,0,127,2023 Q3,2024 Q2,exch_rate,3,-0.03917939232606886,AR(2),2024-06-30,Other,-0.02679720863629812,-0.012382183689770739
Cutoff only,0,127,2023 Q3,2024 Q2,exch_rate,3,-0.05543853768106517,RW-trend,2024-06-30,Other,-0.02679720863629812,-0.02864132904476705
Cutoff only,0,127,2023 Q3,2024 Q3,exch_rate,4,-0.054724155138751285,MF-VAR,2024-09-30,1-year ahead,-0.049958817793634556,-0.004765337345116728
Cutoff only,0,127,2023 Q3,2024 Q3,exch_rate,4,NA,MIDAS (trend),2024-09-30,1-year ahead,-0.049958817793634556,NA
Cutoff only,0,127,2023 Q3,2024 Q3,exch_rate,4,NA,MIDAS,2024-09-30,1-year ahead,-0.049958817793634556,NA
Cutoff only,0,127,2023 Q3,2024 Q3,exch_rate,4,-0.04459023175210823,AR(2),2024-09-30,1-year ahead,-0.049958817793634556,0.005368586041526326
Cutoff only,0,127,2023 Q3,2024 Q3,exch_rate,4,-0.06079172273092823,RW-trend,2024-09-30,1-year ahead,-0.049958817793634556,-0.01083290493729367
Cutoff only,0,127,2023 Q3,2023 Q4,gdp_growth,1,-0.7737506546552105,MF-VAR,2023-12-31,1-step ahead,0.9309495403961421,-1.7047001950513527
Cutoff only,0,127,2023 Q3,2023 Q4,gdp_growth,1,NA,MIDAS (trend),2023-12-31,1-step ahead,0.9309495403961421,NA
Cutoff only,0,127,2023 Q3,2023 Q4,gdp_growth,1,NA,MIDAS,2023-12-31,1-step ahead,0.9309495403961421,NA
Cutoff only,0,127,2023 Q3,2023 Q4,gdp_growth,1,1.7768801691702927,AR(2),2023-12-31,1-step ahead,0.9309495403961421,0.8459306287741506
Cutoff only,0,127,2023 Q3,2023 Q4,gdp_growth,1,0.29691607179744334,RW-trend,2023-12-31,1-step ahead,0.9309495403961421,-0.6340334685986988
Cutoff only,0,127,2023 Q3,2024 Q1,gdp_growth,2,1.2343547930121108,MF-VAR,2024-03-31,Other,4.0977257494837716,-2.8633709564716607
Cutoff only,0,127,2023 Q3,2024 Q1,gdp_growth,2,NA,MIDAS (trend),2024-03-31,Other,4.0977257494837716,NA
Cutoff only,0,127,2023 Q3,2024 Q1,gdp_growth,2,NA,MIDAS,2024-03-31,Other,4.0977257494837716,NA
Cutoff only,0,127,2023 Q3,2024 Q1,gdp_growth,2,1.39741678703541,AR(2),2024-03-31,Other,4.0977257494837716,-2.7003089624483616
Cutoff only,0,127,2023 Q3,2024 Q1,gdp_growth,2,0.3117850161033063,RW-trend,2024-03-31,Other,4.0977257494837716,-3.7859407333804653
Cutoff only,0,127,2023 Q3,2024 Q2,gdp_growth,3,-0.10714982224652225,MF-VAR,2024-06-30,Other,1.9600339339092443,-2.0671837561557664
Cutoff only,0,127,2023 Q3,2024 Q2,gdp_growth,3,NA,MIDAS (trend),2024-06-30,Other,1.9600339339092443,NA
Cutoff only,0,127,2023 Q3,2024 Q2,gdp_growth,3,NA,MIDAS,2024-06-30,Other,1.9600339339092443,NA
Cutoff only,0,127,2023 Q3,2024 Q2,gdp_growth,3,1.3316934101407871,AR(2),2024-06-30,Other,1.9600339339092443,-0.6283405237684572
Cutoff only,0,127,2023 Q3,2024 Q2,gdp_growth,3,0.3266539604091693,RW-trend,2024-06-30,Other,1.9600339339092443,-1.633379973500075
Cutoff only,0,127,2023 Q3,2024 Q3,gdp_growth,4,1.7314478743555135,MF-VAR,2024-09-30,1-year ahead,1.7249375962080649,0.006510278147448645
Cutoff only,0,127,2023 Q3,2024 Q3,gdp_growth,4,NA,MIDAS (trend),2024-09-30,1-year ahead,1.7249375962080649,NA
Cutoff only,0,127,2023 Q3,2024 Q3,gdp_growth,4,NA,MIDAS,2024-09-30,1-year ahead,1.7249375962080649,NA
Cutoff only,0,127,2023 Q3,2024 Q3,gdp_growth,4,2.4895691756087466,AR(2),2024-09-30,1-year ahead,1.7249375962080649,0.7646315794006817
Cutoff only,0,127,2023 Q3,2024 Q3,gdp_growth,4,0.34152290471503227,RW-trend,2024-09-30,1-year ahead,1.7249375962080649,-1.3834146914930325
Cutoff only,0,127,2023 Q3,2023 Q4,inflation,1,1.2868632511458773,MF-VAR,2023-12-31,1-step ahead,1.5459954544169818,-0.25913220327110453
Cutoff only,0,127,2023 Q3,2023 Q4,inflation,1,NA,MIDAS (trend),2023-12-31,1-step ahead,1.5459954544169818,NA
Cutoff only,0,127,2023 Q3,2023 Q4,inflation,1,NA,MIDAS,2023-12-31,1-step ahead,1.5459954544169818,NA
Cutoff only,0,127,2023 Q3,2023 Q4,inflation,1,0.794390362458707,AR(2),2023-12-31,1-step ahead,1.5459954544169818,-0.7516050919582749
Cutoff only,0,127,2023 Q3,2023 Q4,inflation,1,1.2391956181535022,RW-trend,2023-12-31,1-step ahead,1.5459954544169818,-0.3067998362634796
Cutoff only,0,127,2023 Q3,2024 Q1,inflation,2,0.7065277962730012,MF-VAR,2024-03-31,Other,1.20167733791412,-0.4951495416411187
Cutoff only,0,127,2023 Q3,2024 Q1,inflation,2,NA,MIDAS (trend),2024-03-31,Other,1.20167733791412,NA
Cutoff only,0,127,2023 Q3,2024 Q1,inflation,2,NA,MIDAS,2024-03-31,Other,1.20167733791412,NA
Cutoff only,0,127,2023 Q3,2024 Q1,inflation,2,0.662922790423922,AR(2),2024-03-31,Other,1.20167733791412,-0.5387545474901979
Cutoff only,0,127,2023 Q3,2024 Q1,inflation,2,1.2177818784359147,RW-trend,2024-03-31,Other,1.20167733791412,0.016104540521794775
Cutoff only,0,127,2023 Q3,2024 Q2,inflation,3,0.4226424703381924,MF-VAR,2024-06-30,Other,1.3948747405589046,-0.9722322702207122
Cutoff only,0,127,2023 Q3,2024 Q2,inflation,3,NA,MIDAS (trend),2024-06-30,Other,1.3948747405589046,NA
Cutoff only,0,127,2023 Q3,2024 Q2,inflation,3,NA,MIDAS,2024-06-30,Other,1.3948747405589046,NA
Cutoff only,0,127,2023 Q3,2024 Q2,inflation,3,0.5405165295109489,AR(2),2024-06-30,Other,1.3948747405589046,-0.8543582110479557
Cutoff only,0,127,2023 Q3,2024 Q2,inflation,3,1.1963681387183271,RW-trend,2024-06-30,Other,1.3948747405589046,-0.19850660184057745
Cutoff only,0,127,2023 Q3,2024 Q3,inflation,4,0.18412310075961152,MF-VAR,2024-09-30,1-year ahead,0.04584411512098541,0.13827898563862612
Cutoff only,0,127,2023 Q3,2024 Q3,inflation,4,NA,MIDAS (trend),2024-09-30,1-year ahead,0.04584411512098541,NA
Cutoff only,0,127,2023 Q3,2024 Q3,inflation,4,NA,MIDAS,2024-09-30,1-year ahead,0.04584411512098541,NA
Cutoff only,0,127,2023 Q3,2024 Q3,inflation,4,0.397334108010309,AR(2),2024-09-30,1-year ahead,0.04584411512098541,0.3514899928893236
Cutoff only,0,127,2023 Q3,2024 Q3,inflation,4,1.1749543990007396,RW-trend,2024-09-30,1-year ahead,0.04584411512098541,1.1291102838797542
Cutoff only,0,128,2023 Q4,2024 Q1,exch_rate,1,-0.052143196638096356,MF-VAR,2024-03-31,1-step ahead,-0.052092694858905865,-5.0501779190491314e-5
Cutoff only,0,128,2023 Q4,2024 Q1,exch_rate,1,NA,MIDAS (trend),2024-03-31,1-step ahead,-0.052092694858905865,NA
Cutoff only,0,128,2023 Q4,2024 Q1,exch_rate,1,NA,MIDAS,2024-03-31,1-step ahead,-0.052092694858905865,NA
Cutoff only,0,128,2023 Q4,2024 Q1,exch_rate,1,-0.049217700426208336,AR(2),2024-03-31,1-step ahead,-0.052092694858905865,0.0028749944326975294
Cutoff only,0,128,2023 Q4,2024 Q1,exch_rate,1,-0.05225105370092979,RW-trend,2024-03-31,1-step ahead,-0.052092694858905865,-1.5835884202392708e-4
Cutoff only,0,128,2023 Q4,2024 Q2,exch_rate,2,-0.0534945334756399,MF-VAR,2024-06-30,Other,-0.02679720863629812,-0.026697324839341778
Cutoff only,0,128,2023 Q4,2024 Q2,exch_rate,2,NA,MIDAS (trend),2024-06-30,Other,-0.02679720863629812,NA
Cutoff only,0,128,2023 Q4,2024 Q2,exch_rate,2,NA,MIDAS,2024-06-30,Other,-0.02679720863629812,NA
Cutoff only,0,128,2023 Q4,2024 Q2,exch_rate,2,-0.04715585643031273,AR(2),2024-06-30,Other,-0.02679720863629812,-0.02035864779401461
Cutoff only,0,128,2023 Q4,2024 Q2,exch_rate,2,-0.05762129151512141,RW-trend,2024-06-30,Other,-0.02679720863629812,-0.030824082878823288
Cutoff only,0,128,2023 Q4,2024 Q3,exch_rate,3,-0.06181780426693562,MF-VAR,2024-09-30,Other,-0.049958817793634556,-0.011858986473301067
Cutoff only,0,128,2023 Q4,2024 Q3,exch_rate,3,NA,MIDAS (trend),2024-09-30,Other,-0.049958817793634556,NA
Cutoff only,0,128,2023 Q4,2024 Q3,exch_rate,3,NA,MIDAS,2024-09-30,Other,-0.049958817793634556,NA
Cutoff only,0,128,2023 Q4,2024 Q3,exch_rate,3,-0.05203250766474324,AR(2),2024-09-30,Other,-0.049958817793634556,-0.002073689871108682
Cutoff only,0,128,2023 Q4,2024 Q3,exch_rate,3,-0.06299152932931304,RW-trend,2024-09-30,Other,-0.049958817793634556,-0.013032711535678483
Cutoff only,0,128,2023 Q4,2024 Q4,exch_rate,4,-0.062421387509633046,MF-VAR,2024-12-31,1-year ahead,-0.06616821551812571,0.0037468280084926656
Cutoff only,0,128,2023 Q4,2024 Q4,exch_rate,4,NA,MIDAS (trend),2024-12-31,1-year ahead,-0.06616821551812571,NA
Cutoff only,0,128,2023 Q4,2024 Q4,exch_rate,4,NA,MIDAS,2024-12-31,1-year ahead,-0.06616821551812571,NA
Cutoff only,0,128,2023 Q4,2024 Q4,exch_rate,4,-0.05016330306732387,AR(2),2024-12-31,1-year ahead,-0.06616821551812571,0.016004912450801843
Cutoff only,0,128,2023 Q4,2024 Q4,exch_rate,4,-0.06836176714350464,RW-trend,2024-12-31,1-year ahead,-0.06616821551812571,-0.002193551625378931
Cutoff only,0,128,2023 Q4,2024 Q1,gdp_growth,1,0.7838466718518914,MF-VAR,2024-03-31,1-step ahead,4.0977257494837716,-3.31387907763188
Cutoff only,0,128,2023 Q4,2024 Q1,gdp_growth,1,NA,MIDAS (trend),2024-03-31,1-step ahead,4.0977257494837716,NA
Cutoff only,0,128,2023 Q4,2024 Q1,gdp_growth,1,NA,MIDAS,2024-03-31,1-step ahead,4.0977257494837716,NA
Cutoff only,0,128,2023 Q4,2024 Q1,gdp_growth,1,1.448080703254949,AR(2),2024-03-31,1-step ahead,4.0977257494837716,-2.6496450462288226
Cutoff only,0,128,2023 Q4,2024 Q1,gdp_growth,1,0.9508504963575501,RW-trend,2024-03-31,1-step ahead,4.0977257494837716,-3.1468752531262214
Cutoff only,0,128,2023 Q4,2024 Q2,gdp_growth,2,1.8588199748100362,MF-VAR,2024-06-30,Other,1.9600339339092443,-0.10121395909920805
Cutoff only,0,128,2023 Q4,2024 Q2,gdp_growth,2,NA,MIDAS (trend),2024-06-30,Other,1.9600339339092443,NA
Cutoff only,0,128,2023 Q4,2024 Q2,gdp_growth,2,NA,MIDAS,2024-06-30,Other,1.9600339339092443,NA
Cutoff only,0,128,2023 Q4,2024 Q2,gdp_growth,2,1.3695609276785037,AR(2),2024-06-30,Other,1.9600339339092443,-0.5904730062307406
Cutoff only,0,128,2023 Q4,2024 Q2,gdp_growth,2,0.9707514523189583,RW-trend,2024-06-30,Other,1.9600339339092443,-0.989282481590286
Cutoff only,0,128,2023 Q4,2024 Q3,gdp_growth,3,1.862629655205865,MF-VAR,2024-09-30,Other,1.7249375962080649,0.13769205899780013
Cutoff only,0,128,2023 Q4,2024 Q3,gdp_growth,3,NA,MIDAS (trend),2024-09-30,Other,1.7249375962080649,NA
Cutoff only,0,128,2023 Q4,2024 Q3,gdp_growth,3,NA,MIDAS,2024-09-30,Other,1.7249375962080649,NA
Cutoff only,0,128,2023 Q4,2024 Q3,gdp_growth,3,2.4798229190592243,AR(2),2024-09-30,Other,1.7249375962080649,0.7548853228511594
Cutoff only,0,128,2023 Q4,2024 Q3,gdp_growth,3,0.9906524082803664,RW-trend,2024-09-30,Other,1.7249375962080649,-0.7342851879276985
Cutoff only,0,128,2023 Q4,2024 Q4,gdp_growth,4,0.7998561903775764,MF-VAR,2024-12-31,1-year ahead,1.3156274812899937,-0.5157712909124174
Cutoff only,0,128,2023 Q4,2024 Q4,gdp_growth,4,NA,MIDAS (trend),2024-12-31,1-year ahead,1.3156274812899937,NA
Cutoff only,0,128,2023 Q4,2024 Q4,gdp_growth,4,NA,MIDAS,2024-12-31,1-year ahead,1.3156274812899937,NA
Cutoff only,0,128,2023 Q4,2024 Q4,gdp_growth,4,1.4331373487426358,AR(2),2024-12-31,1-year ahead,1.3156274812899937,0.11750986745264203
Cutoff only,0,128,2023 Q4,2024 Q4,gdp_growth,4,1.0105533642417746,RW-trend,2024-12-31,1-year ahead,1.3156274812899937,-0.3050741170482192
Cutoff only,0,128,2023 Q4,2024 Q1,inflation,1,1.555200325128153,MF-VAR,2024-03-31,1-step ahead,1.20167733791412,0.3535229872140331
Cutoff only,0,128,2023 Q4,2024 Q1,inflation,1,NA,MIDAS (trend),2024-03-31,1-step ahead,1.20167733791412,NA
Cutoff only,0,128,2023 Q4,2024 Q1,inflation,1,NA,MIDAS,2024-03-31,1-step ahead,1.20167733791412,NA
Cutoff only,0,128,2023 Q4,2024 Q1,inflation,1,1.0239396853679548,AR(2),2024-03-31,1-step ahead,1.20167733791412,-0.17773765254616514
Cutoff only,0,128,2023 Q4,2024 Q1,inflation,1,1.5270166340348188,RW-trend,2024-03-31,1-step ahead,1.20167733791412,0.3253392961206989
Cutoff only,0,128,2023 Q4,2024 Q2,inflation,2,0.8437173580390587,MF-VAR,2024-06-30,Other,1.3948747405589046,-0.5511573825198459
Cutoff only,0,128,2023 Q4,2024 Q2,inflation,2,NA,MIDAS (trend),2024-06-30,Other,1.3948747405589046,NA
Cutoff only,0,128,2023 Q4,2024 Q2,inflation,2,NA,MIDAS,2024-06-30,Other,1.3948747405589046,NA
Cutoff only,0,128,2023 Q4,2024 Q2,inflation,2,0.8029636773089346,AR(2),2024-06-30,Other,1.3948747405589046,-0.59191106324997
Cutoff only,0,128,2023 Q4,2024 Q2,inflation,2,1.5080378136526558,RW-trend,2024-06-30,Other,1.3948747405589046,0.11316307309375118
Cutoff only,0,128,2023 Q4,2024 Q3,inflation,3,0.4834850864015918,MF-VAR,2024-09-30,Other,0.04584411512098541,0.4376409712806064
Cutoff only,0,128,2023 Q4,2024 Q3,inflation,3,NA,MIDAS (trend),2024-09-30,Other,0.04584411512098541,NA
Cutoff only,0,128,2023 Q4,2024 Q3,inflation,3,NA,MIDAS,2024-09-30,Other,0.04584411512098541,NA
Cutoff only,0,128,2023 Q4,2024 Q3,inflation,3,0.5677623528584292,AR(2),2024-09-30,Other,0.04584411512098541,0.5219182377374438
Cutoff only,0,128,2023 Q4,2024 Q3,inflation,3,1.4890589932704927,RW-trend,2024-09-30,Other,0.04584411512098541,1.4432148781495073
Cutoff only,0,128,2023 Q4,2024 Q4,inflation,4,0.3642347881478703,MF-VAR,2024-12-31,1-year ahead,-0.025275077754116637,0.38950986590198694
Cutoff only,0,128,2023 Q4,2024 Q4,inflation,4,NA,MIDAS (trend),2024-12-31,1-year ahead,-0.025275077754116637,NA
Cutoff only,0,128,2023 Q4,2024 Q4,inflation,4,NA,MIDAS,2024-12-31,1-year ahead,-0.025275077754116637,NA
Cutoff only,0,128,2023 Q4,2024 Q4,inflation,4,0.4877687620752635,AR(2),2024-12-31,1-year ahead,-0.025275077754116637,0.5130438398293802
Cutoff only,0,128,2023 Q4,2024 Q4,inflation,4,1.4700801728883297,RW-trend,2024-12-31,1-year ahead,-0.025275077754116637,1.4953552506424463
Cutoff only,0,129,2024 Q1,2024 Q2,exch_rate,1,-0.054299741594480255,MF-VAR,2024-06-30,1-step ahead,-0.02679720863629812,-0.027502532958182134
Cutoff only,0,129,2024 Q1,2024 Q2,exch_rate,1,NA,MIDAS (trend),2024-06-30,1-step ahead,-0.02679720863629812,NA
Cutoff only,0,129,2024 Q1,2024 Q2,exch_rate,1,NA,MIDAS,2024-06-30,1-step ahead,-0.02679720863629812,NA
Cutoff only,0,129,2024 Q1,2024 Q2,exch_rate,1,-0.05042466283272644,AR(2),2024-06-30,1-step ahead,-0.02679720863629812,-0.023627454196428317
Cutoff only,0,129,2024 Q1,2024 Q2,exch_rate,1,-0.05746168575308155,RW-trend,2024-06-30,1-step ahead,-0.02679720863629812,-0.030664477116783426
Cutoff only,0,129,2024 Q1,2024 Q3,exch_rate,2,-0.0633928921489622,MF-VAR,2024-09-30,Other,-0.049958817793634556,-0.01343407435532764
Cutoff only,0,129,2024 Q1,2024 Q3,exch_rate,2,NA,MIDAS (trend),2024-09-30,Other,-0.049958817793634556,NA
Cutoff only,0,129,2024 Q1,2024 Q3,exch_rate,2,NA,MIDAS,2024-09-30,Other,-0.049958817793634556,NA
Cutoff only,0,129,2024 Q1,2024 Q3,exch_rate,2,-0.05519639104874743,AR(2),2024-09-30,Other,-0.049958817793634556,-0.005237573255112871
Cutoff only,0,129,2024 Q1,2024 Q3,exch_rate,2,-0.06283067664725722,RW-trend,2024-09-30,Other,-0.049958817793634556,-0.012871858853622666
Cutoff only,0,129,2024 Q1,2024 Q4,exch_rate,3,-0.06450626516820987,MF-VAR,2024-12-31,Other,-0.06616821551812571,0.0016619503499158417
Cutoff only,0,129,2024 Q1,2024 Q4,exch_rate,3,NA,MIDAS (trend),2024-12-31,Other,-0.06616821551812571,NA
Cutoff only,0,129,2024 Q1,2024 Q4,exch_rate,3,NA,MIDAS,2024-12-31,Other,-0.06616821551812571,NA
Cutoff only,0,129,2024 Q1,2024 Q4,exch_rate,3,-0.053134001289833664,AR(2),2024-12-31,Other,-0.06616821551812571,0.013034214228292047
Cutoff only,0,129,2024 Q1,2024 Q4,exch_rate,3,-0.0681996675414329,RW-trend,2024-12-31,Other,-0.06616821551812571,-0.0020314520233071925
Cutoff only,0,129,2024 Q1,2025 Q1,exch_rate,4,-0.06761317900127478,MF-VAR,2025-03-31,1-year ahead,-0.055630925582173515,-0.011982253419101266
Cutoff only,0,129,2024 Q1,2025 Q1,exch_rate,4,NA,MIDAS (trend),2025-03-31,1-year ahead,-0.055630925582173515,NA
Cutoff only,0,129,2024 Q1,2025 Q1,exch_rate,4,NA,MIDAS,2025-03-31,1-year ahead,-0.055630925582173515,NA
Cutoff only,0,129,2024 Q1,2025 Q1,exch_rate,4,-0.05449260740538363,AR(2),2025-03-31,1-year ahead,-0.055630925582173515,0.0011383181767898876
Cutoff only,0,129,2024 Q1,2025 Q1,exch_rate,4,-0.07356865843560859,RW-trend,2025-03-31,1-year ahead,-0.055630925582173515,-0.01793773285343507
Cutoff only,0,129,2024 Q1,2024 Q2,gdp_growth,1,4.155463048159248,MF-VAR,2024-06-30,1-step ahead,1.9600339339092443,2.195429114250004
Cutoff only,0,129,2024 Q1,2024 Q2,gdp_growth,1,NA,MIDAS (trend),2024-06-30,1-step ahead,1.9600339339092443,NA
Cutoff only,0,129,2024 Q1,2024 Q2,gdp_growth,1,NA,MIDAS,2024-06-30,1-step ahead,1.9600339339092443,NA
Cutoff only,0,129,2024 Q1,2024 Q2,gdp_growth,1,1.2160145078004687,AR(2),2024-06-30,1-step ahead,1.9600339339092443,-0.7440194261087756
Cutoff only,0,129,2024 Q1,2024 Q2,gdp_growth,1,4.142405250745386,RW-trend,2024-06-30,1-step ahead,1.9600339339092443,2.182371316836142
Cutoff only,0,129,2024 Q1,2024 Q3,gdp_growth,2,1.950292249341342,MF-VAR,2024-09-30,Other,1.7249375962080649,0.22535465313327707
Cutoff only,0,129,2024 Q1,2024 Q3,gdp_growth,2,NA,MIDAS (trend),2024-09-30,Other,1.7249375962080649,NA
Cutoff only,0,129,2024 Q1,2024 Q3,gdp_growth,2,NA,MIDAS,2024-09-30,Other,1.7249375962080649,NA
Cutoff only,0,129,2024 Q1,2024 Q3,gdp_growth,2,2.365285613039066,AR(2),2024-09-30,Other,1.7249375962080649,0.640348016831001
Cutoff only,0,129,2024 Q1,2024 Q3,gdp_growth,2,4.187084752007,RW-trend,2024-09-30,Other,1.7249375962080649,2.4621471557989354
Cutoff only,0,129,2024 Q1,2024 Q4,gdp_growth,3,0.5660353149797218,MF-VAR,2024-12-31,Other,1.3156274812899937,-0.7495921663102719
Cutoff only,0,129,2024 Q1,2024 Q4,gdp_growth,3,NA,MIDAS (trend),2024-12-31,Other,1.3156274812899937,NA
Cutoff only,0,129,2024 Q1,2024 Q4,gdp_growth,3,NA,MIDAS,2024-12-31,Other,1.3156274812899937,NA
Cutoff only,0,129,2024 Q1,2024 Q4,gdp_growth,3,1.4741099874016987,AR(2),2024-12-31,Other,1.3156274812899937,0.158482506111705
Cutoff only,0,129,2024 Q1,2024 Q4,gdp_growth,3,4.231764253268615,RW-trend,2024-12-31,Other,1.3156274812899937,2.9161367719786213
Cutoff only,0,129,2024 Q1,2025 Q1,gdp_growth,4,0.6716522584942569,MF-VAR,2025-03-31,1-year ahead,2.2430073144406037,-1.5713550559463467
Cutoff only,0,129,2024 Q1,2025 Q1,gdp_growth,4,NA,MIDAS (trend),2025-03-31,1-year ahead,2.2430073144406037,NA
Cutoff only,0,129,2024 Q1,2025 Q1,gdp_growth,4,NA,MIDAS,2025-03-31,1-year ahead,2.2430073144406037,NA
Cutoff only,0,129,2024 Q1,2025 Q1,gdp_growth,4,1.3151645831546026,AR(2),2025-03-31,1-year ahead,2.2430073144406037,-0.9278427312860011
Cutoff only,0,129,2024 Q1,2025 Q1,gdp_growth,4,4.27644375453023,RW-trend,2025-03-31,1-year ahead,2.2430073144406037,2.033436440089626
Cutoff only,0,129,2024 Q1,2024 Q2,inflation,1,1.2047429833388101,MF-VAR,2024-06-30,1-step ahead,1.3948747405589046,-0.19013175722009446
Cutoff only,0,129,2024 Q1,2024 Q2,inflation,1,NA,MIDAS (trend),2024-06-30,1-step ahead,1.3948747405589046,NA
Cutoff only,0,129,2024 Q1,2024 Q2,inflation,1,NA,MIDAS,2024-06-30,1-step ahead,1.3948747405589046,NA
Cutoff only,0,129,2024 Q1,2024 Q2,inflation,1,0.8927455056655198,AR(2),2024-06-30,1-step ahead,1.3948747405589046,-0.5021292348933848
Cutoff only,0,129,2024 Q1,2024 Q2,inflation,1,1.180136790790849,RW-trend,2024-06-30,1-step ahead,1.3948747405589046,-0.2147379497680555
Cutoff only,0,129,2024 Q1,2024 Q3,inflation,2,0.6007984753263524,MF-VAR,2024-09-30,Other,0.04584411512098541,0.554954360205367
Cutoff only,0,129,2024 Q1,2024 Q3,inflation,2,NA,MIDAS (trend),2024-09-30,Other,0.04584411512098541,NA
Cutoff only,0,129,2024 Q1,2024 Q3,inflation,2,NA,MIDAS,2024-09-30,Other,0.04584411512098541,NA
Cutoff only,0,129,2024 Q1,2024 Q3,inflation,2,0.6352290140782517,AR(2),2024-09-30,Other,0.04584411512098541,0.5893848989572663
Cutoff only,0,129,2024 Q1,2024 Q3,inflation,2,1.158596243667578,RW-trend,2024-09-30,Other,0.04584411512098541,1.1127521285465927
Cutoff only,0,129,2024 Q1,2024 Q4,inflation,3,0.36453372887296415,MF-VAR,2024-12-31,Other,-0.025275077754116637,0.3898088066270808
Cutoff only,0,129,2024 Q1,2024 Q4,inflation,3,NA,MIDAS (trend),2024-12-31,Other,-0.025275077754116637,NA
Cutoff only,0,129,2024 Q1,2024 Q4,inflation,3,NA,MIDAS,2024-12-31,Other,-0.025275077754116637,NA
Cutoff only,0,129,2024 Q1,2024 Q4,inflation,3,0.5340035858625332,AR(2),2024-12-31,Other,-0.025275077754116637,0.5592786636166498
Cutoff only,0,129,2024 Q1,2024 Q4,inflation,3,1.1370556965443073,RW-trend,2024-12-31,Other,-0.025275077754116637,1.162330774298424
Cutoff only,0,129,2024 Q1,2025 Q1,inflation,4,0.22593420313398363,MF-VAR,2025-03-31,1-year ahead,0.020479440281206962,0.20545476285277667
Cutoff only,0,129,2024 Q1,2025 Q1,inflation,4,NA,MIDAS (trend),2025-03-31,1-year ahead,0.020479440281206962,NA
Cutoff only,0,129,2024 Q1,2025 Q1,inflation,4,NA,MIDAS,2025-03-31,1-year ahead,0.020479440281206962,NA
Cutoff only,0,129,2024 Q1,2025 Q1,inflation,4,0.4600243548012952,AR(2),2025-03-31,1-year ahead,0.020479440281206962,0.43954491452008826
Cutoff only,0,129,2024 Q1,2025 Q1,inflation,4,1.1155151494210362,RW-trend,2025-03-31,1-year ahead,0.020479440281206962,1.0950357091398293
Cutoff only,0,130,2024 Q2,2024 Q3,exch_rate,1,-0.03593018660459678,MF-VAR,2024-09-30,1-step ahead,-0.049958817793634556,0.014028631189037778
Cutoff only,0,130,2024 Q2,2024 Q3,exch_rate,1,NA,MIDAS (trend),2024-09-30,1-step ahead,-0.049958817793634556,NA
Cutoff only,0,130,2024 Q2,2024 Q3,exch_rate,1,NA,MIDAS,2024-09-30,1-step ahead,-0.049958817793634556,NA
Cutoff only,0,130,2024 Q2,2024 Q3,exch_rate,1,-0.02804934971127886,AR(2),2024-09-30,1-step ahead,-0.049958817793634556,0.021909468082355697
Cutoff only,0,130,2024 Q2,2024 Q3,exch_rate,1,-0.031926633302998934,RW-trend,2024-09-30,1-step ahead,-0.049958817793634556,0.018032184490635622
Cutoff only,0,130,2024 Q2,2024 Q4,exch_rate,2,-0.0408130701516192,MF-VAR,2024-12-31,Other,-0.06616821551812571,0.025355145366506508
Cutoff only,0,130,2024 Q2,2024 Q4,exch_rate,2,NA,MIDAS (trend),2024-12-31,Other,-0.06616821551812571,NA
Cutoff only,0,130,2024 Q2,2024 Q4,exch_rate,2,NA,MIDAS,2024-12-31,Other,-0.06616821551812571,NA
Cutoff only,0,130,2024 Q2,2024 Q4,exch_rate,2,-0.026851884741831773,AR(2),2024-12-31,Other,-0.06616821551812571,0.03931633077629394
Cutoff only,0,130,2024 Q2,2024 Q4,exch_rate,2,-0.03705605796969975,RW-trend,2024-12-31,Other,-0.06616821551812571,0.029112157548425964
Cutoff only,0,130,2024 Q2,2025 Q1,exch_rate,3,-0.04467759896107614,MF-VAR,2025-03-31,Other,-0.055630925582173515,0.010953326621097374
Cutoff only,0,130,2024 Q2,2025 Q1,exch_rate,3,NA,MIDAS (trend),2025-03-31,Other,-0.055630925582173515,NA
Cutoff only,0,130,2024 Q2,2025 Q1,exch_rate,3,NA,MIDAS,2025-03-31,Other,-0.055630925582173515,NA
Cutoff only,0,130,2024 Q2,2025 Q1,exch_rate,3,-0.029936792098330677,AR(2),2025-03-31,Other,-0.055630925582173515,0.025694133483842838
Cutoff only,0,130,2024 Q2,2025 Q1,exch_rate,3,-0.04218548263640056,RW-trend,2025-03-31,Other,-0.055630925582173515,0.013445442945772955
Cutoff only,0,130,2024 Q2,2025 Q2,exch_rate,4,-0.04458317797100309,MF-VAR,2025-06-30,1-year ahead,-0.06491370262045415,0.020330524649451058
Cutoff only,0,130,2024 Q2,2025 Q2,exch_rate,4,NA,MIDAS (trend),2025-06-30,1-year ahead,-0.06491370262045415,NA
Cutoff only,0,130,2024 Q2,2025 Q2,exch_rate,4,NA,MIDAS,2025-06-30,1-year ahead,-0.06491370262045415,NA
Cutoff only,0,130,2024 Q2,2025 Q2,exch_rate,4,-0.030334727639307668,AR(2),2025-06-30,1-year ahead,-0.06491370262045415,0.03457897498114648
Cutoff only,0,130,2024 Q2,2025 Q2,exch_rate,4,-0.047314907303101374,RW-trend,2025-06-30,1-year ahead,-0.06491370262045415,0.017598795317352776
Cutoff only,0,130,2024 Q2,2024 Q3,gdp_growth,1,3.096878344097095,MF-VAR,2024-09-30,1-step ahead,1.7249375962080649,1.3719407478890302
Cutoff only,0,130,2024 Q2,2024 Q3,gdp_growth,1,NA,MIDAS (trend),2024-09-30,1-step ahead,1.7249375962080649,NA
Cutoff only,0,130,2024 Q2,2024 Q3,gdp_growth,1,NA,MIDAS,2024-09-30,1-step ahead,1.7249375962080649,NA
Cutoff only,0,130,2024 Q2,2024 Q3,gdp_growth,1,2.3203087360214525,AR(2),2024-09-30,1-step ahead,1.7249375962080649,0.5953711398133876
Cutoff only,0,130,2024 Q2,2024 Q3,gdp_growth,1,1.9876636592580765,RW-trend,2024-09-30,1-step ahead,1.7249375962080649,0.26272606305001167
Cutoff only,0,130,2024 Q2,2024 Q4,gdp_growth,2,1.7855901140004025,MF-VAR,2024-12-31,Other,1.3156274812899937,0.4699626327104087
Cutoff only,0,130,2024 Q2,2024 Q4,gdp_growth,2,NA,MIDAS (trend),2024-12-31,Other,1.3156274812899937,NA
Cutoff only,0,130,2024 Q2,2024 Q4,gdp_growth,2,NA,MIDAS,2024-12-31,Other,1.3156274812899937,NA
Cutoff only,0,130,2024 Q2,2024 Q4,gdp_growth,2,1.440215868502611,AR(2),2024-12-31,Other,1.3156274812899937,0.12458838721261722
Cutoff only,0,130,2024 Q2,2024 Q4,gdp_growth,2,2.0152933846069088,RW-trend,2024-12-31,Other,1.3156274812899937,0.699665903316915
Cutoff only,0,130,2024 Q2,2025 Q1,gdp_growth,3,1.150794983615656,MF-VAR,2025-03-31,Other,2.2430073144406037,-1.0922123308249478
Cutoff only,0,130,2024 Q2,2025 Q1,gdp_growth,3,NA,MIDAS (trend),2025-03-31,Other,2.2430073144406037,NA
Cutoff only,0,130,2024 Q2,2025 Q1,gdp_growth,3,NA,MIDAS,2025-03-31,Other,2.2430073144406037,NA
Cutoff only,0,130,2024 Q2,2025 Q1,gdp_growth,3,1.3250892100214715,AR(2),2025-03-31,Other,2.2430073144406037,-0.9179181044191322
Cutoff only,0,130,2024 Q2,2025 Q1,gdp_growth,3,2.042923109955741,RW-trend,2025-03-31,Other,2.2430073144406037,-0.20008420448486275
Cutoff only,0,130,2024 Q2,2025 Q2,gdp_growth,4,1.3623371918665717,MF-VAR,2025-06-30,1-year ahead,-0.09620412701139003,1.4585413188779617
Cutoff only,0,130,2024 Q2,2025 Q2,gdp_growth,4,NA,MIDAS (trend),2025-06-30,1-year ahead,-0.09620412701139003,NA
Cutoff only,0,130,2024 Q2,2025 Q2,gdp_growth,4,NA,MIDAS,2025-06-30,1-year ahead,-0.09620412701139003,NA
Cutoff only,0,130,2024 Q2,2025 Q2,gdp_growth,4,1.3707860075882334,AR(2),2025-06-30,1-year ahead,-0.09620412701139003,1.4669901345996235
Cutoff only,0,130,2024 Q2,2025 Q2,gdp_growth,4,2.0705528353045732,RW-trend,2025-06-30,1-year ahead,-0.09620412701139003,2.1667569623159633
Cutoff only,0,130,2024 Q2,2024 Q3,inflation,1,1.3279659262162848,MF-VAR,2024-09-30,1-step ahead,0.04584411512098541,1.2821218110952994
Cutoff only,0,130,2024 Q2,2024 Q3,inflation,1,NA,MIDAS (trend),2024-09-30,1-step ahead,0.04584411512098541,NA
Cutoff only,0,130,2024 Q2,2024 Q3,inflation,1,NA,MIDAS,2024-09-30,1-step ahead,0.04584411512098541,NA
Cutoff only,0,130,2024 Q2,2024 Q3,inflation,1,0.8823740221320735,AR(2),2024-09-30,1-step ahead,0.04584411512098541,0.8365299070110881
Cutoff only,0,130,2024 Q2,2024 Q3,inflation,1,1.3750118336681967,RW-trend,2024-09-30,1-step ahead,0.04584411512098541,1.3291677185472113
Cutoff only,0,130,2024 Q2,2024 Q4,inflation,2,0.7947129323110227,MF-VAR,2024-12-31,Other,-0.025275077754116637,0.8199880100651393
Cutoff only,0,130,2024 Q2,2024 Q4,inflation,2,NA,MIDAS (trend),2024-12-31,Other,-0.025275077754116637,NA
Cutoff only,0,130,2024 Q2,2024 Q4,inflation,2,NA,MIDAS,2024-12-31,Other,-0.025275077754116637,NA
Cutoff only,0,130,2024 Q2,2024 Q4,inflation,2,0.7172473085039242,AR(2),2024-12-31,Other,-0.025275077754116637,0.7425223862580408
Cutoff only,0,130,2024 Q2,2024 Q4,inflation,2,1.3551489267774888,RW-trend,2024-12-31,Other,-0.025275077754116637,1.3804240045316054
Cutoff only,0,130,2024 Q2,2025 Q1,inflation,3,0.5655353266176062,MF-VAR,2025-03-31,Other,0.020479440281206962,0.5450558863363992
Cutoff only,0,130,2024 Q2,2025 Q1,inflation,3,NA,MIDAS (trend),2025-03-31,Other,0.020479440281206962,NA
Cutoff only,0,130,2024 Q2,2025 Q1,inflation,3,NA,MIDAS,2025-03-31,Other,0.020479440281206962,NA
Cutoff only,0,130,2024 Q2,2025 Q1,inflation,3,0.5817660137853098,AR(2),2025-03-31,Other,0.020479440281206962,0.5612865735041028
Cutoff only,0,130,2024 Q2,2025 Q1,inflation,3,1.3352860198867809,RW-trend,2025-03-31,Other,0.020479440281206962,1.314806579605574
Cutoff only,0,130,2024 Q2,2025 Q2,inflation,4,0.3775537617077713,MF-VAR,2025-06-30,1-year ahead,0.08229123314116293,0.29526252856660834
Cutoff only,0,130,2024 Q2,2025 Q2,inflation,4,NA,MIDAS (trend),2025-06-30,1-year ahead,0.08229123314116293,NA
Cutoff only,0,130,2024 Q2,2025 Q2,inflation,4,NA,MIDAS,2025-06-30,1-year ahead,0.08229123314116293,NA
Cutoff only,0,130,2024 Q2,2025 Q2,inflation,4,0.4926904838378004,AR(2),2025-06-30,1-year ahead,0.08229123314116293,0.41039925069663746
Cutoff only,0,130,2024 Q2,2025 Q2,inflation,4,1.315423112996073,RW-trend,2025-06-30,1-year ahead,0.08229123314116293,1.23313187985491
Cutoff only,0,131,2024 Q3,2024 Q4,exch_rate,1,-0.05208572068462732,MF-VAR,2024-12-31,1-step ahead,-0.06616821551812571,0.01408249483349839
Cutoff only,0,131,2024 Q3,2024 Q4,exch_rate,1,NA,MIDAS (trend),2024-12-31,1-step ahead,-0.06616821551812571,NA
Cutoff only,0,131,2024 Q3,2024 Q4,exch_rate,1,NA,MIDAS,2024-12-31,1-step ahead,-0.06616821551812571,NA
Cutoff only,0,131,2024 Q3,2024 Q4,exch_rate,1,-0.05157433688216628,AR(2),2024-12-31,1-step ahead,-0.06616821551812571,0.014593878635959429
Cutoff only,0,131,2024 Q3,2024 Q4,exch_rate,1,-0.05522802683623177,RW-trend,2024-12-31,1-step ahead,-0.06616821551812571,0.01094018868189394
Cutoff only,0,131,2024 Q3,2025 Q1,exch_rate,2,-0.05593111463989222,MF-VAR,2025-03-31,Other,-0.055630925582173515,-3.0018905771870413e-4
Cutoff only,0,131,2024 Q3,2025 Q1,exch_rate,2,NA,MIDAS (trend),2025-03-31,Other,-0.055630925582173515,NA
Cutoff only,0,131,2024 Q3,2025 Q1,exch_rate,2,NA,MIDAS,2025-03-31,Other,-0.055630925582173515,NA
Cutoff only,0,131,2024 Q3,2025 Q1,exch_rate,2,-0.053855042130550874,AR(2),2025-03-31,Other,-0.055630925582173515,0.001775883451622641
Cutoff only,0,131,2024 Q3,2025 Q1,exch_rate,2,-0.06049723587882898,RW-trend,2025-03-31,Other,-0.055630925582173515,-0.004866310296655463
Cutoff only,0,131,2024 Q3,2025 Q2,exch_rate,3,-0.05472564935256623,MF-VAR,2025-06-30,Other,-0.06491370262045415,0.010188053267887923
Cutoff only,0,131,2024 Q3,2025 Q2,exch_rate,3,NA,MIDAS (trend),2025-06-30,Other,-0.06491370262045415,NA
Cutoff only,0,131,2024 Q3,2025 Q2,exch_rate,3,NA,MIDAS,2025-06-30,Other,-0.06491370262045415,NA
Cutoff only,0,131,2024 Q3,2025 Q2,exch_rate,3,-0.05283056499483761,AR(2),2025-06-30,Other,-0.06491370262045415,0.012083137625616538
Cutoff only,0,131,2024 Q3,2025 Q2,exch_rate,3,-0.06576644492142619,RW-trend,2025-06-30,Other,-0.06491370262045415,-8.527423009720425e-4
Cutoff only,0,131,2024 Q3,2025 Q3,exch_rate,4,-0.06175680179515277,MF-VAR,2025-09-30,1-year ahead,-0.06684019298606815,0.00508339119091538
Cutoff only,0,131,2024 Q3,2025 Q3,exch_rate,4,NA,MIDAS (trend),2025-09-30,1-year ahead,-0.06684019298606815,NA
Cutoff only,0,131,2024 Q3,2025 Q3,exch_rate,4,NA,MIDAS,2025-09-30,1-year ahead,-0.06684019298606815,NA
Cutoff only,0,131,2024 Q3,2025 Q3,exch_rate,4,-0.05887865658051002,AR(2),2025-09-30,1-year ahead,-0.06684019298606815,0.007961536405558127
Cutoff only,0,131,2024 Q3,2025 Q3,exch_rate,4,-0.071035653964023407,RW-trend,2025-09-30,1-year ahead,-0.06684019298606815,-0.0041954609779552565
Cutoff only,0,131,2024 Q3,2024 Q4,gdp_growth,1,0.669139814061274,MF-VAR,2024-12-31,1-step ahead,1.3156274812899937,-0.6464876672287198
Cutoff only,0,131,2024 Q3,2024 Q4,gdp_growth,1,NA,MIDAS (trend),2024-12-31,1-step ahead,1.3156274812899937,NA
Cutoff only,0,131,2024 Q3,2024 Q4,gdp_growth,1,NA,MIDAS,2024-12-31,1-step ahead,1.3156274812899937,NA
Cutoff only,0,131,2024 Q3,2024 Q4,gdp_growth,1,1.4729353917720749,AR(2),2024-12-31,1-step ahead,1.3156274812899937,0.15730791048208115
Cutoff only,0,131,2024 Q3,2024 Q4,gdp_growth,1,1.7505306854092226,RW-trend,2024-12-31,1-step ahead,1.3156274812899937,0.4349032041192289
Cutoff only,0,131,2024 Q3,2025 Q1,gdp_growth,2,1.5820708545576778,MF-VAR,2025-03-31,Other,2.2430073144406037,-0.6609364598829259
Cutoff only,0,131,2024 Q3,2025 Q1,gdp_growth,2,NA,MIDAS (trend),2025-03-31,Other,2.2430073144406037,NA
Cutoff only,0,131,2024 Q3,2025 Q1,gdp_growth,2,NA,MIDAS,2025-03-31,Other,2.2430073144406037,NA
Cutoff only,0,131,2024 Q3,2025 Q1,gdp_growth,2,1.3502842171332174,AR(2),2025-03-31,Other,2.2430073144406037,-0.8927230973073863
Cutoff only,0,131,2024 Q3,2025 Q1,gdp_growth,2,1.7761237746103804,RW-trend,2025-03-31,Other,2.2430073144406037,-0.46688353983022335
Cutoff only,0,131,2024 Q3,2025 Q2,gdp_growth,3,1.5844915173275944,MF-VAR,2025-06-30,Other,-0.09620412701139003,1.6806956443389844
Cutoff only,0,131,2024 Q3,2025 Q2,gdp_growth,3,NA,MIDAS (trend),2025-06-30,Other,-0.09620412701139003,NA
Cutoff only,0,131,2024 Q3,2025 Q2,gdp_growth,3,NA,MIDAS,2025-06-30,Other,-0.09620412701139003,NA
Cutoff only,0,131,2024 Q3,2025 Q2,gdp_growth,3,1.3603955818547768,AR(2),2025-06-30,Other,-0.09620412701139003,1.4565997088661669
Cutoff only,0,131,2024 Q3,2025 Q2,gdp_growth,3,1.8017168638115382,RW-trend,2025-06-30,Other,-0.09620412701139003,1.8979209908229282
Cutoff only,0,131,2024 Q3,2025 Q3,gdp_growth,4,2.682996769463273,MF-VAR,2025-09-30,1-year ahead,-0.3289627178062915,3.0119594872695643
Cutoff only,0,131,2024 Q3,2025 Q3,gdp_growth,4,NA,MIDAS (trend),2025-09-30,1-year ahead,-0.3289627178062915,NA
Cutoff only,0,131,2024 Q3,2025 Q3,gdp_growth,4,NA,MIDAS,2025-09-30,1-year ahead,-0.3289627178062915,NA
Cutoff only,0,131,2024 Q3,2025 Q3,gdp_growth,4,2.4990426714488465,AR(2),2025-09-30,1-year ahead,-0.3289627178062915,2.828005389255138
Cutoff only,0,131,2024 Q3,2025 Q3,gdp_growth,4,1.827309953012696,RW-trend,2025-09-30,1-year ahead,-0.3289627178062915,2.1562726708189874
Cutoff only,0,131,2024 Q3,2024 Q4,inflation,1,0.07209800839577306,MF-VAR,2024-12-31,1-step ahead,-0.025275077754116637,0.0973730861498897
Cutoff only,0,131,2024 Q3,2024 Q4,inflation,1,NA,MIDAS (trend),2024-12-31,1-step ahead,-0.025275077754116637,NA
Cutoff only,0,131,2024 Q3,2024 Q4,inflation,1,NA,MIDAS,2024-12-31,1-step ahead,-0.025275077754116637,NA
Cutoff only,0,131,2024 Q3,2024 Q4,inflation,1,0.31545276807402567,AR(2),2024-12-31,1-step ahead,-0.025275077754116637,0.3407278458281423
Cutoff only,0,131,2024 Q3,2024 Q4,inflation,1,0.01567758250510521,RW-trend,2024-12-31,1-step ahead,-0.025275077754116637,0.04095266025922185
Cutoff only,0,131,2024 Q3,2025 Q1,inflation,2,0.24838884821790735,MF-VAR,2025-03-31,Other,0.020479440281206962,0.2279094079367004
Cutoff only,0,131,2024 Q3,2025 Q1,inflation,2,NA,MIDAS (trend),2025-03-31,Other,0.020479440281206962,NA
Cutoff only,0,131,2024 Q3,2025 Q1,inflation,2,NA,MIDAS,2025-03-31,Other,0.020479440281206962,NA
Cutoff only,0,131,2024 Q3,2025 Q1,inflation,2,0.28895837688022913,AR(2),2025-03-31,Other,0.020479440281206962,0.26847893659902217
Cutoff only,0,131,2024 Q3,2025 Q1,inflation,2,-0.014488950110774987,RW-trend,2025-03-31,Other,0.020479440281206962,-0.03496839039198195
Cutoff only,0,131,2024 Q3,2025 Q2,inflation,3,0.23934857450436745,MF-VAR,2025-06-30,Other,0.08229123314116293,0.1570573413632045
Cutoff only,0,131,2024 Q3,2025 Q2,inflation,3,NA,MIDAS (trend),2025-06-30,Other,0.08229123314116293,NA
Cutoff only,0,131,2024 Q3,2025 Q2,inflation,3,NA,MIDAS,2025-06-30,Other,0.08229123314116293,NA
Cutoff only,0,131,2024 Q3,2025 Q2,inflation,3,0.30382417422044655,AR(2),2025-06-30,Other,0.08229123314116293,0.22153294107928362
Cutoff only,0,131,2024 Q3,2025 Q2,inflation,3,-0.04465548272665518,RW-trend,2025-06-30,Other,0.08229123314116293,-0.1269467158678181
Cutoff only,0,131,2024 Q3,2025 Q3,inflation,4,0.19630843915135263,MF-VAR,2025-09-30,1-year ahead,0.6122884651894367,-0.41598002603808404
Cutoff only,0,131,2024 Q3,2025 Q3,inflation,4,NA,MIDAS (trend),2025-09-30,1-year ahead,0.6122884651894367,NA
Cutoff only,0,131,2024 Q3,2025 Q3,inflation,4,NA,MIDAS,2025-09-30,1-year ahead,0.6122884651894367,NA
Cutoff only,0,131,2024 Q3,2025 Q3,inflation,4,0.23832747999870577,AR(2),2025-09-30,1-year ahead,0.6122884651894367,-0.37396098519073095
Cutoff only,0,131,2024 Q3,2025 Q3,inflation,4,-0.07482201534253538,RW-trend,2025-09-30,1-year ahead,0.6122884651894367,-0.6871104805319721
Cutoff +1m,1,104,2017 Q4,2018 Q1,exch_rate,1,0.14516257016695464,MF-VAR,2018-03-31,1-step ahead,0.15264355829537735,-0.007480988128422711
Cutoff +1m,1,104,2017 Q4,2018 Q1,exch_rate,1,NA,MIDAS (trend),2018-03-31,1-step ahead,0.15264355829537735,NA
Cutoff +1m,1,104,2017 Q4,2018 Q1,exch_rate,1,NA,MIDAS,2018-03-31,1-step ahead,0.15264355829537735,NA
Cutoff +1m,1,104,2017 Q4,2018 Q1,exch_rate,1,0.14978954724567872,AR(2),2018-03-31,1-step ahead,0.15264355829537735,-0.0028540110496986237
Cutoff +1m,1,104,2017 Q4,2018 Q1,exch_rate,1,0.14572549799887072,RW-trend,2018-03-31,1-step ahead,0.15264355829537735,-0.0069180602965066285
Cutoff +1m,1,104,2017 Q4,2018 Q2,exch_rate,2,0.14054696374616868,MF-VAR,2018-06-30,Other,0.16068195758324189,-0.020134993837073206
Cutoff +1m,1,104,2017 Q4,2018 Q2,exch_rate,2,NA,MIDAS (trend),2018-06-30,Other,0.16068195758324189,NA
Cutoff +1m,1,104,2017 Q4,2018 Q2,exch_rate,2,NA,MIDAS,2018-06-30,Other,0.16068195758324189,NA
Cutoff +1m,1,104,2017 Q4,2018 Q2,exch_rate,2,0.14721120806899912,AR(2),2018-06-30,Other,0.16068195758324189,-0.013470749514242764
Cutoff +1m,1,104,2017 Q4,2018 Q2,exch_rate,2,0.14102604507942865,RW-trend,2018-06-30,Other,0.16068195758324189,-0.01965591250381324
Cutoff +1m,1,104,2017 Q4,2018 Q3,exch_rate,3,0.12908738563633243,MF-VAR,2018-09-30,Other,0.13431935861291822,-0.005231972976585786
Cutoff +1m,1,104,2017 Q4,2018 Q3,exch_rate,3,NA,MIDAS (trend),2018-09-30,Other,0.13431935861291822,NA
Cutoff +1m,1,104,2017 Q4,2018 Q3,exch_rate,3,NA,MIDAS,2018-09-30,Other,0.13431935861291822,NA
Cutoff +1m,1,104,2017 Q4,2018 Q3,exch_rate,3,0.1367850363171263,AR(2),2018-09-30,Other,0.13431935861291822,0.00246567770420808
Cutoff +1m,1,104,2017 Q4,2018 Q3,exch_rate,3,0.13632659215998655,RW-trend,2018-09-30,Other,0.13431935861291822,0.0020072335470683322
Cutoff +1m,1,104,2017 Q4,2018 Q4,exch_rate,4,0.1238877434918359,MF-VAR,2018-12-31,1-year ahead,0.1276031360069662,-0.0037153925151303113
Cutoff +1m,1,104,2017 Q4,2018 Q4,exch_rate,4,NA,MIDAS (trend),2018-12-31,1-year ahead,0.1276031360069662,NA
Cutoff +1m,1,104,2017 Q4,2018 Q4,exch_rate,4,NA,MIDAS,2018-12-31,1-year ahead,0.1276031360069662,NA
Cutoff +1m,1,104,2017 Q4,2018 Q4,exch_rate,4,0.13326135975440376,AR(2),2018-12-31,1-year ahead,0.1276031360069662,0.005658223747437546
Cutoff +1m,1,104,2017 Q4,2018 Q4,exch_rate,4,0.13162713924054445,RW-trend,2018-12-31,1-year ahead,0.1276031360069662,0.004024003233578238
Cutoff +1m,1,104,2017 Q4,2018 Q1,gdp_growth,1,2.5475983713393062,MF-VAR,2018-03-31,1-step ahead,2.3240685470931055,0.22352982424620071
Cutoff +1m,1,104,2017 Q4,2018 Q1,gdp_growth,1,NA,MIDAS (trend),2018-03-31,1-step ahead,2.3240685470931055,NA
Cutoff +1m,1,104,2017 Q4,2018 Q1,gdp_growth,1,NA,MIDAS,2018-03-31,1-step ahead,2.3240685470931055,NA
Cutoff +1m,1,104,2017 Q4,2018 Q1,gdp_growth,1,1.8161226765173173,AR(2),2018-03-31,1-step ahead,2.3240685470931055,-0.5079458705757882
Cutoff +1m,1,104,2017 Q4,2018 Q1,gdp_growth,1,2.7365764570465454,RW-trend,2018-03-31,1-step ahead,2.3240685470931055,0.4125079099534399
Cutoff +1m,1,104,2017 Q4,2018 Q2,gdp_growth,2,2.49852457094861,MF-VAR,2018-06-30,Other,5.898443791783592,-3.399919220834982
Cutoff +1m,1,104,2017 Q4,2018 Q2,gdp_growth,2,NA,MIDAS (trend),2018-06-30,Other,5.898443791783592,NA
Cutoff +1m,1,104,2017 Q4,2018 Q2,gdp_growth,2,NA,MIDAS,2018-06-30,Other,5.898443791783592,NA
Cutoff +1m,1,104,2017 Q4,2018 Q2,gdp_growth,2,1.5701725112285394,AR(2),2018-06-30,Other,5.898443791783592,-4.328271280555052
Cutoff +1m,1,104,2017 Q4,2018 Q2,gdp_growth,2,2.778451674209534,RW-trend,2018-06-30,Other,5.898443791783592,-3.119992117574058
Cutoff +1m,1,104,2017 Q4,2018 Q3,gdp_growth,3,3.3928786787893417,MF-VAR,2018-09-30,Other,-1.3474872689180017,4.740365947707343
Cutoff +1m,1,104,2017 Q4,2018 Q3,gdp_growth,3,NA,MIDAS (trend),2018-09-30,Other,-1.3474872689180017,NA
Cutoff +1m,1,104,2017 Q4,2018 Q3,gdp_growth,3,NA,MIDAS,2018-09-30,Other,-1.3474872689180017,NA
Cutoff +1m,1,104,2017 Q4,2018 Q3,gdp_growth,3,2.6179195293501434,AR(2),2018-09-30,Other,-1.3474872689180017,3.965406798268145
Cutoff +1m,1,104,2017 Q4,2018 Q3,gdp_growth,3,2.8203268913725226,RW-trend,2018-09-30,Other,-1.3474872689180017,4.167814160290524
Cutoff +1m,1,104,2017 Q4,2018 Q4,gdp_growth,4,2.0319941571948656,MF-VAR,2018-12-31,1-year ahead,1.1812191444398934,0.8507750127549722
Cutoff +1m,1,104,2017 Q4,2018 Q4,gdp_growth,4,NA,MIDAS (trend),2018-12-31,1-year ahead,1.1812191444398934,NA
Cutoff +1m,1,104,2017 Q4,2018 Q4,gdp_growth,4,NA,MIDAS,2018-12-31,1-year ahead,1.1812191444398934,NA
Cutoff +1m,1,104,2017 Q4,2018 Q4,gdp_growth,4,1.5405648818067088,AR(2),2018-12-31,1-year ahead,1.1812191444398934,0.3593457373668154
Cutoff +1m,1,104,2017 Q4,2018 Q4,gdp_growth,4,2.862202108535511,RW-trend,2018-12-31,1-year ahead,1.1812191444398934,1.6809829640956178
Cutoff +1m,1,104,2017 Q4,2018 Q1,inflation,1,1.1889219816472671,MF-VAR,2018-03-31,1-step ahead,1.101666720053629,0.08725526159363817
Cutoff +1m,1,104,2017 Q4,2018 Q1,inflation,1,NA,MIDAS (trend),2018-03-31,1-step ahead,1.101666720053629,NA
Cutoff +1m,1,104,2017 Q4,2018 Q1,inflation,1,NA,MIDAS,2018-03-31,1-step ahead,1.101666720053629,NA
Cutoff +1m,1,104,2017 Q4,2018 Q1,inflation,1,0.7457110433446136,AR(2),2018-03-31,1-step ahead,1.101666720053629,-0.3559556767090154
Cutoff +1m,1,104,2017 Q4,2018 Q1,inflation,1,1.1526817216063565,RW-trend,2018-03-31,1-step ahead,1.101666720053629,0.051015001552727535
Cutoff +1m,1,104,2017 Q4,2018 Q2,inflation,2,0.8264366657878193,MF-VAR,2018-06-30,Other,1.1917670724635343,-0.36533040667571504
Cutoff +1m,1,104,2017 Q4,2018 Q2,inflation,2,NA,MIDAS (trend),2018-06-30,Other,1.1917670724635343,NA
Cutoff +1m,1,104,2017 Q4,2018 Q2,inflation,2,NA,MIDAS,2018-06-30,Other,1.1917670724635343,NA
Cutoff +1m,1,104,2017 Q4,2018 Q2,inflation,2,0.5540811402584767,AR(2),2018-06-30,Other,1.1917670724635343,-0.6376859322050576
Cutoff +1m,1,104,2017 Q4,2018 Q2,inflation,2,1.1256463322766168,RW-trend,2018-06-30,Other,1.1917670724635343,-0.06612074018691749
Cutoff +1m,1,104,2017 Q4,2018 Q3,inflation,3,0.5077910853564993,MF-VAR,2018-09-30,Other,0.900397845668266,-0.39260676031176667
Cutoff +1m,1,104,2017 Q4,2018 Q3,inflation,3,NA,MIDAS (trend),2018-09-30,Other,0.900397845668266,NA
Cutoff +1m,1,104,2017 Q4,2018 Q3,inflation,3,NA,MIDAS,2018-09-30,Other,0.900397845668266,NA
Cutoff +1m,1,104,2017 Q4,2018 Q3,inflation,3,0.38587016833276866,AR(2),2018-09-30,Other,0.900397845668266,-0.5145276773354973
Cutoff +1m,1,104,2017 Q4,2018 Q3,inflation,3,1.0986109429468773,RW-trend,2018-09-30,Other,0.900397845668266,0.19821309727861136
Cutoff +1m,1,104,2017 Q4,2018 Q4,inflation,4,0.40678722544913515,MF-VAR,2018-12-31,1-year ahead,0.50798003818322,-0.10119281273408487
Cutoff +1m,1,104,2017 Q4,2018 Q4,inflation,4,NA,MIDAS (trend),2018-12-31,1-year ahead,0.50798003818322,NA
Cutoff +1m,1,104,2017 Q4,2018 Q4,inflation,4,NA,MIDAS,2018-12-31,1-year ahead,0.50798003818322,NA
Cutoff +1m,1,104,2017 Q4,2018 Q4,inflation,4,0.3601608322939457,AR(2),2018-12-31,1-year ahead,0.50798003818322,-0.14781920588927433
Cutoff +1m,1,104,2017 Q4,2018 Q4,inflation,4,1.0715755536171379,RW-trend,2018-12-31,1-year ahead,0.50798003818322,0.5635955154339178
Cutoff +1m,1,105,2018 Q1,2018 Q2,exch_rate,1,0.15043651155980295,MF-VAR,2018-06-30,1-step ahead,0.16068195758324189,-0.010245446023438937
Cutoff +1m,1,105,2018 Q1,2018 Q2,exch_rate,1,NA,MIDAS (trend),2018-06-30,1-step ahead,0.16068195758324189,NA
Cutoff +1m,1,105,2018 Q1,2018 Q2,exch_rate,1,NA,MIDAS,2018-06-30,1-step ahead,0.16068195758324189,NA
Cutoff +1m,1,105,2018 Q1,2018 Q2,exch_rate,1,0.1505152667301063,AR(2),2018-06-30,1-step ahead,0.16068195758324189,-0.010166690853135596
Cutoff +1m,1,105,2018 Q1,2018 Q2,exch_rate,1,0.14801127100988193,RW-trend,2018-06-30,1-step ahead,0.16068195758324189,-0.012670686573359957
Cutoff +1m,1,105,2018 Q1,2018 Q3,exch_rate,2,0.137918878884844,MF-VAR,2018-09-30,Other,0.13431935861291822,0.0035995202719257824
Cutoff +1m,1,105,2018 Q1,2018 Q3,exch_rate,2,NA,MIDAS (trend),2018-09-30,Other,0.13431935861291822,NA
Cutoff +1m,1,105,2018 Q1,2018 Q3,exch_rate,2,NA,MIDAS,2018-09-30,Other,0.13431935861291822,NA
Cutoff +1m,1,105,2018 Q1,2018 Q3,exch_rate,2,0.13998994880872875,AR(2),2018-09-30,Other,0.13431935861291822,0.005670590195810538
Cutoff +1m,1,105,2018 Q1,2018 Q3,exch_rate,2,0.1433789837243865,RW-trend,2018-09-30,Other,0.13431935861291822,0.009059625111468295
Cutoff +1m,1,105,2018 Q1,2018 Q4,exch_rate,3,0.1323102671680867,MF-VAR,2018-12-31,Other,0.1276031360069662,0.004707131161120481
Cutoff +1m,1,105,2018 Q1,2018 Q4,exch_rate,3,NA,MIDAS (trend),2018-12-31,Other,0.1276031360069662,NA
Cutoff +1m,1,105,2018 Q1,2018 Q4,exch_rate,3,NA,MIDAS,2018-12-31,Other,0.1276031360069662,NA
Cutoff +1m,1,105,2018 Q1,2018 Q4,exch_rate,3,0.13625578904699198,AR(2),2018-12-31,Other,0.1276031360069662,0.00865265304002577
Cutoff +1m,1,105,2018 Q1,2018 Q4,exch_rate,3,0.13874669643889107,RW-trend,2018-12-31,Other,0.1276031360069662,0.011143560431924854
Cutoff +1m,1,105,2018 Q1,2019 Q1,exch_rate,4,0.12564417646783768,MF-VAR,2019-03-31,1-year ahead,0.12447116689910717,0.0011730095687305098
Cutoff +1m,1,105,2018 Q1,2019 Q1,exch_rate,4,NA,MIDAS (trend),2019-03-31,1-year ahead,0.12447116689910717,NA
Cutoff +1m,1,105,2018 Q1,2019 Q1,exch_rate,4,NA,MIDAS,2019-03-31,1-year ahead,0.12447116689910717,NA
Cutoff +1m,1,105,2018 Q1,2019 Q1,exch_rate,4,0.12943196912389784,AR(2),2019-03-31,1-year ahead,0.12447116689910717,0.0049608022247906725
Cutoff +1m,1,105,2018 Q1,2019 Q1,exch_rate,4,0.13411440915339565,RW-trend,2019-03-31,1-year ahead,0.12447116689910717,0.009643242254288475
Cutoff +1m,1,105,2018 Q1,2018 Q2,gdp_growth,1,2.3818058457685827,MF-VAR,2018-06-30,1-step ahead,5.898443791783592,-3.5166379460150092
Cutoff +1m,1,105,2018 Q1,2018 Q2,gdp_growth,1,NA,MIDAS (trend),2018-06-30,1-step ahead,5.898443791783592,NA
Cutoff +1m,1,105,2018 Q1,2018 Q2,gdp_growth,1,NA,MIDAS,2018-06-30,1-step ahead,5.898443791783592,NA
Cutoff +1m,1,105,2018 Q1,2018 Q2,gdp_growth,1,1.7892563480177524,AR(2),2018-06-30,1-step ahead,5.898443791783592,-4.1091874437658396
Cutoff +1m,1,105,2018 Q1,2018 Q2,gdp_growth,1,2.361938833091498,RW-trend,2018-06-30,1-step ahead,5.898443791783592,-3.536504958692094
Cutoff +1m,1,105,2018 Q1,2018 Q3,gdp_growth,2,2.974560427127445,MF-VAR,2018-09-30,Other,-1.3474872689180017,4.322047696045447
Cutoff +1m,1,105,2018 Q1,2018 Q3,gdp_growth,2,NA,MIDAS (trend),2018-09-30,Other,-1.3474872689180017,NA
Cutoff +1m,1,105,2018 Q1,2018 Q3,gdp_growth,2,NA,MIDAS,2018-09-30,Other,-1.3474872689180017,NA
Cutoff +1m,1,105,2018 Q1,2018 Q3,gdp_growth,2,2.68968598278457,AR(2),2018-09-30,Other,-1.3474872689180017,4.037173251702572
Cutoff +1m,1,105,2018 Q1,2018 Q3,gdp_growth,2,2.39980911908989,RW-trend,2018-09-30,Other,-1.3474872689180017,3.7472963880078916
Cutoff +1m,1,105,2018 Q1,2018 Q4,gdp_growth,3,1.7480948223568373,MF-VAR,2018-12-31,Other,1.1812191444398934,0.5668756779169439
Cutoff +1m,1,105,2018 Q1,2018 Q4,gdp_growth,3,NA,MIDAS (trend),2018-12-31,Other,1.1812191444398934,NA
Cutoff +1m,1,105,2018 Q1,2018 Q4,gdp_growth,3,NA,MIDAS,2018-12-31,Other,1.1812191444398934,NA
Cutoff +1m,1,105,2018 Q1,2018 Q4,gdp_growth,3,1.5651656242861933,AR(2),2018-12-31,Other,1.1812191444398934,0.3839464798462999
Cutoff +1m,1,105,2018 Q1,2018 Q4,gdp_growth,3,2.437679405088282,RW-trend,2018-12-31,Other,1.1812191444398934,1.2564602606483888
Cutoff +1m,1,105,2018 Q1,2019 Q1,gdp_growth,4,1.5493992848432145,MF-VAR,2019-03-31,1-year ahead,0.13144043677399964,1.417958848069215
Cutoff +1m,1,105,2018 Q1,2019 Q1,gdp_growth,4,NA,MIDAS (trend),2019-03-31,1-year ahead,0.13144043677399964,NA
Cutoff +1m,1,105,2018 Q1,2019 Q1,gdp_growth,4,NA,MIDAS,2019-03-31,1-year ahead,0.13144043677399964,NA
Cutoff +1m,1,105,2018 Q1,2019 Q1,gdp_growth,4,1.4013497469523726,AR(2),2019-03-31,1-year ahead,0.13144043677399964,1.269909310178373
Cutoff +1m,1,105,2018 Q1,2019 Q1,gdp_growth,4,2.475549691086674,RW-trend,2019-03-31,1-year ahead,0.13144043677399964,2.3441092543126745
Cutoff +1m,1,105,2018 Q1,2018 Q2,inflation,1,1.1047323654783192,MF-VAR,2018-06-30,1-step ahead,1.1917670724635343,-0.0870347069852151
Cutoff +1m,1,105,2018 Q1,2018 Q2,inflation,1,NA,MIDAS (trend),2018-06-30,1-step ahead,1.1917670724635343,NA
Cutoff +1m,1,105,2018 Q1,2018 Q2,inflation,1,NA,MIDAS,2018-06-30,1-step ahead,1.1917670724635343,NA
Cutoff +1m,1,105,2018 Q1,2018 Q2,inflation,1,0.7264737656936611,AR(2),2018-06-30,1-step ahead,1.1917670724635343,-0.46529330676987324
Cutoff +1m,1,105,2018 Q1,2018 Q2,inflation,1,1.0741360394466783,RW-trend,2018-06-30,1-step ahead,1.1917670724635343,-0.11763103301685596
Cutoff +1m,1,105,2018 Q1,2018 Q3,inflation,2,0.5290821136067682,MF-VAR,2018-09-30,Other,0.900397845668266,-0.3713157320614978
Cutoff +1m,1,105,2018 Q1,2018 Q3,inflation,2,NA,MIDAS (trend),2018-09-30,Other,0.900397845668266,NA
Cutoff +1m,1,105,2018 Q1,2018 Q3,inflation,2,NA,MIDAS,2018-09-30,Other,0.900397845668266,NA
Cutoff +1m,1,105,2018 Q1,2018 Q3,inflation,2,0.4776313392222925,AR(2),2018-09-30,Other,0.900397845668266,-0.42276650644597347
Cutoff +1m,1,105,2018 Q1,2018 Q3,inflation,2,1.0466053588397277,RW-trend,2018-09-30,Other,0.900397845668266,0.14620751317146174
Cutoff +1m,1,105,2018 Q1,2018 Q4,inflation,3,0.29070507521561956,MF-VAR,2018-12-31,Other,0.50798003818322,-0.21727496296760046
Cutoff +1m,1,105,2018 Q1,2018 Q4,inflation,3,NA,MIDAS (trend),2018-12-31,Other,0.50798003818322,NA
Cutoff +1m,1,105,2018 Q1,2018 Q4,inflation,3,NA,MIDAS,2018-12-31,Other,0.50798003818322,NA
Cutoff +1m,1,105,2018 Q1,2018 Q4,inflation,3,0.4104301689055556,AR(2),2018-12-31,Other,0.50798003818322,-0.0975498692776644
Cutoff +1m,1,105,2018 Q1,2018 Q4,inflation,3,1.0190746782327773,RW-trend,2018-12-31,Other,0.50798003818322,0.5110946400495573
Cutoff +1m,1,105,2018 Q1,2019 Q1,inflation,4,0.28403372918986497,MF-VAR,2019-03-31,1-year ahead,-0.15509153500232742,0.4391252641921924
Cutoff +1m,1,105,2018 Q1,2019 Q1,inflation,4,NA,MIDAS (trend),2019-03-31,1-year ahead,-0.15509153500232742,NA
Cutoff +1m,1,105,2018 Q1,2019 Q1,inflation,4,NA,MIDAS,2019-03-31,1-year ahead,-0.15509153500232742,NA
Cutoff +1m,1,105,2018 Q1,2019 Q1,inflation,4,0.3718481644714535,AR(2),2019-03-31,1-year ahead,-0.15509153500232742,0.5269396994737809
Cutoff +1m,1,105,2018 Q1,2019 Q1,inflation,4,0.9915439976258266,RW-trend,2019-03-31,1-year ahead,-0.15509153500232742,1.1466355326281539
Cutoff +1m,1,106,2018 Q2,2018 Q3,exch_rate,1,0.1515489796149433,MF-VAR,2018-09-30,1-step ahead,0.13431935861291822,0.017229621002025075
Cutoff +1m,1,106,2018 Q2,2018 Q3,exch_rate,1,NA,MIDAS (trend),2018-09-30,1-step ahead,0.13431935861291822,NA
Cutoff +1m,1,106,2018 Q2,2018 Q3,exch_rate,1,NA,MIDAS,2018-09-30,1-step ahead,0.13431935861291822,NA
Cutoff +1m,1,106,2018 Q2,2018 Q3,exch_rate,1,0.151581817308818,AR(2),2018-09-30,1-step ahead,0.13431935861291822,0.01726245869589979
Cutoff +1m,1,106,2018 Q2,2018 Q3,exch_rate,1,0.15617150382249032,RW-trend,2018-09-30,1-step ahead,0.13431935861291822,0.0218521452095721
Cutoff +1m,1,106,2018 Q2,2018 Q4,exch_rate,2,0.14301449625277796,MF-VAR,2018-12-31,Other,0.1276031360069662,0.015411360245811745
Cutoff +1m,1,106,2018 Q2,2018 Q4,exch_rate,2,NA,MIDAS (trend),2018-12-31,Other,0.1276031360069662,NA
Cutoff +1m,1,106,2018 Q2,2018 Q4,exch_rate,2,NA,MIDAS,2018-12-31,Other,0.1276031360069662,NA
Cutoff +1m,1,106,2018 Q2,2018 Q4,exch_rate,2,0.14749664584337924,AR(2),2018-12-31,Other,0.1276031360069662,0.019893509836413026
Cutoff +1m,1,106,2018 Q2,2018 Q4,exch_rate,2,0.15166105006173872,RW-trend,2018-12-31,Other,0.1276031360069662,0.024057914054772506
Cutoff +1m,1,106,2018 Q2,2019 Q1,exch_rate,3,0.13544718590194785,MF-VAR,2019-03-31,Other,0.12447116689910717,0.010976019002840676
Cutoff +1m,1,106,2018 Q2,2019 Q1,exch_rate,3,NA,MIDAS (trend),2019-03-31,Other,0.12447116689910717,NA
Cutoff +1m,1,106,2018 Q2,2019 Q1,exch_rate,3,NA,MIDAS,2019-03-31,Other,0.12447116689910717,NA
Cutoff +1m,1,106,2018 Q2,2019 Q1,exch_rate,3,0.13999666281137427,AR(2),2019-03-31,Other,0.12447116689910717,0.015525495912267095
Cutoff +1m,1,106,2018 Q2,2019 Q1,exch_rate,3,0.14715059630098715,RW-trend,2019-03-31,Other,0.12447116689910717,0.022679429401879975
Cutoff +1m,1,106,2018 Q2,2019 Q2,exch_rate,4,0.13098614509432158,MF-VAR,2019-06-30,1-year ahead,0.11892652346100624,0.012059621633315337
Cutoff +1m,1,106,2018 Q2,2019 Q2,exch_rate,4,NA,MIDAS (trend),2019-06-30,1-year ahead,0.11892652346100624,NA
Cutoff +1m,1,106,2018 Q2,2019 Q2,exch_rate,4,NA,MIDAS,2019-06-30,1-year ahead,0.11892652346100624,NA
Cutoff +1m,1,106,2018 Q2,2019 Q2,exch_rate,4,0.1356215897072598,AR(2),2019-06-30,1-year ahead,0.11892652346100624,0.016695066246253554
Cutoff +1m,1,106,2018 Q2,2019 Q2,exch_rate,4,0.14264014254023558,RW-trend,2019-06-30,1-year ahead,0.11892652346100624,0.023713619079229337
Cutoff +1m,1,106,2018 Q2,2018 Q3,gdp_growth,1,7.035288201971443,MF-VAR,2018-09-30,1-step ahead,-1.3474872689180017,8.382775470889445
Cutoff +1m,1,106,2018 Q2,2018 Q3,gdp_growth,1,NA,MIDAS (trend),2018-09-30,1-step ahead,-1.3474872689180017,NA
Cutoff +1m,1,106,2018 Q2,2018 Q3,gdp_growth,1,NA,MIDAS,2018-09-30,1-step ahead,-1.3474872689180017,NA
Cutoff +1m,1,106,2018 Q2,2018 Q3,gdp_growth,1,4.401102600984684,AR(2),2018-09-30,1-step ahead,-1.3474872689180017,5.748589869902686
Cutoff +1m,1,106,2018 Q2,2018 Q3,gdp_growth,1,5.970318933154023,RW-trend,2018-09-30,1-step ahead,-1.3474872689180017,7.317806202072025
Cutoff +1m,1,106,2018 Q2,2018 Q4,gdp_growth,2,2.384252608299814,MF-VAR,2018-12-31,Other,1.1812191444398934,1.2030334638599207
Cutoff +1m,1,106,2018 Q2,2018 Q4,gdp_growth,2,NA,MIDAS (trend),2018-12-31,Other,1.1812191444398934,NA
Cutoff +1m,1,106,2018 Q2,2018 Q4,gdp_growth,2,NA,MIDAS,2018-12-31,Other,1.1812191444398934,NA
Cutoff +1m,1,106,2018 Q2,2018 Q4,gdp_growth,2,2.1236952687664186,AR(2),2018-12-31,Other,1.1812191444398934,0.9424761243265252
Cutoff +1m,1,106,2018 Q2,2018 Q4,gdp_growth,2,6.042194074524455,RW-trend,2018-12-31,Other,1.1812191444398934,4.860974930084562
Cutoff +1m,1,106,2018 Q2,2019 Q1,gdp_growth,3,1.1785121703542525,MF-VAR,2019-03-31,Other,0.13144043677399964,1.0470717335802529
Cutoff +1m,1,106,2018 Q2,2019 Q1,gdp_growth,3,NA,MIDAS (trend),2019-03-31,Other,0.13144043677399964,NA
Cutoff +1m,1,106,2018 Q2,2019 Q1,gdp_growth,3,NA,MIDAS,2019-03-31,Other,0.13144043677399964,NA
Cutoff +1m,1,106,2018 Q2,2019 Q1,gdp_growth,3,1.5862525181990024,AR(2),2019-03-31,Other,0.13144043677399964,1.4548120814250027
Cutoff +1m,1,106,2018 Q2,2019 Q1,gdp_growth,3,6.114069215894887,RW-trend,2019-03-31,Other,0.13144043677399964,5.982628779120887
Cutoff +1m,1,106,2018 Q2,2019 Q2,gdp_growth,4,1.358164157602709,MF-VAR,2019-06-30,1-year ahead,1.3597227019090496,-0.0015585443063406146
Cutoff +1m,1,106,2018 Q2,2019 Q2,gdp_growth,4,NA,MIDAS (trend),2019-06-30,1-year ahead,1.3597227019090496,NA
Cutoff +1m,1,106,2018 Q2,2019 Q2,gdp_growth,4,NA,MIDAS,2019-06-30,1-year ahead,1.3597227019090496,NA
Cutoff +1m,1,106,2018 Q2,2019 Q2,gdp_growth,4,1.5349585600437226,AR(2),2019-06-30,1-year ahead,1.3597227019090496,0.1752358581346729
Cutoff +1m,1,106,2018 Q2,2019 Q2,gdp_growth,4,6.185944357265318,RW-trend,2019-06-30,1-year ahead,1.3597227019090496,4.826221655356268
Cutoff +1m,1,106,2018 Q2,2018 Q3,inflation,1,1.1248582581209146,MF-VAR,2018-09-30,1-step ahead,0.900397845668266,0.22446041245264858
Cutoff +1m,1,106,2018 Q2,2018 Q3,inflation,1,NA,MIDAS (trend),2018-09-30,1-step ahead,0.900397845668266,NA
Cutoff +1m,1,106,2018 Q2,2018 Q3,inflation,1,NA,MIDAS,2018-09-30,1-step ahead,0.900397845668266,NA
Cutoff +1m,1,106,2018 Q2,2018 Q3,inflation,1,0.7058771507217563,AR(2),2018-09-30,1-step ahead,0.900397845668266,-0.1945206949465097
Cutoff +1m,1,106,2018 Q2,2018 Q3,inflation,1,1.165367459481746,RW-trend,2018-09-30,1-step ahead,0.900397845668266,0.26496961381348005
Cutoff +1m,1,106,2018 Q2,2018 Q4,inflation,2,0.45456696475663266,MF-VAR,2018-12-31,Other,0.50798003818322,-0.053413073426587354
Cutoff +1m,1,106,2018 Q2,2018 Q4,inflation,2,NA,MIDAS (trend),2018-12-31,Other,0.50798003818322,NA
Cutoff +1m,1,106,2018 Q2,2018 Q4,inflation,2,NA,MIDAS,2018-12-31,Other,0.50798003818322,NA
Cutoff +1m,1,106,2018 Q2,2018 Q4,inflation,2,0.5336923489090525,AR(2),2018-12-31,Other,0.50798003818322,0.025712310725832466
Cutoff +1m,1,106,2018 Q2,2018 Q4,inflation,2,1.1389678464999575,RW-trend,2018-12-31,Other,0.50798003818322,0.6309878083167375
Cutoff +1m,1,106,2018 Q2,2019 Q1,inflation,3,0.2131178632869003,MF-VAR,2019-03-31,Other,-0.15509153500232742,0.3682093982892277
Cutoff +1m,1,106,2018 Q2,2019 Q1,inflation,3,NA,MIDAS (trend),2019-03-31,Other,-0.15509153500232742,NA
Cutoff +1m,1,106,2018 Q2,2019 Q1,inflation,3,NA,MIDAS,2019-03-31,Other,-0.15509153500232742,NA
Cutoff +1m,1,106,2018 Q2,2019 Q1,inflation,3,0.4397761179796553,AR(2),2019-03-31,Other,-0.15509153500232742,0.5948676529819827
Cutoff +1m,1,106,2018 Q2,2019 Q1,inflation,3,1.1125682335181692,RW-trend,2019-03-31,Other,-0.15509153500232742,1.2676597685204967
Cutoff +1m,1,106,2018 Q2,2019 Q2,inflation,4,0.2766868599683231,MF-VAR,2019-06-30,1-year ahead,1.4366262966944987,-1.1599394367261757
Cutoff +1m,1,106,2018 Q2,2019 Q2,inflation,4,NA,MIDAS (trend),2019-06-30,1-year ahead,1.4366262966944987,NA
Cutoff +1m,1,106,2018 Q2,2019 Q2,inflation,4,NA,MIDAS,2019-06-30,1-year ahead,1.4366262966944987,NA
Cutoff +1m,1,106,2018 Q2,2019 Q2,inflation,4,0.38963657182244105,AR(2),2019-06-30,1-year ahead,1.4366262966944987,-1.0469897248720577
Cutoff +1m,1,106,2018 Q2,2019 Q2,inflation,4,1.0861686205363807,RW-trend,2019-06-30,1-year ahead,1.4366262966944987,-0.35045767615811796
Cutoff +1m,1,107,2018 Q3,2018 Q4,exch_rate,1,0.13219245572192534,MF-VAR,2018-12-31,1-step ahead,0.1276031360069662,0.004589319714959128
Cutoff +1m,1,107,2018 Q3,2018 Q4,exch_rate,1,NA,MIDAS (trend),2018-12-31,1-step ahead,0.1276031360069662,NA
Cutoff +1m,1,107,2018 Q3,2018 Q4,exch_rate,1,NA,MIDAS,2018-12-31,1-step ahead,0.1276031360069662,NA
Cutoff +1m,1,107,2018 Q3,2018 Q4,exch_rate,1,0.12765649342505053,AR(2),2018-12-31,1-step ahead,0.1276031360069662,5.335741808432104e-5
Cutoff +1m,1,107,2018 Q3,2018 Q4,exch_rate,1,0.12960078918350404,RW-trend,2018-12-31,1-step ahead,0.1276031360069662,0.001997653176537828
Cutoff +1m,1,107,2018 Q3,2019 Q1,exch_rate,2,0.1197253661171072,MF-VAR,2019-03-31,Other,0.12447116689910717,-0.004745800781999973
Cutoff +1m,1,107,2018 Q3,2019 Q1,exch_rate,2,NA,MIDAS (trend),2019-03-31,Other,0.12447116689910717,NA
Cutoff +1m,1,107,2018 Q3,2019 Q1,exch_rate,2,NA,MIDAS,2019-03-31,Other,0.12447116689910717,NA
Cutoff +1m,1,107,2018 Q3,2019 Q1,exch_rate,2,0.12071694887739857,AR(2),2019-03-31,Other,0.12447116689910717,-0.003754218021708597
Cutoff +1m,1,107,2018 Q3,2019 Q1,exch_rate,2,0.12488221975408989,RW-trend,2019-03-31,Other,0.12447116689910717,4.110528549827186e-4
Cutoff +1m,1,107,2018 Q3,2019 Q2,exch_rate,3,0.11746816230025446,MF-VAR,2019-06-30,Other,0.11892652346100624,-0.0014583611607517782
Cutoff +1m,1,107,2018 Q3,2019 Q2,exch_rate,3,NA,MIDAS (trend),2019-06-30,Other,0.11892652346100624,NA
Cutoff +1m,1,107,2018 Q3,2019 Q2,exch_rate,3,NA,MIDAS,2019-06-30,Other,0.11892652346100624,NA
Cutoff +1m,1,107,2018 Q3,2019 Q2,exch_rate,3,0.11751280485848693,AR(2),2019-06-30,Other,0.11892652346100624,-0.0014137186025193066
Cutoff +1m,1,107,2018 Q3,2019 Q2,exch_rate,3,0.12016365032467571,RW-trend,2019-06-30,Other,0.11892652346100624,0.0012371268636694743
Cutoff +1m,1,107,2018 Q3,2019 Q3,exch_rate,4,0.11091905819301774,MF-VAR,2019-09-30,1-year ahead,0.09161599409455352,0.019303064098464218
Cutoff +1m,1,107,2018 Q3,2019 Q3,exch_rate,4,NA,MIDAS (trend),2019-09-30,1-year ahead,0.09161599409455352,NA
Cutoff +1m,1,107,2018 Q3,2019 Q3,exch_rate,4,NA,MIDAS,2019-09-30,1-year ahead,0.09161599409455352,NA
Cutoff +1m,1,107,2018 Q3,2019 Q3,exch_rate,4,0.10757755504933114,AR(2),2019-09-30,1-year ahead,0.09161599409455352,0.015961560954777618
Cutoff +1m,1,107,2018 Q3,2019 Q3,exch_rate,4,0.11544508089526155,RW-trend,2019-09-30,1-year ahead,0.09161599409455352,0.023829086800708027
Cutoff +1m,1,107,2018 Q3,2018 Q4,gdp_growth,1,-2.4032850510647923,MF-VAR,2018-12-31,1-step ahead,1.1812191444398934,-3.5845041955046857
Cutoff +1m,1,107,2018 Q3,2018 Q4,gdp_growth,1,NA,MIDAS (trend),2018-12-31,1-step ahead,1.1812191444398934,NA
Cutoff +1m,1,107,2018 Q3,2018 Q4,gdp_growth,1,NA,MIDAS,2018-12-31,1-step ahead,1.1812191444398934,NA
Cutoff +1m,1,107,2018 Q3,2018 Q4,gdp_growth,1,0.01509347725070112,AR(2),2018-12-31,1-step ahead,1.1812191444398934,-1.1661256671891922
Cutoff +1m,1,107,2018 Q3,2018 Q4,gdp_growth,1,-1.3453055199482562,RW-trend,2018-12-31,1-step ahead,1.1812191444398934,-2.5265246643881496
Cutoff +1m,1,107,2018 Q3,2019 Q1,gdp_growth,2,0.061558131636480495,MF-VAR,2019-03-31,Other,0.13144043677399964,-0.06988230513751914
Cutoff +1m,1,107,2018 Q3,2019 Q1,gdp_growth,2,NA,MIDAS (trend),2019-03-31,Other,0.13144043677399964,NA
Cutoff +1m,1,107,2018 Q3,2019 Q1,gdp_growth,2,NA,MIDAS,2019-03-31,Other,0.13144043677399964,NA
Cutoff +1m,1,107,2018 Q3,2019 Q1,gdp_growth,2,0.9180567701175232,AR(2),2019-03-31,Other,0.13144043677399964,0.7866163333435235
Cutoff +1m,1,107,2018 Q3,2019 Q1,gdp_growth,2,-1.3431237709785104,RW-trend,2019-03-31,Other,0.13144043677399964,-1.47456420775251
Cutoff +1m,1,107,2018 Q3,2019 Q2,gdp_growth,3,0.6515626001343501,MF-VAR,2019-06-30,Other,1.3597227019090496,-0.7081601017746996
Cutoff +1m,1,107,2018 Q3,2019 Q2,gdp_growth,3,NA,MIDAS (trend),2019-06-30,Other,1.3597227019090496,NA
Cutoff +1m,1,107,2018 Q3,2019 Q2,gdp_growth,3,NA,MIDAS,2019-06-30,Other,1.3597227019090496,NA
Cutoff +1m,1,107,2018 Q3,2019 Q2,gdp_growth,3,1.312608848331867,AR(2),2019-06-30,Other,1.3597227019090496,-0.047113853577182674
Cutoff +1m,1,107,2018 Q3,2019 Q2,gdp_growth,3,-1.3409420220087649,RW-trend,2019-06-30,Other,1.3597227019090496,-2.7006647239178143
Cutoff +1m,1,107,2018 Q3,2019 Q3,gdp_growth,4,2.296070720425571,MF-VAR,2019-09-30,1-year ahead,1.2127967227840486,1.0832739976415224
Cutoff +1m,1,107,2018 Q3,2019 Q3,gdp_growth,4,NA,MIDAS (trend),2019-09-30,1-year ahead,1.2127967227840486,NA
Cutoff +1m,1,107,2018 Q3,2019 Q3,gdp_growth,4,NA,MIDAS,2019-09-30,1-year ahead,1.2127967227840486,NA
Cutoff +1m,1,107,2018 Q3,2019 Q3,gdp_growth,4,2.5520936630902664,AR(2),2019-09-30,1-year ahead,1.2127967227840486,1.3392969403062178
Cutoff +1m,1,107,2018 Q3,2019 Q3,gdp_growth,4,-1.3387602730390191,RW-trend,2019-09-30,1-year ahead,1.2127967227840486,-2.5515569958230677
Cutoff +1m,1,107,2018 Q3,2018 Q4,inflation,1,0.9266517389430536,MF-VAR,2018-12-31,1-step ahead,0.50798003818322,0.4186717007598336
Cutoff +1m,1,107,2018 Q3,2018 Q4,inflation,1,NA,MIDAS (trend),2018-12-31,1-step ahead,0.50798003818322,NA
Cutoff +1m,1,107,2018 Q3,2018 Q4,inflation,1,NA,MIDAS,2018-12-31,1-step ahead,0.50798003818322,NA
Cutoff +1m,1,107,2018 Q3,2018 Q4,inflation,1,0.6309868854038465,AR(2),2018-12-31,1-step ahead,0.50798003818322,0.12300684722062649
Cutoff +1m,1,107,2018 Q3,2018 Q4,inflation,1,0.8714747125549207,RW-trend,2018-12-31,1-step ahead,0.50798003818322,0.3634946743717007
Cutoff +1m,1,107,2018 Q3,2019 Q1,inflation,2,0.5199287912839926,MF-VAR,2019-03-31,Other,-0.15509153500232742,0.67502032628632
Cutoff +1m,1,107,2018 Q3,2019 Q1,inflation,2,NA,MIDAS (trend),2019-03-31,Other,-0.15509153500232742,NA
Cutoff +1m,1,107,2018 Q3,2019 Q1,inflation,2,NA,MIDAS,2019-03-31,Other,-0.15509153500232742,NA
Cutoff +1m,1,107,2018 Q3,2019 Q1,inflation,2,0.49383557728884586,AR(2),2019-03-31,Other,-0.15509153500232742,0.6489271122911733
Cutoff +1m,1,107,2018 Q3,2019 Q1,inflation,2,0.8425515794415754,RW-trend,2019-03-31,Other,-0.15509153500232742,0.9976431144439029
Cutoff +1m,1,107,2018 Q3,2019 Q2,inflation,3,0.3185296653852519,MF-VAR,2019-06-30,Other,1.4366262966944987,-1.1180966313092469
Cutoff +1m,1,107,2018 Q3,2019 Q2,inflation,3,NA,MIDAS (trend),2019-06-30,Other,1.4366262966944987,NA
Cutoff +1m,1,107,2018 Q3,2019 Q2,inflation,3,NA,MIDAS,2019-06-30,Other,1.4366262966944987,NA
Cutoff +1m,1,107,2018 Q3,2019 Q2,inflation,3,0.42070195734018123,AR(2),2019-06-30,Other,1.4366262966944987,-1.0159243393543176
Cutoff +1m,1,107,2018 Q3,2019 Q2,inflation,3,0.8136284463282302,RW-trend,2019-06-30,Other,1.4366262966944987,-0.6229978503662685
Cutoff +1m,1,107,2018 Q3,2019 Q3,inflation,4,0.2600624661830856,MF-VAR,2019-09-30,1-year ahead,-0.8629354217656982,1.1229978879487836
Cutoff +1m,1,107,2018 Q3,2019 Q3,inflation,4,NA,MIDAS (trend),2019-09-30,1-year ahead,-0.8629354217656982,NA
Cutoff +1m,1,107,2018 Q3,2019 Q3,inflation,4,NA,MIDAS,2019-09-30,1-year ahead,-0.8629354217656982,NA
Cutoff +1m,1,107,2018 Q3,2019 Q3,inflation,4,0.3142746461621867,AR(2),2019-09-30,1-year ahead,-0.8629354217656982,1.1772100679278847
Cutoff +1m,1,107,2018 Q3,2019 Q3,inflation,4,0.7847053132148848,RW-trend,2019-09-30,1-year ahead,-0.8629354217656982,1.647640734980583
Cutoff +1m,1,108,2018 Q4,2019 Q1,exch_rate,1,0.12234075525560803,MF-VAR,2019-03-31,1-step ahead,0.12447116689910717,-0.0021304116434991416
Cutoff +1m,1,108,2018 Q4,2019 Q1,exch_rate,1,NA,MIDAS (trend),2019-03-31,1-step ahead,0.12447116689910717,NA
Cutoff +1m,1,108,2018 Q4,2019 Q1,exch_rate,1,NA,MIDAS,2019-03-31,1-step ahead,0.12447116689910717,NA
Cutoff +1m,1,108,2018 Q4,2019 Q1,exch_rate,1,0.12067832103736517,AR(2),2019-03-31,1-step ahead,0.12447116689910717,-0.0037928458617420002
Cutoff +1m,1,108,2018 Q4,2019 Q1,exch_rate,1,0.12286572079286773,RW-trend,2019-03-31,1-step ahead,0.12447116689910717,-0.0016054461062394443
Cutoff +1m,1,108,2018 Q4,2019 Q2,exch_rate,2,0.11689342965064,MF-VAR,2019-06-30,Other,0.11892652346100624,-0.002033093810366246
Cutoff +1m,1,108,2018 Q4,2019 Q2,exch_rate,2,NA,MIDAS (trend),2019-06-30,Other,0.11892652346100624,NA
Cutoff +1m,1,108,2018 Q4,2019 Q2,exch_rate,2,NA,MIDAS,2019-06-30,Other,0.11892652346100624,NA
Cutoff +1m,1,108,2018 Q4,2019 Q2,exch_rate,2,0.11749381684449249,AR(2),2019-06-30,Other,0.11892652346100624,-0.0014327066165137486
Cutoff +1m,1,108,2018 Q4,2019 Q2,exch_rate,2,0.11812830557876923,RW-trend,2019-06-30,Other,0.11892652346100624,-7.982178822370095e-4
Cutoff +1m,1,108,2018 Q4,2019 Q3,exch_rate,3,0.10637021398468251,MF-VAR,2019-09-30,Other,0.09161599409455352,0.014754219890128983
Cutoff +1m,1,108,2018 Q4,2019 Q3,exch_rate,3,NA,MIDAS (trend),2019-09-30,Other,0.09161599409455352,NA
Cutoff +1m,1,108,2018 Q4,2019 Q3,exch_rate,3,NA,MIDAS,2019-09-30,Other,0.09161599409455352,NA
Cutoff +1m,1,108,2018 Q4,2019 Q3,exch_rate,3,0.10757603961321528,AR(2),2019-09-30,Other,0.09161599409455352,0.01596004551866176
Cutoff +1m,1,108,2018 Q4,2019 Q3,exch_rate,3,0.11339089036467075,RW-trend,2019-09-30,Other,0.09161599409455352,0.021774896270117222
Cutoff +1m,1,108,2018 Q4,2019 Q4,exch_rate,4,0.10460611521521161,MF-VAR,2019-12-31,1-year ahead,0.09189658673335668,0.012709528481854929
Cutoff +1m,1,108,2018 Q4,2019 Q4,exch_rate,4,NA,MIDAS (trend),2019-12-31,1-year ahead,0.09189658673335668,NA
Cutoff +1m,1,108,2018 Q4,2019 Q4,exch_rate,4,NA,MIDAS,2019-12-31,1-year ahead,0.09189658673335668,NA
Cutoff +1m,1,108,2018 Q4,2019 Q4,exch_rate,4,0.10474656097549087,AR(2),2019-12-31,1-year ahead,0.09189658673335668,0.012849974242134188
Cutoff +1m,1,108,2018 Q4,2019 Q4,exch_rate,4,0.10865347515057225,RW-trend,2019-12-31,1-year ahead,0.09189658673335668,0.016756888417215565
Cutoff +1m,1,108,2018 Q4,2019 Q1,gdp_growth,1,1.0341162758956428,MF-VAR,2019-03-31,1-step ahead,0.13144043677399964,0.9026758391216432
Cutoff +1m,1,108,2018 Q4,2019 Q1,gdp_growth,1,NA,MIDAS (trend),2019-03-31,1-step ahead,0.13144043677399964,NA
Cutoff +1m,1,108,2018 Q4,2019 Q1,gdp_growth,1,NA,MIDAS,2019-03-31,1-step ahead,0.13144043677399964,NA
Cutoff +1m,1,108,2018 Q4,2019 Q1,gdp_growth,1,1.3582883901867957,AR(2),2019-03-31,1-step ahead,0.13144043677399964,1.226847953412796
Cutoff +1m,1,108,2018 Q4,2019 Q1,gdp_growth,1,1.2072360317529234,RW-trend,2019-03-31,1-step ahead,0.13144043677399964,1.0757955949789237
Cutoff +1m,1,108,2018 Q4,2019 Q2,gdp_growth,2,0.6845102635656923,MF-VAR,2019-06-30,Other,1.3597227019090496,-0.6752124383433573
Cutoff +1m,1,108,2018 Q4,2019 Q2,gdp_growth,2,NA,MIDAS (trend),2019-06-30,Other,1.3597227019090496,NA
Cutoff +1m,1,108,2018 Q4,2019 Q2,gdp_growth,2,NA,MIDAS,2019-06-30,Other,1.3597227019090496,NA
Cutoff +1m,1,108,2018 Q4,2019 Q2,gdp_growth,2,1.449994295959439,AR(2),2019-06-30,Other,1.3597227019090496,0.09027159405038931
Cutoff +1m,1,108,2018 Q4,2019 Q2,gdp_growth,2,1.2332529190659534,RW-trend,2019-06-30,Other,1.3597227019090496,-0.1264697828430963
Cutoff +1m,1,108,2018 Q4,2019 Q3,gdp_growth,3,1.97077832713125,MF-VAR,2019-09-30,Other,1.2127967227840486,0.7579816043472014
Cutoff +1m,1,108,2018 Q4,2019 Q3,gdp_growth,3,NA,MIDAS (trend),2019-09-30,Other,1.2127967227840486,NA
Cutoff +1m,1,108,2018 Q4,2019 Q3,gdp_growth,3,NA,MIDAS,2019-09-30,Other,1.2127967227840486,NA
Cutoff +1m,1,108,2018 Q4,2019 Q3,gdp_growth,3,2.591630059931318,AR(2),2019-09-30,Other,1.2127967227840486,1.3788333371472694
Cutoff +1m,1,108,2018 Q4,2019 Q3,gdp_growth,3,1.2592698063789833,RW-trend,2019-09-30,Other,1.2127967227840486,0.04647308359493474
Cutoff +1m,1,108,2018 Q4,2019 Q4,gdp_growth,4,1.0570526349842486,MF-VAR,2019-12-31,1-year ahead,2.598755881032133,-1.5417032460478846
Cutoff +1m,1,108,2018 Q4,2019 Q4,gdp_growth,4,NA,MIDAS (trend),2019-12-31,1-year ahead,2.598755881032133,NA
Cutoff +1m,1,108,2018 Q4,2019 Q4,gdp_growth,4,NA,MIDAS,2019-12-31,1-year ahead,2.598755881032133,NA
Cutoff +1m,1,108,2018 Q4,2019 Q4,gdp_growth,4,1.5367897078681292,AR(2),2019-12-31,1-year ahead,2.598755881032133,-1.061966173164004
Cutoff +1m,1,108,2018 Q4,2019 Q4,gdp_growth,4,1.2852866936920133,RW-trend,2019-12-31,1-year ahead,2.598755881032133,-1.3134691873401199
Cutoff +1m,1,108,2018 Q4,2019 Q1,inflation,1,0.5171849088943912,MF-VAR,2019-03-31,1-step ahead,-0.15509153500232742,0.6722764438967186
Cutoff +1m,1,108,2018 Q4,2019 Q1,inflation,1,NA,MIDAS (trend),2019-03-31,1-step ahead,-0.15509153500232742,NA
Cutoff +1m,1,108,2018 Q4,2019 Q1,inflation,1,NA,MIDAS,2019-03-31,1-step ahead,-0.15509153500232742,NA
Cutoff +1m,1,108,2018 Q4,2019 Q1,inflation,1,0.43602896515949996,AR(2),2019-03-31,1-step ahead,-0.15509153500232742,0.5911205001618274
Cutoff +1m,1,108,2018 Q4,2019 Q1,inflation,1,0.47562771002863224,RW-trend,2019-03-31,1-step ahead,-0.15509153500232742,0.6307192450309597
Cutoff +1m,1,108,2018 Q4,2019 Q2,inflation,2,0.21908929568615504,MF-VAR,2019-06-30,Other,1.4366262966944987,-1.2175370010083437
Cutoff +1m,1,108,2018 Q4,2019 Q2,inflation,2,NA,MIDAS (trend),2019-06-30,Other,1.4366262966944987,NA
Cutoff +1m,1,108,2018 Q4,2019 Q2,inflation,2,NA,MIDAS,2019-06-30,Other,1.4366262966944987,NA
Cutoff +1m,1,108,2018 Q4,2019 Q2,inflation,2,0.3914450943694474,AR(2),2019-06-30,Other,1.4366262966944987,-1.0451812023250513
Cutoff +1m,1,108,2018 Q4,2019 Q2,inflation,2,0.4432753818740444,RW-trend,2019-06-30,Other,1.4366262966944987,-0.9933509148204542
Cutoff +1m,1,108,2018 Q4,2019 Q3,inflation,3,0.09293058985422079,MF-VAR,2019-09-30,Other,-0.8629354217656982,0.9558660116199189
Cutoff +1m,1,108,2018 Q4,2019 Q3,inflation,3,NA,MIDAS (trend),2019-09-30,Other,-0.8629354217656982,NA
Cutoff +1m,1,108,2018 Q4,2019 Q3,inflation,3,NA,MIDAS,2019-09-30,Other,-0.8629354217656982,NA
Cutoff +1m,1,108,2018 Q4,2019 Q3,inflation,3,0.2999809642981044,AR(2),2019-09-30,Other,-0.8629354217656982,1.1629163860638025
Cutoff +1m,1,108,2018 Q4,2019 Q3,inflation,3,0.4109230537194566,RW-trend,2019-09-30,Other,-0.8629354217656982,1.2738584754851547
Cutoff +1m,1,108,2018 Q4,2019 Q4,inflation,4,0.16857048180091636,MF-VAR,2019-12-31,1-year ahead,-0.6876495314639186,0.856220013264835
Cutoff +1m,1,108,2018 Q4,2019 Q4,inflation,4,NA,MIDAS (trend),2019-12-31,1-year ahead,-0.6876495314639186,NA
Cutoff +1m,1,108,2018 Q4,2019 Q4,inflation,4,NA,MIDAS,2019-12-31,1-year ahead,-0.6876495314639186,NA
Cutoff +1m,1,108,2018 Q4,2019 Q4,inflation,4,0.313459638589048,AR(2),2019-12-31,1-year ahead,-0.6876495314639186,1.0011091700529666
Cutoff +1m,1,108,2018 Q4,2019 Q4,inflation,4,0.3785707255648688,RW-trend,2019-12-31,1-year ahead,-0.6876495314639186,1.0662202570287875
Cutoff +1m,1,109,2019 Q1,2019 Q2,exch_rate,1,0.12226412016353279,MF-VAR,2019-06-30,1-step ahead,0.11892652346100624,0.003337596702526549
Cutoff +1m,1,109,2019 Q1,2019 Q2,exch_rate,1,NA,MIDAS (trend),2019-06-30,1-step ahead,0.11892652346100624,NA
Cutoff +1m,1,109,2019 Q1,2019 Q2,exch_rate,1,NA,MIDAS,2019-06-30,1-step ahead,0.11892652346100624,NA
Cutoff +1m,1,109,2019 Q1,2019 Q2,exch_rate,1,0.12185182928328064,AR(2),2019-06-30,1-step ahead,0.11892652346100624,0.0029253058222744044
Cutoff +1m,1,109,2019 Q1,2019 Q2,exch_rate,1,0.11974875585422588,RW-trend,2019-06-30,1-step ahead,0.11892652346100624,8.222323932196435e-4
Cutoff +1m,1,109,2019 Q1,2019 Q3,exch_rate,2,0.11223341817315113,MF-VAR,2019-09-30,Other,0.09161599409455352,0.02061742407859761
Cutoff +1m,1,109,2019 Q1,2019 Q3,exch_rate,2,NA,MIDAS (trend),2019-09-30,Other,0.09161599409455352,NA
Cutoff +1m,1,109,2019 Q1,2019 Q3,exch_rate,2,NA,MIDAS,2019-09-30,Other,0.09161599409455352,NA
Cutoff +1m,1,109,2019 Q1,2019 Q3,exch_rate,2,0.11181853315311126,AR(2),2019-09-30,Other,0.09161599409455352,0.020202539058557734
Cutoff +1m,1,109,2019 Q1,2019 Q3,exch_rate,2,0.11502634480934458,RW-trend,2019-09-30,Other,0.09161599409455352,0.023410350714791056
Cutoff +1m,1,109,2019 Q1,2019 Q4,exch_rate,3,0.1113261404412966,MF-VAR,2019-12-31,Other,0.09189658673335668,0.019429553707939917
Cutoff +1m,1,109,2019 Q1,2019 Q4,exch_rate,3,NA,MIDAS (trend),2019-12-31,Other,0.09189658673335668,NA
Cutoff +1m,1,109,2019 Q1,2019 Q4,exch_rate,3,NA,MIDAS,2019-12-31,Other,0.09189658673335668,NA
Cutoff +1m,1,109,2019 Q1,2019 Q4,exch_rate,3,0.10874275170710113,AR(2),2019-12-31,Other,0.09189658673335668,0.016846164973744443
Cutoff +1m,1,109,2019 Q1,2019 Q4,exch_rate,3,0.11030393376446329,RW-trend,2019-12-31,Other,0.09189658673335668,0.018407347031106608
Cutoff +1m,1,109,2019 Q1,2020 Q1,exch_rate,4,0.10567351317734891,MF-VAR,2020-03-31,1-year ahead,0.06468184825752378,0.04099166491982513
Cutoff +1m,1,109,2019 Q1,2020 Q1,exch_rate,4,NA,MIDAS (trend),2020-03-31,1-year ahead,0.06468184825752378,NA
Cutoff +1m,1,109,2019 Q1,2020 Q1,exch_rate,4,NA,MIDAS,2020-03-31,1-year ahead,0.06468184825752378,NA
Cutoff +1m,1,109,2019 Q1,2020 Q1,exch_rate,4,0.10257386164442818,AR(2),2020-03-31,1-year ahead,0.06468184825752378,0.0378920133869044
Cutoff +1m,1,109,2019 Q1,2020 Q1,exch_rate,4,0.105581522719582,RW-trend,2020-03-31,1-year ahead,0.06468184825752378,0.04089967446205822
Cutoff +1m,1,109,2019 Q1,2019 Q2,gdp_growth,1,0.1891777354494767,MF-VAR,2019-06-30,1-step ahead,1.3597227019090496,-1.1705449664595728
Cutoff +1m,1,109,2019 Q1,2019 Q2,gdp_growth,1,NA,MIDAS (trend),2019-06-30,1-step ahead,1.3597227019090496,NA
Cutoff +1m,1,109,2019 Q1,2019 Q2,gdp_growth,1,NA,MIDAS,2019-06-30,1-step ahead,1.3597227019090496,NA
Cutoff +1m,1,109,2019 Q1,2019 Q2,gdp_growth,1,0.9897853772626263,AR(2),2019-06-30,1-step ahead,1.3597227019090496,-0.36993732464642337
Cutoff +1m,1,109,2019 Q1,2019 Q2,gdp_growth,1,0.14740315964797424,RW-trend,2019-06-30,1-step ahead,1.3597227019090496,-1.2123195422610755
Cutoff +1m,1,109,2019 Q1,2019 Q3,gdp_growth,2,1.8135505488525678,MF-VAR,2019-09-30,Other,1.2127967227840486,0.6007538260685192
Cutoff +1m,1,109,2019 Q1,2019 Q3,gdp_growth,2,NA,MIDAS (trend),2019-09-30,Other,1.2127967227840486,NA
Cutoff +1m,1,109,2019 Q1,2019 Q3,gdp_growth,2,NA,MIDAS,2019-09-30,Other,1.2127967227840486,NA
Cutoff +1m,1,109,2019 Q1,2019 Q3,gdp_growth,2,2.4343997339506656,AR(2),2019-09-30,Other,1.2127967227840486,1.221603011166617
Cutoff +1m,1,109,2019 Q1,2019 Q3,gdp_growth,2,0.16336588252194886,RW-trend,2019-09-30,Other,1.2127967227840486,-1.0494308402620998
Cutoff +1m,1,109,2019 Q1,2019 Q4,gdp_growth,3,1.1831387093047452,MF-VAR,2019-12-31,Other,2.598755881032133,-1.415617171727388
Cutoff +1m,1,109,2019 Q1,2019 Q4,gdp_growth,3,NA,MIDAS (trend),2019-12-31,Other,2.598755881032133,NA
Cutoff +1m,1,109,2019 Q1,2019 Q4,gdp_growth,3,NA,MIDAS,2019-12-31,Other,2.598755881032133,NA
Cutoff +1m,1,109,2019 Q1,2019 Q4,gdp_growth,3,1.4787669046025662,AR(2),2019-12-31,Other,2.598755881032133,-1.119988976429567
Cutoff +1m,1,109,2019 Q1,2019 Q4,gdp_growth,3,0.17932860539592346,RW-trend,2019-12-31,Other,2.598755881032133,-2.4194272756362096
Cutoff +1m,1,109,2019 Q1,2020 Q1,gdp_growth,4,1.3179972346507673,MF-VAR,2020-03-31,1-year ahead,-7.067810646740469,8.385807881391237
Cutoff +1m,1,109,2019 Q1,2020 Q1,gdp_growth,4,NA,MIDAS (trend),2020-03-31,1-year ahead,-7.067810646740469,NA
Cutoff +1m,1,109,2019 Q1,2020 Q1,gdp_growth,4,NA,MIDAS,2020-03-31,1-year ahead,-7.067810646740469,NA
Cutoff +1m,1,109,2019 Q1,2020 Q1,gdp_growth,4,1.363516566152429,AR(2),2020-03-31,1-year ahead,-7.067810646740469,8.431327212892898
Cutoff +1m,1,109,2019 Q1,2020 Q1,gdp_growth,4,0.1952913282698981,RW-trend,2020-03-31,1-year ahead,-7.067810646740469,7.263101975010367
Cutoff +1m,1,109,2019 Q1,2019 Q2,inflation,1,-0.15202588957763735,MF-VAR,2019-06-30,1-step ahead,1.4366262966944987,-1.5886521862721361
Cutoff +1m,1,109,2019 Q1,2019 Q2,inflation,1,NA,MIDAS (trend),2019-06-30,1-step ahead,1.4366262966944987,NA
Cutoff +1m,1,109,2019 Q1,2019 Q2,inflation,1,NA,MIDAS,2019-06-30,1-step ahead,1.4366262966944987,NA
Cutoff +1m,1,109,2019 Q1,2019 Q2,inflation,1,0.10554354727629883,AR(2),2019-06-30,1-step ahead,1.4366262966944987,-1.3310827494181998
Cutoff +1m,1,109,2019 Q1,2019 Q2,inflation,1,-0.19333843554038213,RW-trend,2019-06-30,1-step ahead,1.4366262966944987,-1.629964732234881
Cutoff +1m,1,109,2019 Q1,2019 Q3,inflation,2,0.026851900261429057,MF-VAR,2019-09-30,Other,-0.8629354217656982,0.8897873220271272
Cutoff +1m,1,109,2019 Q1,2019 Q3,inflation,2,NA,MIDAS (trend),2019-09-30,Other,-0.8629354217656982,NA
Cutoff +1m,1,109,2019 Q1,2019 Q3,inflation,2,NA,MIDAS,2019-09-30,Other,-0.8629354217656982,NA
Cutoff +1m,1,109,2019 Q1,2019 Q3,inflation,2,0.1490098448977856,AR(2),2019-09-30,Other,-0.8629354217656982,1.0119452666634838
Cutoff +1m,1,109,2019 Q1,2019 Q3,inflation,2,-0.23158533607843684,RW-trend,2019-09-30,Other,-0.8629354217656982,0.6313500856872614
Cutoff +1m,1,109,2019 Q1,2019 Q4,inflation,3,0.15415007017405766,MF-VAR,2019-12-31,Other,-0.6876495314639186,0.8417996016379763
Cutoff +1m,1,109,2019 Q1,2019 Q4,inflation,3,NA,MIDAS (trend),2019-12-31,Other,-0.6876495314639186,NA
Cutoff +1m,1,109,2019 Q1,2019 Q4,inflation,3,NA,MIDAS,2019-12-31,Other,-0.6876495314639186,NA
Cutoff +1m,1,109,2019 Q1,2019 Q4,inflation,3,0.2331723789040723,AR(2),2019-12-31,Other,-0.6876495314639186,0.9208219103679909
Cutoff +1m,1,109,2019 Q1,2019 Q4,inflation,3,-0.2698322366164916,RW-trend,2019-12-31,Other,-0.6876495314639186,0.417817294847427
Cutoff +1m,1,109,2019 Q1,2020 Q1,inflation,4,0.23299148430282218,MF-VAR,2020-03-31,1-year ahead,-0.5383806198913987,0.771372104194221
Cutoff +1m,1,109,2019 Q1,2020 Q1,inflation,4,NA,MIDAS (trend),2020-03-31,1-year ahead,-0.5383806198913987,NA
Cutoff +1m,1,109,2019 Q1,2020 Q1,inflation,4,NA,MIDAS,2020-03-31,1-year ahead,-0.5383806198913987,NA
Cutoff +1m,1,109,2019 Q1,2020 Q1,inflation,4,0.2722777577197053,AR(2),2020-03-31,1-year ahead,-0.5383806198913987,0.810658377611104
Cutoff +1m,1,109,2019 Q1,2020 Q1,inflation,4,-0.30807913715454627,RW-trend,2020-03-31,1-year ahead,-0.5383806198913987,0.23030148273685247
Cutoff +1m,1,110,2019 Q2,2019 Q3,exch_rate,1,0.10979354549270769,MF-VAR,2019-09-30,1-step ahead,0.09161599409455352,0.018177551398154163
Cutoff +1m,1,110,2019 Q2,2019 Q3,exch_rate,1,NA,MIDAS (trend),2019-09-30,1-step ahead,0.09161599409455352,NA
Cutoff +1m,1,110,2019 Q2,2019 Q3,exch_rate,1,NA,MIDAS,2019-09-30,1-step ahead,0.09161599409455352,NA
Cutoff +1m,1,110,2019 Q2,2019 Q3,exch_rate,1,0.10846790150476757,AR(2),2019-09-30,1-step ahead,0.09161599409455352,0.016851907410214043
Cutoff +1m,1,110,2019 Q2,2019 Q3,exch_rate,1,0.11419649915322476,RW-trend,2019-09-30,1-step ahead,0.09161599409455352,0.022580505058671235
Cutoff +1m,1,110,2019 Q2,2019 Q4,exch_rate,2,0.10379084769058354,MF-VAR,2019-12-31,Other,0.09189658673335668,0.011894260957226857
Cutoff +1m,1,110,2019 Q2,2019 Q4,exch_rate,2,NA,MIDAS (trend),2019-12-31,Other,0.09189658673335668,NA
Cutoff +1m,1,110,2019 Q2,2019 Q4,exch_rate,2,NA,MIDAS,2019-12-31,Other,0.09189658673335668,NA
Cutoff +1m,1,110,2019 Q2,2019 Q4,exch_rate,2,0.10549515078980604,AR(2),2019-12-31,Other,0.09189658673335668,0.013598564056449353
Cutoff +1m,1,110,2019 Q2,2019 Q4,exch_rate,2,0.10946647484544328,RW-trend,2019-12-31,Other,0.09189658673335668,0.017569888112086596
Cutoff +1m,1,110,2019 Q2,2020 Q1,exch_rate,3,0.09674035415276337,MF-VAR,2020-03-31,Other,0.06468184825752378,0.03205850589523959
Cutoff +1m,1,110,2019 Q2,2020 Q1,exch_rate,3,NA,MIDAS (trend),2020-03-31,Other,0.06468184825752378,NA
Cutoff +1m,1,110,2019 Q2,2020 Q1,exch_rate,3,NA,MIDAS,2020-03-31,Other,0.06468184825752378,NA
Cutoff +1m,1,110,2019 Q2,2020 Q1,exch_rate,3,0.09953042236069341,AR(2),2020-03-31,Other,0.06468184825752378,0.03484857410316963
Cutoff +1m,1,110,2019 Q2,2020 Q1,exch_rate,3,0.10473645053766181,RW-trend,2020-03-31,Other,0.06468184825752378,0.04005460228013803
Cutoff +1m,1,110,2019 Q2,2020 Q2,exch_rate,4,0.09372516674532545,MF-VAR,2020-06-30,1-year ahead,0.059182391088171235,0.03454277565715422
Cutoff +1m,1,110,2019 Q2,2020 Q2,exch_rate,4,NA,MIDAS (trend),2020-06-30,1-year ahead,0.059182391088171235,NA
Cutoff +1m,1,110,2019 Q2,2020 Q2,exch_rate,4,NA,MIDAS,2020-06-30,1-year ahead,0.059182391088171235,NA
Cutoff +1m,1,110,2019 Q2,2020 Q2,exch_rate,4,0.09668861724518306,AR(2),2020-06-30,1-year ahead,0.059182391088171235,0.037506226157011824
Cutoff +1m,1,110,2019 Q2,2020 Q2,exch_rate,4,0.10000642622988033,RW-trend,2020-06-30,1-year ahead,0.059182391088171235,0.0408240351417091
Cutoff +1m,1,110,2019 Q2,2019 Q3,gdp_growth,1,2.4965671120969004,MF-VAR,2019-09-30,1-step ahead,1.2127967227840486,1.2837703893128518
Cutoff +1m,1,110,2019 Q2,2019 Q3,gdp_growth,1,NA,MIDAS (trend),2019-09-30,1-step ahead,1.2127967227840486,NA
Cutoff +1m,1,110,2019 Q2,2019 Q3,gdp_growth,1,NA,MIDAS,2019-09-30,1-step ahead,1.2127967227840486,NA
Cutoff +1m,1,110,2019 Q2,2019 Q3,gdp_growth,1,2.569577602810416,AR(2),2019-09-30,1-step ahead,1.2127967227840486,1.3567808800263674
Cutoff +1m,1,110,2019 Q2,2019 Q3,gdp_growth,1,1.386910605729886,RW-trend,2019-09-30,1-step ahead,1.2127967227840486,0.1741138829458373
Cutoff +1m,1,110,2019 Q2,2019 Q4,gdp_growth,2,0.7125802929540248,MF-VAR,2019-12-31,Other,2.598755881032133,-1.8861755880781084
Cutoff +1m,1,110,2019 Q2,2019 Q4,gdp_growth,2,NA,MIDAS (trend),2019-12-31,Other,2.598755881032133,NA
Cutoff +1m,1,110,2019 Q2,2019 Q4,gdp_growth,2,NA,MIDAS,2019-12-31,Other,2.598755881032133,NA
Cutoff +1m,1,110,2019 Q2,2019 Q4,gdp_growth,2,1.5219712423682403,AR(2),2019-12-31,Other,2.598755881032133,-1.0767846386638928
Cutoff +1m,1,110,2019 Q2,2019 Q4,gdp_growth,2,1.4140985095507224,RW-trend,2019-12-31,Other,2.598755881032133,-1.1846573714814108
Cutoff +1m,1,110,2019 Q2,2020 Q1,gdp_growth,3,0.57406268910365,MF-VAR,2020-03-31,Other,-7.067810646740469,7.641873335844119
Cutoff +1m,1,110,2019 Q2,2020 Q1,gdp_growth,3,NA,MIDAS (trend),2020-03-31,Other,-7.067810646740469,NA
Cutoff +1m,1,110,2019 Q2,2020 Q1,gdp_growth,3,NA,MIDAS,2020-03-31,Other,-7.067810646740469,NA
Cutoff +1m,1,110,2019 Q2,2020 Q1,gdp_growth,3,1.3767134224718665,AR(2),2020-03-31,Other,-7.067810646740469,8.444524069212335
Cutoff +1m,1,110,2019 Q2,2020 Q1,gdp_growth,3,1.4412864133715586,RW-trend,2020-03-31,Other,-7.067810646740469,8.509097060112028
Cutoff +1m,1,110,2019 Q2,2020 Q2,gdp_growth,4,0.8232027055835068,MF-VAR,2020-06-30,1-year ahead,-27.833251932801062,28.65645463838457
Cutoff +1m,1,110,2019 Q2,2020 Q2,gdp_growth,4,NA,MIDAS (trend),2020-06-30,1-year ahead,-27.833251932801062,NA
Cutoff +1m,1,110,2019 Q2,2020 Q2,gdp_growth,4,NA,MIDAS,2020-06-30,1-year ahead,-27.833251932801062,NA
Cutoff +1m,1,110,2019 Q2,2020 Q2,gdp_growth,4,1.4349973562632634,AR(2),2020-06-30,1-year ahead,-27.833251932801062,29.268249289064325
Cutoff +1m,1,110,2019 Q2,2020 Q2,gdp_growth,4,1.468474317192395,RW-trend,2020-06-30,1-year ahead,-27.833251932801062,29.301726249993457
Cutoff +1m,1,110,2019 Q2,2019 Q3,inflation,1,1.369717482351879,MF-VAR,2019-09-30,1-step ahead,-0.8629354217656982,2.232652904117577
Cutoff +1m,1,110,2019 Q2,2019 Q3,inflation,1,NA,MIDAS (trend),2019-09-30,1-step ahead,-0.8629354217656982,NA
Cutoff +1m,1,110,2019 Q2,2019 Q3,inflation,1,NA,MIDAS,2019-09-30,1-step ahead,-0.8629354217656982,NA
Cutoff +1m,1,110,2019 Q2,2019 Q3,inflation,1,0.7769575416781959,AR(2),2019-09-30,1-step ahead,-0.8629354217656982,1.6398929634438941
Cutoff +1m,1,110,2019 Q2,2019 Q3,inflation,1,1.4134716621956558,RW-trend,2019-09-30,1-step ahead,-0.8629354217656982,2.276407083961354
Cutoff +1m,1,110,2019 Q2,2019 Q4,inflation,2,0.5410279017803341,MF-VAR,2019-12-31,Other,-0.6876495314639186,1.2286774332442527
Cutoff +1m,1,110,2019 Q2,2019 Q4,inflation,2,NA,MIDAS (trend),2019-12-31,Other,-0.6876495314639186,NA
Cutoff +1m,1,110,2019 Q2,2019 Q4,inflation,2,NA,MIDAS,2019-12-31,Other,-0.6876495314639186,NA
Cutoff +1m,1,110,2019 Q2,2019 Q4,inflation,2,0.5684178981866274,AR(2),2019-12-31,Other,-0.6876495314639186,1.256067429650546
Cutoff +1m,1,110,2019 Q2,2019 Q4,inflation,2,1.3903170276968129,RW-trend,2019-12-31,Other,-0.6876495314639186,2.0779665591607315
Cutoff +1m,1,110,2019 Q2,2020 Q1,inflation,3,0.30410594836772514,MF-VAR,2020-03-31,Other,-0.5383806198913987,0.8424865682591238
Cutoff +1m,1,110,2019 Q2,2020 Q1,inflation,3,NA,MIDAS (trend),2020-03-31,Other,-0.5383806198913987,NA
Cutoff +1m,1,110,2019 Q2,2020 Q1,inflation,3,NA,MIDAS,2020-03-31,Other,-0.5383806198913987,NA
Cutoff +1m,1,110,2019 Q2,2020 Q1,inflation,3,0.45138252628356557,AR(2),2020-03-31,Other,-0.5383806198913987,0.9897631461749643
Cutoff +1m,1,110,2019 Q2,2020 Q1,inflation,3,1.36716239319797,RW-trend,2020-03-31,Other,-0.5383806198913987,1.9055430130893687
Cutoff +1m,1,110,2019 Q2,2020 Q2,inflation,4,0.30419790758727333,MF-VAR,2020-06-30,1-year ahead,-2.654470813291354,2.9586687208786273
Cutoff +1m,1,110,2019 Q2,2020 Q2,inflation,4,NA,MIDAS (trend),2020-06-30,1-year ahead,-2.654470813291354,NA
Cutoff +1m,1,110,2019 Q2,2020 Q2,inflation,4,NA,MIDAS,2020-06-30,1-year ahead,-2.654470813291354,NA
Cutoff +1m,1,110,2019 Q2,2020 Q2,inflation,4,0.38885556846420893,AR(2),2020-06-30,1-year ahead,-2.654470813291354,3.043326381755563
Cutoff +1m,1,110,2019 Q2,2020 Q2,inflation,4,1.3440077586991268,RW-trend,2020-06-30,1-year ahead,-2.654470813291354,3.998478571990481
Cutoff +1m,1,111,2019 Q3,2019 Q4,exch_rate,1,0.08948909120356065,MF-VAR,2019-12-31,1-step ahead,0.09189658673335668,-0.002407495529796036
Cutoff +1m,1,111,2019 Q3,2019 Q4,exch_rate,1,NA,MIDAS (trend),2019-12-31,1-step ahead,0.09189658673335668,NA
Cutoff +1m,1,111,2019 Q3,2019 Q4,exch_rate,1,NA,MIDAS,2019-12-31,1-step ahead,0.09189658673335668,NA
Cutoff +1m,1,111,2019 Q3,2019 Q4,exch_rate,1,0.08619914518866865,AR(2),2019-12-31,1-step ahead,0.09189658673335668,-0.005697441544688028
Cutoff +1m,1,111,2019 Q3,2019 Q4,exch_rate,1,0.0866788091899035,RW-trend,2019-12-31,1-step ahead,0.09189658673335668,-0.005217777543453178
Cutoff +1m,1,111,2019 Q3,2020 Q1,exch_rate,2,0.08082661792914465,MF-VAR,2020-03-31,Other,0.06468184825752378,0.016144769671620873
Cutoff +1m,1,111,2019 Q3,2020 Q1,exch_rate,2,NA,MIDAS (trend),2020-03-31,Other,0.06468184825752378,NA
Cutoff +1m,1,111,2019 Q3,2020 Q1,exch_rate,2,NA,MIDAS,2020-03-31,Other,0.06468184825752378,NA
Cutoff +1m,1,111,2019 Q3,2020 Q1,exch_rate,2,0.08080493245261383,AR(2),2020-03-31,Other,0.06468184825752378,0.01612308419509005
Cutoff +1m,1,111,2019 Q3,2020 Q1,exch_rate,2,0.08174162428525349,RW-trend,2020-03-31,Other,0.06468184825752378,0.017059776027729706
Cutoff +1m,1,111,2019 Q3,2020 Q2,exch_rate,3,0.08229206789916696,MF-VAR,2020-06-30,Other,0.059182391088171235,0.023109676810995725
Cutoff +1m,1,111,2019 Q3,2020 Q2,exch_rate,3,NA,MIDAS (trend),2020-06-30,Other,0.059182391088171235,NA
Cutoff +1m,1,111,2019 Q3,2020 Q2,exch_rate,3,NA,MIDAS,2020-06-30,Other,0.059182391088171235,NA
Cutoff +1m,1,111,2019 Q3,2020 Q2,exch_rate,3,0.07910484343617721,AR(2),2020-06-30,Other,0.059182391088171235,0.01992245234800598
Cutoff +1m,1,111,2019 Q3,2020 Q2,exch_rate,3,0.07680443938060347,RW-trend,2020-06-30,Other,0.059182391088171235,0.017622048292432232
Cutoff +1m,1,111,2019 Q3,2020 Q3,exch_rate,4,0.07460500524087321,MF-VAR,2020-09-30,1-year ahead,0.07254644174085553,0.0020585635000176794
Cutoff +1m,1,111,2019 Q3,2020 Q3,exch_rate,4,NA,MIDAS (trend),2020-09-30,1-year ahead,0.07254644174085553,NA
Cutoff +1m,1,111,2019 Q3,2020 Q3,exch_rate,4,NA,MIDAS,2020-09-30,1-year ahead,0.07254644174085553,NA
Cutoff +1m,1,111,2019 Q3,2020 Q3,exch_rate,4,0.07057867324137193,AR(2),2020-09-30,1-year ahead,0.07254644174085553,-0.001967768499483602
Cutoff +1m,1,111,2019 Q3,2020 Q3,exch_rate,4,0.07186725447595343,RW-trend,2020-09-30,1-year ahead,0.07254644174085553,-6.79187264902098e-4
Cutoff +1m,1,111,2019 Q3,2019 Q4,gdp_growth,1,0.15699894063725775,MF-VAR,2019-12-31,1-step ahead,2.598755881032133,-2.4417569403948756
Cutoff +1m,1,111,2019 Q3,2019 Q4,gdp_growth,1,NA,MIDAS (trend),2019-12-31,1-step ahead,2.598755881032133,NA
Cutoff +1m,1,111,2019 Q3,2019 Q4,gdp_growth,1,NA,MIDAS,2019-12-31,1-step ahead,2.598755881032133,NA
Cutoff +1m,1,111,2019 Q3,2019 Q4,gdp_growth,1,1.0186317815548893,AR(2),2019-12-31,1-step ahead,2.598755881032133,-1.5801240994772439
Cutoff +1m,1,111,2019 Q3,2019 Q4,gdp_growth,1,1.2383872515319874,RW-trend,2019-12-31,1-step ahead,2.598755881032133,-1.3603686295001458
Cutoff +1m,1,111,2019 Q3,2020 Q1,gdp_growth,2,0.21067193727174993,MF-VAR,2020-03-31,Other,-7.067810646740469,7.2784825840122185
Cutoff +1m,1,111,2019 Q3,2020 Q1,gdp_growth,2,NA,MIDAS (trend),2020-03-31,Other,-7.067810646740469,NA
Cutoff +1m,1,111,2019 Q3,2020 Q1,gdp_growth,2,NA,MIDAS,2020-03-31,Other,-7.067810646740469,NA
Cutoff +1m,1,111,2019 Q3,2020 Q1,gdp_growth,2,1.2021158519520583,AR(2),2020-03-31,Other,-7.067810646740469,8.269926498692527
Cutoff +1m,1,111,2019 Q3,2020 Q1,gdp_growth,2,1.263977780279926,RW-trend,2020-03-31,Other,-7.067810646740469,8.331788427020395
Cutoff +1m,1,111,2019 Q3,2020 Q2,gdp_growth,3,1.0154389326806537,MF-VAR,2020-06-30,Other,-27.833251932801062,28.848690865481714
Cutoff +1m,1,111,2019 Q3,2020 Q2,gdp_growth,3,NA,MIDAS (trend),2020-06-30,Other,-27.833251932801062,NA
Cutoff +1m,1,111,2019 Q3,2020 Q2,gdp_growth,3,NA,MIDAS,2020-06-30,Other,-27.833251932801062,NA
Cutoff +1m,1,111,2019 Q3,2020 Q2,gdp_growth,3,1.369589613020326,AR(2),2020-06-30,Other,-27.833251932801062,29.20284154582139
Cutoff +1m,1,111,2019 Q3,2020 Q2,gdp_growth,3,1.2895683090278647,RW-trend,2020-06-30,Other,-27.833251932801062,29.122820241828926
Cutoff +1m,1,111,2019 Q3,2020 Q3,gdp_growth,4,2.2027574312006104,MF-VAR,2020-09-30,1-year ahead,28.019705798225658,-25.81694836702505
Cutoff +1m,1,111,2019 Q3,2020 Q3,gdp_growth,4,NA,MIDAS (trend),2020-09-30,1-year ahead,28.019705798225658,NA
Cutoff +1m,1,111,2019 Q3,2020 Q3,gdp_growth,4,NA,MIDAS,2020-09-30,1-year ahead,28.019705798225658,NA
Cutoff +1m,1,111,2019 Q3,2020 Q3,gdp_growth,4,2.542297527653289,AR(2),2020-09-30,1-year ahead,28.019705798225658,-25.47740827057237
Cutoff +1m,1,111,2019 Q3,2020 Q3,gdp_growth,4,1.3151588377758034,RW-trend,2020-09-30,1-year ahead,28.019705798225658,-26.704546960449854
Cutoff +1m,1,111,2019 Q3,2019 Q4,inflation,1,-0.8366815284909104,MF-VAR,2019-12-31,1-step ahead,-0.6876495314639186,-0.14903199702699177
Cutoff +1m,1,111,2019 Q3,2019 Q4,inflation,1,NA,MIDAS (trend),2019-12-31,1-step ahead,-0.6876495314639186,NA
Cutoff +1m,1,111,2019 Q3,2019 Q4,inflation,1,NA,MIDAS,2019-12-31,1-step ahead,-0.6876495314639186,NA
Cutoff +1m,1,111,2019 Q3,2019 Q4,inflation,1,-0.1686164109959268,AR(2),2019-12-31,1-step ahead,-0.6876495314639186,0.5190331204679918
Cutoff +1m,1,111,2019 Q3,2019 Q4,inflation,1,-0.906974524924737,RW-trend,2019-12-31,1-step ahead,-0.6876495314639186,-0.21932499346081835
Cutoff +1m,1,111,2019 Q3,2020 Q1,inflation,2,-0.31307346317731455,MF-VAR,2020-03-31,Other,-0.5383806198913987,0.2253071567140842
Cutoff +1m,1,111,2019 Q3,2020 Q1,inflation,2,NA,MIDAS (trend),2020-03-31,Other,-0.5383806198913987,NA
Cutoff +1m,1,111,2019 Q3,2020 Q1,inflation,2,NA,MIDAS,2020-03-31,Other,-0.5383806198913987,NA
Cutoff +1m,1,111,2019 Q3,2020 Q1,inflation,2,0.04725237470955045,AR(2),2020-03-31,Other,-0.5383806198913987,0.5856329946009492
Cutoff +1m,1,111,2019 Q3,2020 Q1,inflation,2,-0.9510136280837758,RW-trend,2020-03-31,Other,-0.5383806198913987,-0.412633008192377
Cutoff +1m,1,111,2019 Q3,2020 Q2,inflation,3,-0.04576051753620264,MF-VAR,2020-06-30,Other,-2.654470813291354,2.6087102957551513
Cutoff +1m,1,111,2019 Q3,2020 Q2,inflation,3,NA,MIDAS (trend),2020-06-30,Other,-2.654470813291354,NA
Cutoff +1m,1,111,2019 Q3,2020 Q2,inflation,3,NA,MIDAS,2020-06-30,Other,-2.654470813291354,NA
Cutoff +1m,1,111,2019 Q3,2020 Q2,inflation,3,0.17173159452861447,AR(2),2020-06-30,Other,-2.654470813291354,2.826202407819969
Cutoff +1m,1,111,2019 Q3,2020 Q2,inflation,3,-0.9950527312428146,RW-trend,2020-06-30,Other,-2.654470813291354,1.6594180820485396
Cutoff +1m,1,111,2019 Q3,2020 Q3,inflation,4,0.08963143589293524,MF-VAR,2020-09-30,1-year ahead,0.39094669766832624,-0.30131526177539103
Cutoff +1m,1,111,2019 Q3,2020 Q3,inflation,4,NA,MIDAS (trend),2020-09-30,1-year ahead,0.39094669766832624,NA
Cutoff +1m,1,111,2019 Q3,2020 Q3,inflation,4,NA,MIDAS,2020-09-30,1-year ahead,0.39094669766832624,NA
Cutoff +1m,1,111,2019 Q3,2020 Q3,inflation,4,0.168291063125455,AR(2),2020-09-30,1-year ahead,0.39094669766832624,-0.22265563454287124
Cutoff +1m,1,111,2019 Q3,2020 Q3,inflation,4,-1.0390918344018534,RW-trend,2020-09-30,1-year ahead,0.39094669766832624,-1.4300385320701796
Cutoff +1m,1,112,2019 Q4,2020 Q1,exch_rate,1,0.0866342059819985,MF-VAR,2020-03-31,1-step ahead,0.06468184825752378,0.021952357724474722
Cutoff +1m,1,112,2019 Q4,2020 Q1,exch_rate,1,NA,MIDAS (trend),2020-03-31,1-step ahead,0.06468184825752378,NA
Cutoff +1m,1,112,2019 Q4,2020 Q1,exch_rate,1,NA,MIDAS,2020-03-31,1-step ahead,0.06468184825752378,NA
Cutoff +1m,1,112,2019 Q4,2020 Q1,exch_rate,1,0.08733005380078374,AR(2),2020-03-31,1-step ahead,0.06468184825752378,0.022648205543259955
Cutoff +1m,1,112,2019 Q4,2020 Q1,exch_rate,1,0.08700683617001079,RW-trend,2020-03-31,1-step ahead,0.06468184825752378,0.022324987912487007
Cutoff +1m,1,112,2019 Q4,2020 Q2,exch_rate,2,0.09208013171920024,MF-VAR,2020-06-30,Other,0.059182391088171235,0.032897740631029
Cutoff +1m,1,112,2019 Q4,2020 Q2,exch_rate,2,NA,MIDAS (trend),2020-06-30,Other,0.059182391088171235,NA
Cutoff +1m,1,112,2019 Q4,2020 Q2,exch_rate,2,NA,MIDAS,2020-06-30,Other,0.059182391088171235,NA
Cutoff +1m,1,112,2019 Q4,2020 Q2,exch_rate,2,0.08543575077297023,AR(2),2020-06-30,Other,0.059182391088171235,0.026253359684799
Cutoff +1m,1,112,2019 Q4,2020 Q2,exch_rate,2,0.08211708560666488,RW-trend,2020-06-30,Other,0.059182391088171235,0.022934694518493642
Cutoff +1m,1,112,2019 Q4,2020 Q3,exch_rate,3,0.08570922472421215,MF-VAR,2020-09-30,Other,0.07254644174085553,0.013162782983356616
Cutoff +1m,1,112,2019 Q4,2020 Q3,exch_rate,3,NA,MIDAS (trend),2020-09-30,Other,0.07254644174085553,NA
Cutoff +1m,1,112,2019 Q4,2020 Q3,exch_rate,3,NA,MIDAS,2020-09-30,Other,0.07254644174085553,NA
Cutoff +1m,1,112,2019 Q4,2020 Q3,exch_rate,3,0.07652112452086807,AR(2),2020-09-30,Other,0.07254644174085553,0.003974682780012534
Cutoff +1m,1,112,2019 Q4,2020 Q3,exch_rate,3,0.07722733504331898,RW-trend,2020-09-30,Other,0.07254644174085553,0.004680893302463449
Cutoff +1m,1,112,2019 Q4,2020 Q4,exch_rate,4,0.08178353262099233,MF-VAR,2020-12-31,1-year ahead,0.07496664276390097,0.006816889857091363
Cutoff +1m,1,112,2019 Q4,2020 Q4,exch_rate,4,NA,MIDAS (trend),2020-12-31,1-year ahead,0.07496664276390097,NA
Cutoff +1m,1,112,2019 Q4,2020 Q4,exch_rate,4,NA,MIDAS,2020-12-31,1-year ahead,0.07496664276390097,NA
Cutoff +1m,1,112,2019 Q4,2020 Q4,exch_rate,4,0.07458153604955439,AR(2),2020-12-31,1-year ahead,0.07496664276390097,-3.8510671434657806e-4
Cutoff +1m,1,112,2019 Q4,2020 Q4,exch_rate,4,0.07233758447997307,RW-trend,2020-12-31,1-year ahead,0.07496664276390097,-0.0026290582839278986
Cutoff +1m,1,112,2019 Q4,2020 Q1,gdp_growth,1,2.4516530124878826,MF-VAR,2020-03-31,1-step ahead,-7.067810646740469,9.519463659228352
Cutoff +1m,1,112,2019 Q4,2020 Q1,gdp_growth,1,NA,MIDAS (trend),2020-03-31,1-step ahead,-7.067810646740469,NA
Cutoff +1m,1,112,2019 Q4,2020 Q1,gdp_growth,1,NA,MIDAS,2020-03-31,1-step ahead,-7.067810646740469,NA
Cutoff +1m,1,112,2019 Q4,2020 Q1,gdp_growth,1,1.7790108564707743,AR(2),2020-03-31,1-step ahead,-7.067810646740469,8.846821503211244
Cutoff +1m,1,112,2019 Q4,2020 Q1,gdp_growth,1,2.636713397320982,RW-trend,2020-03-31,1-step ahead,-7.067810646740469,9.70452404406145
Cutoff +1m,1,112,2019 Q4,2020 Q2,gdp_growth,2,2.0707910465591706,MF-VAR,2020-06-30,Other,-27.833251932801062,29.904042979360234
Cutoff +1m,1,112,2019 Q4,2020 Q2,gdp_growth,2,NA,MIDAS (trend),2020-06-30,Other,-27.833251932801062,NA
Cutoff +1m,1,112,2019 Q4,2020 Q2,gdp_growth,2,NA,MIDAS,2020-06-30,Other,-27.833251932801062,NA
Cutoff +1m,1,112,2019 Q4,2020 Q2,gdp_growth,2,1.5669586058590084,AR(2),2020-06-30,Other,-27.833251932801062,29.40021053866007
Cutoff +1m,1,112,2019 Q4,2020 Q2,gdp_growth,2,2.6746709136098317,RW-trend,2020-06-30,Other,-27.833251932801062,30.507922846410892
Cutoff +1m,1,112,2019 Q4,2020 Q3,gdp_growth,3,3.040596438953238,MF-VAR,2020-09-30,Other,28.019705798225658,-24.97910935927242
Cutoff +1m,1,112,2019 Q4,2020 Q3,gdp_growth,3,NA,MIDAS (trend),2020-09-30,Other,28.019705798225658,NA
Cutoff +1m,1,112,2019 Q4,2020 Q3,gdp_growth,3,NA,MIDAS,2020-09-30,Other,28.019705798225658,NA
Cutoff +1m,1,112,2019 Q4,2020 Q3,gdp_growth,3,2.613609908723277,AR(2),2020-09-30,Other,28.019705798225658,-25.40609588950238
Cutoff +1m,1,112,2019 Q4,2020 Q3,gdp_growth,3,2.7126284298986807,RW-trend,2020-09-30,Other,28.019705798225658,-25.30707736832698
Cutoff +1m,1,112,2019 Q4,2020 Q4,gdp_growth,4,1.8609739000447916,MF-VAR,2020-12-31,1-year ahead,2.205063679566166,-0.34408977952137443
Cutoff +1m,1,112,2019 Q4,2020 Q4,gdp_growth,4,NA,MIDAS (trend),2020-12-31,1-year ahead,2.205063679566166,NA
Cutoff +1m,1,112,2019 Q4,2020 Q4,gdp_growth,4,NA,MIDAS,2020-12-31,1-year ahead,2.205063679566166,NA
Cutoff +1m,1,112,2019 Q4,2020 Q4,gdp_growth,4,1.5281496313855822,AR(2),2020-12-31,1-year ahead,2.205063679566166,-0.6769140481805838
Cutoff +1m,1,112,2019 Q4,2020 Q4,gdp_growth,4,2.75058594618753,RW-trend,2020-12-31,1-year ahead,2.205063679566166,0.5455222666213642
Cutoff +1m,1,112,2019 Q4,2020 Q1,inflation,1,-0.6784446607527476,MF-VAR,2020-03-31,1-step ahead,-0.5383806198913987,-0.14006404086134883
Cutoff +1m,1,112,2019 Q4,2020 Q1,inflation,1,NA,MIDAS (trend),2020-03-31,1-step ahead,-0.5383806198913987,NA
Cutoff +1m,1,112,2019 Q4,2020 Q1,inflation,1,NA,MIDAS,2020-03-31,1-step ahead,-0.5383806198913987,NA
Cutoff +1m,1,112,2019 Q4,2020 Q1,inflation,1,-0.18487169642086299,AR(2),2020-03-31,1-step ahead,-0.5383806198913987,0.35350892347053575
Cutoff +1m,1,112,2019 Q4,2020 Q1,inflation,1,-0.7296947710460409,RW-trend,2020-03-31,1-step ahead,-0.5383806198913987,-0.19131415115464212
Cutoff +1m,1,112,2019 Q4,2020 Q2,inflation,2,-0.10678338894662481,MF-VAR,2020-06-30,Other,-2.654470813291354,2.5476874243447294
Cutoff +1m,1,112,2019 Q4,2020 Q2,inflation,2,NA,MIDAS (trend),2020-06-30,Other,-2.654470813291354,NA
Cutoff +1m,1,112,2019 Q4,2020 Q2,inflation,2,NA,MIDAS,2020-06-30,Other,-2.654470813291354,NA
Cutoff +1m,1,112,2019 Q4,2020 Q2,inflation,2,0.05004768553682165,AR(2),2020-06-30,Other,-2.654470813291354,2.704518498828176
Cutoff +1m,1,112,2019 Q4,2020 Q2,inflation,2,-0.7717400106281631,RW-trend,2020-06-30,Other,-2.654470813291354,1.882730802663191
Cutoff +1m,1,112,2019 Q4,2020 Q3,inflation,3,0.11757075258122104,MF-VAR,2020-09-30,Other,0.39094669766832624,-0.27337594508710517
Cutoff +1m,1,112,2019 Q4,2020 Q3,inflation,3,NA,MIDAS (trend),2020-09-30,Other,0.39094669766832624,NA
Cutoff +1m,1,112,2019 Q4,2020 Q3,inflation,3,NA,MIDAS,2020-09-30,Other,0.39094669766832624,NA
Cutoff +1m,1,112,2019 Q4,2020 Q3,inflation,3,0.10364156605843691,AR(2),2020-09-30,Other,0.39094669766832624,-0.28730513160988935
Cutoff +1m,1,112,2019 Q4,2020 Q3,inflation,3,-0.8137852502102854,RW-trend,2020-09-30,Other,0.39094669766832624,-1.2047319478786116
Cutoff +1m,1,112,2019 Q4,2020 Q4,inflation,4,0.24688592793885594,MF-VAR,2020-12-31,1-year ahead,0.17231238982731156,0.07457353811154438
Cutoff +1m,1,112,2019 Q4,2020 Q4,inflation,4,NA,MIDAS (trend),2020-12-31,1-year ahead,0.17231238982731156,NA
Cutoff +1m,1,112,2019 Q4,2020 Q4,inflation,4,NA,MIDAS,2020-12-31,1-year ahead,0.17231238982731156,NA
Cutoff +1m,1,112,2019 Q4,2020 Q4,inflation,4,0.1918498555899719,AR(2),2020-12-31,1-year ahead,0.17231238982731156,0.019537465762660328
Cutoff +1m,1,112,2019 Q4,2020 Q4,inflation,4,-0.8558304897924077,RW-trend,2020-12-31,1-year ahead,0.17231238982731156,-1.0281428796197192
Cutoff +1m,1,113,2020 Q1,2020 Q2,exch_rate,1,0.0624748015219494,MF-VAR,2020-06-30,1-step ahead,0.059182391088171235,0.0032924104337781618
Cutoff +1m,1,113,2020 Q1,2020 Q2,exch_rate,1,NA,MIDAS (trend),2020-06-30,1-step ahead,0.059182391088171235,NA
Cutoff +1m,1,113,2020 Q1,2020 Q2,exch_rate,1,NA,MIDAS,2020-06-30,1-step ahead,0.059182391088171235,NA
Cutoff +1m,1,113,2020 Q1,2020 Q2,exch_rate,1,0.05977931587183388,AR(2),2020-06-30,1-step ahead,0.059182391088171235,5.969247836626473e-4
Cutoff +1m,1,113,2020 Q1,2020 Q2,exch_rate,1,0.05959097167694827,RW-trend,2020-06-30,1-step ahead,0.059182391088171235,4.0858058877703274e-4
Cutoff +1m,1,113,2020 Q1,2020 Q3,exch_rate,2,-0.0072512734893959655,MF-VAR,2020-09-30,Other,0.07254644174085553,-0.0797977152302515
Cutoff +1m,1,113,2020 Q1,2020 Q3,exch_rate,2,NA,MIDAS (trend),2020-09-30,Other,0.07254644174085553,NA
Cutoff +1m,1,113,2020 Q1,2020 Q3,exch_rate,2,NA,MIDAS,2020-09-30,Other,0.07254644174085553,NA
Cutoff +1m,1,113,2020 Q1,2020 Q3,exch_rate,2,0.05170752186127613,AR(2),2020-09-30,Other,0.07254644174085553,-0.0208389198795794
Cutoff +1m,1,113,2020 Q1,2020 Q3,exch_rate,2,0.054500095096372755,RW-trend,2020-09-30,Other,0.07254644174085553,-0.018046346644482777
Cutoff +1m,1,113,2020 Q1,2020 Q4,exch_rate,3,-0.005340563175108846,MF-VAR,2020-12-31,Other,0.07496664276390097,-0.08030720593900982
Cutoff +1m,1,113,2020 Q1,2020 Q4,exch_rate,3,NA,MIDAS (trend),2020-12-31,Other,0.07496664276390097,NA
Cutoff +1m,1,113,2020 Q1,2020 Q4,exch_rate,3,NA,MIDAS,2020-12-31,Other,0.07496664276390097,NA
Cutoff +1m,1,113,2020 Q1,2020 Q4,exch_rate,3,0.051286673546612246,AR(2),2020-12-31,Other,0.07496664276390097,-0.023679969217288724
Cutoff +1m,1,113,2020 Q1,2020 Q4,exch_rate,3,0.049409218515797236,RW-trend,2020-12-31,Other,0.07496664276390097,-0.025557424248103734
Cutoff +1m,1,113,2020 Q1,2021 Q1,exch_rate,4,-4.689432348505501e-4,MF-VAR,2021-03-31,1-year ahead,0.08651203736449914,-0.0869809805993497
Cutoff +1m,1,113,2020 Q1,2021 Q1,exch_rate,4,NA,MIDAS (trend),2021-03-31,1-year ahead,0.08651203736449914,NA
Cutoff +1m,1,113,2020 Q1,2021 Q1,exch_rate,4,NA,MIDAS,2021-03-31,1-year ahead,0.08651203736449914,NA
Cutoff +1m,1,113,2020 Q1,2021 Q1,exch_rate,4,0.04775655812990318,AR(2),2021-03-31,1-year ahead,0.08651203736449914,-0.038755479234595956
Cutoff +1m,1,113,2020 Q1,2021 Q1,exch_rate,4,0.044318341935221724,RW-trend,2021-03-31,1-year ahead,0.08651203736449914,-0.042193695429277416
Cutoff +1m,1,113,2020 Q1,2020 Q2,gdp_growth,1,-7.010073348064991,MF-VAR,2020-06-30,1-step ahead,-27.833251932801062,20.82317858473607
Cutoff +1m,1,113,2020 Q1,2020 Q2,gdp_growth,1,NA,MIDAS (trend),2020-06-30,1-step ahead,-27.833251932801062,NA
Cutoff +1m,1,113,2020 Q1,2020 Q2,gdp_growth,1,NA,MIDAS,2020-06-30,1-step ahead,-27.833251932801062,NA
Cutoff +1m,1,113,2020 Q1,2020 Q2,gdp_growth,1,-1.165963248111804,AR(2),2020-06-30,1-step ahead,-27.833251932801062,26.667288684689257
Cutoff +1m,1,113,2020 Q1,2020 Q2,gdp_growth,1,-7.117281274992714,RW-trend,2020-06-30,1-step ahead,-27.833251932801062,20.71597065780835
Cutoff +1m,1,113,2020 Q1,2020 Q3,gdp_growth,2,-6.530575848168365,MF-VAR,2020-09-30,Other,28.019705798225658,-34.550281646394026
Cutoff +1m,1,113,2020 Q1,2020 Q3,gdp_growth,2,NA,MIDAS (trend),2020-09-30,Other,28.019705798225658,NA
Cutoff +1m,1,113,2020 Q1,2020 Q3,gdp_growth,2,NA,MIDAS,2020-09-30,Other,28.019705798225658,NA
Cutoff +1m,1,113,2020 Q1,2020 Q3,gdp_growth,2,1.494038499494847,AR(2),2020-09-30,Other,28.019705798225658,-26.52566729873081
Cutoff +1m,1,113,2020 Q1,2020 Q3,gdp_growth,2,-7.1667519032449585,RW-trend,2020-09-30,Other,28.019705798225658,-35.186457701470616
Cutoff +1m,1,113,2020 Q1,2020 Q4,gdp_growth,3,-4.049733440566292,MF-VAR,2020-12-31,Other,2.205063679566166,-6.254797120132458
Cutoff +1m,1,113,2020 Q1,2020 Q4,gdp_growth,3,NA,MIDAS (trend),2020-12-31,Other,2.205063679566166,NA
Cutoff +1m,1,113,2020 Q1,2020 Q4,gdp_growth,3,NA,MIDAS,2020-12-31,Other,2.205063679566166,NA
Cutoff +1m,1,113,2020 Q1,2020 Q4,gdp_growth,3,1.0636861666489401,AR(2),2020-12-31,Other,2.205063679566166,-1.141377512917226
Cutoff +1m,1,113,2020 Q1,2020 Q4,gdp_growth,3,-7.216222531497204,RW-trend,2020-12-31,Other,2.205063679566166,-9.42128621106337
Cutoff +1m,1,113,2020 Q1,2021 Q1,gdp_growth,4,-3.509874151976498,MF-VAR,2021-03-31,1-year ahead,2.4318148532721295,-5.9416890052486275
Cutoff +1m,1,113,2020 Q1,2021 Q1,gdp_growth,4,NA,MIDAS (trend),2021-03-31,1-year ahead,2.4318148532721295,NA
Cutoff +1m,1,113,2020 Q1,2021 Q1,gdp_growth,4,NA,MIDAS,2021-03-31,1-year ahead,2.4318148532721295,NA
Cutoff +1m,1,113,2020 Q1,2021 Q1,gdp_growth,4,1.149351024869754,AR(2),2021-03-31,1-year ahead,2.4318148532721295,-1.2824638284023755
Cutoff +1m,1,113,2020 Q1,2021 Q1,gdp_growth,4,-7.265693159749449,RW-trend,2021-03-31,1-year ahead,2.4318148532721295,-9.69750801302158
Cutoff +1m,1,113,2020 Q1,2020 Q2,inflation,1,-0.5353149744667087,MF-VAR,2020-06-30,1-step ahead,-2.654470813291354,2.1191558388246454
Cutoff +1m,1,113,2020 Q1,2020 Q2,inflation,1,NA,MIDAS (trend),2020-06-30,1-step ahead,-2.654470813291354,NA
Cutoff +1m,1,113,2020 Q1,2020 Q2,inflation,1,NA,MIDAS,2020-06-30,1-step ahead,-2.654470813291354,NA
Cutoff +1m,1,113,2020 Q1,2020 Q2,inflation,1,-0.12051271594075647,AR(2),2020-06-30,1-step ahead,-2.654470813291354,2.5339580973505975
Cutoff +1m,1,113,2020 Q1,2020 Q2,inflation,1,-0.578702308562218,RW-trend,2020-06-30,1-step ahead,-2.654470813291354,2.075768504729136
Cutoff +1m,1,113,2020 Q1,2020 Q3,inflation,2,-2.251222402214096,MF-VAR,2020-09-30,Other,0.39094669766832624,-2.6421690998824223
Cutoff +1m,1,113,2020 Q1,2020 Q3,inflation,2,NA,MIDAS (trend),2020-09-30,Other,0.39094669766832624,NA
Cutoff +1m,1,113,2020 Q1,2020 Q3,inflation,2,NA,MIDAS,2020-09-30,Other,0.39094669766832624,NA
Cutoff +1m,1,113,2020 Q1,2020 Q3,inflation,2,0.008813740492084526,AR(2),2020-09-30,Other,0.39094669766832624,-0.38213295717624174
Cutoff +1m,1,113,2020 Q1,2020 Q3,inflation,2,-0.6190239972330372,RW-trend,2020-09-30,Other,0.39094669766832624,-1.0099706949013636
Cutoff +1m,1,113,2020 Q1,2020 Q4,inflation,3,-1.7444390626239592,MF-VAR,2020-12-31,Other,0.17231238982731156,-1.9167514524512708
Cutoff +1m,1,113,2020 Q1,2020 Q4,inflation,3,NA,MIDAS (trend),2020-12-31,Other,0.17231238982731156,NA
Cutoff +1m,1,113,2020 Q1,2020 Q4,inflation,3,NA,MIDAS,2020-12-31,Other,0.17231238982731156,NA
Cutoff +1m,1,113,2020 Q1,2020 Q4,inflation,3,0.1382871474797809,AR(2),2020-12-31,Other,0.17231238982731156,-0.034025242347530654
Cutoff +1m,1,113,2020 Q1,2020 Q4,inflation,3,-0.6593456859038564,RW-trend,2020-12-31,Other,0.17231238982731156,-0.831658075731168
Cutoff +1m,1,113,2020 Q1,2021 Q1,inflation,4,-0.9730160361866964,MF-VAR,2021-03-31,1-year ahead,0.2776485073894719,-1.2506645435761683
Cutoff +1m,1,113,2020 Q1,2021 Q1,inflation,4,NA,MIDAS (trend),2021-03-31,1-year ahead,0.2776485073894719,NA
Cutoff +1m,1,113,2020 Q1,2021 Q1,inflation,4,NA,MIDAS,2021-03-31,1-year ahead,0.2776485073894719,NA
Cutoff +1m,1,113,2020 Q1,2021 Q1,inflation,4,0.20113138341191406,AR(2),2021-03-31,1-year ahead,0.2776485073894719,-0.07651712397755783
Cutoff +1m,1,113,2020 Q1,2021 Q1,inflation,4,-0.6996673745746758,RW-trend,2021-03-31,1-year ahead,0.2776485073894719,-0.9773158819641476
Cutoff +1m,1,114,2020 Q2,2020 Q3,exch_rate,1,0.05004941311987258,MF-VAR,2020-09-30,1-step ahead,0.07254644174085553,-0.022497028620982955
Cutoff +1m,1,114,2020 Q2,2020 Q3,exch_rate,1,NA,MIDAS (trend),2020-09-30,1-step ahead,0.07254644174085553,NA
Cutoff +1m,1,114,2020 Q2,2020 Q3,exch_rate,1,NA,MIDAS,2020-09-30,1-step ahead,0.07254644174085553,NA
Cutoff +1m,1,114,2020 Q2,2020 Q3,exch_rate,1,0.051003208651398874,AR(2),2020-09-30,1-step ahead,0.07254644174085553,-0.02154323308945666
Cutoff +1m,1,114,2020 Q2,2020 Q3,exch_rate,1,0.0540878664666245,RW-trend,2020-09-30,1-step ahead,0.07254644174085553,-0.01845857527423103
Cutoff +1m,1,114,2020 Q2,2020 Q4,exch_rate,2,0.12026372923742464,MF-VAR,2020-12-31,Other,0.07496664276390097,0.045297086473523665
Cutoff +1m,1,114,2020 Q2,2020 Q4,exch_rate,2,NA,MIDAS (trend),2020-12-31,Other,0.07496664276390097,NA
Cutoff +1m,1,114,2020 Q2,2020 Q4,exch_rate,2,NA,MIDAS,2020-12-31,Other,0.07496664276390097,NA
Cutoff +1m,1,114,2020 Q2,2020 Q4,exch_rate,2,0.050610035755643185,AR(2),2020-12-31,Other,0.07496664276390097,-0.024356607008257786
Cutoff +1m,1,114,2020 Q2,2020 Q4,exch_rate,2,0.04899334184507776,RW-trend,2020-12-31,Other,0.07496664276390097,-0.02597330091882321
Cutoff +1m,1,114,2020 Q2,2021 Q1,exch_rate,3,0.11068603950821027,MF-VAR,2021-03-31,Other,0.08651203736449914,0.024174002143711126
Cutoff +1m,1,114,2020 Q2,2021 Q1,exch_rate,3,NA,MIDAS (trend),2021-03-31,Other,0.08651203736449914,NA
Cutoff +1m,1,114,2020 Q2,2021 Q1,exch_rate,3,NA,MIDAS,2021-03-31,Other,0.08651203736449914,NA
Cutoff +1m,1,114,2020 Q2,2021 Q1,exch_rate,3,0.04713742198283693,AR(2),2021-03-31,Other,0.08651203736449914,-0.03937461538166221
Cutoff +1m,1,114,2020 Q2,2021 Q1,exch_rate,3,0.04389881722353103,RW-trend,2021-03-31,Other,0.08651203736449914,-0.04261322014096811
Cutoff +1m,1,114,2020 Q2,2021 Q2,exch_rate,4,0.09505271878378609,MF-VAR,2021-06-30,1-year ahead,0.09350122260331158,0.0015514961804745098
Cutoff +1m,1,114,2020 Q2,2021 Q2,exch_rate,4,NA,MIDAS (trend),2021-06-30,1-year ahead,0.09350122260331158,NA
Cutoff +1m,1,114,2020 Q2,2021 Q2,exch_rate,4,NA,MIDAS,2021-06-30,1-year ahead,0.09350122260331158,NA
Cutoff +1m,1,114,2020 Q2,2021 Q2,exch_rate,4,0.046630979487777224,AR(2),2021-06-30,1-year ahead,0.09350122260331158,-0.04687024311553435
Cutoff +1m,1,114,2020 Q2,2021 Q2,exch_rate,4,0.038804292601984286,RW-trend,2021-06-30,1-year ahead,0.09350122260331158,-0.05469693000132729
Cutoff +1m,1,114,2020 Q2,2020 Q3,gdp_growth,1,-26.69640752261321,MF-VAR,2020-09-30,1-step ahead,28.019705798225658,-54.71611332083887
Cutoff +1m,1,114,2020 Q2,2020 Q3,gdp_growth,1,NA,MIDAS (trend),2020-09-30,1-step ahead,28.019705798225658,NA
Cutoff +1m,1,114,2020 Q2,2020 Q3,gdp_growth,1,NA,MIDAS,2020-09-30,1-step ahead,28.019705798225658,NA
Cutoff +1m,1,114,2020 Q2,2020 Q3,gdp_growth,1,-6.522498099226427,AR(2),2020-09-30,1-step ahead,28.019705798225658,-34.54220389745208
Cutoff +1m,1,114,2020 Q2,2020 Q3,gdp_growth,1,-28.067686584783736,RW-trend,2020-09-30,1-step ahead,28.019705798225658,-56.087392383009394
Cutoff +1m,1,114,2020 Q2,2020 Q4,gdp_growth,2,8.809630879146836,MF-VAR,2020-12-31,Other,2.205063679566166,6.60456719958067
Cutoff +1m,1,114,2020 Q2,2020 Q4,gdp_growth,2,NA,MIDAS (trend),2020-12-31,Other,2.205063679566166,NA
Cutoff +1m,1,114,2020 Q2,2020 Q4,gdp_growth,2,NA,MIDAS,2020-12-31,Other,2.205063679566166,NA
Cutoff +1m,1,114,2020 Q2,2020 Q4,gdp_growth,2,-0.030144005950527436,AR(2),2020-12-31,Other,2.205063679566166,-2.2352076855166936
Cutoff +1m,1,114,2020 Q2,2020 Q4,gdp_growth,2,-28.302121236766414,RW-trend,2020-12-31,Other,2.205063679566166,-30.50718491633258
Cutoff +1m,1,114,2020 Q2,2021 Q1,gdp_growth,3,5.441263914137774,MF-VAR,2021-03-31,Other,2.4318148532721295,3.009449060865644
Cutoff +1m,1,114,2020 Q2,2021 Q1,gdp_growth,3,NA,MIDAS (trend),2021-03-31,Other,2.4318148532721295,NA
Cutoff +1m,1,114,2020 Q2,2021 Q1,gdp_growth,3,NA,MIDAS,2021-03-31,Other,2.4318148532721295,NA
Cutoff +1m,1,114,2020 Q2,2021 Q1,gdp_growth,3,1.1247825566341594,AR(2),2021-03-31,Other,2.4318148532721295,-1.3070322966379702
Cutoff +1m,1,114,2020 Q2,2021 Q1,gdp_growth,3,-28.53655588874909,RW-trend,2021-03-31,Other,2.4318148532721295,-30.968370742021218
Cutoff +1m,1,114,2020 Q2,2021 Q2,gdp_growth,4,3.0053065066567446,MF-VAR,2021-06-30,1-year ahead,11.771812260042935,-8.766505753386191
Cutoff +1m,1,114,2020 Q2,2021 Q2,gdp_growth,4,NA,MIDAS (trend),2021-06-30,1-year ahead,11.771812260042935,NA
Cutoff +1m,1,114,2020 Q2,2021 Q2,gdp_growth,4,NA,MIDAS,2021-06-30,1-year ahead,11.771812260042935,NA
Cutoff +1m,1,114,2020 Q2,2021 Q2,gdp_growth,4,1.185680629687071,AR(2),2021-06-30,1-year ahead,11.771812260042935,-10.586131630355865
Cutoff +1m,1,114,2020 Q2,2021 Q2,gdp_growth,4,-28.770990540731766,RW-trend,2021-06-30,1-year ahead,11.771812260042935,-40.5428028007747
Cutoff +1m,1,114,2020 Q2,2020 Q3,inflation,1,-2.721379627633974,MF-VAR,2020-09-30,1-step ahead,0.39094669766832624,-3.1123263253023
Cutoff +1m,1,114,2020 Q2,2020 Q3,inflation,1,NA,MIDAS (trend),2020-09-30,1-step ahead,0.39094669766832624,NA
Cutoff +1m,1,114,2020 Q2,2020 Q3,inflation,1,NA,MIDAS,2020-09-30,1-step ahead,0.39094669766832624,NA
Cutoff +1m,1,114,2020 Q2,2020 Q3,inflation,1,-1.1405169628564065,AR(2),2020-09-30,1-step ahead,0.39094669766832624,-1.5314636605247327
Cutoff +1m,1,114,2020 Q2,2020 Q3,inflation,1,-2.7133261493258263,RW-trend,2020-09-30,1-step ahead,0.39094669766832624,-3.1042728469941525
Cutoff +1m,1,114,2020 Q2,2020 Q4,inflation,2,2.611632002996676,MF-VAR,2020-12-31,Other,0.17231238982731156,2.4393196131693644
Cutoff +1m,1,114,2020 Q2,2020 Q4,inflation,2,NA,MIDAS (trend),2020-12-31,Other,0.17231238982731156,NA
Cutoff +1m,1,114,2020 Q2,2020 Q4,inflation,2,NA,MIDAS,2020-12-31,Other,0.17231238982731156,NA
Cutoff +1m,1,114,2020 Q2,2020 Q4,inflation,2,-0.5064626101937896,AR(2),2020-12-31,Other,0.17231238982731156,-0.6787750000211011
Cutoff +1m,1,114,2020 Q2,2020 Q4,inflation,2,-2.7721814853602984,RW-trend,2020-12-31,Other,0.17231238982731156,-2.94449387518761
Cutoff +1m,1,114,2020 Q2,2021 Q1,inflation,3,1.7396895996494444,MF-VAR,2021-03-31,Other,0.2776485073894719,1.4620410922599725
Cutoff +1m,1,114,2020 Q2,2021 Q1,inflation,3,NA,MIDAS (trend),2021-03-31,Other,0.2776485073894719,NA
Cutoff +1m,1,114,2020 Q2,2021 Q1,inflation,3,NA,MIDAS,2021-03-31,Other,0.2776485073894719,NA
Cutoff +1m,1,114,2020 Q2,2021 Q1,inflation,3,-0.1538041573700466,AR(2),2021-03-31,Other,0.2776485073894719,-0.4314526647595185
Cutoff +1m,1,114,2020 Q2,2021 Q1,inflation,3,-2.831036821394771,RW-trend,2021-03-31,Other,0.2776485073894719,-3.108685328784243
Cutoff +1m,1,114,2020 Q2,2021 Q2,inflation,4,0.8631256971326093,MF-VAR,2021-06-30,1-year ahead,1.0912758993917748,-0.2281502022591655
Cutoff +1m,1,114,2020 Q2,2021 Q2,inflation,4,NA,MIDAS (trend),2021-06-30,1-year ahead,1.0912758993917748,NA
Cutoff +1m,1,114,2020 Q2,2021 Q2,inflation,4,NA,MIDAS,2021-06-30,1-year ahead,1.0912758993917748,NA
Cutoff +1m,1,114,2020 Q2,2021 Q2,inflation,4,0.03025666288503487,AR(2),2021-06-30,1-year ahead,1.0912758993917748,-1.06101923650674
Cutoff +1m,1,114,2020 Q2,2021 Q2,inflation,4,-2.889892157429243,RW-trend,2021-06-30,1-year ahead,1.0912758993917748,-3.981168056821018
Cutoff +1m,1,115,2020 Q3,2020 Q4,exch_rate,1,0.07041953884986277,MF-VAR,2020-12-31,1-step ahead,0.07496664276390097,-0.004547103914038203
Cutoff +1m,1,115,2020 Q3,2020 Q4,exch_rate,1,NA,MIDAS (trend),2020-12-31,1-step ahead,0.07496664276390097,NA
Cutoff +1m,1,115,2020 Q3,2020 Q4,exch_rate,1,NA,MIDAS,2020-12-31,1-step ahead,0.07496664276390097,NA
Cutoff +1m,1,115,2020 Q3,2020 Q4,exch_rate,1,0.07524875470541631,AR(2),2020-12-31,1-step ahead,0.07496664276390097,2.8211194151533947e-4
Cutoff +1m,1,115,2020 Q3,2020 Q4,exch_rate,1,0.06761526734297456,RW-trend,2020-12-31,1-step ahead,0.07496664276390097,-0.007351375420926412
Cutoff +1m,1,115,2020 Q3,2021 Q1,exch_rate,2,0.06994572710580932,MF-VAR,2021-03-31,Other,0.08651203736449914,-0.01656631025868982
Cutoff +1m,1,115,2020 Q3,2021 Q1,exch_rate,2,NA,MIDAS (trend),2021-03-31,Other,0.08651203736449914,NA
Cutoff +1m,1,115,2020 Q3,2021 Q1,exch_rate,2,NA,MIDAS,2021-03-31,Other,0.08651203736449914,NA
Cutoff +1m,1,115,2020 Q3,2021 Q1,exch_rate,2,0.07101816956068392,AR(2),2021-03-31,Other,0.08651203736449914,-0.015493867803815217
Cutoff +1m,1,115,2020 Q3,2021 Q1,exch_rate,2,0.06268409294509358,RW-trend,2021-03-31,Other,0.08651203736449914,-0.023827944419405556
Cutoff +1m,1,115,2020 Q3,2021 Q2,exch_rate,3,0.063142481207668,MF-VAR,2021-06-30,Other,0.09350122260331158,-0.030358741395643582
Cutoff +1m,1,115,2020 Q3,2021 Q2,exch_rate,3,NA,MIDAS (trend),2021-06-30,Other,0.09350122260331158,NA
Cutoff +1m,1,115,2020 Q3,2021 Q2,exch_rate,3,NA,MIDAS,2021-06-30,Other,0.09350122260331158,NA
Cutoff +1m,1,115,2020 Q3,2021 Q2,exch_rate,3,0.06902706685489934,AR(2),2021-06-30,Other,0.09350122260331158,-0.024474155748412232
Cutoff +1m,1,115,2020 Q3,2021 Q2,exch_rate,3,0.05775291854721261,RW-trend,2021-06-30,Other,0.09350122260331158,-0.03574830405609897
Cutoff +1m,1,115,2020 Q3,2021 Q3,exch_rate,4,0.054304547536501324,MF-VAR,2021-09-30,1-year ahead,0.07922978993283807,-0.02492524239633674
Cutoff +1m,1,115,2020 Q3,2021 Q3,exch_rate,4,NA,MIDAS (trend),2021-09-30,1-year ahead,0.07922978993283807,NA
Cutoff +1m,1,115,2020 Q3,2021 Q3,exch_rate,4,NA,MIDAS,2021-09-30,1-year ahead,0.07922978993283807,NA
Cutoff +1m,1,115,2020 Q3,2021 Q3,exch_rate,4,0.05993507248316634,AR(2),2021-09-30,1-year ahead,0.07922978993283807,-0.019294717449671726
Cutoff +1m,1,115,2020 Q3,2021 Q3,exch_rate,4,0.052821744149331634,RW-trend,2021-09-30,1-year ahead,0.07922978993283807,-0.02640804578350643
Cutoff +1m,1,115,2020 Q3,2020 Q4,gdp_growth,1,26.963908016078864,MF-VAR,2020-12-31,1-step ahead,2.205063679566166,24.7588443365127
Cutoff +1m,1,115,2020 Q3,2020 Q4,gdp_growth,1,NA,MIDAS (trend),2020-12-31,1-step ahead,2.205063679566166,NA
Cutoff +1m,1,115,2020 Q3,2020 Q4,gdp_growth,1,NA,MIDAS,2020-12-31,1-step ahead,2.205063679566166,NA
Cutoff +1m,1,115,2020 Q3,2020 Q4,gdp_growth,1,0.6279836468454241,AR(2),2020-12-31,1-step ahead,2.205063679566166,-1.577080032720742
Cutoff +1m,1,115,2020 Q3,2020 Q4,gdp_growth,1,28.281619751402356,RW-trend,2020-12-31,1-step ahead,2.205063679566166,26.07655607183619
Cutoff +1m,1,115,2020 Q3,2021 Q1,gdp_growth,2,0.2050160878366235,MF-VAR,2021-03-31,Other,2.4318148532721295,-2.226798765435506
Cutoff +1m,1,115,2020 Q3,2021 Q1,gdp_growth,2,NA,MIDAS (trend),2021-03-31,Other,2.4318148532721295,NA
Cutoff +1m,1,115,2020 Q3,2021 Q1,gdp_growth,2,NA,MIDAS,2021-03-31,Other,2.4318148532721295,NA
Cutoff +1m,1,115,2020 Q3,2021 Q1,gdp_growth,2,-0.6775981913290264,AR(2),2021-03-31,Other,2.4318148532721295,-3.109413044601156
Cutoff +1m,1,115,2020 Q3,2021 Q1,gdp_growth,2,28.543533704579055,RW-trend,2021-03-31,Other,2.4318148532721295,26.111718851306925
Cutoff +1m,1,115,2020 Q3,2021 Q2,gdp_growth,3,0.8868863307986706,MF-VAR,2021-06-30,Other,11.771812260042935,-10.884925929244265
Cutoff +1m,1,115,2020 Q3,2021 Q2,gdp_growth,3,NA,MIDAS (trend),2021-06-30,Other,11.771812260042935,NA
Cutoff +1m,1,115,2020 Q3,2021 Q2,gdp_growth,3,NA,MIDAS,2021-06-30,Other,11.771812260042935,NA
Cutoff +1m,1,115,2020 Q3,2021 Q2,gdp_growth,3,1.6131155632019039,AR(2),2021-06-30,Other,11.771812260042935,-10.158696696841032
Cutoff +1m,1,115,2020 Q3,2021 Q2,gdp_growth,3,28.805447657755753,RW-trend,2021-06-30,Other,11.771812260042935,17.033635397712818
Cutoff +1m,1,115,2020 Q3,2021 Q3,gdp_growth,4,3.4053926578435556,MF-VAR,2021-09-30,1-year ahead,7.528200558540021,-4.122807900696466
Cutoff +1m,1,115,2020 Q3,2021 Q3,gdp_growth,4,NA,MIDAS (trend),2021-09-30,1-year ahead,7.528200558540021,NA
Cutoff +1m,1,115,2020 Q3,2021 Q3,gdp_growth,4,NA,MIDAS,2021-09-30,1-year ahead,7.528200558540021,NA
Cutoff +1m,1,115,2020 Q3,2021 Q3,gdp_growth,4,2.5715967303902065,AR(2),2021-09-30,1-year ahead,7.528200558540021,-4.956603828149815
Cutoff +1m,1,115,2020 Q3,2021 Q3,gdp_growth,4,29.06736161093245,RW-trend,2021-09-30,1-year ahead,7.528200558540021,21.53916105239243
Cutoff +1m,1,115,2020 Q3,2020 Q4,inflation,1,0.41720059094311385,MF-VAR,2020-12-31,1-step ahead,0.17231238982731156,0.24488820111580228
Cutoff +1m,1,115,2020 Q3,2020 Q4,inflation,1,NA,MIDAS (trend),2020-12-31,1-step ahead,0.17231238982731156,NA
Cutoff +1m,1,115,2020 Q3,2020 Q4,inflation,1,NA,MIDAS,2020-12-31,1-step ahead,0.17231238982731156,NA
Cutoff +1m,1,115,2020 Q3,2020 Q4,inflation,1,0.16903218502406384,AR(2),2020-12-31,1-step ahead,0.17231238982731156,-0.003280204803247727
Cutoff +1m,1,115,2020 Q3,2020 Q4,inflation,1,0.3595628027576961,RW-trend,2020-12-31,1-step ahead,0.17231238982731156,0.18725041293038452
Cutoff +1m,1,115,2020 Q3,2021 Q1,inflation,2,0.24532173865896253,MF-VAR,2021-03-31,Other,0.2776485073894719,-0.03232676873050935
Cutoff +1m,1,115,2020 Q3,2021 Q1,inflation,2,NA,MIDAS (trend),2021-03-31,Other,0.2776485073894719,NA
Cutoff +1m,1,115,2020 Q3,2021 Q1,inflation,2,NA,MIDAS,2021-03-31,Other,0.2776485073894719,NA
Cutoff +1m,1,115,2020 Q3,2021 Q1,inflation,2,0.2191622646470187,AR(2),2021-03-31,Other,0.2776485073894719,-0.058486242742453176
Cutoff +1m,1,115,2020 Q3,2021 Q1,inflation,2,0.32817890784706594,RW-trend,2021-03-31,Other,0.2776485073894719,0.05053040045759405
Cutoff +1m,1,115,2020 Q3,2021 Q2,inflation,3,0.09252647174868528,MF-VAR,2021-06-30,Other,1.0912758993917748,-0.9987494276430895
Cutoff +1m,1,115,2020 Q3,2021 Q2,inflation,3,NA,MIDAS (trend),2021-06-30,Other,1.0912758993917748,NA
Cutoff +1m,1,115,2020 Q3,2021 Q2,inflation,3,NA,MIDAS,2021-06-30,Other,1.0912758993917748,NA
Cutoff +1m,1,115,2020 Q3,2021 Q2,inflation,3,0.22829852713007664,AR(2),2021-06-30,Other,1.0912758993917748,-0.8629773722616982
Cutoff +1m,1,115,2020 Q3,2021 Q2,inflation,3,0.2967950129364358,RW-trend,2021-06-30,Other,1.0912758993917748,-0.794480886455339
Cutoff +1m,1,115,2020 Q3,2021 Q3,inflation,4,0.1366430816565778,MF-VAR,2021-09-30,1-year ahead,1.6810527454161672,-1.5444096637595894
Cutoff +1m,1,115,2020 Q3,2021 Q3,inflation,4,NA,MIDAS (trend),2021-09-30,1-year ahead,1.6810527454161672,NA
Cutoff +1m,1,115,2020 Q3,2021 Q3,inflation,4,NA,MIDAS,2021-09-30,1-year ahead,1.6810527454161672,NA
Cutoff +1m,1,115,2020 Q3,2021 Q3,inflation,4,0.16604961264431403,AR(2),2021-09-30,1-year ahead,1.6810527454161672,-1.5150031327718532
Cutoff +1m,1,115,2020 Q3,2021 Q3,inflation,4,0.26541111802580564,RW-trend,2021-09-30,1-year ahead,1.6810527454161672,-1.4156416273903616
Cutoff +1m,1,116,2020 Q4,2021 Q1,exch_rate,1,0.06970426201254279,MF-VAR,2021-03-31,1-step ahead,0.08651203736449914,-0.01680777535195635
Cutoff +1m,1,116,2020 Q4,2021 Q1,exch_rate,1,NA,MIDAS (trend),2021-03-31,1-step ahead,0.08651203736449914,NA
Cutoff +1m,1,116,2020 Q4,2021 Q1,exch_rate,1,NA,MIDAS,2021-03-31,1-step ahead,0.08651203736449914,NA
Cutoff +1m,1,116,2020 Q4,2021 Q1,exch_rate,1,0.07069266577971786,AR(2),2021-03-31,1-step ahead,0.08651203736449914,-0.015819371584781278
Cutoff +1m,1,116,2020 Q4,2021 Q1,exch_rate,1,0.07009995411532637,RW-trend,2021-03-31,1-step ahead,0.08651203736449914,-0.016412083249172774
Cutoff +1m,1,116,2020 Q4,2021 Q2,exch_rate,2,0.06264959287342838,MF-VAR,2021-06-30,Other,0.09350122260331158,-0.0308516297298832
Cutoff +1m,1,116,2020 Q4,2021 Q2,exch_rate,2,NA,MIDAS (trend),2021-06-30,Other,0.09350122260331158,NA
Cutoff +1m,1,116,2020 Q4,2021 Q2,exch_rate,2,NA,MIDAS,2021-06-30,Other,0.09350122260331158,NA
Cutoff +1m,1,116,2020 Q4,2021 Q2,exch_rate,2,0.06870989425047012,AR(2),2021-06-30,Other,0.09350122260331158,-0.024791328352841452
Cutoff +1m,1,116,2020 Q4,2021 Q2,exch_rate,2,0.06523326546675176,RW-trend,2021-06-30,Other,0.09350122260331158,-0.028267957136559815
Cutoff +1m,1,116,2020 Q4,2021 Q3,exch_rate,3,0.055895262438583095,MF-VAR,2021-09-30,Other,0.07922978993283807,-0.02333452749425497
Cutoff +1m,1,116,2020 Q4,2021 Q3,exch_rate,3,NA,MIDAS (trend),2021-09-30,Other,0.07922978993283807,NA
Cutoff +1m,1,116,2020 Q4,2021 Q3,exch_rate,3,NA,MIDAS,2021-09-30,Other,0.07922978993283807,NA
Cutoff +1m,1,116,2020 Q4,2021 Q3,exch_rate,3,0.059636444542867276,AR(2),2021-09-30,Other,0.07922978993283807,-0.01959334538997079
Cutoff +1m,1,116,2020 Q4,2021 Q3,exch_rate,3,0.060366576818177156,RW-trend,2021-09-30,Other,0.07922978993283807,-0.01886321311466091
Cutoff +1m,1,116,2020 Q4,2021 Q4,exch_rate,4,0.053395632574248175,MF-VAR,2021-12-31,1-year ahead,0.05333528834149974,6.034423274843548e-5
Cutoff +1m,1,116,2020 Q4,2021 Q4,exch_rate,4,NA,MIDAS (trend),2021-12-31,1-year ahead,0.05333528834149974,NA
Cutoff +1m,1,116,2020 Q4,2021 Q4,exch_rate,4,NA,MIDAS,2021-12-31,1-year ahead,0.05333528834149974,NA
Cutoff +1m,1,116,2020 Q4,2021 Q4,exch_rate,4,0.05753292653368112,AR(2),2021-12-31,1-year ahead,0.05333528834149974,0.0041976381921813785
Cutoff +1m,1,116,2020 Q4,2021 Q4,exch_rate,4,0.05549988816960255,RW-trend,2021-12-31,1-year ahead,0.05333528834149974,0.0021645998281028117
Cutoff +1m,1,116,2020 Q4,2021 Q1,gdp_growth,1,2.0579608110219154,MF-VAR,2021-03-31,1-step ahead,2.4318148532721295,-0.3738540422502141
Cutoff +1m,1,116,2020 Q4,2021 Q1,gdp_growth,1,NA,MIDAS (trend),2021-03-31,1-step ahead,2.4318148532721295,NA
Cutoff +1m,1,116,2020 Q4,2021 Q1,gdp_growth,1,NA,MIDAS,2021-03-31,1-step ahead,2.4318148532721295,NA
Cutoff +1m,1,116,2020 Q4,2021 Q1,gdp_growth,1,-1.0610234877424047,AR(2),2021-03-31,1-step ahead,2.4318148532721295,-3.4928383410145343
Cutoff +1m,1,116,2020 Q4,2021 Q1,gdp_growth,1,2.238235912814477,RW-trend,2021-03-31,1-step ahead,2.4318148532721295,-0.19357894045765267
Cutoff +1m,1,116,2020 Q4,2021 Q2,gdp_growth,2,1.7206795119060412,MF-VAR,2021-06-30,Other,11.771812260042935,-10.051132748136894
Cutoff +1m,1,116,2020 Q4,2021 Q2,gdp_growth,2,NA,MIDAS (trend),2021-06-30,Other,11.771812260042935,NA
Cutoff +1m,1,116,2020 Q4,2021 Q2,gdp_growth,2,NA,MIDAS,2021-06-30,Other,11.771812260042935,NA
Cutoff +1m,1,116,2020 Q4,2021 Q2,gdp_growth,2,1.5155919107510196,AR(2),2021-06-30,Other,11.771812260042935,-10.256220349291915
Cutoff +1m,1,116,2020 Q4,2021 Q2,gdp_growth,2,2.2714081460627877,RW-trend,2021-06-30,Other,11.771812260042935,-9.500404113980148
Cutoff +1m,1,116,2020 Q4,2021 Q3,gdp_growth,3,3.05907324023243,MF-VAR,2021-09-30,Other,7.528200558540021,-4.469127318307591
Cutoff +1m,1,116,2020 Q4,2021 Q3,gdp_growth,3,NA,MIDAS (trend),2021-09-30,Other,7.528200558540021,NA
Cutoff +1m,1,116,2020 Q4,2021 Q3,gdp_growth,3,NA,MIDAS,2021-09-30,Other,7.528200558540021,NA
Cutoff +1m,1,116,2020 Q4,2021 Q3,gdp_growth,3,2.6428312032338495,AR(2),2021-09-30,Other,7.528200558540021,-4.885369355306172
Cutoff +1m,1,116,2020 Q4,2021 Q3,gdp_growth,3,2.304580379311099,RW-trend,2021-09-30,Other,7.528200558540021,-5.223620179228922
Cutoff +1m,1,116,2020 Q4,2021 Q4,gdp_growth,4,1.9250599209885144,MF-VAR,2021-12-31,1-year ahead,0.5744345999069367,1.3506253210815777
Cutoff +1m,1,116,2020 Q4,2021 Q4,gdp_growth,4,NA,MIDAS (trend),2021-12-31,1-year ahead,0.5744345999069367,NA
Cutoff +1m,1,116,2020 Q4,2021 Q4,gdp_growth,4,NA,MIDAS,2021-12-31,1-year ahead,0.5744345999069367,NA
Cutoff +1m,1,116,2020 Q4,2021 Q4,gdp_growth,4,1.367476305080932,AR(2),2021-12-31,1-year ahead,0.5744345999069367,0.7930417051739953
Cutoff +1m,1,116,2020 Q4,2021 Q4,gdp_growth,4,2.33775261255941,RW-trend,2021-12-31,1-year ahead,0.5744345999069367,1.7633180126524732
Cutoff +1m,1,116,2020 Q4,2021 Q1,inflation,1,0.18151726053848294,MF-VAR,2021-03-31,1-step ahead,0.2776485073894719,-0.09613124685098895
Cutoff +1m,1,116,2020 Q4,2021 Q1,inflation,1,NA,MIDAS (trend),2021-03-31,1-step ahead,0.2776485073894719,NA
Cutoff +1m,1,116,2020 Q4,2021 Q1,inflation,1,NA,MIDAS,2021-03-31,1-step ahead,0.2776485073894719,NA
Cutoff +1m,1,116,2020 Q4,2021 Q1,inflation,1,0.2206359662752503,AR(2),2021-03-31,1-step ahead,0.2776485073894719,-0.05701254111422158
Cutoff +1m,1,116,2020 Q4,2021 Q1,inflation,1,0.13928594743483588,RW-trend,2021-03-31,1-step ahead,0.2776485073894719,-0.138362559954636
Cutoff +1m,1,116,2020 Q4,2021 Q2,inflation,2,0.19342842879854008,MF-VAR,2021-06-30,Other,1.0912758993917748,-0.8978474705932348
Cutoff +1m,1,116,2020 Q4,2021 Q2,inflation,2,NA,MIDAS (trend),2021-06-30,Other,1.0912758993917748,NA
Cutoff +1m,1,116,2020 Q4,2021 Q2,inflation,2,NA,MIDAS,2021-06-30,Other,1.0912758993917748,NA
Cutoff +1m,1,116,2020 Q4,2021 Q2,inflation,2,0.22881637672821,AR(2),2021-06-30,Other,1.0912758993917748,-0.8624595226635648
Cutoff +1m,1,116,2020 Q4,2021 Q2,inflation,2,0.10625950504236022,RW-trend,2021-06-30,Other,1.0912758993917748,-0.9850163943494146
Cutoff +1m,1,116,2020 Q4,2021 Q3,inflation,3,0.20553555998915138,MF-VAR,2021-09-30,Other,1.6810527454161672,-1.475517185427016
Cutoff +1m,1,116,2020 Q4,2021 Q3,inflation,3,NA,MIDAS (trend),2021-09-30,Other,1.6810527454161672,NA
Cutoff +1m,1,116,2020 Q4,2021 Q3,inflation,3,NA,MIDAS,2021-09-30,Other,1.6810527454161672,NA
Cutoff +1m,1,116,2020 Q4,2021 Q3,inflation,3,0.1661015143458506,AR(2),2021-09-30,Other,1.6810527454161672,-1.5149512310703166
Cutoff +1m,1,116,2020 Q4,2021 Q3,inflation,3,0.07323306264988455,RW-trend,2021-09-30,Other,1.6810527454161672,-1.6078196827662827
Cutoff +1m,1,116,2020 Q4,2021 Q4,inflation,4,0.21289423736710625,MF-VAR,2021-12-31,1-year ahead,2.9053258054450026,-2.6924315680778963
Cutoff +1m,1,116,2020 Q4,2021 Q4,inflation,4,NA,MIDAS (trend),2021-12-31,1-year ahead,2.9053258054450026,NA
Cutoff +1m,1,116,2020 Q4,2021 Q4,inflation,4,NA,MIDAS,2021-12-31,1-year ahead,2.9053258054450026,NA
Cutoff +1m,1,116,2020 Q4,2021 Q4,inflation,4,0.1944582632504098,AR(2),2021-12-31,1-year ahead,2.9053258054450026,-2.7108675421945927
Cutoff +1m,1,116,2020 Q4,2021 Q4,inflation,4,0.04020662025740887,RW-trend,2021-12-31,1-year ahead,2.9053258054450026,-2.8651191851875937
Cutoff +1m,1,117,2021 Q1,2021 Q2,exch_rate,1,0.08430499062892476,MF-VAR,2021-06-30,1-step ahead,0.09350122260331158,-0.00919623197438682
Cutoff +1m,1,117,2021 Q1,2021 Q2,exch_rate,1,NA,MIDAS (trend),2021-06-30,1-step ahead,0.09350122260331158,NA
Cutoff +1m,1,117,2021 Q1,2021 Q2,exch_rate,1,NA,MIDAS,2021-06-30,1-step ahead,0.09350122260331158,NA
Cutoff +1m,1,117,2021 Q1,2021 Q2,exch_rate,1,0.08672570052967694,AR(2),2021-06-30,1-step ahead,0.09350122260331158,-0.006775522073634632
Cutoff +1m,1,117,2021 Q1,2021 Q2,exch_rate,1,0.08178806248330865,RW-trend,2021-06-30,1-step ahead,0.09350122260331158,-0.011713160120002925
Cutoff +1m,1,117,2021 Q1,2021 Q3,exch_rate,2,0.09240776238213215,MF-VAR,2021-09-30,Other,0.07922978993283807,0.013177972449294084
Cutoff +1m,1,117,2021 Q1,2021 Q3,exch_rate,2,NA,MIDAS (trend),2021-09-30,Other,0.07922978993283807,NA
Cutoff +1m,1,117,2021 Q1,2021 Q3,exch_rate,2,NA,MIDAS,2021-09-30,Other,0.07922978993283807,NA
Cutoff +1m,1,117,2021 Q1,2021 Q3,exch_rate,2,0.07707611204803468,AR(2),2021-09-30,Other,0.07922978993283807,-0.00215367788480339
Cutoff +1m,1,117,2021 Q1,2021 Q3,exch_rate,2,0.07706408760211816,RW-trend,2021-09-30,Other,0.07922978993283807,-0.0021657023307199014
Cutoff +1m,1,117,2021 Q1,2021 Q4,exch_rate,3,0.08299736111055947,MF-VAR,2021-12-31,Other,0.05333528834149974,0.02966207276905973
Cutoff +1m,1,117,2021 Q1,2021 Q4,exch_rate,3,NA,MIDAS (trend),2021-12-31,Other,0.05333528834149974,NA
Cutoff +1m,1,117,2021 Q1,2021 Q4,exch_rate,3,NA,MIDAS,2021-12-31,Other,0.05333528834149974,NA
Cutoff +1m,1,117,2021 Q1,2021 Q4,exch_rate,3,0.07388959072401691,AR(2),2021-12-31,Other,0.05333528834149974,0.020554302382517167
Cutoff +1m,1,117,2021 Q1,2021 Q4,exch_rate,3,0.07234011272092766,RW-trend,2021-12-31,Other,0.05333528834149974,0.019004824379427923
Cutoff +1m,1,117,2021 Q1,2022 Q1,exch_rate,4,0.07666993801343414,MF-VAR,2022-03-31,1-year ahead,0.03629136242387352,0.040378575589560615
Cutoff +1m,1,117,2021 Q1,2022 Q1,exch_rate,4,NA,MIDAS (trend),2022-03-31,1-year ahead,0.03629136242387352,NA
Cutoff +1m,1,117,2021 Q1,2022 Q1,exch_rate,4,NA,MIDAS,2022-03-31,1-year ahead,0.03629136242387352,NA
Cutoff +1m,1,117,2021 Q1,2022 Q1,exch_rate,4,0.06752127555269513,AR(2),2022-03-31,1-year ahead,0.03629136242387352,0.03122991312882161
Cutoff +1m,1,117,2021 Q1,2022 Q1,exch_rate,4,0.06761613783973718,RW-trend,2022-03-31,1-year ahead,0.03629136242387352,0.031324775415863655
Cutoff +1m,1,117,2021 Q1,2021 Q2,gdp_growth,1,2.4895521519476067,MF-VAR,2021-06-30,1-step ahead,11.771812260042935,-9.282260108095329
Cutoff +1m,1,117,2021 Q1,2021 Q2,gdp_growth,1,NA,MIDAS (trend),2021-06-30,1-step ahead,11.771812260042935,NA
Cutoff +1m,1,117,2021 Q1,2021 Q2,gdp_growth,1,NA,MIDAS,2021-06-30,1-step ahead,11.771812260042935,NA
Cutoff +1m,1,117,2021 Q1,2021 Q2,gdp_growth,1,1.1480135410060117,AR(2),2021-06-30,1-step ahead,11.771812260042935,-10.623798719036923
Cutoff +1m,1,117,2021 Q1,2021 Q2,gdp_growth,1,2.466670381654855,RW-trend,2021-06-30,1-step ahead,11.771812260042935,-9.305141878388081
Cutoff +1m,1,117,2021 Q1,2021 Q3,gdp_growth,2,11.907994799717999,MF-VAR,2021-09-30,Other,7.528200558540021,4.3797942411779776
Cutoff +1m,1,117,2021 Q1,2021 Q3,gdp_growth,2,NA,MIDAS (trend),2021-09-30,Other,7.528200558540021,NA
Cutoff +1m,1,117,2021 Q1,2021 Q3,gdp_growth,2,NA,MIDAS,2021-09-30,Other,7.528200558540021,NA
Cutoff +1m,1,117,2021 Q1,2021 Q3,gdp_growth,2,2.4052051036715296,AR(2),2021-09-30,Other,7.528200558540021,-5.122995454868492
Cutoff +1m,1,117,2021 Q1,2021 Q3,gdp_growth,2,2.50152591003758,RW-trend,2021-09-30,Other,7.528200558540021,-5.026674648502441
Cutoff +1m,1,117,2021 Q1,2021 Q4,gdp_growth,3,2.209737199788887,MF-VAR,2021-12-31,Other,0.5744345999069367,1.6353025998819501
Cutoff +1m,1,117,2021 Q1,2021 Q4,gdp_growth,3,NA,MIDAS (trend),2021-12-31,Other,0.5744345999069367,NA
Cutoff +1m,1,117,2021 Q1,2021 Q4,gdp_growth,3,NA,MIDAS,2021-12-31,Other,0.5744345999069367,NA
Cutoff +1m,1,117,2021 Q1,2021 Q4,gdp_growth,3,1.4358260972885188,AR(2),2021-12-31,Other,0.5744345999069367,0.8613914973815822
Cutoff +1m,1,117,2021 Q1,2021 Q4,gdp_growth,3,2.5363814384203054,RW-trend,2021-12-31,Other,0.5744345999069367,1.9619468385133687
Cutoff +1m,1,117,2021 Q1,2022 Q1,gdp_growth,4,2.6870419428506356,MF-VAR,2022-03-31,1-year ahead,2.862969131881954,-0.17592718903131832
Cutoff +1m,1,117,2021 Q1,2022 Q1,gdp_growth,4,NA,MIDAS (trend),2022-03-31,1-year ahead,2.862969131881954,NA
Cutoff +1m,1,117,2021 Q1,2022 Q1,gdp_growth,4,NA,MIDAS,2022-03-31,1-year ahead,2.862969131881954,NA
Cutoff +1m,1,117,2021 Q1,2022 Q1,gdp_growth,4,1.2702362385143653,AR(2),2022-03-31,1-year ahead,2.862969131881954,-1.5927328933675886
Cutoff +1m,1,117,2021 Q1,2022 Q1,gdp_growth,4,2.571236966803031,RW-trend,2022-03-31,1-year ahead,2.862969131881954,-0.2917321650789231
Cutoff +1m,1,117,2021 Q1,2021 Q2,inflation,1,0.28071415281416195,MF-VAR,2021-06-30,1-step ahead,1.0912758993917748,-0.8105617465776129
Cutoff +1m,1,117,2021 Q1,2021 Q2,inflation,1,NA,MIDAS (trend),2021-06-30,1-step ahead,1.0912758993917748,NA
Cutoff +1m,1,117,2021 Q1,2021 Q2,inflation,1,NA,MIDAS,2021-06-30,1-step ahead,1.0912758993917748,NA
Cutoff +1m,1,117,2021 Q1,2021 Q2,inflation,1,0.25414023856536594,AR(2),2021-06-30,1-step ahead,1.0912758993917748,-0.8371356608264089
Cutoff +1m,1,117,2021 Q1,2021 Q2,inflation,1,0.245825217692254,RW-trend,2021-06-30,1-step ahead,1.0912758993917748,-0.8454506816995209
Cutoff +1m,1,117,2021 Q1,2021 Q3,inflation,2,1.4324272595788576,MF-VAR,2021-09-30,Other,1.6810527454161672,-0.2486254858373096
Cutoff +1m,1,117,2021 Q1,2021 Q3,inflation,2,NA,MIDAS (trend),2021-09-30,Other,1.6810527454161672,NA
Cutoff +1m,1,117,2021 Q1,2021 Q3,inflation,2,NA,MIDAS,2021-09-30,Other,1.6810527454161672,NA
Cutoff +1m,1,117,2021 Q1,2021 Q3,inflation,2,0.1802860119645002,AR(2),2021-09-30,Other,1.6810527454161672,-1.500766733451667
Cutoff +1m,1,117,2021 Q1,2021 Q3,inflation,2,0.2140019279950361,RW-trend,2021-09-30,Other,1.6810527454161672,-1.4670508174211312
Cutoff +1m,1,117,2021 Q1,2021 Q4,inflation,3,0.7630089365333991,MF-VAR,2021-12-31,Other,2.9053258054450026,-2.1423168689116037
Cutoff +1m,1,117,2021 Q1,2021 Q4,inflation,3,NA,MIDAS (trend),2021-12-31,Other,2.9053258054450026,NA
Cutoff +1m,1,117,2021 Q1,2021 Q4,inflation,3,NA,MIDAS,2021-12-31,Other,2.9053258054450026,NA
Cutoff +1m,1,117,2021 Q1,2021 Q4,inflation,3,0.20215853460513764,AR(2),2021-12-31,Other,2.9053258054450026,-2.703167270839865
Cutoff +1m,1,117,2021 Q1,2021 Q4,inflation,3,0.18217863829781822,RW-trend,2021-12-31,Other,2.9053258054450026,-2.7231471671471845
Cutoff +1m,1,117,2021 Q1,2022 Q1,inflation,4,0.5084648184677001,MF-VAR,2022-03-31,1-year ahead,2.4487738699512818,-1.9403090514835817
Cutoff +1m,1,117,2021 Q1,2022 Q1,inflation,4,NA,MIDAS (trend),2022-03-31,1-year ahead,2.4487738699512818,NA
Cutoff +1m,1,117,2021 Q1,2022 Q1,inflation,4,NA,MIDAS,2022-03-31,1-year ahead,2.4487738699512818,NA
Cutoff +1m,1,117,2021 Q1,2022 Q1,inflation,4,0.20908683856407426,AR(2),2022-03-31,1-year ahead,2.4487738699512818,-2.2396870313872075
Cutoff +1m,1,117,2021 Q1,2022 Q1,inflation,4,0.15035534860060032,RW-trend,2022-03-31,1-year ahead,2.4487738699512818,-2.2984185213506816
Cutoff +1m,1,118,2021 Q2,2021 Q3,exch_rate,1,0.08436824463501291,MF-VAR,2021-09-30,1-step ahead,0.07922978993283807,0.005138454702174847
Cutoff +1m,1,118,2021 Q2,2021 Q3,exch_rate,1,NA,MIDAS (trend),2021-09-30,1-step ahead,0.07922978993283807,NA
Cutoff +1m,1,118,2021 Q2,2021 Q3,exch_rate,1,NA,MIDAS,2021-09-30,1-step ahead,0.07922978993283807,NA
Cutoff +1m,1,118,2021 Q2,2021 Q3,exch_rate,1,0.08481264195695945,AR(2),2021-09-30,1-step ahead,0.07922978993283807,0.005582852024121385
Cutoff +1m,1,118,2021 Q2,2021 Q3,exch_rate,1,0.08887822324039697,RW-trend,2021-09-30,1-step ahead,0.07922978993283807,0.009648433307558907
Cutoff +1m,1,118,2021 Q2,2021 Q4,exch_rate,2,0.08765726075553301,MF-VAR,2021-12-31,Other,0.05333528834149974,0.03432197241403327
Cutoff +1m,1,118,2021 Q2,2021 Q4,exch_rate,2,NA,MIDAS (trend),2021-12-31,Other,0.05333528834149974,NA
Cutoff +1m,1,118,2021 Q2,2021 Q4,exch_rate,2,NA,MIDAS,2021-12-31,Other,0.05333528834149974,NA
Cutoff +1m,1,118,2021 Q2,2021 Q4,exch_rate,2,0.08138050138800516,AR(2),2021-12-31,Other,0.05333528834149974,0.028045213046505424
Cutoff +1m,1,118,2021 Q2,2021 Q4,exch_rate,2,0.08425522387748235,RW-trend,2021-12-31,Other,0.05333528834149974,0.030919935535982615
Cutoff +1m,1,118,2021 Q2,2022 Q1,exch_rate,3,0.07484879683857701,MF-VAR,2022-03-31,Other,0.03629136242387352,0.03855743441470349
Cutoff +1m,1,118,2021 Q2,2022 Q1,exch_rate,3,NA,MIDAS (trend),2022-03-31,Other,0.03629136242387352,NA
Cutoff +1m,1,118,2021 Q2,2022 Q1,exch_rate,3,NA,MIDAS,2022-03-31,Other,0.03629136242387352,NA
Cutoff +1m,1,118,2021 Q2,2022 Q1,exch_rate,3,0.0745419391607973,AR(2),2022-03-31,Other,0.03629136242387352,0.03825057673692377
Cutoff +1m,1,118,2021 Q2,2022 Q1,exch_rate,3,0.07963222451456775,RW-trend,2022-03-31,Other,0.03629136242387352,0.04334086209069423
Cutoff +1m,1,118,2021 Q2,2022 Q2,exch_rate,4,0.07011060364152892,MF-VAR,2022-06-30,1-year ahead,0.027153709404771603,0.04295689423675732
Cutoff +1m,1,118,2021 Q2,2022 Q2,exch_rate,4,NA,MIDAS (trend),2022-06-30,1-year ahead,0.027153709404771603,NA
Cutoff +1m,1,118,2021 Q2,2022 Q2,exch_rate,4,NA,MIDAS,2022-06-30,1-year ahead,0.027153709404771603,NA
Cutoff +1m,1,118,2021 Q2,2022 Q2,exch_rate,4,0.07079445780685711,AR(2),2022-06-30,1-year ahead,0.027153709404771603,0.04364074840208551
Cutoff +1m,1,118,2021 Q2,2022 Q2,exch_rate,4,0.07500922515165315,RW-trend,2022-06-30,1-year ahead,0.027153709404771603,0.047855515746881544
Cutoff +1m,1,118,2021 Q2,2021 Q3,gdp_growth,1,12.908656670230785,MF-VAR,2021-09-30,1-step ahead,7.528200558540021,5.380456111690764
Cutoff +1m,1,118,2021 Q2,2021 Q3,gdp_growth,1,NA,MIDAS (trend),2021-09-30,1-step ahead,7.528200558540021,NA
Cutoff +1m,1,118,2021 Q2,2021 Q3,gdp_growth,1,NA,MIDAS,2021-09-30,1-step ahead,7.528200558540021,NA
Cutoff +1m,1,118,2021 Q2,2021 Q3,gdp_growth,1,1.4602368412271787,AR(2),2021-09-30,1-step ahead,7.528200558540021,-6.067963717312843
Cutoff +1m,1,118,2021 Q2,2021 Q3,gdp_growth,1,11.886884528756593,RW-trend,2021-09-30,1-step ahead,7.528200558540021,4.358683970216571
Cutoff +1m,1,118,2021 Q2,2021 Q4,gdp_growth,2,3.210024680478368,MF-VAR,2021-12-31,Other,0.5744345999069367,2.6355900805714314
Cutoff +1m,1,118,2021 Q2,2021 Q4,gdp_growth,2,NA,MIDAS (trend),2021-12-31,Other,0.5744345999069367,NA
Cutoff +1m,1,118,2021 Q2,2021 Q4,gdp_growth,2,NA,MIDAS,2021-12-31,Other,0.5744345999069367,NA
Cutoff +1m,1,118,2021 Q2,2021 Q4,gdp_growth,2,0.9267892958731351,AR(2),2021-12-31,Other,0.5744345999069367,0.3523546959661984
Cutoff +1m,1,118,2021 Q2,2021 Q4,gdp_growth,2,12.00195679747025,RW-trend,2021-12-31,Other,0.5744345999069367,11.427522197563313
Cutoff +1m,1,118,2021 Q2,2022 Q1,gdp_growth,3,2.8942358313208656,MF-VAR,2022-03-31,Other,2.862969131881954,0.031266699438911694
Cutoff +1m,1,118,2021 Q2,2022 Q1,gdp_growth,3,NA,MIDAS (trend),2022-03-31,Other,2.862969131881954,NA
Cutoff +1m,1,118,2021 Q2,2022 Q1,gdp_growth,3,NA,MIDAS,2022-03-31,Other,2.862969131881954,NA
Cutoff +1m,1,118,2021 Q2,2022 Q1,gdp_growth,3,1.4872414894062236,AR(2),2022-03-31,Other,2.862969131881954,-1.3757276424757303
Cutoff +1m,1,118,2021 Q2,2022 Q1,gdp_growth,3,12.117029066183907,RW-trend,2022-03-31,Other,2.862969131881954,9.254059934301953
Cutoff +1m,1,118,2021 Q2,2022 Q2,gdp_growth,4,2.6609276390256924,MF-VAR,2022-06-30,1-year ahead,4.56849934844854,-1.907571709422848
Cutoff +1m,1,118,2021 Q2,2022 Q2,gdp_growth,4,NA,MIDAS (trend),2022-06-30,1-year ahead,4.56849934844854,NA
Cutoff +1m,1,118,2021 Q2,2022 Q2,gdp_growth,4,NA,MIDAS,2022-06-30,1-year ahead,4.56849934844854,NA
Cutoff +1m,1,118,2021 Q2,2022 Q2,gdp_growth,4,1.4399854667489946,AR(2),2022-06-30,1-year ahead,4.56849934844854,-3.1285138816995457
Cutoff +1m,1,118,2021 Q2,2022 Q2,gdp_growth,4,12.232101334897564,RW-trend,2022-06-30,1-year ahead,4.56849934844854,7.663601986449024
Cutoff +1m,1,118,2021 Q2,2021 Q3,inflation,1,1.024367085049155,MF-VAR,2021-09-30,1-step ahead,1.6810527454161672,-0.6566856603670121
Cutoff +1m,1,118,2021 Q2,2021 Q3,inflation,1,NA,MIDAS (trend),2021-09-30,1-step ahead,1.6810527454161672,NA
Cutoff +1m,1,118,2021 Q2,2021 Q3,inflation,1,NA,MIDAS,2021-09-30,1-step ahead,1.6810527454161672,NA
Cutoff +1m,1,118,2021 Q2,2021 Q3,inflation,1,0.5517287035998188,AR(2),2021-09-30,1-step ahead,1.6810527454161672,-1.1293240418163484
Cutoff +1m,1,118,2021 Q2,2021 Q3,inflation,1,1.0667409776402426,RW-trend,2021-09-30,1-step ahead,1.6810527454161672,-0.6143117677759247
Cutoff +1m,1,118,2021 Q2,2021 Q4,inflation,2,0.8509661251137551,MF-VAR,2021-12-31,Other,2.9053258054450026,-2.0543596803312476
Cutoff +1m,1,118,2021 Q2,2021 Q4,inflation,2,NA,MIDAS (trend),2021-12-31,Other,2.9053258054450026,NA
Cutoff +1m,1,118,2021 Q2,2021 Q4,inflation,2,NA,MIDAS,2021-12-31,Other,2.9053258054450026,NA
Cutoff +1m,1,118,2021 Q2,2021 Q4,inflation,2,0.4108664019699169,AR(2),2021-12-31,Other,2.9053258054450026,-2.4944594034750858
Cutoff +1m,1,118,2021 Q2,2021 Q4,inflation,2,1.0422060558887103,RW-trend,2021-12-31,Other,2.9053258054450026,-1.8631197495562923
Cutoff +1m,1,118,2021 Q2,2022 Q1,inflation,3,0.6443385652096164,MF-VAR,2022-03-31,Other,2.4487738699512818,-1.8044353047416655
Cutoff +1m,1,118,2021 Q2,2022 Q1,inflation,3,NA,MIDAS (trend),2022-03-31,Other,2.4487738699512818,NA
Cutoff +1m,1,118,2021 Q2,2022 Q1,inflation,3,NA,MIDAS,2022-03-31,Other,2.4487738699512818,NA
Cutoff +1m,1,118,2021 Q2,2022 Q1,inflation,3,0.3230460749337795,AR(2),2022-03-31,Other,2.4487738699512818,-2.1257277950175024
Cutoff +1m,1,118,2021 Q2,2022 Q1,inflation,3,1.017671134137178,RW-trend,2022-03-31,Other,2.4487738699512818,-1.4311027358141037
Cutoff +1m,1,118,2021 Q2,2022 Q2,inflation,4,0.4932517041112065,MF-VAR,2022-06-30,1-year ahead,4.516735213599077,-4.02348350948787
Cutoff +1m,1,118,2021 Q2,2022 Q2,inflation,4,NA,MIDAS (trend),2022-06-30,1-year ahead,4.516735213599077,NA
Cutoff +1m,1,118,2021 Q2,2022 Q2,inflation,4,NA,MIDAS,2022-06-30,1-year ahead,4.516735213599077,NA
Cutoff +1m,1,118,2021 Q2,2022 Q2,inflation,4,0.2751411953960465,AR(2),2022-06-30,1-year ahead,4.516735213599077,-4.24159401820303
Cutoff +1m,1,118,2021 Q2,2022 Q2,inflation,4,0.9931362123856456,RW-trend,2022-06-30,1-year ahead,4.516735213599077,-3.523599001213431
Cutoff +1m,1,119,2021 Q3,2021 Q4,exch_rate,1,0.07710288704184519,MF-VAR,2021-12-31,1-step ahead,0.05333528834149974,0.02376759870034545
Cutoff +1m,1,119,2021 Q3,2021 Q4,exch_rate,1,NA,MIDAS (trend),2021-12-31,1-step ahead,0.05333528834149974,NA
Cutoff +1m,1,119,2021 Q3,2021 Q4,exch_rate,1,NA,MIDAS,2021-12-31,1-step ahead,0.05333528834149974,NA
Cutoff +1m,1,119,2021 Q3,2021 Q4,exch_rate,1,0.07499455133892863,AR(2),2021-12-31,1-step ahead,0.05333528834149974,0.021659262997428888
Cutoff +1m,1,119,2021 Q3,2021 Q4,exch_rate,1,0.07452432532797851,RW-trend,2021-12-31,1-step ahead,0.05333528834149974,0.021189036986478768
Cutoff +1m,1,119,2021 Q3,2022 Q1,exch_rate,2,0.06437791607050236,MF-VAR,2022-03-31,Other,0.03629136242387352,0.02808655364662884
Cutoff +1m,1,119,2021 Q3,2022 Q1,exch_rate,2,NA,MIDAS (trend),2022-03-31,Other,0.03629136242387352,NA
Cutoff +1m,1,119,2021 Q3,2022 Q1,exch_rate,2,NA,MIDAS,2022-03-31,Other,0.03629136242387352,NA
Cutoff +1m,1,119,2021 Q3,2022 Q1,exch_rate,2,0.0683563966317221,AR(2),2022-03-31,Other,0.03629136242387352,0.032065034207848585
Cutoff +1m,1,119,2021 Q3,2022 Q1,exch_rate,2,0.06981886072311896,RW-trend,2022-03-31,Other,0.03629136242387352,0.033527498299245444
Cutoff +1m,1,119,2021 Q3,2022 Q2,exch_rate,3,0.05876147674925952,MF-VAR,2022-06-30,Other,0.027153709404771603,0.03160776734448792
Cutoff +1m,1,119,2021 Q3,2022 Q2,exch_rate,3,NA,MIDAS (trend),2022-06-30,Other,0.027153709404771603,NA
Cutoff +1m,1,119,2021 Q3,2022 Q2,exch_rate,3,NA,MIDAS,2022-06-30,Other,0.027153709404771603,NA
Cutoff +1m,1,119,2021 Q3,2022 Q2,exch_rate,3,0.06499967344046262,AR(2),2022-06-30,Other,0.027153709404771603,0.037845964035691015
Cutoff +1m,1,119,2021 Q3,2022 Q2,exch_rate,3,0.0651133961182594,RW-trend,2022-06-30,Other,0.027153709404771603,0.0379596867134878
Cutoff +1m,1,119,2021 Q3,2022 Q3,exch_rate,4,0.048823755160474235,MF-VAR,2022-09-30,1-year ahead,-0.026739916121992047,0.07556367128246629
Cutoff +1m,1,119,2021 Q3,2022 Q3,exch_rate,4,NA,MIDAS (trend),2022-09-30,1-year ahead,-0.026739916121992047,NA
Cutoff +1m,1,119,2021 Q3,2022 Q3,exch_rate,4,NA,MIDAS,2022-09-30,1-year ahead,-0.026739916121992047,NA
Cutoff +1m,1,119,2021 Q3,2022 Q3,exch_rate,4,0.05482781832492634,AR(2),2022-09-30,1-year ahead,-0.026739916121992047,0.0815677344469184
Cutoff +1m,1,119,2021 Q3,2022 Q3,exch_rate,4,0.060407931513399855,RW-trend,2022-09-30,1-year ahead,-0.026739916121992047,0.0871478476353919
Cutoff +1m,1,119,2021 Q3,2021 Q4,gdp_growth,1,6.47240277639323,MF-VAR,2021-12-31,1-step ahead,0.5744345999069367,5.897968176486294
Cutoff +1m,1,119,2021 Q3,2021 Q4,gdp_growth,1,NA,MIDAS (trend),2021-12-31,1-step ahead,0.5744345999069367,NA
Cutoff +1m,1,119,2021 Q3,2021 Q4,gdp_growth,1,NA,MIDAS,2021-12-31,1-step ahead,0.5744345999069367,NA
Cutoff +1m,1,119,2021 Q3,2021 Q4,gdp_growth,1,0.5600820089361285,AR(2),2021-12-31,1-step ahead,0.5744345999069367,-0.01435259097080821
Cutoff +1m,1,119,2021 Q3,2021 Q4,gdp_growth,1,7.606019118106528,RW-trend,2021-12-31,1-step ahead,0.5744345999069367,7.031584518199591
Cutoff +1m,1,119,2021 Q3,2022 Q1,gdp_growth,2,1.1113722951015528,MF-VAR,2022-03-31,Other,2.862969131881954,-1.7515968367804011
Cutoff +1m,1,119,2021 Q3,2022 Q1,gdp_growth,2,NA,MIDAS (trend),2022-03-31,Other,2.862969131881954,NA
Cutoff +1m,1,119,2021 Q3,2022 Q1,gdp_growth,2,NA,MIDAS,2022-03-31,Other,2.862969131881954,NA
Cutoff +1m,1,119,2021 Q3,2022 Q1,gdp_growth,2,1.1793851538844855,AR(2),2022-03-31,Other,2.862969131881954,-1.6835839779974684
Cutoff +1m,1,119,2021 Q3,2022 Q1,gdp_growth,2,7.683837677673035,RW-trend,2022-03-31,Other,2.862969131881954,4.820868545791081
Cutoff +1m,1,119,2021 Q3,2022 Q2,gdp_growth,3,1.929280021335654,MF-VAR,2022-06-30,Other,4.56849934844854,-2.6392193271128863
Cutoff +1m,1,119,2021 Q3,2022 Q2,gdp_growth,3,NA,MIDAS (trend),2022-06-30,Other,4.56849934844854,NA
Cutoff +1m,1,119,2021 Q3,2022 Q2,gdp_growth,3,NA,MIDAS,2022-06-30,Other,4.56849934844854,NA
Cutoff +1m,1,119,2021 Q3,2022 Q2,gdp_growth,3,1.5321289879572557,AR(2),2022-06-30,Other,4.56849934844854,-3.0363703604912846
Cutoff +1m,1,119,2021 Q3,2022 Q2,gdp_growth,3,7.761656237239542,RW-trend,2022-06-30,Other,4.56849934844854,3.193156888791002
Cutoff +1m,1,119,2021 Q3,2022 Q3,gdp_growth,4,2.98356492251531,MF-VAR,2022-09-30,1-year ahead,-1.4984497864681146,4.482014708983424
Cutoff +1m,1,119,2021 Q3,2022 Q3,gdp_growth,4,NA,MIDAS (trend),2022-09-30,1-year ahead,-1.4984497864681146,NA
Cutoff +1m,1,119,2021 Q3,2022 Q3,gdp_growth,4,NA,MIDAS,2022-09-30,1-year ahead,-1.4984497864681146,NA
Cutoff +1m,1,119,2021 Q3,2022 Q3,gdp_growth,4,2.601023994593188,AR(2),2022-09-30,1-year ahead,-1.4984497864681146,4.0994737810613024
Cutoff +1m,1,119,2021 Q3,2022 Q3,gdp_growth,4,7.839474796806049,RW-trend,2022-09-30,1-year ahead,-1.4984497864681146,9.337924583274162
Cutoff +1m,1,119,2021 Q3,2021 Q4,inflation,1,1.7073066386909548,MF-VAR,2021-12-31,1-step ahead,2.9053258054450026,-1.1980191667540478
Cutoff +1m,1,119,2021 Q3,2021 Q4,inflation,1,NA,MIDAS (trend),2021-12-31,1-step ahead,2.9053258054450026,NA
Cutoff +1m,1,119,2021 Q3,2021 Q4,inflation,1,NA,MIDAS,2021-12-31,1-step ahead,2.9053258054450026,NA
Cutoff +1m,1,119,2021 Q3,2021 Q4,inflation,1,0.9149101340323439,AR(2),2021-12-31,1-step ahead,2.9053258054450026,-1.9904156714126588
Cutoff +1m,1,119,2021 Q3,2021 Q4,inflation,1,1.6617683515943436,RW-trend,2021-12-31,1-step ahead,2.9053258054450026,-1.243557453850659
Cutoff +1m,1,119,2021 Q3,2022 Q1,inflation,2,0.7577256797958587,MF-VAR,2022-03-31,Other,2.4487738699512818,-1.691048190155423
Cutoff +1m,1,119,2021 Q3,2022 Q1,inflation,2,NA,MIDAS (trend),2022-03-31,Other,2.4487738699512818,NA
Cutoff +1m,1,119,2021 Q3,2022 Q1,inflation,2,NA,MIDAS,2022-03-31,Other,2.4487738699512818,NA
Cutoff +1m,1,119,2021 Q3,2022 Q1,inflation,2,0.6026654961417088,AR(2),2022-03-31,Other,2.4487738699512818,-1.846108373809573
Cutoff +1m,1,119,2021 Q3,2022 Q1,inflation,2,1.6424839577725199,RW-trend,2022-03-31,Other,2.4487738699512818,-0.8062899121787619
Cutoff +1m,1,119,2021 Q3,2022 Q2,inflation,3,0.5317345353396781,MF-VAR,2022-06-30,Other,4.516735213599077,-3.9850006782593987
Cutoff +1m,1,119,2021 Q3,2022 Q2,inflation,3,NA,MIDAS (trend),2022-06-30,Other,4.516735213599077,NA
Cutoff +1m,1,119,2021 Q3,2022 Q2,inflation,3,NA,MIDAS,2022-06-30,Other,4.516735213599077,NA
Cutoff +1m,1,119,2021 Q3,2022 Q2,inflation,3,0.42763225691001333,AR(2),2022-06-30,Other,4.516735213599077,-4.0891029566890635
Cutoff +1m,1,119,2021 Q3,2022 Q2,inflation,3,1.6231995639506964,RW-trend,2022-06-30,Other,4.516735213599077,-2.8935356496483804
Cutoff +1m,1,119,2021 Q3,2022 Q3,inflation,4,0.4281422278794893,MF-VAR,2022-09-30,1-year ahead,3.320870259523545,-2.892728031644056
Cutoff +1m,1,119,2021 Q3,2022 Q3,inflation,4,NA,MIDAS (trend),2022-09-30,1-year ahead,3.320870259523545,NA
Cutoff +1m,1,119,2021 Q3,2022 Q3,inflation,4,NA,MIDAS,2022-09-30,1-year ahead,3.320870259523545,NA
Cutoff +1m,1,119,2021 Q3,2022 Q3,inflation,4,0.26734458126947047,AR(2),2022-09-30,1-year ahead,3.320870259523545,-3.0535256782540747
Cutoff +1m,1,119,2021 Q3,2022 Q3,inflation,4,1.6039151701288727,RW-trend,2022-09-30,1-year ahead,3.320870259523545,-1.7169550893946723
Cutoff +1m,1,120,2021 Q4,2022 Q1,exch_rate,1,0.04807290759014156,MF-VAR,2022-03-31,1-step ahead,0.03629136242387352,0.011781545166268038
Cutoff +1m,1,120,2021 Q4,2022 Q1,exch_rate,1,NA,MIDAS (trend),2022-03-31,1-step ahead,0.03629136242387352,NA
Cutoff +1m,1,120,2021 Q4,2022 Q1,exch_rate,1,NA,MIDAS,2022-03-31,1-step ahead,0.03629136242387352,NA
Cutoff +1m,1,120,2021 Q4,2022 Q1,exch_rate,1,0.04358886816264484,AR(2),2022-03-31,1-step ahead,0.03629136242387352,0.007297505738771318
Cutoff +1m,1,120,2021 Q4,2022 Q1,exch_rate,1,0.04845025562658528,RW-trend,2022-03-31,1-step ahead,0.03629136242387352,0.012158893202711761
Cutoff +1m,1,120,2021 Q4,2022 Q2,exch_rate,2,0.03775832279343198,MF-VAR,2022-06-30,Other,0.027153709404771603,0.010604613388660374
Cutoff +1m,1,120,2021 Q4,2022 Q2,exch_rate,2,NA,MIDAS (trend),2022-06-30,Other,0.027153709404771603,NA
Cutoff +1m,1,120,2021 Q4,2022 Q2,exch_rate,2,NA,MIDAS,2022-06-30,Other,0.027153709404771603,NA
Cutoff +1m,1,120,2021 Q4,2022 Q2,exch_rate,2,0.041012753960604637,AR(2),2022-06-30,Other,0.027153709404771603,0.013859044555833033
Cutoff +1m,1,120,2021 Q4,2022 Q2,exch_rate,2,0.04356522291167082,RW-trend,2022-06-30,Other,0.027153709404771603,0.01641151350689922
Cutoff +1m,1,120,2021 Q4,2022 Q3,exch_rate,3,0.02653893430315948,MF-VAR,2022-09-30,Other,-0.026739916121992047,0.05327885042515153
Cutoff +1m,1,120,2021 Q4,2022 Q3,exch_rate,3,NA,MIDAS (trend),2022-09-30,Other,-0.026739916121992047,NA
Cutoff +1m,1,120,2021 Q4,2022 Q3,exch_rate,3,NA,MIDAS,2022-09-30,Other,-0.026739916121992047,NA
Cutoff +1m,1,120,2021 Q4,2022 Q3,exch_rate,3,0.0323554913810646,AR(2),2022-09-30,Other,-0.026739916121992047,0.05909540750305664
Cutoff +1m,1,120,2021 Q4,2022 Q3,exch_rate,3,0.03868019019675637,RW-trend,2022-09-30,Other,-0.026739916121992047,0.06542010631874842
Cutoff +1m,1,120,2021 Q4,2022 Q4,exch_rate,4,0.02262149116111488,MF-VAR,2022-12-31,1-year ahead,-0.01686369046465063,0.03948518162576551
Cutoff +1m,1,120,2021 Q4,2022 Q4,exch_rate,4,NA,MIDAS (trend),2022-12-31,1-year ahead,-0.01686369046465063,NA
Cutoff +1m,1,120,2021 Q4,2022 Q4,exch_rate,4,NA,MIDAS,2022-12-31,1-year ahead,-0.01686369046465063,NA
Cutoff +1m,1,120,2021 Q4,2022 Q4,exch_rate,4,0.030846469628589068,AR(2),2022-12-31,1-year ahead,-0.01686369046465063,0.047710160093239695
Cutoff +1m,1,120,2021 Q4,2022 Q4,exch_rate,4,0.03379515748184191,RW-trend,2022-12-31,1-year ahead,-0.01686369046465063,0.050658847946492544
Cutoff +1m,1,120,2021 Q4,2022 Q1,gdp_growth,1,0.4273317313626861,MF-VAR,2022-03-31,1-step ahead,2.862969131881954,-2.435637400519268
Cutoff +1m,1,120,2021 Q4,2022 Q1,gdp_growth,1,NA,MIDAS (trend),2022-03-31,1-step ahead,2.862969131881954,NA
Cutoff +1m,1,120,2021 Q4,2022 Q1,gdp_growth,1,NA,MIDAS,2022-03-31,1-step ahead,2.862969131881954,NA
Cutoff +1m,1,120,2021 Q4,2022 Q1,gdp_growth,1,1.1495286847137742,AR(2),2022-03-31,1-step ahead,2.862969131881954,-1.7134404471681797
Cutoff +1m,1,120,2021 Q4,2022 Q1,gdp_growth,1,0.5926634601666673,RW-trend,2022-03-31,1-step ahead,2.862969131881954,-2.2703056717152865
Cutoff +1m,1,120,2021 Q4,2022 Q2,gdp_growth,2,0.5528183409825188,MF-VAR,2022-06-30,Other,4.56849934844854,-4.015681007466021
Cutoff +1m,1,120,2021 Q4,2022 Q2,gdp_growth,2,NA,MIDAS (trend),2022-06-30,Other,4.56849934844854,NA
Cutoff +1m,1,120,2021 Q4,2022 Q2,gdp_growth,2,NA,MIDAS,2022-06-30,Other,4.56849934844854,NA
Cutoff +1m,1,120,2021 Q4,2022 Q2,gdp_growth,2,1.5290842853944464,AR(2),2022-06-30,Other,4.56849934844854,-3.039415063054094
Cutoff +1m,1,120,2021 Q4,2022 Q2,gdp_growth,2,0.610892320426398,RW-trend,2022-06-30,Other,4.56849934844854,-3.9576070280221423
Cutoff +1m,1,120,2021 Q4,2022 Q3,gdp_growth,3,2.7158509818864562,MF-VAR,2022-09-30,Other,-1.4984497864681146,4.214300768354571
Cutoff +1m,1,120,2021 Q4,2022 Q3,gdp_growth,3,NA,MIDAS (trend),2022-09-30,Other,-1.4984497864681146,NA
Cutoff +1m,1,120,2021 Q4,2022 Q3,gdp_growth,3,NA,MIDAS,2022-09-30,Other,-1.4984497864681146,NA
Cutoff +1m,1,120,2021 Q4,2022 Q3,gdp_growth,3,2.5946416346549572,AR(2),2022-09-30,Other,-1.4984497864681146,4.093091421123072
Cutoff +1m,1,120,2021 Q4,2022 Q3,gdp_growth,3,0.6291211806861285,RW-trend,2022-09-30,Other,-1.4984497864681146,2.1275709671542433
Cutoff +1m,1,120,2021 Q4,2022 Q4,gdp_growth,4,1.1987859025110237,MF-VAR,2022-12-31,1-year ahead,-0.0032996058919820825,1.2020855084030058
Cutoff +1m,1,120,2021 Q4,2022 Q4,gdp_growth,4,NA,MIDAS (trend),2022-12-31,1-year ahead,-0.0032996058919820825,NA
Cutoff +1m,1,120,2021 Q4,2022 Q4,gdp_growth,4,NA,MIDAS,2022-12-31,1-year ahead,-0.0032996058919820825,NA
Cutoff +1m,1,120,2021 Q4,2022 Q4,gdp_growth,4,1.5237615680307137,AR(2),2022-12-31,1-year ahead,-0.0032996058919820825,1.5270611739226958
Cutoff +1m,1,120,2021 Q4,2022 Q4,gdp_growth,4,0.6473500409458592,RW-trend,2022-12-31,1-year ahead,-0.0032996058919820825,0.6506496468378413
Cutoff +1m,1,120,2021 Q4,2022 Q1,inflation,1,2.9145306761561742,MF-VAR,2022-03-31,1-step ahead,2.4487738699512818,0.46575680620489246
Cutoff +1m,1,120,2021 Q4,2022 Q1,inflation,1,NA,MIDAS (trend),2022-03-31,1-step ahead,2.4487738699512818,NA
Cutoff +1m,1,120,2021 Q4,2022 Q1,inflation,1,NA,MIDAS,2022-03-31,1-step ahead,2.4487738699512818,NA
Cutoff +1m,1,120,2021 Q4,2022 Q1,inflation,1,1.5060512554413403,AR(2),2022-03-31,1-step ahead,2.4487738699512818,-0.9427226145099414
Cutoff +1m,1,120,2021 Q4,2022 Q1,inflation,1,2.896580034113439,RW-trend,2022-03-31,1-step ahead,2.4487738699512818,0.4478061641621571
Cutoff +1m,1,120,2021 Q4,2022 Q2,inflation,2,1.2185167220909936,MF-VAR,2022-06-30,Other,4.516735213599077,-3.2982184915080834
Cutoff +1m,1,120,2021 Q4,2022 Q2,inflation,2,NA,MIDAS (trend),2022-06-30,Other,4.516735213599077,NA
Cutoff +1m,1,120,2021 Q4,2022 Q2,inflation,2,NA,MIDAS,2022-06-30,Other,4.516735213599077,NA
Cutoff +1m,1,120,2021 Q4,2022 Q2,inflation,2,0.9325496606054886,AR(2),2022-06-30,Other,4.516735213599077,-3.5841855529935884
Cutoff +1m,1,120,2021 Q4,2022 Q2,inflation,2,2.8878342627818747,RW-trend,2022-06-30,Other,4.516735213599077,-1.628900950817202
Cutoff +1m,1,120,2021 Q4,2022 Q3,inflation,3,0.7786091185060351,MF-VAR,2022-09-30,Other,3.320870259523545,-2.54226114101751
Cutoff +1m,1,120,2021 Q4,2022 Q3,inflation,3,NA,MIDAS (trend),2022-09-30,Other,3.320870259523545,NA
Cutoff +1m,1,120,2021 Q4,2022 Q3,inflation,3,NA,MIDAS,2022-09-30,Other,3.320870259523545,NA
Cutoff +1m,1,120,2021 Q4,2022 Q3,inflation,3,0.5452900938988141,AR(2),2022-09-30,Other,3.320870259523545,-2.775580165624731
Cutoff +1m,1,120,2021 Q4,2022 Q3,inflation,3,2.879088491450311,RW-trend,2022-09-30,Other,3.320870259523545,-0.4417817680732341
Cutoff +1m,1,120,2021 Q4,2022 Q4,inflation,4,0.34006910977051863,MF-VAR,2022-12-31,1-year ahead,1.4337160386958203,-1.0936469289253017
Cutoff +1m,1,120,2021 Q4,2022 Q4,inflation,4,NA,MIDAS (trend),2022-12-31,1-year ahead,1.4337160386958203,NA
Cutoff +1m,1,120,2021 Q4,2022 Q4,inflation,4,NA,MIDAS,2022-12-31,1-year ahead,1.4337160386958203,NA
Cutoff +1m,1,120,2021 Q4,2022 Q4,inflation,4,0.4027004458458341,AR(2),2022-12-31,1-year ahead,1.4337160386958203,-1.0310155928499862
Cutoff +1m,1,120,2021 Q4,2022 Q4,inflation,4,2.8703427201187472,RW-trend,2022-12-31,1-year ahead,1.4337160386958203,1.436626681422927
Cutoff +1m,1,121,2022 Q1,2022 Q2,exch_rate,1,0.03408431568829924,MF-VAR,2022-06-30,1-step ahead,0.027153709404771603,0.006930606283527638
Cutoff +1m,1,121,2022 Q1,2022 Q2,exch_rate,1,NA,MIDAS (trend),2022-06-30,1-step ahead,0.027153709404771603,NA
Cutoff +1m,1,121,2022 Q1,2022 Q2,exch_rate,1,NA,MIDAS,2022-06-30,1-step ahead,0.027153709404771603,NA
Cutoff +1m,1,121,2022 Q1,2022 Q2,exch_rate,1,0.03263918940967304,AR(2),2022-06-30,1-step ahead,0.027153709404771603,0.005485480004901434
Cutoff +1m,1,121,2022 Q1,2022 Q2,exch_rate,1,0.03130415413582703,RW-trend,2022-06-30,1-step ahead,0.027153709404771603,0.004150444731055428
Cutoff +1m,1,121,2022 Q1,2022 Q3,exch_rate,2,0.01659330564838651,MF-VAR,2022-09-30,Other,-0.026739916121992047,0.04333322177037856
Cutoff +1m,1,121,2022 Q1,2022 Q3,exch_rate,2,NA,MIDAS (trend),2022-09-30,Other,-0.026739916121992047,NA
Cutoff +1m,1,121,2022 Q1,2022 Q3,exch_rate,2,NA,MIDAS,2022-09-30,Other,-0.026739916121992047,NA
Cutoff +1m,1,121,2022 Q1,2022 Q3,exch_rate,2,0.0242382425567729,AR(2),2022-09-30,Other,-0.026739916121992047,0.05097815867876494
Cutoff +1m,1,121,2022 Q1,2022 Q3,exch_rate,2,0.02631694584778054,RW-trend,2022-09-30,Other,-0.026739916121992047,0.05305686196977259
Cutoff +1m,1,121,2022 Q1,2022 Q4,exch_rate,3,0.011447015852666274,MF-VAR,2022-12-31,Other,-0.01686369046465063,0.028310706317316907
Cutoff +1m,1,121,2022 Q1,2022 Q4,exch_rate,3,NA,MIDAS (trend),2022-12-31,Other,-0.01686369046465063,NA
Cutoff +1m,1,121,2022 Q1,2022 Q4,exch_rate,3,NA,MIDAS,2022-12-31,Other,-0.01686369046465063,NA
Cutoff +1m,1,121,2022 Q1,2022 Q4,exch_rate,3,0.023242703473615532,AR(2),2022-12-31,Other,-0.01686369046465063,0.04010639393826616
Cutoff +1m,1,121,2022 Q1,2022 Q4,exch_rate,3,0.021329737559734056,RW-trend,2022-12-31,Other,-0.01686369046465063,0.03819342802438469
Cutoff +1m,1,121,2022 Q1,2023 Q1,exch_rate,4,0.008289188691075857,MF-VAR,2023-03-31,1-year ahead,-0.007646277114312552,0.01593546580538841
Cutoff +1m,1,121,2022 Q1,2023 Q1,exch_rate,4,NA,MIDAS (trend),2023-03-31,1-year ahead,-0.007646277114312552,NA
Cutoff +1m,1,121,2022 Q1,2023 Q1,exch_rate,4,NA,MIDAS,2023-03-31,1-year ahead,-0.007646277114312552,NA
Cutoff +1m,1,121,2022 Q1,2023 Q1,exch_rate,4,0.01912793808384398,AR(2),2023-03-31,1-year ahead,-0.007646277114312552,0.026774215198156533
Cutoff +1m,1,121,2022 Q1,2023 Q1,exch_rate,4,0.016342529271687566,RW-trend,2023-03-31,1-year ahead,-0.007646277114312552,0.02398880638600012
Cutoff +1m,1,121,2022 Q1,2022 Q2,gdp_growth,1,2.920706430557431,MF-VAR,2022-06-30,1-step ahead,4.56849934844854,-1.6477929178911093
Cutoff +1m,1,121,2022 Q1,2022 Q2,gdp_growth,1,NA,MIDAS (trend),2022-06-30,1-step ahead,4.56849934844854,NA
Cutoff +1m,1,121,2022 Q1,2022 Q2,gdp_growth,1,NA,MIDAS,2022-06-30,1-step ahead,4.56849934844854,NA
Cutoff +1m,1,121,2022 Q1,2022 Q2,gdp_growth,1,1.4065643371325574,AR(2),2022-06-30,1-step ahead,4.56849934844854,-3.161935011315983
Cutoff +1m,1,121,2022 Q1,2022 Q2,gdp_growth,1,2.9002761910636616,RW-trend,2022-06-30,1-step ahead,4.56849934844854,-1.6682231573848787
Cutoff +1m,1,121,2022 Q1,2022 Q3,gdp_growth,2,0.6056539673740362,MF-VAR,2022-09-30,Other,-1.4984497864681146,2.1041037538421508
Cutoff +1m,1,121,2022 Q1,2022 Q3,gdp_growth,2,NA,MIDAS (trend),2022-09-30,Other,-1.4984497864681146,NA
Cutoff +1m,1,121,2022 Q1,2022 Q3,gdp_growth,2,NA,MIDAS,2022-09-30,Other,-1.4984497864681146,NA
Cutoff +1m,1,121,2022 Q1,2022 Q3,gdp_growth,2,2.5126610390672353,AR(2),2022-09-30,Other,-1.4984497864681146,4.01111082553535
Cutoff +1m,1,121,2022 Q1,2022 Q3,gdp_growth,2,2.93758325024537,RW-trend,2022-09-30,Other,-1.4984497864681146,4.436033036713484
Cutoff +1m,1,121,2022 Q1,2022 Q4,gdp_growth,3,0.7342003181600797,MF-VAR,2022-12-31,Other,-0.0032996058919820825,0.7374999240520618
Cutoff +1m,1,121,2022 Q1,2022 Q4,gdp_growth,3,NA,MIDAS (trend),2022-12-31,Other,-0.0032996058919820825,NA
Cutoff +1m,1,121,2022 Q1,2022 Q4,gdp_growth,3,NA,MIDAS,2022-12-31,Other,-0.0032996058919820825,NA
Cutoff +1m,1,121,2022 Q1,2022 Q4,gdp_growth,3,1.551862073642937,AR(2),2022-12-31,Other,-0.0032996058919820825,1.555161679534919
Cutoff +1m,1,121,2022 Q1,2022 Q4,gdp_growth,3,2.9748903094270776,RW-trend,2022-12-31,Other,-0.0032996058919820825,2.9781899153190596
Cutoff +1m,1,121,2022 Q1,2023 Q1,gdp_growth,4,1.062977216297587,MF-VAR,2023-03-31,1-year ahead,-1.4211511197238735,2.4841283360214605
Cutoff +1m,1,121,2022 Q1,2023 Q1,gdp_growth,4,NA,MIDAS (trend),2023-03-31,1-year ahead,-1.4211511197238735,NA
Cutoff +1m,1,121,2022 Q1,2023 Q1,gdp_growth,4,NA,MIDAS,2023-03-31,1-year ahead,-1.4211511197238735,NA
Cutoff +1m,1,121,2022 Q1,2023 Q1,gdp_growth,4,1.3992232755913219,AR(2),2023-03-31,1-year ahead,-1.4211511197238735,2.8203743953151954
Cutoff +1m,1,121,2022 Q1,2023 Q1,gdp_growth,4,3.0121973686087853,RW-trend,2023-03-31,1-year ahead,-1.4211511197238735,4.433348488332658
Cutoff +1m,1,121,2022 Q1,2022 Q2,inflation,1,2.4518395153759713,MF-VAR,2022-06-30,1-step ahead,4.516735213599077,-2.0648956982231055
Cutoff +1m,1,121,2022 Q1,2022 Q2,inflation,1,NA,MIDAS (trend),2022-06-30,1-step ahead,4.516735213599077,NA
Cutoff +1m,1,121,2022 Q1,2022 Q2,inflation,1,NA,MIDAS,2022-06-30,1-step ahead,4.516735213599077,NA
Cutoff +1m,1,121,2022 Q1,2022 Q2,inflation,1,1.390259716403919,AR(2),2022-06-30,1-step ahead,4.516735213599077,-3.126475497195158
Cutoff +1m,1,121,2022 Q1,2022 Q2,inflation,1,2.436265021609952,RW-trend,2022-06-30,1-step ahead,4.516735213599077,-2.0804701919891246
Cutoff +1m,1,121,2022 Q1,2022 Q3,inflation,2,0.9325749476914618,MF-VAR,2022-09-30,Other,3.320870259523545,-2.388295311832083
Cutoff +1m,1,121,2022 Q1,2022 Q3,inflation,2,NA,MIDAS (trend),2022-09-30,Other,3.320870259523545,NA
Cutoff +1m,1,121,2022 Q1,2022 Q3,inflation,2,NA,MIDAS,2022-09-30,Other,3.320870259523545,NA
Cutoff +1m,1,121,2022 Q1,2022 Q3,inflation,2,0.8080553223922452,AR(2),2022-09-30,Other,3.320870259523545,-2.5128149371312998
Cutoff +1m,1,121,2022 Q1,2022 Q3,inflation,2,2.423756173268622,RW-trend,2022-09-30,Other,3.320870259523545,-0.897114086254923
Cutoff +1m,1,121,2022 Q1,2022 Q4,inflation,3,0.45541812952834737,MF-VAR,2022-12-31,Other,1.4337160386958203,-0.978297909167473
Cutoff +1m,1,121,2022 Q1,2022 Q4,inflation,3,NA,MIDAS (trend),2022-12-31,Other,1.4337160386958203,NA
Cutoff +1m,1,121,2022 Q1,2022 Q4,inflation,3,NA,MIDAS,2022-12-31,Other,1.4337160386958203,NA
Cutoff +1m,1,121,2022 Q1,2022 Q4,inflation,3,0.5540575765200441,AR(2),2022-12-31,Other,1.4337160386958203,-0.8796584621757763
Cutoff +1m,1,121,2022 Q1,2022 Q4,inflation,3,2.4112473249272925,RW-trend,2022-12-31,Other,1.4337160386958203,0.9775312862314722
Cutoff +1m,1,121,2022 Q1,2023 Q1,inflation,4,0.2685849780739808,MF-VAR,2023-03-31,1-year ahead,3.17581391503019,-2.9072289369562094
Cutoff +1m,1,121,2022 Q1,2023 Q1,inflation,4,NA,MIDAS (trend),2023-03-31,1-year ahead,3.17581391503019,NA
Cutoff +1m,1,121,2022 Q1,2023 Q1,inflation,4,NA,MIDAS,2023-03-31,1-year ahead,3.17581391503019,NA
Cutoff +1m,1,121,2022 Q1,2023 Q1,inflation,4,0.413080858766505,AR(2),2023-03-31,1-year ahead,3.17581391503019,-2.762733056263685
Cutoff +1m,1,121,2022 Q1,2023 Q1,inflation,4,2.398738476585963,RW-trend,2023-03-31,1-year ahead,3.17581391503019,-0.7770754384442271
Cutoff +1m,1,122,2022 Q2,2022 Q3,exch_rate,1,0.018020731436472943,MF-VAR,2022-09-30,1-step ahead,-0.026739916121992047,0.04476064755846499
Cutoff +1m,1,122,2022 Q2,2022 Q3,exch_rate,1,NA,MIDAS (trend),2022-09-30,1-step ahead,-0.026739916121992047,NA
Cutoff +1m,1,122,2022 Q2,2022 Q3,exch_rate,1,NA,MIDAS,2022-09-30,1-step ahead,-0.026739916121992047,NA
Cutoff +1m,1,122,2022 Q2,2022 Q3,exch_rate,1,0.017943647128371487,AR(2),2022-09-30,1-step ahead,-0.026739916121992047,0.04468356325036353
Cutoff +1m,1,122,2022 Q2,2022 Q3,exch_rate,1,0.022131914077299652,RW-trend,2022-09-30,1-step ahead,-0.026739916121992047,0.0488718301992917
Cutoff +1m,1,122,2022 Q2,2022 Q4,exch_rate,2,0.005440557158643955,MF-VAR,2022-12-31,Other,-0.01686369046465063,0.022304247623294585
Cutoff +1m,1,122,2022 Q2,2022 Q4,exch_rate,2,NA,MIDAS (trend),2022-12-31,Other,-0.01686369046465063,NA
Cutoff +1m,1,122,2022 Q2,2022 Q4,exch_rate,2,NA,MIDAS,2022-12-31,Other,-0.01686369046465063,NA
Cutoff +1m,1,122,2022 Q2,2022 Q4,exch_rate,2,0.017140077070886727,AR(2),2022-12-31,Other,-0.01686369046465063,0.034003767535537355
Cutoff +1m,1,122,2022 Q2,2022 Q4,exch_rate,2,0.0171101187498277,RW-trend,2022-12-31,Other,-0.01686369046465063,0.03397380921447833
Cutoff +1m,1,122,2022 Q2,2023 Q1,exch_rate,3,-0.0043542541062813415,MF-VAR,2023-03-31,Other,-0.007646277114312552,0.003292023008031211
Cutoff +1m,1,122,2022 Q2,2023 Q1,exch_rate,3,NA,MIDAS (trend),2023-03-31,Other,-0.007646277114312552,NA
Cutoff +1m,1,122,2022 Q2,2023 Q1,exch_rate,3,NA,MIDAS,2023-03-31,Other,-0.007646277114312552,NA
Cutoff +1m,1,122,2022 Q2,2023 Q1,exch_rate,3,0.013410224260915789,AR(2),2023-03-31,Other,-0.007646277114312552,0.02105650137522834
Cutoff +1m,1,122,2022 Q2,2023 Q1,exch_rate,3,0.012088323422355749,RW-trend,2023-03-31,Other,-0.007646277114312552,0.0197346005366683
Cutoff +1m,1,122,2022 Q2,2023 Q2,exch_rate,4,-0.007961722636399896,MF-VAR,2023-06-30,1-year ahead,-0.021509631884717315,0.013547909248317419
Cutoff +1m,1,122,2022 Q2,2023 Q2,exch_rate,4,NA,MIDAS (trend),2023-06-30,1-year ahead,-0.021509631884717315,NA
Cutoff +1m,1,122,2022 Q2,2023 Q2,exch_rate,4,NA,MIDAS,2023-06-30,1-year ahead,-0.021509631884717315,NA
Cutoff +1m,1,122,2022 Q2,2023 Q2,exch_rate,4,0.012690238924259165,AR(2),2023-06-30,1-year ahead,-0.021509631884717315,0.034199870808976476
Cutoff +1m,1,122,2022 Q2,2023 Q2,exch_rate,4,0.007066528094883798,RW-trend,2023-06-30,1-year ahead,-0.021509631884717315,0.028576159979601112
Cutoff +1m,1,122,2022 Q2,2022 Q3,gdp_growth,1,5.705343758636391,MF-VAR,2022-09-30,1-step ahead,-1.4984497864681146,7.203793545104506
Cutoff +1m,1,122,2022 Q2,2022 Q3,gdp_growth,1,NA,MIDAS (trend),2022-09-30,1-step ahead,-1.4984497864681146,NA
Cutoff +1m,1,122,2022 Q2,2022 Q3,gdp_growth,1,NA,MIDAS,2022-09-30,1-step ahead,-1.4984497864681146,NA
Cutoff +1m,1,122,2022 Q2,2022 Q3,gdp_growth,1,2.3006805969450115,AR(2),2022-09-30,1-step ahead,-1.4984497864681146,3.799130383413126
Cutoff +1m,1,122,2022 Q2,2022 Q3,gdp_growth,1,4.619708267275122,RW-trend,2022-09-30,1-step ahead,-1.4984497864681146,6.118158053743237
Cutoff +1m,1,122,2022 Q2,2022 Q4,gdp_growth,2,-1.1144279989918167,MF-VAR,2022-12-31,Other,-0.0032996058919820825,-1.1111283930998346
Cutoff +1m,1,122,2022 Q2,2022 Q4,gdp_growth,2,NA,MIDAS (trend),2022-12-31,Other,-0.0032996058919820825,NA
Cutoff +1m,1,122,2022 Q2,2022 Q4,gdp_growth,2,NA,MIDAS,2022-12-31,Other,-0.0032996058919820825,NA
Cutoff +1m,1,122,2022 Q2,2022 Q4,gdp_growth,2,1.4011179223045118,AR(2),2022-12-31,Other,-0.0032996058919820825,1.404417528196494
Cutoff +1m,1,122,2022 Q2,2022 Q4,gdp_growth,2,4.670917186101704,RW-trend,2022-12-31,Other,-0.0032996058919820825,4.674216791993686
Cutoff +1m,1,122,2022 Q2,2023 Q1,gdp_growth,3,-1.0261678614502001,MF-VAR,2023-03-31,Other,-1.4211511197238735,0.3949832582736734
Cutoff +1m,1,122,2022 Q2,2023 Q1,gdp_growth,3,NA,MIDAS (trend),2023-03-31,Other,-1.4211511197238735,NA
Cutoff +1m,1,122,2022 Q2,2023 Q1,gdp_growth,3,NA,MIDAS,2023-03-31,Other,-1.4211511197238735,NA
Cutoff +1m,1,122,2022 Q2,2023 Q1,gdp_growth,3,1.4531080628906867,AR(2),2023-03-31,Other,-1.4211511197238735,2.8742591826145603
Cutoff +1m,1,122,2022 Q2,2023 Q1,gdp_growth,3,4.722126104928286,RW-trend,2023-03-31,Other,-1.4211511197238735,6.143277224652159
Cutoff +1m,1,122,2022 Q2,2023 Q2,gdp_growth,4,0.2573216185806039,MF-VAR,2023-06-30,1-year ahead,-1.9508697250607554,2.208191343641359
Cutoff +1m,1,122,2022 Q2,2023 Q2,gdp_growth,4,NA,MIDAS (trend),2023-06-30,1-year ahead,-1.9508697250607554,NA
Cutoff +1m,1,122,2022 Q2,2023 Q2,gdp_growth,4,NA,MIDAS,2023-06-30,1-year ahead,-1.9508697250607554,NA
Cutoff +1m,1,122,2022 Q2,2023 Q2,gdp_growth,4,1.4860590564519338,AR(2),2023-06-30,1-year ahead,-1.9508697250607554,3.436928781512689
Cutoff +1m,1,122,2022 Q2,2023 Q2,gdp_growth,4,4.773335023754868,RW-trend,2023-06-30,1-year ahead,-1.9508697250607554,6.724204748815623
Cutoff +1m,1,122,2022 Q2,2022 Q3,inflation,1,4.449826399256456,MF-VAR,2022-09-30,1-step ahead,3.320870259523545,1.128956139732911
Cutoff +1m,1,122,2022 Q2,2022 Q3,inflation,1,NA,MIDAS (trend),2022-09-30,1-step ahead,3.320870259523545,NA
Cutoff +1m,1,122,2022 Q2,2022 Q3,inflation,1,NA,MIDAS,2022-09-30,1-step ahead,3.320870259523545,NA
Cutoff +1m,1,122,2022 Q2,2022 Q3,inflation,1,2.309332250415841,AR(2),2022-09-30,1-step ahead,3.320870259523545,-1.0115380091077042
Cutoff +1m,1,122,2022 Q2,2022 Q3,inflation,1,4.521563616857656,RW-trend,2022-09-30,1-step ahead,3.320870259523545,1.200693357334111
Cutoff +1m,1,122,2022 Q2,2022 Q4,inflation,2,1.9313313514875134,MF-VAR,2022-12-31,Other,1.4337160386958203,0.49761531279169313
Cutoff +1m,1,122,2022 Q2,2022 Q4,inflation,2,NA,MIDAS (trend),2022-12-31,Other,1.4337160386958203,NA
Cutoff +1m,1,122,2022 Q2,2022 Q4,inflation,2,NA,MIDAS,2022-12-31,Other,1.4337160386958203,NA
Cutoff +1m,1,122,2022 Q2,2022 Q4,inflation,2,1.5185450588592335,AR(2),2022-12-31,Other,1.4337160386958203,0.0848290201634132
Cutoff +1m,1,122,2022 Q2,2022 Q4,inflation,2,4.526392020116236,RW-trend,2022-12-31,Other,1.4337160386958203,3.092675981420416
Cutoff +1m,1,122,2022 Q2,2023 Q1,inflation,3,0.8048363592202444,MF-VAR,2023-03-31,Other,3.17581391503019,-2.3709775558099455
Cutoff +1m,1,122,2022 Q2,2023 Q1,inflation,3,NA,MIDAS (trend),2023-03-31,Other,3.17581391503019,NA
Cutoff +1m,1,122,2022 Q2,2023 Q1,inflation,3,NA,MIDAS,2023-03-31,Other,3.17581391503019,NA
Cutoff +1m,1,122,2022 Q2,2023 Q1,inflation,3,0.9973676589704724,AR(2),2023-03-31,Other,3.17581391503019,-2.1784462560597175
Cutoff +1m,1,122,2022 Q2,2023 Q1,inflation,3,4.5312204233748155,RW-trend,2023-03-31,Other,3.17581391503019,1.3554065083446254
Cutoff +1m,1,122,2022 Q2,2023 Q2,inflation,4,0.3816608658151725,MF-VAR,2023-06-30,1-year ahead,0.5501119867577842,-0.16845112094261167
Cutoff +1m,1,122,2022 Q2,2023 Q2,inflation,4,NA,MIDAS (trend),2023-06-30,1-year ahead,0.5501119867577842,NA
Cutoff +1m,1,122,2022 Q2,2023 Q2,inflation,4,NA,MIDAS,2023-06-30,1-year ahead,0.5501119867577842,NA
Cutoff +1m,1,122,2022 Q2,2023 Q2,inflation,4,0.6988475954173927,AR(2),2023-06-30,1-year ahead,0.5501119867577842,0.14873560865960855
Cutoff +1m,1,122,2022 Q2,2023 Q2,inflation,4,4.536048826633396,RW-trend,2023-06-30,1-year ahead,0.5501119867577842,3.9859368398756114
Cutoff +1m,1,123,2022 Q3,2022 Q4,exch_rate,1,-0.028866819012984924,MF-VAR,2022-12-31,1-step ahead,-0.01686369046465063,-0.012003128548334293
Cutoff +1m,1,123,2022 Q3,2022 Q4,exch_rate,1,NA,MIDAS (trend),2022-12-31,1-step ahead,-0.01686369046465063,NA
Cutoff +1m,1,123,2022 Q3,2022 Q4,exch_rate,1,NA,MIDAS,2022-12-31,1-step ahead,-0.01686369046465063,NA
Cutoff +1m,1,123,2022 Q3,2022 Q4,exch_rate,1,-0.03151574313276253,AR(2),2022-12-31,1-step ahead,-0.01686369046465063,-0.014652052668111898
Cutoff +1m,1,123,2022 Q3,2022 Q4,exch_rate,1,-0.03216561087259864,RW-trend,2022-12-31,1-step ahead,-0.01686369046465063,-0.015301920407948012
Cutoff +1m,1,123,2022 Q3,2023 Q1,exch_rate,2,-0.04331206561485439,MF-VAR,2023-03-31,Other,-0.007646277114312552,-0.03566578850054184
Cutoff +1m,1,123,2022 Q3,2023 Q1,exch_rate,2,NA,MIDAS (trend),2023-03-31,Other,-0.007646277114312552,NA
Cutoff +1m,1,123,2022 Q3,2023 Q1,exch_rate,2,NA,MIDAS,2023-03-31,Other,-0.007646277114312552,NA
Cutoff +1m,1,123,2022 Q3,2023 Q1,exch_rate,2,-0.03296813704854884,AR(2),2023-03-31,Other,-0.007646277114312552,-0.025321859934236288
Cutoff +1m,1,123,2022 Q3,2023 Q1,exch_rate,2,-0.037591305623205236,RW-trend,2023-03-31,Other,-0.007646277114312552,-0.029945028508892683
Cutoff +1m,1,123,2022 Q3,2023 Q2,exch_rate,3,-0.04949895824853921,MF-VAR,2023-06-30,Other,-0.021509631884717315,-0.027989326363821898
Cutoff +1m,1,123,2022 Q3,2023 Q2,exch_rate,3,NA,MIDAS (trend),2023-06-30,Other,-0.021509631884717315,NA
Cutoff +1m,1,123,2022 Q3,2023 Q2,exch_rate,3,NA,MIDAS,2023-06-30,Other,-0.021509631884717315,NA
Cutoff +1m,1,123,2022 Q3,2023 Q2,exch_rate,3,-0.030627642763258515,AR(2),2023-06-30,Other,-0.021509631884717315,-0.009118010878541201
Cutoff +1m,1,123,2022 Q3,2023 Q2,exch_rate,3,-0.04301700037381183,RW-trend,2023-06-30,Other,-0.021509631884717315,-0.021507368489094514
Cutoff +1m,1,123,2022 Q3,2023 Q3,exch_rate,4,-0.05471507579534995,MF-VAR,2023-09-30,1-year ahead,-0.03937898253147601,-0.015336093263873939
Cutoff +1m,1,123,2022 Q3,2023 Q3,exch_rate,4,NA,MIDAS (trend),2023-09-30,1-year ahead,-0.03937898253147601,NA
Cutoff +1m,1,123,2022 Q3,2023 Q3,exch_rate,4,NA,MIDAS,2023-09-30,1-year ahead,-0.03937898253147601,NA
Cutoff +1m,1,123,2022 Q3,2023 Q3,exch_rate,4,-0.03537571190593926,AR(2),2023-09-30,1-year ahead,-0.03937898253147601,0.004003270625536751
Cutoff +1m,1,123,2022 Q3,2023 Q3,exch_rate,4,-0.04844269512441842,RW-trend,2023-09-30,1-year ahead,-0.03937898253147601,-0.009063712592942412
Cutoff +1m,1,123,2022 Q3,2022 Q4,gdp_growth,1,-2.554247568614905,MF-VAR,2022-12-31,1-step ahead,-0.0032996058919820825,-2.550947962722923
Cutoff +1m,1,123,2022 Q3,2022 Q4,gdp_growth,1,NA,MIDAS (trend),2022-12-31,1-step ahead,-0.0032996058919820825,NA
Cutoff +1m,1,123,2022 Q3,2022 Q4,gdp_growth,1,NA,MIDAS,2022-12-31,1-step ahead,-0.0032996058919820825,NA
Cutoff +1m,1,123,2022 Q3,2022 Q4,gdp_growth,1,1.6636455854759182,AR(2),2022-12-31,1-step ahead,-0.0032996058919820825,1.6669451913679003
Cutoff +1m,1,123,2022 Q3,2022 Q4,gdp_growth,1,-1.49780415734189,RW-trend,2022-12-31,1-step ahead,-0.0032996058919820825,-1.494504551449908
Cutoff +1m,1,123,2022 Q3,2023 Q1,gdp_growth,2,-1.1440690847721418,MF-VAR,2023-03-31,Other,-1.4211511197238735,0.2770820349517318
Cutoff +1m,1,123,2022 Q3,2023 Q1,gdp_growth,2,NA,MIDAS (trend),2023-03-31,Other,-1.4211511197238735,NA
Cutoff +1m,1,123,2022 Q3,2023 Q1,gdp_growth,2,NA,MIDAS,2023-03-31,Other,-1.4211511197238735,NA
Cutoff +1m,1,123,2022 Q3,2023 Q1,gdp_growth,2,1.6403674336707765,AR(2),2023-03-31,Other,-1.4211511197238735,3.06151855339465
Cutoff +1m,1,123,2022 Q3,2023 Q1,gdp_growth,2,-1.4971585282156654,RW-trend,2023-03-31,Other,-1.4211511197238735,-0.07600740849179188
Cutoff +1m,1,123,2022 Q3,2023 Q2,gdp_growth,3,-0.3897955253592932,MF-VAR,2023-06-30,Other,-1.9508697250607554,1.561074199701462
Cutoff +1m,1,123,2022 Q3,2023 Q2,gdp_growth,3,NA,MIDAS (trend),2023-06-30,Other,-1.9508697250607554,NA
Cutoff +1m,1,123,2022 Q3,2023 Q2,gdp_growth,3,NA,MIDAS,2023-06-30,Other,-1.9508697250607554,NA
Cutoff +1m,1,123,2022 Q3,2023 Q2,gdp_growth,3,1.4154921850856148,AR(2),2023-06-30,Other,-1.9508697250607554,3.36636191014637
Cutoff +1m,1,123,2022 Q3,2023 Q2,gdp_growth,3,-1.496512899089441,RW-trend,2023-06-30,Other,-1.9508697250607554,0.45435682597131444
Cutoff +1m,1,123,2022 Q3,2023 Q3,gdp_growth,4,1.0934660575897075,MF-VAR,2023-09-30,1-year ahead,0.28204712749158034,0.8114189300981272
Cutoff +1m,1,123,2022 Q3,2023 Q3,gdp_growth,4,NA,MIDAS (trend),2023-09-30,1-year ahead,0.28204712749158034,NA
Cutoff +1m,1,123,2022 Q3,2023 Q3,gdp_growth,4,NA,MIDAS,2023-09-30,1-year ahead,0.28204712749158034,NA
Cutoff +1m,1,123,2022 Q3,2023 Q3,gdp_growth,4,2.56723074725958,AR(2),2023-09-30,1-year ahead,0.28204712749158034,2.2851836197679996
Cutoff +1m,1,123,2022 Q3,2023 Q3,gdp_growth,4,-1.4958672699632165,RW-trend,2023-09-30,1-year ahead,0.28204712749158034,-1.7779143974547968
Cutoff +1m,1,123,2022 Q3,2022 Q4,inflation,1,3.347124152798333,MF-VAR,2022-12-31,1-step ahead,1.4337160386958203,1.9134081141025128
Cutoff +1m,1,123,2022 Q3,2022 Q4,inflation,1,NA,MIDAS (trend),2022-12-31,1-step ahead,1.4337160386958203,NA
Cutoff +1m,1,123,2022 Q3,2022 Q4,inflation,1,NA,MIDAS,2022-12-31,1-step ahead,1.4337160386958203,NA
Cutoff +1m,1,123,2022 Q3,2022 Q4,inflation,1,2.034486050019379,AR(2),2022-12-31,1-step ahead,1.4337160386958203,0.6007700113235588
Cutoff +1m,1,123,2022 Q3,2022 Q4,inflation,1,3.315775577184322,RW-trend,2022-12-31,1-step ahead,1.4337160386958203,1.8820595384885017
Cutoff +1m,1,123,2022 Q3,2023 Q1,inflation,2,1.6170840970324944,MF-VAR,2023-03-31,Other,3.17581391503019,-1.5587298179976956
Cutoff +1m,1,123,2022 Q3,2023 Q1,inflation,2,NA,MIDAS (trend),2023-03-31,Other,3.17581391503019,NA
Cutoff +1m,1,123,2022 Q3,2023 Q1,inflation,2,NA,MIDAS,2023-03-31,Other,3.17581391503019,NA
Cutoff +1m,1,123,2022 Q3,2023 Q1,inflation,2,1.3278439681389915,AR(2),2023-03-31,Other,3.17581391503019,-1.8479699468911985
Cutoff +1m,1,123,2022 Q3,2023 Q1,inflation,2,3.310680894845099,RW-trend,2023-03-31,Other,3.17581391503019,0.13486697981490892
Cutoff +1m,1,123,2022 Q3,2023 Q2,inflation,3,0.8491270903570118,MF-VAR,2023-06-30,Other,0.5501119867577842,0.29901510359922767
Cutoff +1m,1,123,2022 Q3,2023 Q2,inflation,3,NA,MIDAS (trend),2023-06-30,Other,0.5501119867577842,NA
Cutoff +1m,1,123,2022 Q3,2023 Q2,inflation,3,NA,MIDAS,2023-06-30,Other,0.5501119867577842,NA
Cutoff +1m,1,123,2022 Q3,2023 Q2,inflation,3,0.9059591347376119,AR(2),2023-06-30,Other,0.5501119867577842,0.35584714797982775
Cutoff +1m,1,123,2022 Q3,2023 Q2,inflation,3,3.305586212505876,RW-trend,2023-06-30,Other,0.5501119867577842,2.7554742257480918
Cutoff +1m,1,123,2022 Q3,2023 Q3,inflation,4,0.16460769095520558,MF-VAR,2023-09-30,1-year ahead,1.2606093578710897,-1.096001666915884
Cutoff +1m,1,123,2022 Q3,2023 Q3,inflation,4,NA,MIDAS (trend),2023-09-30,1-year ahead,1.2606093578710897,NA
Cutoff +1m,1,123,2022 Q3,2023 Q3,inflation,4,NA,MIDAS,2023-09-30,1-year ahead,1.2606093578710897,NA
Cutoff +1m,1,123,2022 Q3,2023 Q3,inflation,4,0.5899286742213115,AR(2),2023-09-30,1-year ahead,1.2606093578710897,-0.6706806836497783
Cutoff +1m,1,123,2022 Q3,2023 Q3,inflation,4,3.3004915301666533,RW-trend,2023-09-30,1-year ahead,1.2606093578710897,2.0398821722955636
Cutoff +1m,1,124,2022 Q4,2023 Q1,exch_rate,1,-0.022126071216008816,MF-VAR,2023-03-31,1-step ahead,-0.007646277114312552,-0.014479794101696263
Cutoff +1m,1,124,2022 Q4,2023 Q1,exch_rate,1,NA,MIDAS (trend),2023-03-31,1-step ahead,-0.007646277114312552,NA
Cutoff +1m,1,124,2022 Q4,2023 Q1,exch_rate,1,NA,MIDAS,2023-03-31,1-step ahead,-0.007646277114312552,NA
Cutoff +1m,1,124,2022 Q4,2023 Q1,exch_rate,1,-0.016346030113761848,AR(2),2023-03-31,1-step ahead,-0.007646277114312552,-0.008699752999449296
Cutoff +1m,1,124,2022 Q4,2023 Q1,exch_rate,1,-0.022163959638142897,RW-trend,2023-03-31,1-step ahead,-0.007646277114312552,-0.014517682523830344
Cutoff +1m,1,124,2022 Q4,2023 Q2,exch_rate,2,-0.02288956562473584,MF-VAR,2023-06-30,Other,-0.021509631884717315,-0.0013799337400185255
Cutoff +1m,1,124,2022 Q4,2023 Q2,exch_rate,2,NA,MIDAS (trend),2023-06-30,Other,-0.021509631884717315,NA
Cutoff +1m,1,124,2022 Q4,2023 Q2,exch_rate,2,NA,MIDAS,2023-06-30,Other,-0.021509631884717315,NA
Cutoff +1m,1,124,2022 Q4,2023 Q2,exch_rate,2,-0.014380777559209572,AR(2),2023-06-30,Other,-0.021509631884717315,0.007128854325507743
Cutoff +1m,1,124,2022 Q4,2023 Q2,exch_rate,2,-0.027464228811635162,RW-trend,2023-06-30,Other,-0.021509631884717315,-0.0059545969269178475
Cutoff +1m,1,124,2022 Q4,2023 Q3,exch_rate,3,-0.030902625186924253,MF-VAR,2023-09-30,Other,-0.03937898253147601,0.008476357344551756
Cutoff +1m,1,124,2022 Q4,2023 Q3,exch_rate,3,NA,MIDAS (trend),2023-09-30,Other,-0.03937898253147601,NA
Cutoff +1m,1,124,2022 Q4,2023 Q3,exch_rate,3,NA,MIDAS,2023-09-30,Other,-0.03937898253147601,NA
Cutoff +1m,1,124,2022 Q4,2023 Q3,exch_rate,3,-0.01992059399203452,AR(2),2023-09-30,Other,-0.03937898253147601,0.019458388539441488
Cutoff +1m,1,124,2022 Q4,2023 Q3,exch_rate,3,-0.03276449798512743,RW-trend,2023-09-30,Other,-0.03937898253147601,0.006614484546348581
Cutoff +1m,1,124,2022 Q4,2023 Q4,exch_rate,4,-0.03410654855224742,MF-VAR,2023-12-31,1-year ahead,-0.046880815886738175,0.012774267334490753
Cutoff +1m,1,124,2022 Q4,2023 Q4,exch_rate,4,NA,MIDAS (trend),2023-12-31,1-year ahead,-0.046880815886738175,NA
Cutoff +1m,1,124,2022 Q4,2023 Q4,exch_rate,4,NA,MIDAS,2023-12-31,1-year ahead,-0.046880815886738175,NA
Cutoff +1m,1,124,2022 Q4,2023 Q4,exch_rate,4,-0.01879073239411212,AR(2),2023-12-31,1-year ahead,-0.046880815886738175,0.028090083492626056
Cutoff +1m,1,124,2022 Q4,2023 Q4,exch_rate,4,-0.038064767158619686,RW-trend,2023-12-31,1-year ahead,-0.046880815886738175,0.008816048728118489
Cutoff +1m,1,124,2022 Q4,2023 Q1,gdp_growth,1,-0.15040247443623278,MF-VAR,2023-03-31,1-step ahead,-1.4211511197238735,1.2707486452876409
Cutoff +1m,1,124,2022 Q4,2023 Q1,gdp_growth,1,NA,MIDAS (trend),2023-03-31,1-step ahead,-1.4211511197238735,NA
Cutoff +1m,1,124,2022 Q4,2023 Q1,gdp_growth,1,NA,MIDAS,2023-03-31,1-step ahead,-1.4211511197238735,NA
Cutoff +1m,1,124,2022 Q4,2023 Q1,gdp_growth,1,1.7626944432826557,AR(2),2023-03-31,1-step ahead,-1.4211511197238735,3.183845563006529
Cutoff +1m,1,124,2022 Q4,2023 Q1,gdp_growth,1,0.009596060541208904,RW-trend,2023-03-31,1-step ahead,-1.4211511197238735,1.4307471802650824
Cutoff +1m,1,124,2022 Q4,2023 Q2,gdp_growth,2,0.8060906751138727,MF-VAR,2023-06-30,Other,-1.9508697250607554,2.756960400174628
Cutoff +1m,1,124,2022 Q4,2023 Q2,gdp_growth,2,NA,MIDAS (trend),2023-06-30,Other,-1.9508697250607554,NA
Cutoff +1m,1,124,2022 Q4,2023 Q2,gdp_growth,2,NA,MIDAS,2023-06-30,Other,-1.9508697250607554,NA
Cutoff +1m,1,124,2022 Q4,2023 Q2,gdp_growth,2,1.5021958026339806,AR(2),2023-06-30,Other,-1.9508697250607554,3.453065527694736
Cutoff +1m,1,124,2022 Q4,2023 Q2,gdp_growth,2,0.02249172697439989,RW-trend,2023-06-30,Other,-1.9508697250607554,1.9733614520351552
Cutoff +1m,1,124,2022 Q4,2023 Q3,gdp_growth,3,0.8925998681940186,MF-VAR,2023-09-30,Other,0.28204712749158034,0.6105527407024383
Cutoff +1m,1,124,2022 Q4,2023 Q3,gdp_growth,3,NA,MIDAS (trend),2023-09-30,Other,0.28204712749158034,NA
Cutoff +1m,1,124,2022 Q4,2023 Q3,gdp_growth,3,NA,MIDAS,2023-09-30,Other,0.28204712749158034,NA
Cutoff +1m,1,124,2022 Q4,2023 Q3,gdp_growth,3,2.5376280020022772,AR(2),2023-09-30,Other,0.28204712749158034,2.255580874510697
Cutoff +1m,1,124,2022 Q4,2023 Q3,gdp_growth,3,0.03538739340759088,RW-trend,2023-09-30,Other,0.28204712749158034,-0.24665973408398945
Cutoff +1m,1,124,2022 Q4,2023 Q4,gdp_growth,4,0.35787890262823885,MF-VAR,2023-12-31,1-year ahead,0.9309495403961421,-0.5730706377679032
Cutoff +1m,1,124,2022 Q4,2023 Q4,gdp_growth,4,NA,MIDAS (trend),2023-12-31,1-year ahead,0.9309495403961421,NA
Cutoff +1m,1,124,2022 Q4,2023 Q4,gdp_growth,4,NA,MIDAS,2023-12-31,1-year ahead,0.9309495403961421,NA
Cutoff +1m,1,124,2022 Q4,2023 Q4,gdp_growth,4,1.5107846541180232,AR(2),2023-12-31,1-year ahead,0.9309495403961421,0.5798351137218811
Cutoff +1m,1,124,2022 Q4,2023 Q4,gdp_growth,4,0.048283059840781864,RW-trend,2023-12-31,1-year ahead,0.9309495403961421,-0.8826664805553602
Cutoff +1m,1,124,2022 Q4,2023 Q1,inflation,1,1.4429209094069912,MF-VAR,2023-03-31,1-step ahead,3.17581391503019,-1.7328930056231988
Cutoff +1m,1,124,2022 Q4,2023 Q1,inflation,1,NA,MIDAS (trend),2023-03-31,1-step ahead,3.17581391503019,NA
Cutoff +1m,1,124,2022 Q4,2023 Q1,inflation,1,NA,MIDAS,2023-03-31,1-step ahead,3.17581391503019,NA
Cutoff +1m,1,124,2022 Q4,2023 Q1,inflation,1,1.0683873024854933,AR(2),2023-03-31,1-step ahead,3.17581391503019,-2.107426612544697
Cutoff +1m,1,124,2022 Q4,2023 Q1,inflation,1,1.413194638828003,RW-trend,2023-03-31,1-step ahead,3.17581391503019,-1.762619276202187
Cutoff +1m,1,124,2022 Q4,2023 Q2,inflation,2,0.9021666560666903,MF-VAR,2023-06-30,Other,0.5501119867577842,0.35205466930890617
Cutoff +1m,1,124,2022 Q4,2023 Q2,inflation,2,NA,MIDAS (trend),2023-06-30,Other,0.5501119867577842,NA
Cutoff +1m,1,124,2022 Q4,2023 Q2,inflation,2,NA,MIDAS,2023-06-30,Other,0.5501119867577842,NA
Cutoff +1m,1,124,2022 Q4,2023 Q2,inflation,2,0.7664957370947214,AR(2),2023-06-30,Other,0.5501119867577842,0.21638375033693724
Cutoff +1m,1,124,2022 Q4,2023 Q2,inflation,2,1.3926732389601857,RW-trend,2023-06-30,Other,0.5501119867577842,0.8425612522024015
Cutoff +1m,1,124,2022 Q4,2023 Q3,inflation,3,0.29169124514364886,MF-VAR,2023-09-30,Other,1.2606093578710897,-0.9689181127274409
Cutoff +1m,1,124,2022 Q4,2023 Q3,inflation,3,NA,MIDAS (trend),2023-09-30,Other,1.2606093578710897,NA
Cutoff +1m,1,124,2022 Q4,2023 Q3,inflation,3,NA,MIDAS,2023-09-30,Other,1.2606093578710897,NA
Cutoff +1m,1,124,2022 Q4,2023 Q3,inflation,3,0.5218617956733073,AR(2),2023-09-30,Other,1.2606093578710897,-0.7387475621977825
Cutoff +1m,1,124,2022 Q4,2023 Q3,inflation,3,1.3721518390923684,RW-trend,2023-09-30,Other,1.2606093578710897,0.11154248122127863
Cutoff +1m,1,124,2022 Q4,2023 Q4,inflation,4,0.1760635354385092,MF-VAR,2023-12-31,1-year ahead,1.5459954544169818,-1.3699319189784727
Cutoff +1m,1,124,2022 Q4,2023 Q4,inflation,4,NA,MIDAS (trend),2023-12-31,1-year ahead,1.5459954544169818,NA
Cutoff +1m,1,124,2022 Q4,2023 Q4,inflation,4,NA,MIDAS,2023-12-31,1-year ahead,1.5459954544169818,NA
Cutoff +1m,1,124,2022 Q4,2023 Q4,inflation,4,0.43936985522693633,AR(2),2023-12-31,1-year ahead,1.5459954544169818,-1.1066255991900456
Cutoff +1m,1,124,2022 Q4,2023 Q4,inflation,4,1.3516304392245513,RW-trend,2023-12-31,1-year ahead,1.5459954544169818,-0.19436501519243055
Cutoff +1m,1,125,2023 Q1,2023 Q2,exch_rate,1,-0.009853323849886943,MF-VAR,2023-06-30,1-step ahead,-0.021509631884717315,0.011656308034830372
Cutoff +1m,1,125,2023 Q1,2023 Q2,exch_rate,1,NA,MIDAS (trend),2023-06-30,1-step ahead,-0.021509631884717315,NA
Cutoff +1m,1,125,2023 Q1,2023 Q2,exch_rate,1,NA,MIDAS,2023-06-30,1-step ahead,-0.021509631884717315,NA
Cutoff +1m,1,125,2023 Q1,2023 Q2,exch_rate,1,-0.0044641405143454535,AR(2),2023-06-30,1-step ahead,-0.021509631884717315,0.01704549137037186
Cutoff +1m,1,125,2023 Q1,2023 Q2,exch_rate,1,-0.012828516348586685,RW-trend,2023-06-30,1-step ahead,-0.021509631884717315,0.00868111553613063
Cutoff +1m,1,125,2023 Q1,2023 Q3,exch_rate,2,-0.03023578071565058,MF-VAR,2023-09-30,Other,-0.03937898253147601,0.009143201815825428
Cutoff +1m,1,125,2023 Q1,2023 Q3,exch_rate,2,NA,MIDAS (trend),2023-09-30,Other,-0.03937898253147601,NA
Cutoff +1m,1,125,2023 Q1,2023 Q3,exch_rate,2,NA,MIDAS,2023-09-30,Other,-0.03937898253147601,NA
Cutoff +1m,1,125,2023 Q1,2023 Q3,exch_rate,2,-0.010400796900040353,AR(2),2023-09-30,Other,-0.03937898253147601,0.028978185631435657
Cutoff +1m,1,125,2023 Q1,2023 Q3,exch_rate,2,-0.01801075558286082,RW-trend,2023-09-30,Other,-0.03937898253147601,0.02136822694861519
Cutoff +1m,1,125,2023 Q1,2023 Q4,exch_rate,3,-0.031133361739676065,MF-VAR,2023-12-31,Other,-0.046880815886738175,0.01574745414706211
Cutoff +1m,1,125,2023 Q1,2023 Q4,exch_rate,3,NA,MIDAS (trend),2023-12-31,Other,-0.046880815886738175,NA
Cutoff +1m,1,125,2023 Q1,2023 Q4,exch_rate,3,NA,MIDAS,2023-12-31,Other,-0.046880815886738175,NA
Cutoff +1m,1,125,2023 Q1,2023 Q4,exch_rate,3,-0.009974213530404884,AR(2),2023-12-31,Other,-0.046880815886738175,0.03690660235633329
Cutoff +1m,1,125,2023 Q1,2023 Q4,exch_rate,3,-0.023192994817134955,RW-trend,2023-12-31,Other,-0.046880815886738175,0.02368782106960322
Cutoff +1m,1,125,2023 Q1,2024 Q1,exch_rate,4,-0.03543536975407162,MF-VAR,2024-03-31,1-year ahead,-0.052092694858905865,0.016657325104834246
Cutoff +1m,1,125,2023 Q1,2024 Q1,exch_rate,4,NA,MIDAS (trend),2024-03-31,1-year ahead,-0.052092694858905865,NA
Cutoff +1m,1,125,2023 Q1,2024 Q1,exch_rate,4,NA,MIDAS,2024-03-31,1-year ahead,-0.052092694858905865,NA
Cutoff +1m,1,125,2023 Q1,2024 Q1,exch_rate,4,-0.012968618494157537,AR(2),2024-03-31,1-year ahead,-0.052092694858905865,0.03912407636474833
Cutoff +1m,1,125,2023 Q1,2024 Q1,exch_rate,4,-0.028375234051409088,RW-trend,2024-03-31,1-year ahead,-0.052092694858905865,0.023717460807496777
Cutoff +1m,1,125,2023 Q1,2023 Q2,gdp_growth,1,-1.3634138210483964,MF-VAR,2023-06-30,1-step ahead,-1.9508697250607554,0.587455904012359
Cutoff +1m,1,125,2023 Q1,2023 Q2,gdp_growth,1,NA,MIDAS (trend),2023-06-30,1-step ahead,-1.9508697250607554,NA
Cutoff +1m,1,125,2023 Q1,2023 Q2,gdp_growth,1,NA,MIDAS,2023-06-30,1-step ahead,-1.9508697250607554,NA
Cutoff +1m,1,125,2023 Q1,2023 Q2,gdp_growth,1,1.7108303282121722,AR(2),2023-06-30,1-step ahead,-1.9508697250607554,3.6617000532729276
Cutoff +1m,1,125,2023 Q1,2023 Q2,gdp_growth,1,-1.4198875441871466,RW-trend,2023-06-30,1-step ahead,-1.9508697250607554,0.5309821808736088
Cutoff +1m,1,125,2023 Q1,2023 Q3,gdp_growth,2,1.1816940927646553,MF-VAR,2023-09-30,Other,0.28204712749158034,0.899646965273075
Cutoff +1m,1,125,2023 Q1,2023 Q3,gdp_growth,2,NA,MIDAS (trend),2023-09-30,Other,0.28204712749158034,NA
Cutoff +1m,1,125,2023 Q1,2023 Q3,gdp_growth,2,NA,MIDAS,2023-09-30,Other,0.28204712749158034,NA
Cutoff +1m,1,125,2023 Q1,2023 Q3,gdp_growth,2,2.6918856628449683,AR(2),2023-09-30,Other,0.28204712749158034,2.409838535353388
Cutoff +1m,1,125,2023 Q1,2023 Q3,gdp_growth,2,-1.4186239686504196,RW-trend,2023-09-30,Other,0.28204712749158034,-1.700671096142
Cutoff +1m,1,125,2023 Q1,2023 Q4,gdp_growth,3,-0.2717516376496244,MF-VAR,2023-12-31,Other,0.9309495403961421,-1.2027011780457664
Cutoff +1m,1,125,2023 Q1,2023 Q4,gdp_growth,3,NA,MIDAS (trend),2023-12-31,Other,0.9309495403961421,NA
Cutoff +1m,1,125,2023 Q1,2023 Q4,gdp_growth,3,NA,MIDAS,2023-12-31,Other,0.9309495403961421,NA
Cutoff +1m,1,125,2023 Q1,2023 Q4,gdp_growth,3,1.4610854643034432,AR(2),2023-12-31,Other,0.9309495403961421,0.5301359239073011
Cutoff +1m,1,125,2023 Q1,2023 Q4,gdp_growth,3,-1.4173603931136927,RW-trend,2023-12-31,Other,0.9309495403961421,-2.3483099335098347
Cutoff +1m,1,125,2023 Q1,2024 Q1,gdp_growth,4,0.03752229629552961,MF-VAR,2024-03-31,1-year ahead,4.0977257494837716,-4.060203453188242
Cutoff +1m,1,125,2023 Q1,2024 Q1,gdp_growth,4,NA,MIDAS (trend),2024-03-31,1-year ahead,4.0977257494837716,NA
Cutoff +1m,1,125,2023 Q1,2024 Q1,gdp_growth,4,NA,MIDAS,2024-03-31,1-year ahead,4.0977257494837716,NA
Cutoff +1m,1,125,2023 Q1,2024 Q1,gdp_growth,4,1.3367133526731987,AR(2),2024-03-31,1-year ahead,4.0977257494837716,-2.761012396810573
Cutoff +1m,1,125,2023 Q1,2024 Q1,gdp_growth,4,-1.416096817576966,RW-trend,2024-03-31,1-year ahead,4.0977257494837716,-5.513822567060737
Cutoff +1m,1,125,2023 Q1,2023 Q2,inflation,1,3.17887956045488,MF-VAR,2023-06-30,1-step ahead,0.5501119867577842,2.628767573697096
Cutoff +1m,1,125,2023 Q1,2023 Q2,inflation,1,NA,MIDAS (trend),2023-06-30,1-step ahead,0.5501119867577842,NA
Cutoff +1m,1,125,2023 Q1,2023 Q2,inflation,1,NA,MIDAS,2023-06-30,1-step ahead,0.5501119867577842,NA
Cutoff +1m,1,125,2023 Q1,2023 Q2,inflation,1,1.8187000387300312,AR(2),2023-06-30,1-step ahead,0.5501119867577842,1.268588051972247
Cutoff +1m,1,125,2023 Q1,2023 Q2,inflation,1,3.1696227531802768,RW-trend,2023-06-30,1-step ahead,0.5501119867577842,2.6195107664224926
Cutoff +1m,1,125,2023 Q1,2023 Q3,inflation,2,1.3487745515291327,MF-VAR,2023-09-30,Other,1.2606093578710897,0.08816519365804298
Cutoff +1m,1,125,2023 Q1,2023 Q3,inflation,2,NA,MIDAS (trend),2023-09-30,Other,1.2606093578710897,NA
Cutoff +1m,1,125,2023 Q1,2023 Q3,inflation,2,NA,MIDAS,2023-09-30,Other,1.2606093578710897,NA
Cutoff +1m,1,125,2023 Q1,2023 Q3,inflation,2,1.2783851640463086,AR(2),2023-09-30,Other,1.2606093578710897,0.0177758061752189
Cutoff +1m,1,125,2023 Q1,2023 Q3,inflation,2,3.1634315913303634,RW-trend,2023-09-30,Other,1.2606093578710897,1.9028222334592737
Cutoff +1m,1,125,2023 Q1,2023 Q4,inflation,3,0.7405359693064787,MF-VAR,2023-12-31,Other,1.5459954544169818,-0.8054594851105031
Cutoff +1m,1,125,2023 Q1,2023 Q4,inflation,3,NA,MIDAS (trend),2023-12-31,Other,1.5459954544169818,NA
Cutoff +1m,1,125,2023 Q1,2023 Q4,inflation,3,NA,MIDAS,2023-12-31,Other,1.5459954544169818,NA
Cutoff +1m,1,125,2023 Q1,2023 Q4,inflation,3,0.9350245072051907,AR(2),2023-12-31,Other,1.5459954544169818,-0.6109709472117911
Cutoff +1m,1,125,2023 Q1,2023 Q4,inflation,3,3.15724042948045,RW-trend,2023-12-31,Other,1.5459954544169818,1.6112449750634683
Cutoff +1m,1,125,2023 Q1,2024 Q1,inflation,4,0.4557765395712744,MF-VAR,2024-03-31,1-year ahead,1.20167733791412,-0.7459007983428455
Cutoff +1m,1,125,2023 Q1,2024 Q1,inflation,4,NA,MIDAS (trend),2024-03-31,1-year ahead,1.20167733791412,NA
Cutoff +1m,1,125,2023 Q1,2024 Q1,inflation,4,NA,MIDAS,2024-03-31,1-year ahead,1.20167733791412,NA
Cutoff +1m,1,125,2023 Q1,2024 Q1,inflation,4,0.7170599101616097,AR(2),2024-03-31,1-year ahead,1.20167733791412,-0.48461742775251015
Cutoff +1m,1,125,2023 Q1,2024 Q1,inflation,4,3.1510492676305364,RW-trend,2024-03-31,1-year ahead,1.20167733791412,1.9493719297164165
Cutoff +1m,1,126,2023 Q2,2023 Q3,exch_rate,1,-0.030642609853015864,MF-VAR,2023-09-30,1-step ahead,-0.03937898253147601,0.008736372678460145
Cutoff +1m,1,126,2023 Q2,2023 Q3,exch_rate,1,NA,MIDAS (trend),2023-09-30,1-step ahead,-0.03937898253147601,NA
Cutoff +1m,1,126,2023 Q2,2023 Q3,exch_rate,1,NA,MIDAS,2023-09-30,1-step ahead,-0.03937898253147601,NA
Cutoff +1m,1,126,2023 Q2,2023 Q3,exch_rate,1,-0.029683948449861216,AR(2),2023-09-30,1-step ahead,-0.03937898253147601,0.009695034081614793
Cutoff +1m,1,126,2023 Q2,2023 Q3,exch_rate,1,-0.026761880115250568,RW-trend,2023-09-30,1-step ahead,-0.03937898253147601,0.012617102416225441
Cutoff +1m,1,126,2023 Q2,2023 Q4,exch_rate,2,-0.03396723949146429,MF-VAR,2023-12-31,Other,-0.046880815886738175,0.012913576395273886
Cutoff +1m,1,126,2023 Q2,2023 Q4,exch_rate,2,NA,MIDAS (trend),2023-12-31,Other,-0.046880815886738175,NA
Cutoff +1m,1,126,2023 Q2,2023 Q4,exch_rate,2,NA,MIDAS,2023-12-31,Other,-0.046880815886738175,NA
Cutoff +1m,1,126,2023 Q2,2023 Q4,exch_rate,2,-0.028627208407344586,AR(2),2023-12-31,Other,-0.046880815886738175,0.01825360747939359
Cutoff +1m,1,126,2023 Q2,2023 Q4,exch_rate,2,-0.03201412834578382,RW-trend,2023-12-31,Other,-0.046880815886738175,0.014866687540954354
Cutoff +1m,1,126,2023 Q2,2024 Q1,exch_rate,3,-0.03527354185088754,MF-VAR,2024-03-31,Other,-0.052092694858905865,0.016819153008018325
Cutoff +1m,1,126,2023 Q2,2024 Q1,exch_rate,3,NA,MIDAS (trend),2024-03-31,Other,-0.052092694858905865,NA
Cutoff +1m,1,126,2023 Q2,2024 Q1,exch_rate,3,NA,MIDAS,2024-03-31,Other,-0.052092694858905865,NA
Cutoff +1m,1,126,2023 Q2,2024 Q1,exch_rate,3,-0.030493388596627768,AR(2),2024-03-31,Other,-0.052092694858905865,0.021599306262278097
Cutoff +1m,1,126,2023 Q2,2024 Q1,exch_rate,3,-0.03726637657631707,RW-trend,2024-03-31,Other,-0.052092694858905865,0.014826318282588798
Cutoff +1m,1,126,2023 Q2,2024 Q2,exch_rate,4,-0.037109447330542854,MF-VAR,2024-06-30,1-year ahead,-0.02679720863629812,-0.010312238694244732
Cutoff +1m,1,126,2023 Q2,2024 Q2,exch_rate,4,NA,MIDAS (trend),2024-06-30,1-year ahead,-0.02679720863629812,NA
Cutoff +1m,1,126,2023 Q2,2024 Q2,exch_rate,4,NA,MIDAS,2024-06-30,1-year ahead,-0.02679720863629812,NA
Cutoff +1m,1,126,2023 Q2,2024 Q2,exch_rate,4,-0.029468429496997475,AR(2),2024-06-30,1-year ahead,-0.02679720863629812,-0.002671220860699354
Cutoff +1m,1,126,2023 Q2,2024 Q2,exch_rate,4,-0.04251862480685032,RW-trend,2024-06-30,1-year ahead,-0.02679720863629812,-0.0157214161705522
Cutoff +1m,1,126,2023 Q2,2023 Q3,gdp_growth,1,-0.8140253148729046,MF-VAR,2023-09-30,1-step ahead,0.28204712749158034,-1.096072442364485
Cutoff +1m,1,126,2023 Q2,2023 Q3,gdp_growth,1,NA,MIDAS (trend),2023-09-30,1-step ahead,0.28204712749158034,NA
Cutoff +1m,1,126,2023 Q2,2023 Q3,gdp_growth,1,NA,MIDAS,2023-09-30,1-step ahead,0.28204712749158034,NA
Cutoff +1m,1,126,2023 Q2,2023 Q3,gdp_growth,1,2.9151724942317063,AR(2),2023-09-30,1-step ahead,0.28204712749158034,2.633125366740126
Cutoff +1m,1,126,2023 Q2,2023 Q3,gdp_growth,1,-1.9538882638859125,RW-trend,2023-09-30,1-step ahead,0.28204712749158034,-2.2359353913774926
Cutoff +1m,1,126,2023 Q2,2023 Q4,gdp_growth,2,-1.4054347623247307,MF-VAR,2023-12-31,Other,0.9309495403961421,-2.336384302720873
Cutoff +1m,1,126,2023 Q2,2023 Q4,gdp_growth,2,NA,MIDAS (trend),2023-12-31,Other,0.9309495403961421,NA
Cutoff +1m,1,126,2023 Q2,2023 Q4,gdp_growth,2,NA,MIDAS,2023-12-31,Other,0.9309495403961421,NA
Cutoff +1m,1,126,2023 Q2,2023 Q4,gdp_growth,2,1.6277345639611043,AR(2),2023-12-31,Other,0.9309495403961421,0.6967850235649622
Cutoff +1m,1,126,2023 Q2,2023 Q4,gdp_growth,2,-1.9569068027110696,RW-trend,2023-12-31,Other,0.9309495403961421,-2.8878563431072117
Cutoff +1m,1,126,2023 Q2,2024 Q1,gdp_growth,3,0.3254234979392765,MF-VAR,2024-03-31,Other,4.0977257494837716,-3.7723022515444953
Cutoff +1m,1,126,2023 Q2,2024 Q1,gdp_growth,3,NA,MIDAS (trend),2024-03-31,Other,4.0977257494837716,NA
Cutoff +1m,1,126,2023 Q2,2024 Q1,gdp_growth,3,NA,MIDAS,2024-03-31,Other,4.0977257494837716,NA
Cutoff +1m,1,126,2023 Q2,2024 Q1,gdp_growth,3,1.28192509161011,AR(2),2024-03-31,Other,4.0977257494837716,-2.8158006578736616
Cutoff +1m,1,126,2023 Q2,2024 Q1,gdp_growth,3,-1.9599253415362268,RW-trend,2024-03-31,Other,4.0977257494837716,-6.0576510910199985
Cutoff +1m,1,126,2023 Q2,2024 Q2,gdp_growth,4,0.2524699168887993,MF-VAR,2024-06-30,1-year ahead,1.9600339339092443,-1.7075640170204451
Cutoff +1m,1,126,2023 Q2,2024 Q2,gdp_growth,4,NA,MIDAS (trend),2024-06-30,1-year ahead,1.9600339339092443,NA
Cutoff +1m,1,126,2023 Q2,2024 Q2,gdp_growth,4,NA,MIDAS,2024-06-30,1-year ahead,1.9600339339092443,NA
Cutoff +1m,1,126,2023 Q2,2024 Q2,gdp_growth,4,1.3671787017102819,AR(2),2024-06-30,1-year ahead,1.9600339339092443,-0.5928552321989624
Cutoff +1m,1,126,2023 Q2,2024 Q2,gdp_growth,4,-1.962943880361384,RW-trend,2024-06-30,1-year ahead,1.9600339339092443,-3.922977814270628
Cutoff +1m,1,126,2023 Q2,2023 Q3,inflation,1,0.48320317241516453,MF-VAR,2023-09-30,1-step ahead,1.2606093578710897,-0.7774061854559252
Cutoff +1m,1,126,2023 Q2,2023 Q3,inflation,1,NA,MIDAS (trend),2023-09-30,1-step ahead,1.2606093578710897,NA
Cutoff +1m,1,126,2023 Q2,2023 Q3,inflation,1,NA,MIDAS,2023-09-30,1-step ahead,1.2606093578710897,NA
Cutoff +1m,1,126,2023 Q2,2023 Q3,inflation,1,0.663739629202619,AR(2),2023-09-30,1-step ahead,1.2606093578710897,-0.5968697286684708
Cutoff +1m,1,126,2023 Q2,2023 Q3,inflation,1,0.522795738081883,RW-trend,2023-09-30,1-step ahead,1.2606093578710897,-0.7378136197892068
Cutoff +1m,1,126,2023 Q2,2023 Q4,inflation,2,0.2941560510508581,MF-VAR,2023-12-31,Other,1.5459954544169818,-1.2518394033661238
Cutoff +1m,1,126,2023 Q2,2023 Q4,inflation,2,NA,MIDAS (trend),2023-12-31,Other,1.5459954544169818,NA
Cutoff +1m,1,126,2023 Q2,2023 Q4,inflation,2,NA,MIDAS,2023-12-31,Other,1.5459954544169818,NA
Cutoff +1m,1,126,2023 Q2,2023 Q4,inflation,2,0.5086645523641343,AR(2),2023-12-31,Other,1.5459954544169818,-1.0373309020528474
Cutoff +1m,1,126,2023 Q2,2023 Q4,inflation,2,0.49547948940598163,RW-trend,2023-12-31,Other,1.5459954544169818,-1.0505159650110003
Cutoff +1m,1,126,2023 Q2,2024 Q1,inflation,3,0.14250151555269702,MF-VAR,2024-03-31,Other,1.20167733791412,-1.059175822361423
Cutoff +1m,1,126,2023 Q2,2024 Q1,inflation,3,NA,MIDAS (trend),2024-03-31,Other,1.20167733791412,NA
Cutoff +1m,1,126,2023 Q2,2024 Q1,inflation,3,NA,MIDAS,2024-03-31,Other,1.20167733791412,NA
Cutoff +1m,1,126,2023 Q2,2024 Q1,inflation,3,0.44848712051141093,AR(2),2024-03-31,Other,1.20167733791412,-0.753190217402709
Cutoff +1m,1,126,2023 Q2,2024 Q1,inflation,3,0.4681632407300804,RW-trend,2024-03-31,Other,1.20167733791412,-0.7335140971840395
Cutoff +1m,1,126,2023 Q2,2024 Q2,inflation,4,0.12391442315715195,MF-VAR,2024-06-30,1-year ahead,1.3948747405589046,-1.2709603174017525
Cutoff +1m,1,126,2023 Q2,2024 Q2,inflation,4,NA,MIDAS (trend),2024-06-30,1-year ahead,1.3948747405589046,NA
Cutoff +1m,1,126,2023 Q2,2024 Q2,inflation,4,NA,MIDAS,2024-06-30,1-year ahead,1.3948747405589046,NA
Cutoff +1m,1,126,2023 Q2,2024 Q2,inflation,4,0.39940107938213504,AR(2),2024-06-30,1-year ahead,1.3948747405589046,-0.9954736611767696
Cutoff +1m,1,126,2023 Q2,2024 Q2,inflation,4,0.44084699205417915,RW-trend,2024-06-30,1-year ahead,1.3948747405589046,-0.9540277485047255
Cutoff +1m,1,127,2023 Q3,2023 Q4,exch_rate,1,-0.041505885422468886,MF-VAR,2023-12-31,1-step ahead,-0.046880815886738175,0.00537493046426929
Cutoff +1m,1,127,2023 Q3,2023 Q4,exch_rate,1,NA,MIDAS (trend),2023-12-31,1-step ahead,-0.046880815886738175,NA
Cutoff +1m,1,127,2023 Q3,2023 Q4,exch_rate,1,NA,MIDAS,2023-12-31,1-step ahead,-0.046880815886738175,NA
Cutoff +1m,1,127,2023 Q3,2023 Q4,exch_rate,1,-0.039493116959399104,AR(2),2023-12-31,1-step ahead,-0.046880815886738175,0.007387698927339072
Cutoff +1m,1,127,2023 Q3,2023 Q4,exch_rate,1,-0.044732167581339063,RW-trend,2023-12-31,1-step ahead,-0.046880815886738175,0.0021486483053991118
Cutoff +1m,1,127,2023 Q3,2024 Q1,exch_rate,2,-0.046777288694885226,MF-VAR,2024-03-31,Other,-0.052092694858905865,0.005315406164020639
Cutoff +1m,1,127,2023 Q3,2024 Q1,exch_rate,2,NA,MIDAS (trend),2024-03-31,Other,-0.052092694858905865,NA
Cutoff +1m,1,127,2023 Q3,2024 Q1,exch_rate,2,NA,MIDAS,2024-03-31,Other,-0.052092694858905865,NA
Cutoff +1m,1,127,2023 Q3,2024 Q1,exch_rate,2,-0.04091398937124056,AR(2),2024-03-31,Other,-0.052092694858905865,0.011178705487665308
Cutoff +1m,1,127,2023 Q3,2024 Q1,exch_rate,2,-0.05008535263120212,RW-trend,2024-03-31,Other,-0.052092694858905865,0.002007342227703747
Cutoff +1m,1,127,2023 Q3,2024 Q2,exch_rate,3,-0.050393416634506076,MF-VAR,2024-06-30,Other,-0.02679720863629812,-0.023596207998207955
Cutoff +1m,1,127,2023 Q3,2024 Q2,exch_rate,3,NA,MIDAS (trend),2024-06-30,Other,-0.02679720863629812,NA
Cutoff +1m,1,127,2023 Q3,2024 Q2,exch_rate,3,NA,MIDAS,2024-06-30,Other,-0.02679720863629812,NA
Cutoff +1m,1,127,2023 Q3,2024 Q2,exch_rate,3,-0.03917939232606886,AR(2),2024-06-30,Other,-0.02679720863629812,-0.012382183689770739
Cutoff +1m,1,127,2023 Q3,2024 Q2,exch_rate,3,-0.05543853768106517,RW-trend,2024-06-30,Other,-0.02679720863629812,-0.02864132904476705
Cutoff +1m,1,127,2023 Q3,2024 Q3,exch_rate,4,-0.055400843392016265,MF-VAR,2024-09-30,1-year ahead,-0.049958817793634556,-0.005442025598381708
Cutoff +1m,1,127,2023 Q3,2024 Q3,exch_rate,4,NA,MIDAS (trend),2024-09-30,1-year ahead,-0.049958817793634556,NA
Cutoff +1m,1,127,2023 Q3,2024 Q3,exch_rate,4,NA,MIDAS,2024-09-30,1-year ahead,-0.049958817793634556,NA
Cutoff +1m,1,127,2023 Q3,2024 Q3,exch_rate,4,-0.04459023175210823,AR(2),2024-09-30,1-year ahead,-0.049958817793634556,0.005368586041526326
Cutoff +1m,1,127,2023 Q3,2024 Q3,exch_rate,4,-0.06079172273092823,RW-trend,2024-09-30,1-year ahead,-0.049958817793634556,-0.01083290493729367
Cutoff +1m,1,127,2023 Q3,2023 Q4,gdp_growth,1,-0.7737506546552105,MF-VAR,2023-12-31,1-step ahead,0.9309495403961421,-1.7047001950513527
Cutoff +1m,1,127,2023 Q3,2023 Q4,gdp_growth,1,NA,MIDAS (trend),2023-12-31,1-step ahead,0.9309495403961421,NA
Cutoff +1m,1,127,2023 Q3,2023 Q4,gdp_growth,1,NA,MIDAS,2023-12-31,1-step ahead,0.9309495403961421,NA
Cutoff +1m,1,127,2023 Q3,2023 Q4,gdp_growth,1,1.7768801691702927,AR(2),2023-12-31,1-step ahead,0.9309495403961421,0.8459306287741506
Cutoff +1m,1,127,2023 Q3,2023 Q4,gdp_growth,1,0.29691607179744334,RW-trend,2023-12-31,1-step ahead,0.9309495403961421,-0.6340334685986988
Cutoff +1m,1,127,2023 Q3,2024 Q1,gdp_growth,2,0.6660071886131583,MF-VAR,2024-03-31,Other,4.0977257494837716,-3.431718560870613
Cutoff +1m,1,127,2023 Q3,2024 Q1,gdp_growth,2,NA,MIDAS (trend),2024-03-31,Other,4.0977257494837716,NA
Cutoff +1m,1,127,2023 Q3,2024 Q1,gdp_growth,2,NA,MIDAS,2024-03-31,Other,4.0977257494837716,NA
Cutoff +1m,1,127,2023 Q3,2024 Q1,gdp_growth,2,1.39741678703541,AR(2),2024-03-31,Other,4.0977257494837716,-2.7003089624483616
Cutoff +1m,1,127,2023 Q3,2024 Q1,gdp_growth,2,0.3117850161033063,RW-trend,2024-03-31,Other,4.0977257494837716,-3.7859407333804653
Cutoff +1m,1,127,2023 Q3,2024 Q2,gdp_growth,3,-0.24378828206588243,MF-VAR,2024-06-30,Other,1.9600339339092443,-2.203822215975127
Cutoff +1m,1,127,2023 Q3,2024 Q2,gdp_growth,3,NA,MIDAS (trend),2024-06-30,Other,1.9600339339092443,NA
Cutoff +1m,1,127,2023 Q3,2024 Q2,gdp_growth,3,NA,MIDAS,2024-06-30,Other,1.9600339339092443,NA
Cutoff +1m,1,127,2023 Q3,2024 Q2,gdp_growth,3,1.3316934101407871,AR(2),2024-06-30,Other,1.9600339339092443,-0.6283405237684572
Cutoff +1m,1,127,2023 Q3,2024 Q2,gdp_growth,3,0.3266539604091693,RW-trend,2024-06-30,Other,1.9600339339092443,-1.633379973500075
Cutoff +1m,1,127,2023 Q3,2024 Q3,gdp_growth,4,1.9070465606582987,MF-VAR,2024-09-30,1-year ahead,1.7249375962080649,0.18210896445023383
Cutoff +1m,1,127,2023 Q3,2024 Q3,gdp_growth,4,NA,MIDAS (trend),2024-09-30,1-year ahead,1.7249375962080649,NA
Cutoff +1m,1,127,2023 Q3,2024 Q3,gdp_growth,4,NA,MIDAS,2024-09-30,1-year ahead,1.7249375962080649,NA
Cutoff +1m,1,127,2023 Q3,2024 Q3,gdp_growth,4,2.4895691756087466,AR(2),2024-09-30,1-year ahead,1.7249375962080649,0.7646315794006817
Cutoff +1m,1,127,2023 Q3,2024 Q3,gdp_growth,4,0.34152290471503227,RW-trend,2024-09-30,1-year ahead,1.7249375962080649,-1.3834146914930325
Cutoff +1m,1,127,2023 Q3,2023 Q4,inflation,1,1.2868632511458773,MF-VAR,2023-12-31,1-step ahead,1.5459954544169818,-0.25913220327110453
Cutoff +1m,1,127,2023 Q3,2023 Q4,inflation,1,NA,MIDAS (trend),2023-12-31,1-step ahead,1.5459954544169818,NA
Cutoff +1m,1,127,2023 Q3,2023 Q4,inflation,1,NA,MIDAS,2023-12-31,1-step ahead,1.5459954544169818,NA
Cutoff +1m,1,127,2023 Q3,2023 Q4,inflation,1,0.794390362458707,AR(2),2023-12-31,1-step ahead,1.5459954544169818,-0.7516050919582749
Cutoff +1m,1,127,2023 Q3,2023 Q4,inflation,1,1.2391956181535022,RW-trend,2023-12-31,1-step ahead,1.5459954544169818,-0.3067998362634796
Cutoff +1m,1,127,2023 Q3,2024 Q1,inflation,2,0.6235061654488424,MF-VAR,2024-03-31,Other,1.20167733791412,-0.5781711724652775
Cutoff +1m,1,127,2023 Q3,2024 Q1,inflation,2,NA,MIDAS (trend),2024-03-31,Other,1.20167733791412,NA
Cutoff +1m,1,127,2023 Q3,2024 Q1,inflation,2,NA,MIDAS,2024-03-31,Other,1.20167733791412,NA
Cutoff +1m,1,127,2023 Q3,2024 Q1,inflation,2,0.662922790423922,AR(2),2024-03-31,Other,1.20167733791412,-0.5387545474901979
Cutoff +1m,1,127,2023 Q3,2024 Q1,inflation,2,1.2177818784359147,RW-trend,2024-03-31,Other,1.20167733791412,0.016104540521794775
Cutoff +1m,1,127,2023 Q3,2024 Q2,inflation,3,0.3929771878614901,MF-VAR,2024-06-30,Other,1.3948747405589046,-1.0018975526974145
Cutoff +1m,1,127,2023 Q3,2024 Q2,inflation,3,NA,MIDAS (trend),2024-06-30,Other,1.3948747405589046,NA
Cutoff +1m,1,127,2023 Q3,2024 Q2,inflation,3,NA,MIDAS,2024-06-30,Other,1.3948747405589046,NA
Cutoff +1m,1,127,2023 Q3,2024 Q2,inflation,3,0.5405165295109489,AR(2),2024-06-30,Other,1.3948747405589046,-0.8543582110479557
Cutoff +1m,1,127,2023 Q3,2024 Q2,inflation,3,1.1963681387183271,RW-trend,2024-06-30,Other,1.3948747405589046,-0.19850660184057745
Cutoff +1m,1,127,2023 Q3,2024 Q3,inflation,4,0.23506987486035832,MF-VAR,2024-09-30,1-year ahead,0.04584411512098541,0.18922575973937292
Cutoff +1m,1,127,2023 Q3,2024 Q3,inflation,4,NA,MIDAS (trend),2024-09-30,1-year ahead,0.04584411512098541,NA
Cutoff +1m,1,127,2023 Q3,2024 Q3,inflation,4,NA,MIDAS,2024-09-30,1-year ahead,0.04584411512098541,NA
Cutoff +1m,1,127,2023 Q3,2024 Q3,inflation,4,0.397334108010309,AR(2),2024-09-30,1-year ahead,0.04584411512098541,0.3514899928893236
Cutoff +1m,1,127,2023 Q3,2024 Q3,inflation,4,1.1749543990007396,RW-trend,2024-09-30,1-year ahead,0.04584411512098541,1.1291102838797542
Cutoff +1m,1,128,2023 Q4,2024 Q1,exch_rate,1,-0.052143196638096356,MF-VAR,2024-03-31,1-step ahead,-0.052092694858905865,-5.0501779190491314e-5
Cutoff +1m,1,128,2023 Q4,2024 Q1,exch_rate,1,NA,MIDAS (trend),2024-03-31,1-step ahead,-0.052092694858905865,NA
Cutoff +1m,1,128,2023 Q4,2024 Q1,exch_rate,1,NA,MIDAS,2024-03-31,1-step ahead,-0.052092694858905865,NA
Cutoff +1m,1,128,2023 Q4,2024 Q1,exch_rate,1,-0.049217700426208336,AR(2),2024-03-31,1-step ahead,-0.052092694858905865,0.0028749944326975294
Cutoff +1m,1,128,2023 Q4,2024 Q1,exch_rate,1,-0.05225105370092979,RW-trend,2024-03-31,1-step ahead,-0.052092694858905865,-1.5835884202392708e-4
Cutoff +1m,1,128,2023 Q4,2024 Q2,exch_rate,2,-0.05932663932114274,MF-VAR,2024-06-30,Other,-0.02679720863629812,-0.03252943068484462
Cutoff +1m,1,128,2023 Q4,2024 Q2,exch_rate,2,NA,MIDAS (trend),2024-06-30,Other,-0.02679720863629812,NA
Cutoff +1m,1,128,2023 Q4,2024 Q2,exch_rate,2,NA,MIDAS,2024-06-30,Other,-0.02679720863629812,NA
Cutoff +1m,1,128,2023 Q4,2024 Q2,exch_rate,2,-0.04715585643031273,AR(2),2024-06-30,Other,-0.02679720863629812,-0.02035864779401461
Cutoff +1m,1,128,2023 Q4,2024 Q2,exch_rate,2,-0.05762129151512141,RW-trend,2024-06-30,Other,-0.02679720863629812,-0.030824082878823288
Cutoff +1m,1,128,2023 Q4,2024 Q3,exch_rate,3,-0.06468503001194005,MF-VAR,2024-09-30,Other,-0.049958817793634556,-0.014726212218305494
Cutoff +1m,1,128,2023 Q4,2024 Q3,exch_rate,3,NA,MIDAS (trend),2024-09-30,Other,-0.049958817793634556,NA
Cutoff +1m,1,128,2023 Q4,2024 Q3,exch_rate,3,NA,MIDAS,2024-09-30,Other,-0.049958817793634556,NA
Cutoff +1m,1,128,2023 Q4,2024 Q3,exch_rate,3,-0.05203250766474324,AR(2),2024-09-30,Other,-0.049958817793634556,-0.002073689871108682
Cutoff +1m,1,128,2023 Q4,2024 Q3,exch_rate,3,-0.06299152932931304,RW-trend,2024-09-30,Other,-0.049958817793634556,-0.013032711535678483
Cutoff +1m,1,128,2023 Q4,2024 Q4,exch_rate,4,-0.06443408836683255,MF-VAR,2024-12-31,1-year ahead,-0.06616821551812571,0.0017341271512931605
Cutoff +1m,1,128,2023 Q4,2024 Q4,exch_rate,4,NA,MIDAS (trend),2024-12-31,1-year ahead,-0.06616821551812571,NA
Cutoff +1m,1,128,2023 Q4,2024 Q4,exch_rate,4,NA,MIDAS,2024-12-31,1-year ahead,-0.06616821551812571,NA
Cutoff +1m,1,128,2023 Q4,2024 Q4,exch_rate,4,-0.05016330306732387,AR(2),2024-12-31,1-year ahead,-0.06616821551812571,0.016004912450801843
Cutoff +1m,1,128,2023 Q4,2024 Q4,exch_rate,4,-0.06836176714350464,RW-trend,2024-12-31,1-year ahead,-0.06616821551812571,-0.002193551625378931
Cutoff +1m,1,128,2023 Q4,2024 Q1,gdp_growth,1,0.7838466718518914,MF-VAR,2024-03-31,1-step ahead,4.0977257494837716,-3.31387907763188
Cutoff +1m,1,128,2023 Q4,2024 Q1,gdp_growth,1,NA,MIDAS (trend),2024-03-31,1-step ahead,4.0977257494837716,NA
Cutoff +1m,1,128,2023 Q4,2024 Q1,gdp_growth,1,NA,MIDAS,2024-03-31,1-step ahead,4.0977257494837716,NA
Cutoff +1m,1,128,2023 Q4,2024 Q1,gdp_growth,1,1.448080703254949,AR(2),2024-03-31,1-step ahead,4.0977257494837716,-2.6496450462288226
Cutoff +1m,1,128,2023 Q4,2024 Q1,gdp_growth,1,0.9508504963575501,RW-trend,2024-03-31,1-step ahead,4.0977257494837716,-3.1468752531262214
Cutoff +1m,1,128,2023 Q4,2024 Q2,gdp_growth,2,0.33949507080970365,MF-VAR,2024-06-30,Other,1.9600339339092443,-1.6205388630995405
Cutoff +1m,1,128,2023 Q4,2024 Q2,gdp_growth,2,NA,MIDAS (trend),2024-06-30,Other,1.9600339339092443,NA
Cutoff +1m,1,128,2023 Q4,2024 Q2,gdp_growth,2,NA,MIDAS,2024-06-30,Other,1.9600339339092443,NA
Cutoff +1m,1,128,2023 Q4,2024 Q2,gdp_growth,2,1.3695609276785037,AR(2),2024-06-30,Other,1.9600339339092443,-0.5904730062307406
Cutoff +1m,1,128,2023 Q4,2024 Q2,gdp_growth,2,0.9707514523189583,RW-trend,2024-06-30,Other,1.9600339339092443,-0.989282481590286
Cutoff +1m,1,128,2023 Q4,2024 Q3,gdp_growth,3,1.6296684700001198,MF-VAR,2024-09-30,Other,1.7249375962080649,-0.09526912620794503
Cutoff +1m,1,128,2023 Q4,2024 Q3,gdp_growth,3,NA,MIDAS (trend),2024-09-30,Other,1.7249375962080649,NA
Cutoff +1m,1,128,2023 Q4,2024 Q3,gdp_growth,3,NA,MIDAS,2024-09-30,Other,1.7249375962080649,NA
Cutoff +1m,1,128,2023 Q4,2024 Q3,gdp_growth,3,2.4798229190592243,AR(2),2024-09-30,Other,1.7249375962080649,0.7548853228511594
Cutoff +1m,1,128,2023 Q4,2024 Q3,gdp_growth,3,0.9906524082803664,RW-trend,2024-09-30,Other,1.7249375962080649,-0.7342851879276985
Cutoff +1m,1,128,2023 Q4,2024 Q4,gdp_growth,4,0.9639038523936617,MF-VAR,2024-12-31,1-year ahead,1.3156274812899937,-0.351723628896332
Cutoff +1m,1,128,2023 Q4,2024 Q4,gdp_growth,4,NA,MIDAS (trend),2024-12-31,1-year ahead,1.3156274812899937,NA
Cutoff +1m,1,128,2023 Q4,2024 Q4,gdp_growth,4,NA,MIDAS,2024-12-31,1-year ahead,1.3156274812899937,NA
Cutoff +1m,1,128,2023 Q4,2024 Q4,gdp_growth,4,1.4331373487426358,AR(2),2024-12-31,1-year ahead,1.3156274812899937,0.11750986745264203
Cutoff +1m,1,128,2023 Q4,2024 Q4,gdp_growth,4,1.0105533642417746,RW-trend,2024-12-31,1-year ahead,1.3156274812899937,-0.3050741170482192
Cutoff +1m,1,128,2023 Q4,2024 Q1,inflation,1,1.555200325128153,MF-VAR,2024-03-31,1-step ahead,1.20167733791412,0.3535229872140331
Cutoff +1m,1,128,2023 Q4,2024 Q1,inflation,1,NA,MIDAS (trend),2024-03-31,1-step ahead,1.20167733791412,NA
Cutoff +1m,1,128,2023 Q4,2024 Q1,inflation,1,NA,MIDAS,2024-03-31,1-step ahead,1.20167733791412,NA
Cutoff +1m,1,128,2023 Q4,2024 Q1,inflation,1,1.0239396853679548,AR(2),2024-03-31,1-step ahead,1.20167733791412,-0.17773765254616514
Cutoff +1m,1,128,2023 Q4,2024 Q1,inflation,1,1.5270166340348188,RW-trend,2024-03-31,1-step ahead,1.20167733791412,0.3253392961206989
Cutoff +1m,1,128,2023 Q4,2024 Q2,inflation,2,0.7093974401703864,MF-VAR,2024-06-30,Other,1.3948747405589046,-0.6854773003885182
Cutoff +1m,1,128,2023 Q4,2024 Q2,inflation,2,NA,MIDAS (trend),2024-06-30,Other,1.3948747405589046,NA
Cutoff +1m,1,128,2023 Q4,2024 Q2,inflation,2,NA,MIDAS,2024-06-30,Other,1.3948747405589046,NA
Cutoff +1m,1,128,2023 Q4,2024 Q2,inflation,2,0.8029636773089346,AR(2),2024-06-30,Other,1.3948747405589046,-0.59191106324997
Cutoff +1m,1,128,2023 Q4,2024 Q2,inflation,2,1.5080378136526558,RW-trend,2024-06-30,Other,1.3948747405589046,0.11316307309375118
Cutoff +1m,1,128,2023 Q4,2024 Q3,inflation,3,0.3905865563150267,MF-VAR,2024-09-30,Other,0.04584411512098541,0.3447424411940413
Cutoff +1m,1,128,2023 Q4,2024 Q3,inflation,3,NA,MIDAS (trend),2024-09-30,Other,0.04584411512098541,NA
Cutoff +1m,1,128,2023 Q4,2024 Q3,inflation,3,NA,MIDAS,2024-09-30,Other,0.04584411512098541,NA
Cutoff +1m,1,128,2023 Q4,2024 Q3,inflation,3,0.5677623528584292,AR(2),2024-09-30,Other,0.04584411512098541,0.5219182377374438
Cutoff +1m,1,128,2023 Q4,2024 Q3,inflation,3,1.4890589932704927,RW-trend,2024-09-30,Other,0.04584411512098541,1.4432148781495073
Cutoff +1m,1,128,2023 Q4,2024 Q4,inflation,4,0.3039210186044234,MF-VAR,2024-12-31,1-year ahead,-0.025275077754116637,0.32919609635854
Cutoff +1m,1,128,2023 Q4,2024 Q4,inflation,4,NA,MIDAS (trend),2024-12-31,1-year ahead,-0.025275077754116637,NA
Cutoff +1m,1,128,2023 Q4,2024 Q4,inflation,4,NA,MIDAS,2024-12-31,1-year ahead,-0.025275077754116637,NA
Cutoff +1m,1,128,2023 Q4,2024 Q4,inflation,4,0.4877687620752635,AR(2),2024-12-31,1-year ahead,-0.025275077754116637,0.5130438398293802
Cutoff +1m,1,128,2023 Q4,2024 Q4,inflation,4,1.4700801728883297,RW-trend,2024-12-31,1-year ahead,-0.025275077754116637,1.4953552506424463
Cutoff +1m,1,129,2024 Q1,2024 Q2,exch_rate,1,-0.054299741594480255,MF-VAR,2024-06-30,1-step ahead,-0.02679720863629812,-0.027502532958182134
Cutoff +1m,1,129,2024 Q1,2024 Q2,exch_rate,1,NA,MIDAS (trend),2024-06-30,1-step ahead,-0.02679720863629812,NA
Cutoff +1m,1,129,2024 Q1,2024 Q2,exch_rate,1,NA,MIDAS,2024-06-30,1-step ahead,-0.02679720863629812,NA
Cutoff +1m,1,129,2024 Q1,2024 Q2,exch_rate,1,-0.05042466283272644,AR(2),2024-06-30,1-step ahead,-0.02679720863629812,-0.023627454196428317
Cutoff +1m,1,129,2024 Q1,2024 Q2,exch_rate,1,-0.05746168575308155,RW-trend,2024-06-30,1-step ahead,-0.02679720863629812,-0.030664477116783426
Cutoff +1m,1,129,2024 Q1,2024 Q3,exch_rate,2,-0.058723619618916964,MF-VAR,2024-09-30,Other,-0.049958817793634556,-0.008764801825282408
Cutoff +1m,1,129,2024 Q1,2024 Q3,exch_rate,2,NA,MIDAS (trend),2024-09-30,Other,-0.049958817793634556,NA
Cutoff +1m,1,129,2024 Q1,2024 Q3,exch_rate,2,NA,MIDAS,2024-09-30,Other,-0.049958817793634556,NA
Cutoff +1m,1,129,2024 Q1,2024 Q3,exch_rate,2,-0.05519639104874743,AR(2),2024-09-30,Other,-0.049958817793634556,-0.005237573255112871
Cutoff +1m,1,129,2024 Q1,2024 Q3,exch_rate,2,-0.06283067664725722,RW-trend,2024-09-30,Other,-0.049958817793634556,-0.012871858853622666
Cutoff +1m,1,129,2024 Q1,2024 Q4,exch_rate,3,-0.062188430424252004,MF-VAR,2024-12-31,Other,-0.06616821551812571,0.003979785093873707
Cutoff +1m,1,129,2024 Q1,2024 Q4,exch_rate,3,NA,MIDAS (trend),2024-12-31,Other,-0.06616821551812571,NA
Cutoff +1m,1,129,2024 Q1,2024 Q4,exch_rate,3,NA,MIDAS,2024-12-31,Other,-0.06616821551812571,NA
Cutoff +1m,1,129,2024 Q1,2024 Q4,exch_rate,3,-0.053134001289833664,AR(2),2024-12-31,Other,-0.06616821551812571,0.013034214228292047
Cutoff +1m,1,129,2024 Q1,2024 Q4,exch_rate,3,-0.0681996675414329,RW-trend,2024-12-31,Other,-0.06616821551812571,-0.0020314520233071925
Cutoff +1m,1,129,2024 Q1,2025 Q1,exch_rate,4,-0.06533615378833851,MF-VAR,2025-03-31,1-year ahead,-0.055630925582173515,-0.009705228206164998
Cutoff +1m,1,129,2024 Q1,2025 Q1,exch_rate,4,NA,MIDAS (trend),2025-03-31,1-year ahead,-0.055630925582173515,NA
Cutoff +1m,1,129,2024 Q1,2025 Q1,exch_rate,4,NA,MIDAS,2025-03-31,1-year ahead,-0.055630925582173515,NA
Cutoff +1m,1,129,2024 Q1,2025 Q1,exch_rate,4,-0.05449260740538363,AR(2),2025-03-31,1-year ahead,-0.055630925582173515,0.0011383181767898876
Cutoff +1m,1,129,2024 Q1,2025 Q1,exch_rate,4,-0.07356865843560859,RW-trend,2025-03-31,1-year ahead,-0.055630925582173515,-0.01793773285343507
Cutoff +1m,1,129,2024 Q1,2024 Q2,gdp_growth,1,4.155463048159248,MF-VAR,2024-06-30,1-step ahead,1.9600339339092443,2.195429114250004
Cutoff +1m,1,129,2024 Q1,2024 Q2,gdp_growth,1,NA,MIDAS (trend),2024-06-30,1-step ahead,1.9600339339092443,NA
Cutoff +1m,1,129,2024 Q1,2024 Q2,gdp_growth,1,NA,MIDAS,2024-06-30,1-step ahead,1.9600339339092443,NA
Cutoff +1m,1,129,2024 Q1,2024 Q2,gdp_growth,1,1.2160145078004687,AR(2),2024-06-30,1-step ahead,1.9600339339092443,-0.7440194261087756
Cutoff +1m,1,129,2024 Q1,2024 Q2,gdp_growth,1,4.142405250745386,RW-trend,2024-06-30,1-step ahead,1.9600339339092443,2.182371316836142
Cutoff +1m,1,129,2024 Q1,2024 Q3,gdp_growth,2,3.1747544537628007,MF-VAR,2024-09-30,Other,1.7249375962080649,1.4498168575547359
Cutoff +1m,1,129,2024 Q1,2024 Q3,gdp_growth,2,NA,MIDAS (trend),2024-09-30,Other,1.7249375962080649,NA
Cutoff +1m,1,129,2024 Q1,2024 Q3,gdp_growth,2,NA,MIDAS,2024-09-30,Other,1.7249375962080649,NA
Cutoff +1m,1,129,2024 Q1,2024 Q3,gdp_growth,2,2.365285613039066,AR(2),2024-09-30,Other,1.7249375962080649,0.640348016831001
Cutoff +1m,1,129,2024 Q1,2024 Q3,gdp_growth,2,4.187084752007,RW-trend,2024-09-30,Other,1.7249375962080649,2.4621471557989354
Cutoff +1m,1,129,2024 Q1,2024 Q4,gdp_growth,3,0.8181533508922242,MF-VAR,2024-12-31,Other,1.3156274812899937,-0.49747413039776955
Cutoff +1m,1,129,2024 Q1,2024 Q4,gdp_growth,3,NA,MIDAS (trend),2024-12-31,Other,1.3156274812899937,NA
Cutoff +1m,1,129,2024 Q1,2024 Q4,gdp_growth,3,NA,MIDAS,2024-12-31,Other,1.3156274812899937,NA
Cutoff +1m,1,129,2024 Q1,2024 Q4,gdp_growth,3,1.4741099874016987,AR(2),2024-12-31,Other,1.3156274812899937,0.158482506111705
Cutoff +1m,1,129,2024 Q1,2024 Q4,gdp_growth,3,4.231764253268615,RW-trend,2024-12-31,Other,1.3156274812899937,2.9161367719786213
Cutoff +1m,1,129,2024 Q1,2025 Q1,gdp_growth,4,1.296843791928628,MF-VAR,2025-03-31,1-year ahead,2.2430073144406037,-0.9461635225119758
Cutoff +1m,1,129,2024 Q1,2025 Q1,gdp_growth,4,NA,MIDAS (trend),2025-03-31,1-year ahead,2.2430073144406037,NA
Cutoff +1m,1,129,2024 Q1,2025 Q1,gdp_growth,4,NA,MIDAS,2025-03-31,1-year ahead,2.2430073144406037,NA
Cutoff +1m,1,129,2024 Q1,2025 Q1,gdp_growth,4,1.3151645831546026,AR(2),2025-03-31,1-year ahead,2.2430073144406037,-0.9278427312860011
Cutoff +1m,1,129,2024 Q1,2025 Q1,gdp_growth,4,4.27644375453023,RW-trend,2025-03-31,1-year ahead,2.2430073144406037,2.033436440089626
Cutoff +1m,1,129,2024 Q1,2024 Q2,inflation,1,1.2047429833388101,MF-VAR,2024-06-30,1-step ahead,1.3948747405589046,-0.19013175722009446
Cutoff +1m,1,129,2024 Q1,2024 Q2,inflation,1,NA,MIDAS (trend),2024-06-30,1-step ahead,1.3948747405589046,NA
Cutoff +1m,1,129,2024 Q1,2024 Q2,inflation,1,NA,MIDAS,2024-06-30,1-step ahead,1.3948747405589046,NA
Cutoff +1m,1,129,2024 Q1,2024 Q2,inflation,1,0.8927455056655198,AR(2),2024-06-30,1-step ahead,1.3948747405589046,-0.5021292348933848
Cutoff +1m,1,129,2024 Q1,2024 Q2,inflation,1,1.180136790790849,RW-trend,2024-06-30,1-step ahead,1.3948747405589046,-0.2147379497680555
Cutoff +1m,1,129,2024 Q1,2024 Q3,inflation,2,0.908262688320327,MF-VAR,2024-09-30,Other,0.04584411512098541,0.8624185731993416
Cutoff +1m,1,129,2024 Q1,2024 Q3,inflation,2,NA,MIDAS (trend),2024-09-30,Other,0.04584411512098541,NA
Cutoff +1m,1,129,2024 Q1,2024 Q3,inflation,2,NA,MIDAS,2024-09-30,Other,0.04584411512098541,NA
Cutoff +1m,1,129,2024 Q1,2024 Q3,inflation,2,0.6352290140782517,AR(2),2024-09-30,Other,0.04584411512098541,0.5893848989572663
Cutoff +1m,1,129,2024 Q1,2024 Q3,inflation,2,1.158596243667578,RW-trend,2024-09-30,Other,0.04584411512098541,1.1127521285465927
Cutoff +1m,1,129,2024 Q1,2024 Q4,inflation,3,0.49091270487550315,MF-VAR,2024-12-31,Other,-0.025275077754116637,0.5161877826296197
Cutoff +1m,1,129,2024 Q1,2024 Q4,inflation,3,NA,MIDAS (trend),2024-12-31,Other,-0.025275077754116637,NA
Cutoff +1m,1,129,2024 Q1,2024 Q4,inflation,3,NA,MIDAS,2024-12-31,Other,-0.025275077754116637,NA
Cutoff +1m,1,129,2024 Q1,2024 Q4,inflation,3,0.5340035858625332,AR(2),2024-12-31,Other,-0.025275077754116637,0.5592786636166498
Cutoff +1m,1,129,2024 Q1,2024 Q4,inflation,3,1.1370556965443073,RW-trend,2024-12-31,Other,-0.025275077754116637,1.162330774298424
Cutoff +1m,1,129,2024 Q1,2025 Q1,inflation,4,0.4099640592943157,MF-VAR,2025-03-31,1-year ahead,0.020479440281206962,0.3894846190131087
Cutoff +1m,1,129,2024 Q1,2025 Q1,inflation,4,NA,MIDAS (trend),2025-03-31,1-year ahead,0.020479440281206962,NA
Cutoff +1m,1,129,2024 Q1,2025 Q1,inflation,4,NA,MIDAS,2025-03-31,1-year ahead,0.020479440281206962,NA
Cutoff +1m,1,129,2024 Q1,2025 Q1,inflation,4,0.4600243548012952,AR(2),2025-03-31,1-year ahead,0.020479440281206962,0.43954491452008826
Cutoff +1m,1,129,2024 Q1,2025 Q1,inflation,4,1.1155151494210362,RW-trend,2025-03-31,1-year ahead,0.020479440281206962,1.0950357091398293
Cutoff +1m,1,130,2024 Q2,2024 Q3,exch_rate,1,-0.03593018660459678,MF-VAR,2024-09-30,1-step ahead,-0.049958817793634556,0.014028631189037778
Cutoff +1m,1,130,2024 Q2,2024 Q3,exch_rate,1,NA,MIDAS (trend),2024-09-30,1-step ahead,-0.049958817793634556,NA
Cutoff +1m,1,130,2024 Q2,2024 Q3,exch_rate,1,NA,MIDAS,2024-09-30,1-step ahead,-0.049958817793634556,NA
Cutoff +1m,1,130,2024 Q2,2024 Q3,exch_rate,1,-0.02804934971127886,AR(2),2024-09-30,1-step ahead,-0.049958817793634556,0.021909468082355697
Cutoff +1m,1,130,2024 Q2,2024 Q3,exch_rate,1,-0.031926633302998934,RW-trend,2024-09-30,1-step ahead,-0.049958817793634556,0.018032184490635622
Cutoff +1m,1,130,2024 Q2,2024 Q4,exch_rate,2,-0.04259784446033541,MF-VAR,2024-12-31,Other,-0.06616821551812571,0.0235703710577903
Cutoff +1m,1,130,2024 Q2,2024 Q4,exch_rate,2,NA,MIDAS (trend),2024-12-31,Other,-0.06616821551812571,NA
Cutoff +1m,1,130,2024 Q2,2024 Q4,exch_rate,2,NA,MIDAS,2024-12-31,Other,-0.06616821551812571,NA
Cutoff +1m,1,130,2024 Q2,2024 Q4,exch_rate,2,-0.026851884741831773,AR(2),2024-12-31,Other,-0.06616821551812571,0.03931633077629394
Cutoff +1m,1,130,2024 Q2,2024 Q4,exch_rate,2,-0.03705605796969975,RW-trend,2024-12-31,Other,-0.06616821551812571,0.029112157548425964
Cutoff +1m,1,130,2024 Q2,2025 Q1,exch_rate,3,-0.04671607541401198,MF-VAR,2025-03-31,Other,-0.055630925582173515,0.008914850168161535
Cutoff +1m,1,130,2024 Q2,2025 Q1,exch_rate,3,NA,MIDAS (trend),2025-03-31,Other,-0.055630925582173515,NA
Cutoff +1m,1,130,2024 Q2,2025 Q1,exch_rate,3,NA,MIDAS,2025-03-31,Other,-0.055630925582173515,NA
Cutoff +1m,1,130,2024 Q2,2025 Q1,exch_rate,3,-0.029936792098330677,AR(2),2025-03-31,Other,-0.055630925582173515,0.025694133483842838
Cutoff +1m,1,130,2024 Q2,2025 Q1,exch_rate,3,-0.04218548263640056,RW-trend,2025-03-31,Other,-0.055630925582173515,0.013445442945772955
Cutoff +1m,1,130,2024 Q2,2025 Q2,exch_rate,4,-0.048591825261193225,MF-VAR,2025-06-30,1-year ahead,-0.06491370262045415,0.016321877359260925
Cutoff +1m,1,130,2024 Q2,2025 Q2,exch_rate,4,NA,MIDAS (trend),2025-06-30,1-year ahead,-0.06491370262045415,NA
Cutoff +1m,1,130,2024 Q2,2025 Q2,exch_rate,4,NA,MIDAS,2025-06-30,1-year ahead,-0.06491370262045415,NA
Cutoff +1m,1,130,2024 Q2,2025 Q2,exch_rate,4,-0.030334727639307668,AR(2),2025-06-30,1-year ahead,-0.06491370262045415,0.03457897498114648
Cutoff +1m,1,130,2024 Q2,2025 Q2,exch_rate,4,-0.047314907303101374,RW-trend,2025-06-30,1-year ahead,-0.06491370262045415,0.017598795317352776
Cutoff +1m,1,130,2024 Q2,2024 Q3,gdp_growth,1,3.096878344097095,MF-VAR,2024-09-30,1-step ahead,1.7249375962080649,1.3719407478890302
Cutoff +1m,1,130,2024 Q2,2024 Q3,gdp_growth,1,NA,MIDAS (trend),2024-09-30,1-step ahead,1.7249375962080649,NA
Cutoff +1m,1,130,2024 Q2,2024 Q3,gdp_growth,1,NA,MIDAS,2024-09-30,1-step ahead,1.7249375962080649,NA
Cutoff +1m,1,130,2024 Q2,2024 Q3,gdp_growth,1,2.3203087360214525,AR(2),2024-09-30,1-step ahead,1.7249375962080649,0.5953711398133876
Cutoff +1m,1,130,2024 Q2,2024 Q3,gdp_growth,1,1.9876636592580765,RW-trend,2024-09-30,1-step ahead,1.7249375962080649,0.26272606305001167
Cutoff +1m,1,130,2024 Q2,2024 Q4,gdp_growth,2,0.7772060546547407,MF-VAR,2024-12-31,Other,1.3156274812899937,-0.538421426635253
Cutoff +1m,1,130,2024 Q2,2024 Q4,gdp_growth,2,NA,MIDAS (trend),2024-12-31,Other,1.3156274812899937,NA
Cutoff +1m,1,130,2024 Q2,2024 Q4,gdp_growth,2,NA,MIDAS,2024-12-31,Other,1.3156274812899937,NA
Cutoff +1m,1,130,2024 Q2,2024 Q4,gdp_growth,2,1.440215868502611,AR(2),2024-12-31,Other,1.3156274812899937,0.12458838721261722
Cutoff +1m,1,130,2024 Q2,2024 Q4,gdp_growth,2,2.0152933846069088,RW-trend,2024-12-31,Other,1.3156274812899937,0.699665903316915
Cutoff +1m,1,130,2024 Q2,2025 Q1,gdp_growth,3,1.1913007919180014,MF-VAR,2025-03-31,Other,2.2430073144406037,-1.0517065225226023
Cutoff +1m,1,130,2024 Q2,2025 Q1,gdp_growth,3,NA,MIDAS (trend),2025-03-31,Other,2.2430073144406037,NA
Cutoff +1m,1,130,2024 Q2,2025 Q1,gdp_growth,3,NA,MIDAS,2025-03-31,Other,2.2430073144406037,NA
Cutoff +1m,1,130,2024 Q2,2025 Q1,gdp_growth,3,1.3250892100214715,AR(2),2025-03-31,Other,2.2430073144406037,-0.9179181044191322
Cutoff +1m,1,130,2024 Q2,2025 Q1,gdp_growth,3,2.042923109955741,RW-trend,2025-03-31,Other,2.2430073144406037,-0.20008420448486275
Cutoff +1m,1,130,2024 Q2,2025 Q2,gdp_growth,4,1.0921998739385113,MF-VAR,2025-06-30,1-year ahead,-0.09620412701139003,1.1884040009499013
Cutoff +1m,1,130,2024 Q2,2025 Q2,gdp_growth,4,NA,MIDAS (trend),2025-06-30,1-year ahead,-0.09620412701139003,NA
Cutoff +1m,1,130,2024 Q2,2025 Q2,gdp_growth,4,NA,MIDAS,2025-06-30,1-year ahead,-0.09620412701139003,NA
Cutoff +1m,1,130,2024 Q2,2025 Q2,gdp_growth,4,1.3707860075882334,AR(2),2025-06-30,1-year ahead,-0.09620412701139003,1.4669901345996235
Cutoff +1m,1,130,2024 Q2,2025 Q2,gdp_growth,4,2.0705528353045732,RW-trend,2025-06-30,1-year ahead,-0.09620412701139003,2.1667569623159633
Cutoff +1m,1,130,2024 Q2,2024 Q3,inflation,1,1.3279659262162848,MF-VAR,2024-09-30,1-step ahead,0.04584411512098541,1.2821218110952994
Cutoff +1m,1,130,2024 Q2,2024 Q3,inflation,1,NA,MIDAS (trend),2024-09-30,1-step ahead,0.04584411512098541,NA
Cutoff +1m,1,130,2024 Q2,2024 Q3,inflation,1,NA,MIDAS,2024-09-30,1-step ahead,0.04584411512098541,NA
Cutoff +1m,1,130,2024 Q2,2024 Q3,inflation,1,0.8823740221320735,AR(2),2024-09-30,1-step ahead,0.04584411512098541,0.8365299070110881
Cutoff +1m,1,130,2024 Q2,2024 Q3,inflation,1,1.3750118336681967,RW-trend,2024-09-30,1-step ahead,0.04584411512098541,1.3291677185472113
Cutoff +1m,1,130,2024 Q2,2024 Q4,inflation,2,0.6927981068501249,MF-VAR,2024-12-31,Other,-0.025275077754116637,0.7180731846042415
Cutoff +1m,1,130,2024 Q2,2024 Q4,inflation,2,NA,MIDAS (trend),2024-12-31,Other,-0.025275077754116637,NA
Cutoff +1m,1,130,2024 Q2,2024 Q4,inflation,2,NA,MIDAS,2024-12-31,Other,-0.025275077754116637,NA
Cutoff +1m,1,130,2024 Q2,2024 Q4,inflation,2,0.7172473085039242,AR(2),2024-12-31,Other,-0.025275077754116637,0.7425223862580408
Cutoff +1m,1,130,2024 Q2,2024 Q4,inflation,2,1.3551489267774888,RW-trend,2024-12-31,Other,-0.025275077754116637,1.3804240045316054
Cutoff +1m,1,130,2024 Q2,2025 Q1,inflation,3,0.5459069763904515,MF-VAR,2025-03-31,Other,0.020479440281206962,0.5254275361092445
Cutoff +1m,1,130,2024 Q2,2025 Q1,inflation,3,NA,MIDAS (trend),2025-03-31,Other,0.020479440281206962,NA
Cutoff +1m,1,130,2024 Q2,2025 Q1,inflation,3,NA,MIDAS,2025-03-31,Other,0.020479440281206962,NA
Cutoff +1m,1,130,2024 Q2,2025 Q1,inflation,3,0.5817660137853098,AR(2),2025-03-31,Other,0.020479440281206962,0.5612865735041028
Cutoff +1m,1,130,2024 Q2,2025 Q1,inflation,3,1.3352860198867809,RW-trend,2025-03-31,Other,0.020479440281206962,1.314806579605574
Cutoff +1m,1,130,2024 Q2,2025 Q2,inflation,4,0.39678395624859014,MF-VAR,2025-06-30,1-year ahead,0.08229123314116293,0.3144927231074272
Cutoff +1m,1,130,2024 Q2,2025 Q2,inflation,4,NA,MIDAS (trend),2025-06-30,1-year ahead,0.08229123314116293,NA
Cutoff +1m,1,130,2024 Q2,2025 Q2,inflation,4,NA,MIDAS,2025-06-30,1-year ahead,0.08229123314116293,NA
Cutoff +1m,1,130,2024 Q2,2025 Q2,inflation,4,0.4926904838378004,AR(2),2025-06-30,1-year ahead,0.08229123314116293,0.41039925069663746
Cutoff +1m,1,130,2024 Q2,2025 Q2,inflation,4,1.315423112996073,RW-trend,2025-06-30,1-year ahead,0.08229123314116293,1.23313187985491
Cutoff +1m,1,131,2024 Q3,2024 Q4,exch_rate,1,-0.05208572068462732,MF-VAR,2024-12-31,1-step ahead,-0.06616821551812571,0.01408249483349839
Cutoff +1m,1,131,2024 Q3,2024 Q4,exch_rate,1,NA,MIDAS (trend),2024-12-31,1-step ahead,-0.06616821551812571,NA
Cutoff +1m,1,131,2024 Q3,2024 Q4,exch_rate,1,NA,MIDAS,2024-12-31,1-step ahead,-0.06616821551812571,NA
Cutoff +1m,1,131,2024 Q3,2024 Q4,exch_rate,1,-0.05157433688216628,AR(2),2024-12-31,1-step ahead,-0.06616821551812571,0.014593878635959429
Cutoff +1m,1,131,2024 Q3,2024 Q4,exch_rate,1,-0.05522802683623177,RW-trend,2024-12-31,1-step ahead,-0.06616821551812571,0.01094018868189394
Cutoff +1m,1,131,2024 Q3,2025 Q1,exch_rate,2,-0.06014726752761971,MF-VAR,2025-03-31,Other,-0.055630925582173515,-0.004516341945446194
Cutoff +1m,1,131,2024 Q3,2025 Q1,exch_rate,2,NA,MIDAS (trend),2025-03-31,Other,-0.055630925582173515,NA
Cutoff +1m,1,131,2024 Q3,2025 Q1,exch_rate,2,NA,MIDAS,2025-03-31,Other,-0.055630925582173515,NA
Cutoff +1m,1,131,2024 Q3,2025 Q1,exch_rate,2,-0.053855042130550874,AR(2),2025-03-31,Other,-0.055630925582173515,0.001775883451622641
Cutoff +1m,1,131,2024 Q3,2025 Q1,exch_rate,2,-0.06049723587882898,RW-trend,2025-03-31,Other,-0.055630925582173515,-0.004866310296655463
Cutoff +1m,1,131,2024 Q3,2025 Q2,exch_rate,3,-0.0573355722995887,MF-VAR,2025-06-30,Other,-0.06491370262045415,0.007578130320865448
Cutoff +1m,1,131,2024 Q3,2025 Q2,exch_rate,3,NA,MIDAS (trend),2025-06-30,Other,-0.06491370262045415,NA
Cutoff +1m,1,131,2024 Q3,2025 Q2,exch_rate,3,NA,MIDAS,2025-06-30,Other,-0.06491370262045415,NA
Cutoff +1m,1,131,2024 Q3,2025 Q2,exch_rate,3,-0.05283056499483761,AR(2),2025-06-30,Other,-0.06491370262045415,0.012083137625616538
Cutoff +1m,1,131,2024 Q3,2025 Q2,exch_rate,3,-0.06576644492142619,RW-trend,2025-06-30,Other,-0.06491370262045415,-8.527423009720425e-4
Cutoff +1m,1,131,2024 Q3,2025 Q3,exch_rate,4,-0.06451266197283698,MF-VAR,2025-09-30,1-year ahead,-0.06684019298606815,0.002327531013231174
Cutoff +1m,1,131,2024 Q3,2025 Q3,exch_rate,4,NA,MIDAS (trend),2025-09-30,1-year ahead,-0.06684019298606815,NA
Cutoff +1m,1,131,2024 Q3,2025 Q3,exch_rate,4,NA,MIDAS,2025-09-30,1-year ahead,-0.06684019298606815,NA
Cutoff +1m,1,131,2024 Q3,2025 Q3,exch_rate,4,-0.05887865658051002,AR(2),2025-09-30,1-year ahead,-0.06684019298606815,0.007961536405558127
Cutoff +1m,1,131,2024 Q3,2025 Q3,exch_rate,4,-0.071035653964023407,RW-trend,2025-09-30,1-year ahead,-0.06684019298606815,-0.0041954609779552565
Cutoff +1m,1,131,2024 Q3,2024 Q4,gdp_growth,1,0.669139814061274,MF-VAR,2024-12-31,1-step ahead,1.3156274812899937,-0.6464876672287198
Cutoff +1m,1,131,2024 Q3,2024 Q4,gdp_growth,1,NA,MIDAS (trend),2024-12-31,1-step ahead,1.3156274812899937,NA
Cutoff +1m,1,131,2024 Q3,2024 Q4,gdp_growth,1,NA,MIDAS,2024-12-31,1-step ahead,1.3156274812899937,NA
Cutoff +1m,1,131,2024 Q3,2024 Q4,gdp_growth,1,1.4729353917720749,AR(2),2024-12-31,1-step ahead,1.3156274812899937,0.15730791048208115
Cutoff +1m,1,131,2024 Q3,2024 Q4,gdp_growth,1,1.7505306854092226,RW-trend,2024-12-31,1-step ahead,1.3156274812899937,0.4349032041192289
Cutoff +1m,1,131,2024 Q3,2025 Q1,gdp_growth,2,-0.07823434843785859,MF-VAR,2025-03-31,Other,2.2430073144406037,-2.3212416628784625
Cutoff +1m,1,131,2024 Q3,2025 Q1,gdp_growth,2,NA,MIDAS (trend),2025-03-31,Other,2.2430073144406037,NA
Cutoff +1m,1,131,2024 Q3,2025 Q1,gdp_growth,2,NA,MIDAS,2025-03-31,Other,2.2430073144406037,NA
Cutoff +1m,1,131,2024 Q3,2025 Q1,gdp_growth,2,1.3502842171332174,AR(2),2025-03-31,Other,2.2430073144406037,-0.8927230973073863
Cutoff +1m,1,131,2024 Q3,2025 Q1,gdp_growth,2,1.7761237746103804,RW-trend,2025-03-31,Other,2.2430073144406037,-0.46688353983022335
Cutoff +1m,1,131,2024 Q3,2025 Q2,gdp_growth,3,1.3545592775778017,MF-VAR,2025-06-30,Other,-0.09620412701139003,1.4507634045891917
Cutoff +1m,1,131,2024 Q3,2025 Q2,gdp_growth,3,NA,MIDAS (trend),2025-06-30,Other,-0.09620412701139003,NA
Cutoff +1m,1,131,2024 Q3,2025 Q2,gdp_growth,3,NA,MIDAS,2025-06-30,Other,-0.09620412701139003,NA
Cutoff +1m,1,131,2024 Q3,2025 Q2,gdp_growth,3,1.3603955818547768,AR(2),2025-06-30,Other,-0.09620412701139003,1.4565997088661669
Cutoff +1m,1,131,2024 Q3,2025 Q2,gdp_growth,3,1.8017168638115382,RW-trend,2025-06-30,Other,-0.09620412701139003,1.8979209908229282
Cutoff +1m,1,131,2024 Q3,2025 Q3,gdp_growth,4,2.710436293799145,MF-VAR,2025-09-30,1-year ahead,-0.3289627178062915,3.0393990116054366
Cutoff +1m,1,131,2024 Q3,2025 Q3,gdp_growth,4,NA,MIDAS (trend),2025-09-30,1-year ahead,-0.3289627178062915,NA
Cutoff +1m,1,131,2024 Q3,2025 Q3,gdp_growth,4,NA,MIDAS,2025-09-30,1-year ahead,-0.3289627178062915,NA
Cutoff +1m,1,131,2024 Q3,2025 Q3,gdp_growth,4,2.4990426714488465,AR(2),2025-09-30,1-year ahead,-0.3289627178062915,2.828005389255138
Cutoff +1m,1,131,2024 Q3,2025 Q3,gdp_growth,4,1.827309953012696,RW-trend,2025-09-30,1-year ahead,-0.3289627178062915,2.1562726708189874
Cutoff +1m,1,131,2024 Q3,2024 Q4,inflation,1,0.07209800839577309,MF-VAR,2024-12-31,1-step ahead,-0.025275077754116637,0.09737308614988972
Cutoff +1m,1,131,2024 Q3,2024 Q4,inflation,1,NA,MIDAS (trend),2024-12-31,1-step ahead,-0.025275077754116637,NA
Cutoff +1m,1,131,2024 Q3,2024 Q4,inflation,1,NA,MIDAS,2024-12-31,1-step ahead,-0.025275077754116637,NA
Cutoff +1m,1,131,2024 Q3,2024 Q4,inflation,1,0.31545276807402567,AR(2),2024-12-31,1-step ahead,-0.025275077754116637,0.3407278458281423
Cutoff +1m,1,131,2024 Q3,2024 Q4,inflation,1,0.01567758250510521,RW-trend,2024-12-31,1-step ahead,-0.025275077754116637,0.04095266025922185
Cutoff +1m,1,131,2024 Q3,2025 Q1,inflation,2,0.01617471468408948,MF-VAR,2025-03-31,Other,0.020479440281206962,-0.004304725597117483
Cutoff +1m,1,131,2024 Q3,2025 Q1,inflation,2,NA,MIDAS (trend),2025-03-31,Other,0.020479440281206962,NA
Cutoff +1m,1,131,2024 Q3,2025 Q1,inflation,2,NA,MIDAS,2025-03-31,Other,0.020479440281206962,NA
Cutoff +1m,1,131,2024 Q3,2025 Q1,inflation,2,0.28895837688022913,AR(2),2025-03-31,Other,0.020479440281206962,0.26847893659902217
Cutoff +1m,1,131,2024 Q3,2025 Q1,inflation,2,-0.014488950110774987,RW-trend,2025-03-31,Other,0.020479440281206962,-0.03496839039198195
Cutoff +1m,1,131,2024 Q3,2025 Q2,inflation,3,0.15996957830952035,MF-VAR,2025-06-30,Other,0.08229123314116293,0.07767834516835742
Cutoff +1m,1,131,2024 Q3,2025 Q2,inflation,3,NA,MIDAS (trend),2025-06-30,Other,0.08229123314116293,NA
Cutoff +1m,1,131,2024 Q3,2025 Q2,inflation,3,NA,MIDAS,2025-06-30,Other,0.08229123314116293,NA
Cutoff +1m,1,131,2024 Q3,2025 Q2,inflation,3,0.30382417422044655,AR(2),2025-06-30,Other,0.08229123314116293,0.22153294107928362
Cutoff +1m,1,131,2024 Q3,2025 Q2,inflation,3,-0.04465548272665518,RW-trend,2025-06-30,Other,0.08229123314116293,-0.1269467158678181
Cutoff +1m,1,131,2024 Q3,2025 Q3,inflation,4,0.0861328774984508,MF-VAR,2025-09-30,1-year ahead,0.6122884651894367,-0.5261555876909859
Cutoff +1m,1,131,2024 Q3,2025 Q3,inflation,4,NA,MIDAS (trend),2025-09-30,1-year ahead,0.6122884651894367,NA
Cutoff +1m,1,131,2024 Q3,2025 Q3,inflation,4,NA,MIDAS,2025-09-30,1-year ahead,0.6122884651894367,NA
Cutoff +1m,1,131,2024 Q3,2025 Q3,inflation,4,0.23832747999870577,AR(2),2025-09-30,1-year ahead,0.6122884651894367,-0.37396098519073095
Cutoff +1m,1,131,2024 Q3,2025 Q3,inflation,4,-0.07482201534253538,RW-trend,2025-09-30,1-year ahead,0.6122884651894367,-0.6871104805319721
Cutoff +2m,2,104,2017 Q4,2018 Q1,exch_rate,1,0.14516257016695464,MF-VAR,2018-03-31,1-step ahead,0.15264355829537735,-0.007480988128422711
Cutoff +2m,2,104,2017 Q4,2018 Q1,exch_rate,1,NA,MIDAS (trend),2018-03-31,1-step ahead,0.15264355829537735,NA
Cutoff +2m,2,104,2017 Q4,2018 Q1,exch_rate,1,NA,MIDAS,2018-03-31,1-step ahead,0.15264355829537735,NA
Cutoff +2m,2,104,2017 Q4,2018 Q1,exch_rate,1,0.14978954724567872,AR(2),2018-03-31,1-step ahead,0.15264355829537735,-0.0028540110496986237
Cutoff +2m,2,104,2017 Q4,2018 Q1,exch_rate,1,0.14572549799887072,RW-trend,2018-03-31,1-step ahead,0.15264355829537735,-0.0069180602965066285
Cutoff +2m,2,104,2017 Q4,2018 Q2,exch_rate,2,0.13520068689802894,MF-VAR,2018-06-30,Other,0.16068195758324189,-0.025481270685212942
Cutoff +2m,2,104,2017 Q4,2018 Q2,exch_rate,2,NA,MIDAS (trend),2018-06-30,Other,0.16068195758324189,NA
Cutoff +2m,2,104,2017 Q4,2018 Q2,exch_rate,2,NA,MIDAS,2018-06-30,Other,0.16068195758324189,NA
Cutoff +2m,2,104,2017 Q4,2018 Q2,exch_rate,2,0.14721120806899912,AR(2),2018-06-30,Other,0.16068195758324189,-0.013470749514242764
Cutoff +2m,2,104,2017 Q4,2018 Q2,exch_rate,2,0.14102604507942865,RW-trend,2018-06-30,Other,0.16068195758324189,-0.01965591250381324
Cutoff +2m,2,104,2017 Q4,2018 Q3,exch_rate,3,0.12206231610121253,MF-VAR,2018-09-30,Other,0.13431935861291822,-0.012257042511705687
Cutoff +2m,2,104,2017 Q4,2018 Q3,exch_rate,3,NA,MIDAS (trend),2018-09-30,Other,0.13431935861291822,NA
Cutoff +2m,2,104,2017 Q4,2018 Q3,exch_rate,3,NA,MIDAS,2018-09-30,Other,0.13431935861291822,NA
Cutoff +2m,2,104,2017 Q4,2018 Q3,exch_rate,3,0.1367850363171263,AR(2),2018-09-30,Other,0.13431935861291822,0.00246567770420808
Cutoff +2m,2,104,2017 Q4,2018 Q3,exch_rate,3,0.13632659215998655,RW-trend,2018-09-30,Other,0.13431935861291822,0.0020072335470683322
Cutoff +2m,2,104,2017 Q4,2018 Q4,exch_rate,4,0.12130119175193407,MF-VAR,2018-12-31,1-year ahead,0.1276031360069662,-0.006301944255032138
Cutoff +2m,2,104,2017 Q4,2018 Q4,exch_rate,4,NA,MIDAS (trend),2018-12-31,1-year ahead,0.1276031360069662,NA
Cutoff +2m,2,104,2017 Q4,2018 Q4,exch_rate,4,NA,MIDAS,2018-12-31,1-year ahead,0.1276031360069662,NA
Cutoff +2m,2,104,2017 Q4,2018 Q4,exch_rate,4,0.13326135975440376,AR(2),2018-12-31,1-year ahead,0.1276031360069662,0.005658223747437546
Cutoff +2m,2,104,2017 Q4,2018 Q4,exch_rate,4,0.13162713924054445,RW-trend,2018-12-31,1-year ahead,0.1276031360069662,0.004024003233578238
Cutoff +2m,2,104,2017 Q4,2018 Q1,gdp_growth,1,2.5475983713393062,MF-VAR,2018-03-31,1-step ahead,2.3240685470931055,0.22352982424620071
Cutoff +2m,2,104,2017 Q4,2018 Q1,gdp_growth,1,NA,MIDAS (trend),2018-03-31,1-step ahead,2.3240685470931055,NA
Cutoff +2m,2,104,2017 Q4,2018 Q1,gdp_growth,1,NA,MIDAS,2018-03-31,1-step ahead,2.3240685470931055,NA
Cutoff +2m,2,104,2017 Q4,2018 Q1,gdp_growth,1,1.8161226765173173,AR(2),2018-03-31,1-step ahead,2.3240685470931055,-0.5079458705757882
Cutoff +2m,2,104,2017 Q4,2018 Q1,gdp_growth,1,2.7365764570465454,RW-trend,2018-03-31,1-step ahead,2.3240685470931055,0.4125079099534399
Cutoff +2m,2,104,2017 Q4,2018 Q2,gdp_growth,2,1.7432606384710243,MF-VAR,2018-06-30,Other,5.898443791783592,-4.155183153312567
Cutoff +2m,2,104,2017 Q4,2018 Q2,gdp_growth,2,NA,MIDAS (trend),2018-06-30,Other,5.898443791783592,NA
Cutoff +2m,2,104,2017 Q4,2018 Q2,gdp_growth,2,NA,MIDAS,2018-06-30,Other,5.898443791783592,NA
Cutoff +2m,2,104,2017 Q4,2018 Q2,gdp_growth,2,1.5701725112285394,AR(2),2018-06-30,Other,5.898443791783592,-4.328271280555052
Cutoff +2m,2,104,2017 Q4,2018 Q2,gdp_growth,2,2.778451674209534,RW-trend,2018-06-30,Other,5.898443791783592,-3.119992117574058
Cutoff +2m,2,104,2017 Q4,2018 Q3,gdp_growth,3,3.0076537018017397,MF-VAR,2018-09-30,Other,-1.3474872689180017,4.3551409707197415
Cutoff +2m,2,104,2017 Q4,2018 Q3,gdp_growth,3,NA,MIDAS (trend),2018-09-30,Other,-1.3474872689180017,NA
Cutoff +2m,2,104,2017 Q4,2018 Q3,gdp_growth,3,NA,MIDAS,2018-09-30,Other,-1.3474872689180017,NA
Cutoff +2m,2,104,2017 Q4,2018 Q3,gdp_growth,3,2.6179195293501434,AR(2),2018-09-30,Other,-1.3474872689180017,3.965406798268145
Cutoff +2m,2,104,2017 Q4,2018 Q3,gdp_growth,3,2.8203268913725226,RW-trend,2018-09-30,Other,-1.3474872689180017,4.167814160290524
Cutoff +2m,2,104,2017 Q4,2018 Q4,gdp_growth,4,1.6816426779396993,MF-VAR,2018-12-31,1-year ahead,1.1812191444398934,0.500423533499806
Cutoff +2m,2,104,2017 Q4,2018 Q4,gdp_growth,4,NA,MIDAS (trend),2018-12-31,1-year ahead,1.1812191444398934,NA
Cutoff +2m,2,104,2017 Q4,2018 Q4,gdp_growth,4,NA,MIDAS,2018-12-31,1-year ahead,1.1812191444398934,NA
Cutoff +2m,2,104,2017 Q4,2018 Q4,gdp_growth,4,1.5405648818067088,AR(2),2018-12-31,1-year ahead,1.1812191444398934,0.3593457373668154
Cutoff +2m,2,104,2017 Q4,2018 Q4,gdp_growth,4,2.862202108535511,RW-trend,2018-12-31,1-year ahead,1.1812191444398934,1.6809829640956178
Cutoff +2m,2,104,2017 Q4,2018 Q1,inflation,1,1.1889219816472671,MF-VAR,2018-03-31,1-step ahead,1.101666720053629,0.08725526159363817
Cutoff +2m,2,104,2017 Q4,2018 Q1,inflation,1,NA,MIDAS (trend),2018-03-31,1-step ahead,1.101666720053629,NA
Cutoff +2m,2,104,2017 Q4,2018 Q1,inflation,1,NA,MIDAS,2018-03-31,1-step ahead,1.101666720053629,NA
Cutoff +2m,2,104,2017 Q4,2018 Q1,inflation,1,0.7457110433446136,AR(2),2018-03-31,1-step ahead,1.101666720053629,-0.3559556767090154
Cutoff +2m,2,104,2017 Q4,2018 Q1,inflation,1,1.1526817216063565,RW-trend,2018-03-31,1-step ahead,1.101666720053629,0.051015001552727535
Cutoff +2m,2,104,2017 Q4,2018 Q2,inflation,2,0.6763671718588988,MF-VAR,2018-06-30,Other,1.1917670724635343,-0.5153999006046355
Cutoff +2m,2,104,2017 Q4,2018 Q2,inflation,2,NA,MIDAS (trend),2018-06-30,Other,1.1917670724635343,NA
Cutoff +2m,2,104,2017 Q4,2018 Q2,inflation,2,NA,MIDAS,2018-06-30,Other,1.1917670724635343,NA
Cutoff +2m,2,104,2017 Q4,2018 Q2,inflation,2,0.5540811402584767,AR(2),2018-06-30,Other,1.1917670724635343,-0.6376859322050576
Cutoff +2m,2,104,2017 Q4,2018 Q2,inflation,2,1.1256463322766168,RW-trend,2018-06-30,Other,1.1917670724635343,-0.06612074018691749
Cutoff +2m,2,104,2017 Q4,2018 Q3,inflation,3,0.2598940969264645,MF-VAR,2018-09-30,Other,0.900397845668266,-0.6405037487418015
Cutoff +2m,2,104,2017 Q4,2018 Q3,inflation,3,NA,MIDAS (trend),2018-09-30,Other,0.900397845668266,NA
Cutoff +2m,2,104,2017 Q4,2018 Q3,inflation,3,NA,MIDAS,2018-09-30,Other,0.900397845668266,NA
Cutoff +2m,2,104,2017 Q4,2018 Q3,inflation,3,0.38587016833276866,AR(2),2018-09-30,Other,0.900397845668266,-0.5145276773354973
Cutoff +2m,2,104,2017 Q4,2018 Q3,inflation,3,1.0986109429468773,RW-trend,2018-09-30,Other,0.900397845668266,0.19821309727861136
Cutoff +2m,2,104,2017 Q4,2018 Q4,inflation,4,0.1942469056986542,MF-VAR,2018-12-31,1-year ahead,0.50798003818322,-0.3137331324845658
Cutoff +2m,2,104,2017 Q4,2018 Q4,inflation,4,NA,MIDAS (trend),2018-12-31,1-year ahead,0.50798003818322,NA
Cutoff +2m,2,104,2017 Q4,2018 Q4,inflation,4,NA,MIDAS,2018-12-31,1-year ahead,0.50798003818322,NA
Cutoff +2m,2,104,2017 Q4,2018 Q4,inflation,4,0.3601608322939457,AR(2),2018-12-31,1-year ahead,0.50798003818322,-0.14781920588927433
Cutoff +2m,2,104,2017 Q4,2018 Q4,inflation,4,1.0715755536171379,RW-trend,2018-12-31,1-year ahead,0.50798003818322,0.5635955154339178
Cutoff +2m,2,105,2018 Q1,2018 Q2,exch_rate,1,0.15043651155980295,MF-VAR,2018-06-30,1-step ahead,0.16068195758324189,-0.010245446023438937
Cutoff +2m,2,105,2018 Q1,2018 Q2,exch_rate,1,NA,MIDAS (trend),2018-06-30,1-step ahead,0.16068195758324189,NA
Cutoff +2m,2,105,2018 Q1,2018 Q2,exch_rate,1,NA,MIDAS,2018-06-30,1-step ahead,0.16068195758324189,NA
Cutoff +2m,2,105,2018 Q1,2018 Q2,exch_rate,1,0.1505152667301063,AR(2),2018-06-30,1-step ahead,0.16068195758324189,-0.010166690853135596
Cutoff +2m,2,105,2018 Q1,2018 Q2,exch_rate,1,0.14801127100988193,RW-trend,2018-06-30,1-step ahead,0.16068195758324189,-0.012670686573359957
Cutoff +2m,2,105,2018 Q1,2018 Q3,exch_rate,2,0.13805166198640595,MF-VAR,2018-09-30,Other,0.13431935861291822,0.003732303373487733
Cutoff +2m,2,105,2018 Q1,2018 Q3,exch_rate,2,NA,MIDAS (trend),2018-09-30,Other,0.13431935861291822,NA
Cutoff +2m,2,105,2018 Q1,2018 Q3,exch_rate,2,NA,MIDAS,2018-09-30,Other,0.13431935861291822,NA
Cutoff +2m,2,105,2018 Q1,2018 Q3,exch_rate,2,0.13998994880872875,AR(2),2018-09-30,Other,0.13431935861291822,0.005670590195810538
Cutoff +2m,2,105,2018 Q1,2018 Q3,exch_rate,2,0.1433789837243865,RW-trend,2018-09-30,Other,0.13431935861291822,0.009059625111468295
Cutoff +2m,2,105,2018 Q1,2018 Q4,exch_rate,3,0.13447269157660482,MF-VAR,2018-12-31,Other,0.1276031360069662,0.0068695555696386135
Cutoff +2m,2,105,2018 Q1,2018 Q4,exch_rate,3,NA,MIDAS (trend),2018-12-31,Other,0.1276031360069662,NA
Cutoff +2m,2,105,2018 Q1,2018 Q4,exch_rate,3,NA,MIDAS,2018-12-31,Other,0.1276031360069662,NA
Cutoff +2m,2,105,2018 Q1,2018 Q4,exch_rate,3,0.13625578904699198,AR(2),2018-12-31,Other,0.1276031360069662,0.00865265304002577
Cutoff +2m,2,105,2018 Q1,2018 Q4,exch_rate,3,0.13874669643889107,RW-trend,2018-12-31,Other,0.1276031360069662,0.011143560431924854
Cutoff +2m,2,105,2018 Q1,2019 Q1,exch_rate,4,0.1280440891768845,MF-VAR,2019-03-31,1-year ahead,0.12447116689910717,0.003572922277777335
Cutoff +2m,2,105,2018 Q1,2019 Q1,exch_rate,4,NA,MIDAS (trend),2019-03-31,1-year ahead,0.12447116689910717,NA
Cutoff +2m,2,105,2018 Q1,2019 Q1,exch_rate,4,NA,MIDAS,2019-03-31,1-year ahead,0.12447116689910717,NA
Cutoff +2m,2,105,2018 Q1,2019 Q1,exch_rate,4,0.12943196912389784,AR(2),2019-03-31,1-year ahead,0.12447116689910717,0.0049608022247906725
Cutoff +2m,2,105,2018 Q1,2019 Q1,exch_rate,4,0.13411440915339565,RW-trend,2019-03-31,1-year ahead,0.12447116689910717,0.009643242254288475
Cutoff +2m,2,105,2018 Q1,2018 Q2,gdp_growth,1,2.3818058457685827,MF-VAR,2018-06-30,1-step ahead,5.898443791783592,-3.5166379460150092
Cutoff +2m,2,105,2018 Q1,2018 Q2,gdp_growth,1,NA,MIDAS (trend),2018-06-30,1-step ahead,5.898443791783592,NA
Cutoff +2m,2,105,2018 Q1,2018 Q2,gdp_growth,1,NA,MIDAS,2018-06-30,1-step ahead,5.898443791783592,NA
Cutoff +2m,2,105,2018 Q1,2018 Q2,gdp_growth,1,1.7892563480177524,AR(2),2018-06-30,1-step ahead,5.898443791783592,-4.1091874437658396
Cutoff +2m,2,105,2018 Q1,2018 Q2,gdp_growth,1,2.361938833091498,RW-trend,2018-06-30,1-step ahead,5.898443791783592,-3.536504958692094
Cutoff +2m,2,105,2018 Q1,2018 Q3,gdp_growth,2,3.181207233187905,MF-VAR,2018-09-30,Other,-1.3474872689180017,4.528694502105907
Cutoff +2m,2,105,2018 Q1,2018 Q3,gdp_growth,2,NA,MIDAS (trend),2018-09-30,Other,-1.3474872689180017,NA
Cutoff +2m,2,105,2018 Q1,2018 Q3,gdp_growth,2,NA,MIDAS,2018-09-30,Other,-1.3474872689180017,NA
Cutoff +2m,2,105,2018 Q1,2018 Q3,gdp_growth,2,2.68968598278457,AR(2),2018-09-30,Other,-1.3474872689180017,4.037173251702572
Cutoff +2m,2,105,2018 Q1,2018 Q3,gdp_growth,2,2.39980911908989,RW-trend,2018-09-30,Other,-1.3474872689180017,3.7472963880078916
Cutoff +2m,2,105,2018 Q1,2018 Q4,gdp_growth,3,1.7491886472253753,MF-VAR,2018-12-31,Other,1.1812191444398934,0.5679695027854819
Cutoff +2m,2,105,2018 Q1,2018 Q4,gdp_growth,3,NA,MIDAS (trend),2018-12-31,Other,1.1812191444398934,NA
Cutoff +2m,2,105,2018 Q1,2018 Q4,gdp_growth,3,NA,MIDAS,2018-12-31,Other,1.1812191444398934,NA
Cutoff +2m,2,105,2018 Q1,2018 Q4,gdp_growth,3,1.5651656242861933,AR(2),2018-12-31,Other,1.1812191444398934,0.3839464798462999
Cutoff +2m,2,105,2018 Q1,2018 Q4,gdp_growth,3,2.437679405088282,RW-trend,2018-12-31,Other,1.1812191444398934,1.2564602606483888
Cutoff +2m,2,105,2018 Q1,2019 Q1,gdp_growth,4,1.5487734942757876,MF-VAR,2019-03-31,1-year ahead,0.13144043677399964,1.417333057501788
Cutoff +2m,2,105,2018 Q1,2019 Q1,gdp_growth,4,NA,MIDAS (trend),2019-03-31,1-year ahead,0.13144043677399964,NA
Cutoff +2m,2,105,2018 Q1,2019 Q1,gdp_growth,4,NA,MIDAS,2019-03-31,1-year ahead,0.13144043677399964,NA
Cutoff +2m,2,105,2018 Q1,2019 Q1,gdp_growth,4,1.4013497469523726,AR(2),2019-03-31,1-year ahead,0.13144043677399964,1.269909310178373
Cutoff +2m,2,105,2018 Q1,2019 Q1,gdp_growth,4,2.475549691086674,RW-trend,2019-03-31,1-year ahead,0.13144043677399964,2.3441092543126745
Cutoff +2m,2,105,2018 Q1,2018 Q2,inflation,1,1.1047323654783192,MF-VAR,2018-06-30,1-step ahead,1.1917670724635343,-0.0870347069852151
Cutoff +2m,2,105,2018 Q1,2018 Q2,inflation,1,NA,MIDAS (trend),2018-06-30,1-step ahead,1.1917670724635343,NA
Cutoff +2m,2,105,2018 Q1,2018 Q2,inflation,1,NA,MIDAS,2018-06-30,1-step ahead,1.1917670724635343,NA
Cutoff +2m,2,105,2018 Q1,2018 Q2,inflation,1,0.7264737656936611,AR(2),2018-06-30,1-step ahead,1.1917670724635343,-0.46529330676987324
Cutoff +2m,2,105,2018 Q1,2018 Q2,inflation,1,1.0741360394466783,RW-trend,2018-06-30,1-step ahead,1.1917670724635343,-0.11763103301685596
Cutoff +2m,2,105,2018 Q1,2018 Q3,inflation,2,0.4829349786615954,MF-VAR,2018-09-30,Other,0.900397845668266,-0.41746286700667057
Cutoff +2m,2,105,2018 Q1,2018 Q3,inflation,2,NA,MIDAS (trend),2018-09-30,Other,0.900397845668266,NA
Cutoff +2m,2,105,2018 Q1,2018 Q3,inflation,2,NA,MIDAS,2018-09-30,Other,0.900397845668266,NA
Cutoff +2m,2,105,2018 Q1,2018 Q3,inflation,2,0.4776313392222925,AR(2),2018-09-30,Other,0.900397845668266,-0.42276650644597347
Cutoff +2m,2,105,2018 Q1,2018 Q3,inflation,2,1.0466053588397277,RW-trend,2018-09-30,Other,0.900397845668266,0.14620751317146174
Cutoff +2m,2,105,2018 Q1,2018 Q4,inflation,3,0.4021110991903694,MF-VAR,2018-12-31,Other,0.50798003818322,-0.1058689389928506
Cutoff +2m,2,105,2018 Q1,2018 Q4,inflation,3,NA,MIDAS (trend),2018-12-31,Other,0.50798003818322,NA
Cutoff +2m,2,105,2018 Q1,2018 Q4,inflation,3,NA,MIDAS,2018-12-31,Other,0.50798003818322,NA
Cutoff +2m,2,105,2018 Q1,2018 Q4,inflation,3,0.4104301689055556,AR(2),2018-12-31,Other,0.50798003818322,-0.0975498692776644
Cutoff +2m,2,105,2018 Q1,2018 Q4,inflation,3,1.0190746782327773,RW-trend,2018-12-31,Other,0.50798003818322,0.5110946400495573
Cutoff +2m,2,105,2018 Q1,2019 Q1,inflation,4,0.3624029376597319,MF-VAR,2019-03-31,1-year ahead,-0.15509153500232742,0.5174944726620594
Cutoff +2m,2,105,2018 Q1,2019 Q1,inflation,4,NA,MIDAS (trend),2019-03-31,1-year ahead,-0.15509153500232742,NA
Cutoff +2m,2,105,2018 Q1,2019 Q1,inflation,4,NA,MIDAS,2019-03-31,1-year ahead,-0.15509153500232742,NA
Cutoff +2m,2,105,2018 Q1,2019 Q1,inflation,4,0.3718481644714535,AR(2),2019-03-31,1-year ahead,-0.15509153500232742,0.5269396994737809
Cutoff +2m,2,105,2018 Q1,2019 Q1,inflation,4,0.9915439976258266,RW-trend,2019-03-31,1-year ahead,-0.15509153500232742,1.1466355326281539
Cutoff +2m,2,106,2018 Q2,2018 Q3,exch_rate,1,0.1515489796149433,MF-VAR,2018-09-30,1-step ahead,0.13431935861291822,0.017229621002025075
Cutoff +2m,2,106,2018 Q2,2018 Q3,exch_rate,1,NA,MIDAS (trend),2018-09-30,1-step ahead,0.13431935861291822,NA
Cutoff +2m,2,106,2018 Q2,2018 Q3,exch_rate,1,NA,MIDAS,2018-09-30,1-step ahead,0.13431935861291822,NA
Cutoff +2m,2,106,2018 Q2,2018 Q3,exch_rate,1,0.151581817308818,AR(2),2018-09-30,1-step ahead,0.13431935861291822,0.01726245869589979
Cutoff +2m,2,106,2018 Q2,2018 Q3,exch_rate,1,0.15617150382249032,RW-trend,2018-09-30,1-step ahead,0.13431935861291822,0.0218521452095721
Cutoff +2m,2,106,2018 Q2,2018 Q4,exch_rate,2,0.14270343776765002,MF-VAR,2018-12-31,Other,0.1276031360069662,0.015100301760683804
Cutoff +2m,2,106,2018 Q2,2018 Q4,exch_rate,2,NA,MIDAS (trend),2018-12-31,Other,0.1276031360069662,NA
Cutoff +2m,2,106,2018 Q2,2018 Q4,exch_rate,2,NA,MIDAS,2018-12-31,Other,0.1276031360069662,NA
Cutoff +2m,2,106,2018 Q2,2018 Q4,exch_rate,2,0.14749664584337924,AR(2),2018-12-31,Other,0.1276031360069662,0.019893509836413026
Cutoff +2m,2,106,2018 Q2,2018 Q4,exch_rate,2,0.15166105006173872,RW-trend,2018-12-31,Other,0.1276031360069662,0.024057914054772506
Cutoff +2m,2,106,2018 Q2,2019 Q1,exch_rate,3,0.13113045599702847,MF-VAR,2019-03-31,Other,0.12447116689910717,0.006659289097921295
Cutoff +2m,2,106,2018 Q2,2019 Q1,exch_rate,3,NA,MIDAS (trend),2019-03-31,Other,0.12447116689910717,NA
Cutoff +2m,2,106,2018 Q2,2019 Q1,exch_rate,3,NA,MIDAS,2019-03-31,Other,0.12447116689910717,NA
Cutoff +2m,2,106,2018 Q2,2019 Q1,exch_rate,3,0.13999666281137427,AR(2),2019-03-31,Other,0.12447116689910717,0.015525495912267095
Cutoff +2m,2,106,2018 Q2,2019 Q1,exch_rate,3,0.14715059630098715,RW-trend,2019-03-31,Other,0.12447116689910717,0.022679429401879975
Cutoff +2m,2,106,2018 Q2,2019 Q2,exch_rate,4,0.12801579450715495,MF-VAR,2019-06-30,1-year ahead,0.11892652346100624,0.009089271046148706
Cutoff +2m,2,106,2018 Q2,2019 Q2,exch_rate,4,NA,MIDAS (trend),2019-06-30,1-year ahead,0.11892652346100624,NA
Cutoff +2m,2,106,2018 Q2,2019 Q2,exch_rate,4,NA,MIDAS,2019-06-30,1-year ahead,0.11892652346100624,NA
Cutoff +2m,2,106,2018 Q2,2019 Q2,exch_rate,4,0.1356215897072598,AR(2),2019-06-30,1-year ahead,0.11892652346100624,0.016695066246253554
Cutoff +2m,2,106,2018 Q2,2019 Q2,exch_rate,4,0.14264014254023558,RW-trend,2019-06-30,1-year ahead,0.11892652346100624,0.023713619079229337
Cutoff +2m,2,106,2018 Q2,2018 Q3,gdp_growth,1,7.035288201971443,MF-VAR,2018-09-30,1-step ahead,-1.3474872689180017,8.382775470889445
Cutoff +2m,2,106,2018 Q2,2018 Q3,gdp_growth,1,NA,MIDAS (trend),2018-09-30,1-step ahead,-1.3474872689180017,NA
Cutoff +2m,2,106,2018 Q2,2018 Q3,gdp_growth,1,NA,MIDAS,2018-09-30,1-step ahead,-1.3474872689180017,NA
Cutoff +2m,2,106,2018 Q2,2018 Q3,gdp_growth,1,4.401102600984684,AR(2),2018-09-30,1-step ahead,-1.3474872689180017,5.748589869902686
Cutoff +2m,2,106,2018 Q2,2018 Q3,gdp_growth,1,5.970318933154023,RW-trend,2018-09-30,1-step ahead,-1.3474872689180017,7.317806202072025
Cutoff +2m,2,106,2018 Q2,2018 Q4,gdp_growth,2,2.0084217756940723,MF-VAR,2018-12-31,Other,1.1812191444398934,0.8272026312541789
Cutoff +2m,2,106,2018 Q2,2018 Q4,gdp_growth,2,NA,MIDAS (trend),2018-12-31,Other,1.1812191444398934,NA
Cutoff +2m,2,106,2018 Q2,2018 Q4,gdp_growth,2,NA,MIDAS,2018-12-31,Other,1.1812191444398934,NA
Cutoff +2m,2,106,2018 Q2,2018 Q4,gdp_growth,2,2.1236952687664186,AR(2),2018-12-31,Other,1.1812191444398934,0.9424761243265252
Cutoff +2m,2,106,2018 Q2,2018 Q4,gdp_growth,2,6.042194074524455,RW-trend,2018-12-31,Other,1.1812191444398934,4.860974930084562
Cutoff +2m,2,106,2018 Q2,2019 Q1,gdp_growth,3,1.0687254069455876,MF-VAR,2019-03-31,Other,0.13144043677399964,0.937284970171588
Cutoff +2m,2,106,2018 Q2,2019 Q1,gdp_growth,3,NA,MIDAS (trend),2019-03-31,Other,0.13144043677399964,NA
Cutoff +2m,2,106,2018 Q2,2019 Q1,gdp_growth,3,NA,MIDAS,2019-03-31,Other,0.13144043677399964,NA
Cutoff +2m,2,106,2018 Q2,2019 Q1,gdp_growth,3,1.5862525181990024,AR(2),2019-03-31,Other,0.13144043677399964,1.4548120814250027
Cutoff +2m,2,106,2018 Q2,2019 Q1,gdp_growth,3,6.114069215894887,RW-trend,2019-03-31,Other,0.13144043677399964,5.982628779120887
Cutoff +2m,2,106,2018 Q2,2019 Q2,gdp_growth,4,1.1325817095423507,MF-VAR,2019-06-30,1-year ahead,1.3597227019090496,-0.22714099236669894
Cutoff +2m,2,106,2018 Q2,2019 Q2,gdp_growth,4,NA,MIDAS (trend),2019-06-30,1-year ahead,1.3597227019090496,NA
Cutoff +2m,2,106,2018 Q2,2019 Q2,gdp_growth,4,NA,MIDAS,2019-06-30,1-year ahead,1.3597227019090496,NA
Cutoff +2m,2,106,2018 Q2,2019 Q2,gdp_growth,4,1.5349585600437226,AR(2),2019-06-30,1-year ahead,1.3597227019090496,0.1752358581346729
Cutoff +2m,2,106,2018 Q2,2019 Q2,gdp_growth,4,6.185944357265318,RW-trend,2019-06-30,1-year ahead,1.3597227019090496,4.826221655356268
Cutoff +2m,2,106,2018 Q2,2018 Q3,inflation,1,1.1248582581209146,MF-VAR,2018-09-30,1-step ahead,0.900397845668266,0.22446041245264858
Cutoff +2m,2,106,2018 Q2,2018 Q3,inflation,1,NA,MIDAS (trend),2018-09-30,1-step ahead,0.900397845668266,NA
Cutoff +2m,2,106,2018 Q2,2018 Q3,inflation,1,NA,MIDAS,2018-09-30,1-step ahead,0.900397845668266,NA
Cutoff +2m,2,106,2018 Q2,2018 Q3,inflation,1,0.7058771507217563,AR(2),2018-09-30,1-step ahead,0.900397845668266,-0.1945206949465097
Cutoff +2m,2,106,2018 Q2,2018 Q3,inflation,1,1.165367459481746,RW-trend,2018-09-30,1-step ahead,0.900397845668266,0.26496961381348005
Cutoff +2m,2,106,2018 Q2,2018 Q4,inflation,2,0.3987341970214948,MF-VAR,2018-12-31,Other,0.50798003818322,-0.1092458411617252
Cutoff +2m,2,106,2018 Q2,2018 Q4,inflation,2,NA,MIDAS (trend),2018-12-31,Other,0.50798003818322,NA
Cutoff +2m,2,106,2018 Q2,2018 Q4,inflation,2,NA,MIDAS,2018-12-31,Other,0.50798003818322,NA
Cutoff +2m,2,106,2018 Q2,2018 Q4,inflation,2,0.5336923489090525,AR(2),2018-12-31,Other,0.50798003818322,0.025712310725832466
Cutoff +2m,2,106,2018 Q2,2018 Q4,inflation,2,1.1389678464999575,RW-trend,2018-12-31,Other,0.50798003818322,0.6309878083167375
Cutoff +2m,2,106,2018 Q2,2019 Q1,inflation,3,0.10774473092348652,MF-VAR,2019-03-31,Other,-0.15509153500232742,0.26283626592581394
Cutoff +2m,2,106,2018 Q2,2019 Q1,inflation,3,NA,MIDAS (trend),2019-03-31,Other,-0.15509153500232742,NA
Cutoff +2m,2,106,2018 Q2,2019 Q1,inflation,3,NA,MIDAS,2019-03-31,Other,-0.15509153500232742,NA
Cutoff +2m,2,106,2018 Q2,2019 Q1,inflation,3,0.4397761179796553,AR(2),2019-03-31,Other,-0.15509153500232742,0.5948676529819827
Cutoff +2m,2,106,2018 Q2,2019 Q1,inflation,3,1.1125682335181692,RW-trend,2019-03-31,Other,-0.15509153500232742,1.2676597685204967
Cutoff +2m,2,106,2018 Q2,2019 Q2,inflation,4,0.11422421052051246,MF-VAR,2019-06-30,1-year ahead,1.4366262966944987,-1.3224020861739862
Cutoff +2m,2,106,2018 Q2,2019 Q2,inflation,4,NA,MIDAS (trend),2019-06-30,1-year ahead,1.4366262966944987,NA
Cutoff +2m,2,106,2018 Q2,2019 Q2,inflation,4,NA,MIDAS,2019-06-30,1-year ahead,1.4366262966944987,NA
Cutoff +2m,2,106,2018 Q2,2019 Q2,inflation,4,0.38963657182244105,AR(2),2019-06-30,1-year ahead,1.4366262966944987,-1.0469897248720577
Cutoff +2m,2,106,2018 Q2,2019 Q2,inflation,4,1.0861686205363807,RW-trend,2019-06-30,1-year ahead,1.4366262966944987,-0.35045767615811796
Cutoff +2m,2,107,2018 Q3,2018 Q4,exch_rate,1,0.13219245572192534,MF-VAR,2018-12-31,1-step ahead,0.1276031360069662,0.004589319714959128
Cutoff +2m,2,107,2018 Q3,2018 Q4,exch_rate,1,NA,MIDAS (trend),2018-12-31,1-step ahead,0.1276031360069662,NA
Cutoff +2m,2,107,2018 Q3,2018 Q4,exch_rate,1,NA,MIDAS,2018-12-31,1-step ahead,0.1276031360069662,NA
Cutoff +2m,2,107,2018 Q3,2018 Q4,exch_rate,1,0.12765649342505053,AR(2),2018-12-31,1-step ahead,0.1276031360069662,5.335741808432104e-5
Cutoff +2m,2,107,2018 Q3,2018 Q4,exch_rate,1,0.12960078918350404,RW-trend,2018-12-31,1-step ahead,0.1276031360069662,0.001997653176537828
Cutoff +2m,2,107,2018 Q3,2019 Q1,exch_rate,2,0.11884886556180763,MF-VAR,2019-03-31,Other,0.12447116689910717,-0.005622301337299546
Cutoff +2m,2,107,2018 Q3,2019 Q1,exch_rate,2,NA,MIDAS (trend),2019-03-31,Other,0.12447116689910717,NA
Cutoff +2m,2,107,2018 Q3,2019 Q1,exch_rate,2,NA,MIDAS,2019-03-31,Other,0.12447116689910717,NA
Cutoff +2m,2,107,2018 Q3,2019 Q1,exch_rate,2,0.12071694887739857,AR(2),2019-03-31,Other,0.12447116689910717,-0.003754218021708597
Cutoff +2m,2,107,2018 Q3,2019 Q1,exch_rate,2,0.12488221975408989,RW-trend,2019-03-31,Other,0.12447116689910717,4.110528549827186e-4
Cutoff +2m,2,107,2018 Q3,2019 Q2,exch_rate,3,0.11561640298474778,MF-VAR,2019-06-30,Other,0.11892652346100624,-0.003310120476258463
Cutoff +2m,2,107,2018 Q3,2019 Q2,exch_rate,3,NA,MIDAS (trend),2019-06-30,Other,0.11892652346100624,NA
Cutoff +2m,2,107,2018 Q3,2019 Q2,exch_rate,3,NA,MIDAS,2019-06-30,Other,0.11892652346100624,NA
Cutoff +2m,2,107,2018 Q3,2019 Q2,exch_rate,3,0.11751280485848693,AR(2),2019-06-30,Other,0.11892652346100624,-0.0014137186025193066
Cutoff +2m,2,107,2018 Q3,2019 Q2,exch_rate,3,0.12016365032467571,RW-trend,2019-06-30,Other,0.11892652346100624,0.0012371268636694743
Cutoff +2m,2,107,2018 Q3,2019 Q3,exch_rate,4,0.10668614715965548,MF-VAR,2019-09-30,1-year ahead,0.09161599409455352,0.015070153065101954
Cutoff +2m,2,107,2018 Q3,2019 Q3,exch_rate,4,NA,MIDAS (trend),2019-09-30,1-year ahead,0.09161599409455352,NA
Cutoff +2m,2,107,2018 Q3,2019 Q3,exch_rate,4,NA,MIDAS,2019-09-30,1-year ahead,0.09161599409455352,NA
Cutoff +2m,2,107,2018 Q3,2019 Q3,exch_rate,4,0.10757755504933114,AR(2),2019-09-30,1-year ahead,0.09161599409455352,0.015961560954777618
Cutoff +2m,2,107,2018 Q3,2019 Q3,exch_rate,4,0.11544508089526155,RW-trend,2019-09-30,1-year ahead,0.09161599409455352,0.023829086800708027
Cutoff +2m,2,107,2018 Q3,2018 Q4,gdp_growth,1,-2.4032850510647923,MF-VAR,2018-12-31,1-step ahead,1.1812191444398934,-3.5845041955046857
Cutoff +2m,2,107,2018 Q3,2018 Q4,gdp_growth,1,NA,MIDAS (trend),2018-12-31,1-step ahead,1.1812191444398934,NA
Cutoff +2m,2,107,2018 Q3,2018 Q4,gdp_growth,1,NA,MIDAS,2018-12-31,1-step ahead,1.1812191444398934,NA
Cutoff +2m,2,107,2018 Q3,2018 Q4,gdp_growth,1,0.01509347725070112,AR(2),2018-12-31,1-step ahead,1.1812191444398934,-1.1661256671891922
Cutoff +2m,2,107,2018 Q3,2018 Q4,gdp_growth,1,-1.3453055199482562,RW-trend,2018-12-31,1-step ahead,1.1812191444398934,-2.5265246643881496
Cutoff +2m,2,107,2018 Q3,2019 Q1,gdp_growth,2,-0.13296325688588617,MF-VAR,2019-03-31,Other,0.13144043677399964,-0.2644036936598858
Cutoff +2m,2,107,2018 Q3,2019 Q1,gdp_growth,2,NA,MIDAS (trend),2019-03-31,Other,0.13144043677399964,NA
Cutoff +2m,2,107,2018 Q3,2019 Q1,gdp_growth,2,NA,MIDAS,2019-03-31,Other,0.13144043677399964,NA
Cutoff +2m,2,107,2018 Q3,2019 Q1,gdp_growth,2,0.9180567701175232,AR(2),2019-03-31,Other,0.13144043677399964,0.7866163333435235
Cutoff +2m,2,107,2018 Q3,2019 Q1,gdp_growth,2,-1.3431237709785104,RW-trend,2019-03-31,Other,0.13144043677399964,-1.47456420775251
Cutoff +2m,2,107,2018 Q3,2019 Q2,gdp_growth,3,0.6169360099900946,MF-VAR,2019-06-30,Other,1.3597227019090496,-0.7427866919189551
Cutoff +2m,2,107,2018 Q3,2019 Q2,gdp_growth,3,NA,MIDAS (trend),2019-06-30,Other,1.3597227019090496,NA
Cutoff +2m,2,107,2018 Q3,2019 Q2,gdp_growth,3,NA,MIDAS,2019-06-30,Other,1.3597227019090496,NA
Cutoff +2m,2,107,2018 Q3,2019 Q2,gdp_growth,3,1.312608848331867,AR(2),2019-06-30,Other,1.3597227019090496,-0.047113853577182674
Cutoff +2m,2,107,2018 Q3,2019 Q2,gdp_growth,3,-1.3409420220087649,RW-trend,2019-06-30,Other,1.3597227019090496,-2.7006647239178143
Cutoff +2m,2,107,2018 Q3,2019 Q3,gdp_growth,4,2.1729364062359844,MF-VAR,2019-09-30,1-year ahead,1.2127967227840486,0.9601396834519358
Cutoff +2m,2,107,2018 Q3,2019 Q3,gdp_growth,4,NA,MIDAS (trend),2019-09-30,1-year ahead,1.2127967227840486,NA
Cutoff +2m,2,107,2018 Q3,2019 Q3,gdp_growth,4,NA,MIDAS,2019-09-30,1-year ahead,1.2127967227840486,NA
Cutoff +2m,2,107,2018 Q3,2019 Q3,gdp_growth,4,2.5520936630902664,AR(2),2019-09-30,1-year ahead,1.2127967227840486,1.3392969403062178
Cutoff +2m,2,107,2018 Q3,2019 Q3,gdp_growth,4,-1.3387602730390191,RW-trend,2019-09-30,1-year ahead,1.2127967227840486,-2.5515569958230677
Cutoff +2m,2,107,2018 Q3,2018 Q4,inflation,1,0.9266517389430536,MF-VAR,2018-12-31,1-step ahead,0.50798003818322,0.4186717007598336
Cutoff +2m,2,107,2018 Q3,2018 Q4,inflation,1,NA,MIDAS (trend),2018-12-31,1-step ahead,0.50798003818322,NA
Cutoff +2m,2,107,2018 Q3,2018 Q4,inflation,1,NA,MIDAS,2018-12-31,1-step ahead,0.50798003818322,NA
Cutoff +2m,2,107,2018 Q3,2018 Q4,inflation,1,0.6309868854038465,AR(2),2018-12-31,1-step ahead,0.50798003818322,0.12300684722062649
Cutoff +2m,2,107,2018 Q3,2018 Q4,inflation,1,0.8714747125549207,RW-trend,2018-12-31,1-step ahead,0.50798003818322,0.3634946743717007
Cutoff +2m,2,107,2018 Q3,2019 Q1,inflation,2,0.5046105865884408,MF-VAR,2019-03-31,Other,-0.15509153500232742,0.6597021215907682
Cutoff +2m,2,107,2018 Q3,2019 Q1,inflation,2,NA,MIDAS (trend),2019-03-31,Other,-0.15509153500232742,NA
Cutoff +2m,2,107,2018 Q3,2019 Q1,inflation,2,NA,MIDAS,2019-03-31,Other,-0.15509153500232742,NA
Cutoff +2m,2,107,2018 Q3,2019 Q1,inflation,2,0.49383557728884586,AR(2),2019-03-31,Other,-0.15509153500232742,0.6489271122911733
Cutoff +2m,2,107,2018 Q3,2019 Q1,inflation,2,0.8425515794415754,RW-trend,2019-03-31,Other,-0.15509153500232742,0.9976431144439029
Cutoff +2m,2,107,2018 Q3,2019 Q2,inflation,3,0.30692587021384904,MF-VAR,2019-06-30,Other,1.4366262966944987,-1.1297004264806496
Cutoff +2m,2,107,2018 Q3,2019 Q2,inflation,3,NA,MIDAS (trend),2019-06-30,Other,1.4366262966944987,NA
Cutoff +2m,2,107,2018 Q3,2019 Q2,inflation,3,NA,MIDAS,2019-06-30,Other,1.4366262966944987,NA
Cutoff +2m,2,107,2018 Q3,2019 Q2,inflation,3,0.42070195734018123,AR(2),2019-06-30,Other,1.4366262966944987,-1.0159243393543176
Cutoff +2m,2,107,2018 Q3,2019 Q2,inflation,3,0.8136284463282302,RW-trend,2019-06-30,Other,1.4366262966944987,-0.6229978503662685
Cutoff +2m,2,107,2018 Q3,2019 Q3,inflation,4,0.2996910887717399,MF-VAR,2019-09-30,1-year ahead,-0.8629354217656982,1.162626510537438
Cutoff +2m,2,107,2018 Q3,2019 Q3,inflation,4,NA,MIDAS (trend),2019-09-30,1-year ahead,-0.8629354217656982,NA
Cutoff +2m,2,107,2018 Q3,2019 Q3,inflation,4,NA,MIDAS,2019-09-30,1-year ahead,-0.8629354217656982,NA
Cutoff +2m,2,107,2018 Q3,2019 Q3,inflation,4,0.3142746461621867,AR(2),2019-09-30,1-year ahead,-0.8629354217656982,1.1772100679278847
Cutoff +2m,2,107,2018 Q3,2019 Q3,inflation,4,0.7847053132148848,RW-trend,2019-09-30,1-year ahead,-0.8629354217656982,1.647640734980583
Cutoff +2m,2,108,2018 Q4,2019 Q1,exch_rate,1,0.12234075525560803,MF-VAR,2019-03-31,1-step ahead,0.12447116689910717,-0.0021304116434991416
Cutoff +2m,2,108,2018 Q4,2019 Q1,exch_rate,1,NA,MIDAS (trend),2019-03-31,1-step ahead,0.12447116689910717,NA
Cutoff +2m,2,108,2018 Q4,2019 Q1,exch_rate,1,NA,MIDAS,2019-03-31,1-step ahead,0.12447116689910717,NA
Cutoff +2m,2,108,2018 Q4,2019 Q1,exch_rate,1,0.12067832103736517,AR(2),2019-03-31,1-step ahead,0.12447116689910717,-0.0037928458617420002
Cutoff +2m,2,108,2018 Q4,2019 Q1,exch_rate,1,0.12286572079286773,RW-trend,2019-03-31,1-step ahead,0.12447116689910717,-0.0016054461062394443
Cutoff +2m,2,108,2018 Q4,2019 Q2,exch_rate,2,0.11690345061331839,MF-VAR,2019-06-30,Other,0.11892652346100624,-0.0020230728476878512
Cutoff +2m,2,108,2018 Q4,2019 Q2,exch_rate,2,NA,MIDAS (trend),2019-06-30,Other,0.11892652346100624,NA
Cutoff +2m,2,108,2018 Q4,2019 Q2,exch_rate,2,NA,MIDAS,2019-06-30,Other,0.11892652346100624,NA
Cutoff +2m,2,108,2018 Q4,2019 Q2,exch_rate,2,0.11749381684449249,AR(2),2019-06-30,Other,0.11892652346100624,-0.0014327066165137486
Cutoff +2m,2,108,2018 Q4,2019 Q2,exch_rate,2,0.11812830557876923,RW-trend,2019-06-30,Other,0.11892652346100624,-7.982178822370095e-4
Cutoff +2m,2,108,2018 Q4,2019 Q3,exch_rate,3,0.10785050483143396,MF-VAR,2019-09-30,Other,0.09161599409455352,0.01623451073688044
Cutoff +2m,2,108,2018 Q4,2019 Q3,exch_rate,3,NA,MIDAS (trend),2019-09-30,Other,0.09161599409455352,NA
Cutoff +2m,2,108,2018 Q4,2019 Q3,exch_rate,3,NA,MIDAS,2019-09-30,Other,0.09161599409455352,NA
Cutoff +2m,2,108,2018 Q4,2019 Q3,exch_rate,3,0.10757603961321528,AR(2),2019-09-30,Other,0.09161599409455352,0.01596004551866176
Cutoff +2m,2,108,2018 Q4,2019 Q3,exch_rate,3,0.11339089036467075,RW-trend,2019-09-30,Other,0.09161599409455352,0.021774896270117222
Cutoff +2m,2,108,2018 Q4,2019 Q4,exch_rate,4,0.1042432430732133,MF-VAR,2019-12-31,1-year ahead,0.09189658673335668,0.012346656339856613
Cutoff +2m,2,108,2018 Q4,2019 Q4,exch_rate,4,NA,MIDAS (trend),2019-12-31,1-year ahead,0.09189658673335668,NA
Cutoff +2m,2,108,2018 Q4,2019 Q4,exch_rate,4,NA,MIDAS,2019-12-31,1-year ahead,0.09189658673335668,NA
Cutoff +2m,2,108,2018 Q4,2019 Q4,exch_rate,4,0.10474656097549087,AR(2),2019-12-31,1-year ahead,0.09189658673335668,0.012849974242134188
Cutoff +2m,2,108,2018 Q4,2019 Q4,exch_rate,4,0.10865347515057225,RW-trend,2019-12-31,1-year ahead,0.09189658673335668,0.016756888417215565
Cutoff +2m,2,108,2018 Q4,2019 Q1,gdp_growth,1,1.0341162758956428,MF-VAR,2019-03-31,1-step ahead,0.13144043677399964,0.9026758391216432
Cutoff +2m,2,108,2018 Q4,2019 Q1,gdp_growth,1,NA,MIDAS (trend),2019-03-31,1-step ahead,0.13144043677399964,NA
Cutoff +2m,2,108,2018 Q4,2019 Q1,gdp_growth,1,NA,MIDAS,2019-03-31,1-step ahead,0.13144043677399964,NA
Cutoff +2m,2,108,2018 Q4,2019 Q1,gdp_growth,1,1.3582883901867957,AR(2),2019-03-31,1-step ahead,0.13144043677399964,1.226847953412796
Cutoff +2m,2,108,2018 Q4,2019 Q1,gdp_growth,1,1.2072360317529234,RW-trend,2019-03-31,1-step ahead,0.13144043677399964,1.0757955949789237
Cutoff +2m,2,108,2018 Q4,2019 Q2,gdp_growth,2,0.8565295520491033,MF-VAR,2019-06-30,Other,1.3597227019090496,-0.5031931498599463
Cutoff +2m,2,108,2018 Q4,2019 Q2,gdp_growth,2,NA,MIDAS (trend),2019-06-30,Other,1.3597227019090496,NA
Cutoff +2m,2,108,2018 Q4,2019 Q2,gdp_growth,2,NA,MIDAS,2019-06-30,Other,1.3597227019090496,NA
Cutoff +2m,2,108,2018 Q4,2019 Q2,gdp_growth,2,1.449994295959439,AR(2),2019-06-30,Other,1.3597227019090496,0.09027159405038931
Cutoff +2m,2,108,2018 Q4,2019 Q2,gdp_growth,2,1.2332529190659534,RW-trend,2019-06-30,Other,1.3597227019090496,-0.1264697828430963
Cutoff +2m,2,108,2018 Q4,2019 Q3,gdp_growth,3,1.89527794717209,MF-VAR,2019-09-30,Other,1.2127967227840486,0.6824812243880414
Cutoff +2m,2,108,2018 Q4,2019 Q3,gdp_growth,3,NA,MIDAS (trend),2019-09-30,Other,1.2127967227840486,NA
Cutoff +2m,2,108,2018 Q4,2019 Q3,gdp_growth,3,NA,MIDAS,2019-09-30,Other,1.2127967227840486,NA
Cutoff +2m,2,108,2018 Q4,2019 Q3,gdp_growth,3,2.591630059931318,AR(2),2019-09-30,Other,1.2127967227840486,1.3788333371472694
Cutoff +2m,2,108,2018 Q4,2019 Q3,gdp_growth,3,1.2592698063789833,RW-trend,2019-09-30,Other,1.2127967227840486,0.04647308359493474
Cutoff +2m,2,108,2018 Q4,2019 Q4,gdp_growth,4,1.233771167629811,MF-VAR,2019-12-31,1-year ahead,2.598755881032133,-1.364984713402322
Cutoff +2m,2,108,2018 Q4,2019 Q4,gdp_growth,4,NA,MIDAS (trend),2019-12-31,1-year ahead,2.598755881032133,NA
Cutoff +2m,2,108,2018 Q4,2019 Q4,gdp_growth,4,NA,MIDAS,2019-12-31,1-year ahead,2.598755881032133,NA
Cutoff +2m,2,108,2018 Q4,2019 Q4,gdp_growth,4,1.5367897078681292,AR(2),2019-12-31,1-year ahead,2.598755881032133,-1.061966173164004
Cutoff +2m,2,108,2018 Q4,2019 Q4,gdp_growth,4,1.2852866936920133,RW-trend,2019-12-31,1-year ahead,2.598755881032133,-1.3134691873401199
Cutoff +2m,2,108,2018 Q4,2019 Q1,inflation,1,0.5171849088943913,MF-VAR,2019-03-31,1-step ahead,-0.15509153500232742,0.6722764438967187
Cutoff +2m,2,108,2018 Q4,2019 Q1,inflation,1,NA,MIDAS (trend),2019-03-31,1-step ahead,-0.15509153500232742,NA
Cutoff +2m,2,108,2018 Q4,2019 Q1,inflation,1,NA,MIDAS,2019-03-31,1-step ahead,-0.15509153500232742,NA
Cutoff +2m,2,108,2018 Q4,2019 Q1,inflation,1,0.43602896515949996,AR(2),2019-03-31,1-step ahead,-0.15509153500232742,0.5911205001618274
Cutoff +2m,2,108,2018 Q4,2019 Q1,inflation,1,0.47562771002863224,RW-trend,2019-03-31,1-step ahead,-0.15509153500232742,0.6307192450309597
Cutoff +2m,2,108,2018 Q4,2019 Q2,inflation,2,0.1904552807097915,MF-VAR,2019-06-30,Other,1.4366262966944987,-1.2461710159847073
Cutoff +2m,2,108,2018 Q4,2019 Q2,inflation,2,NA,MIDAS (trend),2019-06-30,Other,1.4366262966944987,NA
Cutoff +2m,2,108,2018 Q4,2019 Q2,inflation,2,NA,MIDAS,2019-06-30,Other,1.4366262966944987,NA
Cutoff +2m,2,108,2018 Q4,2019 Q2,inflation,2,0.3914450943694474,AR(2),2019-06-30,Other,1.4366262966944987,-1.0451812023250513
Cutoff +2m,2,108,2018 Q4,2019 Q2,inflation,2,0.4432753818740444,RW-trend,2019-06-30,Other,1.4366262966944987,-0.9933509148204542
Cutoff +2m,2,108,2018 Q4,2019 Q3,inflation,3,0.18358015736306965,MF-VAR,2019-09-30,Other,-0.8629354217656982,1.046515579128768
Cutoff +2m,2,108,2018 Q4,2019 Q3,inflation,3,NA,MIDAS (trend),2019-09-30,Other,-0.8629354217656982,NA
Cutoff +2m,2,108,2018 Q4,2019 Q3,inflation,3,NA,MIDAS,2019-09-30,Other,-0.8629354217656982,NA
Cutoff +2m,2,108,2018 Q4,2019 Q3,inflation,3,0.2999809642981044,AR(2),2019-09-30,Other,-0.8629354217656982,1.1629163860638025
Cutoff +2m,2,108,2018 Q4,2019 Q3,inflation,3,0.4109230537194566,RW-trend,2019-09-30,Other,-0.8629354217656982,1.2738584754851547
Cutoff +2m,2,108,2018 Q4,2019 Q4,inflation,4,0.26203120359225784,MF-VAR,2019-12-31,1-year ahead,-0.6876495314639186,0.9496807350561765
Cutoff +2m,2,108,2018 Q4,2019 Q4,inflation,4,NA,MIDAS (trend),2019-12-31,1-year ahead,-0.6876495314639186,NA
Cutoff +2m,2,108,2018 Q4,2019 Q4,inflation,4,NA,MIDAS,2019-12-31,1-year ahead,-0.6876495314639186,NA
Cutoff +2m,2,108,2018 Q4,2019 Q4,inflation,4,0.313459638589048,AR(2),2019-12-31,1-year ahead,-0.6876495314639186,1.0011091700529666
Cutoff +2m,2,108,2018 Q4,2019 Q4,inflation,4,0.3785707255648688,RW-trend,2019-12-31,1-year ahead,-0.6876495314639186,1.0662202570287875
Cutoff +2m,2,109,2019 Q1,2019 Q2,exch_rate,1,0.12226412016353279,MF-VAR,2019-06-30,1-step ahead,0.11892652346100624,0.003337596702526549
Cutoff +2m,2,109,2019 Q1,2019 Q2,exch_rate,1,NA,MIDAS (trend),2019-06-30,1-step ahead,0.11892652346100624,NA
Cutoff +2m,2,109,2019 Q1,2019 Q2,exch_rate,1,NA,MIDAS,2019-06-30,1-step ahead,0.11892652346100624,NA
Cutoff +2m,2,109,2019 Q1,2019 Q2,exch_rate,1,0.12185182928328064,AR(2),2019-06-30,1-step ahead,0.11892652346100624,0.0029253058222744044
Cutoff +2m,2,109,2019 Q1,2019 Q2,exch_rate,1,0.11974875585422588,RW-trend,2019-06-30,1-step ahead,0.11892652346100624,8.222323932196435e-4
Cutoff +2m,2,109,2019 Q1,2019 Q3,exch_rate,2,0.10849611433929482,MF-VAR,2019-09-30,Other,0.09161599409455352,0.016880120244741295
Cutoff +2m,2,109,2019 Q1,2019 Q3,exch_rate,2,NA,MIDAS (trend),2019-09-30,Other,0.09161599409455352,NA
Cutoff +2m,2,109,2019 Q1,2019 Q3,exch_rate,2,NA,MIDAS,2019-09-30,Other,0.09161599409455352,NA
Cutoff +2m,2,109,2019 Q1,2019 Q3,exch_rate,2,0.11181853315311126,AR(2),2019-09-30,Other,0.09161599409455352,0.020202539058557734
Cutoff +2m,2,109,2019 Q1,2019 Q3,exch_rate,2,0.11502634480934458,RW-trend,2019-09-30,Other,0.09161599409455352,0.023410350714791056
Cutoff +2m,2,109,2019 Q1,2019 Q4,exch_rate,3,0.10937141260634592,MF-VAR,2019-12-31,Other,0.09189658673335668,0.017474825872989236
Cutoff +2m,2,109,2019 Q1,2019 Q4,exch_rate,3,NA,MIDAS (trend),2019-12-31,Other,0.09189658673335668,NA
Cutoff +2m,2,109,2019 Q1,2019 Q4,exch_rate,3,NA,MIDAS,2019-12-31,Other,0.09189658673335668,NA
Cutoff +2m,2,109,2019 Q1,2019 Q4,exch_rate,3,0.10874275170710113,AR(2),2019-12-31,Other,0.09189658673335668,0.016846164973744443
Cutoff +2m,2,109,2019 Q1,2019 Q4,exch_rate,3,0.11030393376446329,RW-trend,2019-12-31,Other,0.09189658673335668,0.018407347031106608
Cutoff +2m,2,109,2019 Q1,2020 Q1,exch_rate,4,0.10548873712339646,MF-VAR,2020-03-31,1-year ahead,0.06468184825752378,0.04080688886587268
Cutoff +2m,2,109,2019 Q1,2020 Q1,exch_rate,4,NA,MIDAS (trend),2020-03-31,1-year ahead,0.06468184825752378,NA
Cutoff +2m,2,109,2019 Q1,2020 Q1,exch_rate,4,NA,MIDAS,2020-03-31,1-year ahead,0.06468184825752378,NA
Cutoff +2m,2,109,2019 Q1,2020 Q1,exch_rate,4,0.10257386164442818,AR(2),2020-03-31,1-year ahead,0.06468184825752378,0.0378920133869044
Cutoff +2m,2,109,2019 Q1,2020 Q1,exch_rate,4,0.105581522719582,RW-trend,2020-03-31,1-year ahead,0.06468184825752378,0.04089967446205822
Cutoff +2m,2,109,2019 Q1,2019 Q2,gdp_growth,1,0.1891777354494767,MF-VAR,2019-06-30,1-step ahead,1.3597227019090496,-1.1705449664595728
Cutoff +2m,2,109,2019 Q1,2019 Q2,gdp_growth,1,NA,MIDAS (trend),2019-06-30,1-step ahead,1.3597227019090496,NA
Cutoff +2m,2,109,2019 Q1,2019 Q2,gdp_growth,1,NA,MIDAS,2019-06-30,1-step ahead,1.3597227019090496,NA
Cutoff +2m,2,109,2019 Q1,2019 Q2,gdp_growth,1,0.9897853772626263,AR(2),2019-06-30,1-step ahead,1.3597227019090496,-0.36993732464642337
Cutoff +2m,2,109,2019 Q1,2019 Q2,gdp_growth,1,0.14740315964797424,RW-trend,2019-06-30,1-step ahead,1.3597227019090496,-1.2123195422610755
Cutoff +2m,2,109,2019 Q1,2019 Q3,gdp_growth,2,1.4392355475454082,MF-VAR,2019-09-30,Other,1.2127967227840486,0.22643882476135957
Cutoff +2m,2,109,2019 Q1,2019 Q3,gdp_growth,2,NA,MIDAS (trend),2019-09-30,Other,1.2127967227840486,NA
Cutoff +2m,2,109,2019 Q1,2019 Q3,gdp_growth,2,NA,MIDAS,2019-09-30,Other,1.2127967227840486,NA
Cutoff +2m,2,109,2019 Q1,2019 Q3,gdp_growth,2,2.4343997339506656,AR(2),2019-09-30,Other,1.2127967227840486,1.221603011166617
Cutoff +2m,2,109,2019 Q1,2019 Q3,gdp_growth,2,0.16336588252194886,RW-trend,2019-09-30,Other,1.2127967227840486,-1.0494308402620998
Cutoff +2m,2,109,2019 Q1,2019 Q4,gdp_growth,3,0.897424772246589,MF-VAR,2019-12-31,Other,2.598755881032133,-1.7013311087855443
Cutoff +2m,2,109,2019 Q1,2019 Q4,gdp_growth,3,NA,MIDAS (trend),2019-12-31,Other,2.598755881032133,NA
Cutoff +2m,2,109,2019 Q1,2019 Q4,gdp_growth,3,NA,MIDAS,2019-12-31,Other,2.598755881032133,NA
Cutoff +2m,2,109,2019 Q1,2019 Q4,gdp_growth,3,1.4787669046025662,AR(2),2019-12-31,Other,2.598755881032133,-1.119988976429567
Cutoff +2m,2,109,2019 Q1,2019 Q4,gdp_growth,3,0.17932860539592346,RW-trend,2019-12-31,Other,2.598755881032133,-2.4194272756362096
Cutoff +2m,2,109,2019 Q1,2020 Q1,gdp_growth,4,1.0631685348048796,MF-VAR,2020-03-31,1-year ahead,-7.067810646740469,8.13097918154535
Cutoff +2m,2,109,2019 Q1,2020 Q1,gdp_growth,4,NA,MIDAS (trend),2020-03-31,1-year ahead,-7.067810646740469,NA
Cutoff +2m,2,109,2019 Q1,2020 Q1,gdp_growth,4,NA,MIDAS,2020-03-31,1-year ahead,-7.067810646740469,NA
Cutoff +2m,2,109,2019 Q1,2020 Q1,gdp_growth,4,1.363516566152429,AR(2),2020-03-31,1-year ahead,-7.067810646740469,8.431327212892898
Cutoff +2m,2,109,2019 Q1,2020 Q1,gdp_growth,4,0.1952913282698981,RW-trend,2020-03-31,1-year ahead,-7.067810646740469,7.263101975010367
Cutoff +2m,2,109,2019 Q1,2019 Q2,inflation,1,-0.15202588957763735,MF-VAR,2019-06-30,1-step ahead,1.4366262966944987,-1.5886521862721361
Cutoff +2m,2,109,2019 Q1,2019 Q2,inflation,1,NA,MIDAS (trend),2019-06-30,1-step ahead,1.4366262966944987,NA
Cutoff +2m,2,109,2019 Q1,2019 Q2,inflation,1,NA,MIDAS,2019-06-30,1-step ahead,1.4366262966944987,NA
Cutoff +2m,2,109,2019 Q1,2019 Q2,inflation,1,0.10554354727629883,AR(2),2019-06-30,1-step ahead,1.4366262966944987,-1.3310827494181998
Cutoff +2m,2,109,2019 Q1,2019 Q2,inflation,1,-0.19333843554038213,RW-trend,2019-06-30,1-step ahead,1.4366262966944987,-1.629964732234881
Cutoff +2m,2,109,2019 Q1,2019 Q3,inflation,2,0.06563278170105954,MF-VAR,2019-09-30,Other,-0.8629354217656982,0.9285682034667577
Cutoff +2m,2,109,2019 Q1,2019 Q3,inflation,2,NA,MIDAS (trend),2019-09-30,Other,-0.8629354217656982,NA
Cutoff +2m,2,109,2019 Q1,2019 Q3,inflation,2,NA,MIDAS,2019-09-30,Other,-0.8629354217656982,NA
Cutoff +2m,2,109,2019 Q1,2019 Q3,inflation,2,0.1490098448977856,AR(2),2019-09-30,Other,-0.8629354217656982,1.0119452666634838
Cutoff +2m,2,109,2019 Q1,2019 Q3,inflation,2,-0.23158533607843684,RW-trend,2019-09-30,Other,-0.8629354217656982,0.6313500856872614
Cutoff +2m,2,109,2019 Q1,2019 Q4,inflation,3,0.16376042869446325,MF-VAR,2019-12-31,Other,-0.6876495314639186,0.8514099601583819
Cutoff +2m,2,109,2019 Q1,2019 Q4,inflation,3,NA,MIDAS (trend),2019-12-31,Other,-0.6876495314639186,NA
Cutoff +2m,2,109,2019 Q1,2019 Q4,inflation,3,NA,MIDAS,2019-12-31,Other,-0.6876495314639186,NA
Cutoff +2m,2,109,2019 Q1,2019 Q4,inflation,3,0.2331723789040723,AR(2),2019-12-31,Other,-0.6876495314639186,0.9208219103679909
Cutoff +2m,2,109,2019 Q1,2019 Q4,inflation,3,-0.2698322366164916,RW-trend,2019-12-31,Other,-0.6876495314639186,0.417817294847427
Cutoff +2m,2,109,2019 Q1,2020 Q1,inflation,4,0.2915858522098834,MF-VAR,2020-03-31,1-year ahead,-0.5383806198913987,0.8299664721012822
Cutoff +2m,2,109,2019 Q1,2020 Q1,inflation,4,NA,MIDAS (trend),2020-03-31,1-year ahead,-0.5383806198913987,NA
Cutoff +2m,2,109,2019 Q1,2020 Q1,inflation,4,NA,MIDAS,2020-03-31,1-year ahead,-0.5383806198913987,NA
Cutoff +2m,2,109,2019 Q1,2020 Q1,inflation,4,0.2722777577197053,AR(2),2020-03-31,1-year ahead,-0.5383806198913987,0.810658377611104
Cutoff +2m,2,109,2019 Q1,2020 Q1,inflation,4,-0.30807913715454627,RW-trend,2020-03-31,1-year ahead,-0.5383806198913987,0.23030148273685247
Cutoff +2m,2,110,2019 Q2,2019 Q3,exch_rate,1,0.10979354549270769,MF-VAR,2019-09-30,1-step ahead,0.09161599409455352,0.018177551398154163
Cutoff +2m,2,110,2019 Q2,2019 Q3,exch_rate,1,NA,MIDAS (trend),2019-09-30,1-step ahead,0.09161599409455352,NA
Cutoff +2m,2,110,2019 Q2,2019 Q3,exch_rate,1,NA,MIDAS,2019-09-30,1-step ahead,0.09161599409455352,NA
Cutoff +2m,2,110,2019 Q2,2019 Q3,exch_rate,1,0.10846790150476757,AR(2),2019-09-30,1-step ahead,0.09161599409455352,0.016851907410214043
Cutoff +2m,2,110,2019 Q2,2019 Q3,exch_rate,1,0.11419649915322476,RW-trend,2019-09-30,1-step ahead,0.09161599409455352,0.022580505058671235
Cutoff +2m,2,110,2019 Q2,2019 Q4,exch_rate,2,0.10396299522839639,MF-VAR,2019-12-31,Other,0.09189658673335668,0.012066408495039704
Cutoff +2m,2,110,2019 Q2,2019 Q4,exch_rate,2,NA,MIDAS (trend),2019-12-31,Other,0.09189658673335668,NA
Cutoff +2m,2,110,2019 Q2,2019 Q4,exch_rate,2,NA,MIDAS,2019-12-31,Other,0.09189658673335668,NA
Cutoff +2m,2,110,2019 Q2,2019 Q4,exch_rate,2,0.10549515078980604,AR(2),2019-12-31,Other,0.09189658673335668,0.013598564056449353
Cutoff +2m,2,110,2019 Q2,2019 Q4,exch_rate,2,0.10946647484544328,RW-trend,2019-12-31,Other,0.09189658673335668,0.017569888112086596
Cutoff +2m,2,110,2019 Q2,2020 Q1,exch_rate,3,0.09812852848118477,MF-VAR,2020-03-31,Other,0.06468184825752378,0.033446680223660985
Cutoff +2m,2,110,2019 Q2,2020 Q1,exch_rate,3,NA,MIDAS (trend),2020-03-31,Other,0.06468184825752378,NA
Cutoff +2m,2,110,2019 Q2,2020 Q1,exch_rate,3,NA,MIDAS,2020-03-31,Other,0.06468184825752378,NA
Cutoff +2m,2,110,2019 Q2,2020 Q1,exch_rate,3,0.09953042236069341,AR(2),2020-03-31,Other,0.06468184825752378,0.03484857410316963
Cutoff +2m,2,110,2019 Q2,2020 Q1,exch_rate,3,0.10473645053766181,RW-trend,2020-03-31,Other,0.06468184825752378,0.04005460228013803
Cutoff +2m,2,110,2019 Q2,2020 Q2,exch_rate,4,0.09280586434556895,MF-VAR,2020-06-30,1-year ahead,0.059182391088171235,0.033623473257397715
Cutoff +2m,2,110,2019 Q2,2020 Q2,exch_rate,4,NA,MIDAS (trend),2020-06-30,1-year ahead,0.059182391088171235,NA
Cutoff +2m,2,110,2019 Q2,2020 Q2,exch_rate,4,NA,MIDAS,2020-06-30,1-year ahead,0.059182391088171235,NA
Cutoff +2m,2,110,2019 Q2,2020 Q2,exch_rate,4,0.09668861724518306,AR(2),2020-06-30,1-year ahead,0.059182391088171235,0.037506226157011824
Cutoff +2m,2,110,2019 Q2,2020 Q2,exch_rate,4,0.10000642622988033,RW-trend,2020-06-30,1-year ahead,0.059182391088171235,0.0408240351417091
Cutoff +2m,2,110,2019 Q2,2019 Q3,gdp_growth,1,2.4965671120969004,MF-VAR,2019-09-30,1-step ahead,1.2127967227840486,1.2837703893128518
Cutoff +2m,2,110,2019 Q2,2019 Q3,gdp_growth,1,NA,MIDAS (trend),2019-09-30,1-step ahead,1.2127967227840486,NA
Cutoff +2m,2,110,2019 Q2,2019 Q3,gdp_growth,1,NA,MIDAS,2019-09-30,1-step ahead,1.2127967227840486,NA
Cutoff +2m,2,110,2019 Q2,2019 Q3,gdp_growth,1,2.569577602810416,AR(2),2019-09-30,1-step ahead,1.2127967227840486,1.3567808800263674
Cutoff +2m,2,110,2019 Q2,2019 Q3,gdp_growth,1,1.386910605729886,RW-trend,2019-09-30,1-step ahead,1.2127967227840486,0.1741138829458373
Cutoff +2m,2,110,2019 Q2,2019 Q4,gdp_growth,2,0.8836875622836188,MF-VAR,2019-12-31,Other,2.598755881032133,-1.7150683187485143
Cutoff +2m,2,110,2019 Q2,2019 Q4,gdp_growth,2,NA,MIDAS (trend),2019-12-31,Other,2.598755881032133,NA
Cutoff +2m,2,110,2019 Q2,2019 Q4,gdp_growth,2,NA,MIDAS,2019-12-31,Other,2.598755881032133,NA
Cutoff +2m,2,110,2019 Q2,2019 Q4,gdp_growth,2,1.5219712423682403,AR(2),2019-12-31,Other,2.598755881032133,-1.0767846386638928
Cutoff +2m,2,110,2019 Q2,2019 Q4,gdp_growth,2,1.4140985095507224,RW-trend,2019-12-31,Other,2.598755881032133,-1.1846573714814108
Cutoff +2m,2,110,2019 Q2,2020 Q1,gdp_growth,3,0.6259380653285737,MF-VAR,2020-03-31,Other,-7.067810646740469,7.693748712069042
Cutoff +2m,2,110,2019 Q2,2020 Q1,gdp_growth,3,NA,MIDAS (trend),2020-03-31,Other,-7.067810646740469,NA
Cutoff +2m,2,110,2019 Q2,2020 Q1,gdp_growth,3,NA,MIDAS,2020-03-31,Other,-7.067810646740469,NA
Cutoff +2m,2,110,2019 Q2,2020 Q1,gdp_growth,3,1.3767134224718665,AR(2),2020-03-31,Other,-7.067810646740469,8.444524069212335
Cutoff +2m,2,110,2019 Q2,2020 Q1,gdp_growth,3,1.4412864133715586,RW-trend,2020-03-31,Other,-7.067810646740469,8.509097060112028
Cutoff +2m,2,110,2019 Q2,2020 Q2,gdp_growth,4,0.7758660116213639,MF-VAR,2020-06-30,1-year ahead,-27.833251932801062,28.609117944422426
Cutoff +2m,2,110,2019 Q2,2020 Q2,gdp_growth,4,NA,MIDAS (trend),2020-06-30,1-year ahead,-27.833251932801062,NA
Cutoff +2m,2,110,2019 Q2,2020 Q2,gdp_growth,4,NA,MIDAS,2020-06-30,1-year ahead,-27.833251932801062,NA
Cutoff +2m,2,110,2019 Q2,2020 Q2,gdp_growth,4,1.4349973562632634,AR(2),2020-06-30,1-year ahead,-27.833251932801062,29.268249289064325
Cutoff +2m,2,110,2019 Q2,2020 Q2,gdp_growth,4,1.468474317192395,RW-trend,2020-06-30,1-year ahead,-27.833251932801062,29.301726249993457
Cutoff +2m,2,110,2019 Q2,2019 Q3,inflation,1,1.369717482351879,MF-VAR,2019-09-30,1-step ahead,-0.8629354217656982,2.232652904117577
Cutoff +2m,2,110,2019 Q2,2019 Q3,inflation,1,NA,MIDAS (trend),2019-09-30,1-step ahead,-0.8629354217656982,NA
Cutoff +2m,2,110,2019 Q2,2019 Q3,inflation,1,NA,MIDAS,2019-09-30,1-step ahead,-0.8629354217656982,NA
Cutoff +2m,2,110,2019 Q2,2019 Q3,inflation,1,0.7769575416781959,AR(2),2019-09-30,1-step ahead,-0.8629354217656982,1.6398929634438941
Cutoff +2m,2,110,2019 Q2,2019 Q3,inflation,1,1.4134716621956558,RW-trend,2019-09-30,1-step ahead,-0.8629354217656982,2.276407083961354
Cutoff +2m,2,110,2019 Q2,2019 Q4,inflation,2,0.5791051717427832,MF-VAR,2019-12-31,Other,-0.6876495314639186,1.266754703206702
Cutoff +2m,2,110,2019 Q2,2019 Q4,inflation,2,NA,MIDAS (trend),2019-12-31,Other,-0.6876495314639186,NA
Cutoff +2m,2,110,2019 Q2,2019 Q4,inflation,2,NA,MIDAS,2019-12-31,Other,-0.6876495314639186,NA
Cutoff +2m,2,110,2019 Q2,2019 Q4,inflation,2,0.5684178981866274,AR(2),2019-12-31,Other,-0.6876495314639186,1.256067429650546
Cutoff +2m,2,110,2019 Q2,2019 Q4,inflation,2,1.3903170276968129,RW-trend,2019-12-31,Other,-0.6876495314639186,2.0779665591607315
Cutoff +2m,2,110,2019 Q2,2020 Q1,inflation,3,0.3927438412138399,MF-VAR,2020-03-31,Other,-0.5383806198913987,0.9311244611052386
Cutoff +2m,2,110,2019 Q2,2020 Q1,inflation,3,NA,MIDAS (trend),2020-03-31,Other,-0.5383806198913987,NA
Cutoff +2m,2,110,2019 Q2,2020 Q1,inflation,3,NA,MIDAS,2020-03-31,Other,-0.5383806198913987,NA
Cutoff +2m,2,110,2019 Q2,2020 Q1,inflation,3,0.45138252628356557,AR(2),2020-03-31,Other,-0.5383806198913987,0.9897631461749643
Cutoff +2m,2,110,2019 Q2,2020 Q1,inflation,3,1.36716239319797,RW-trend,2020-03-31,Other,-0.5383806198913987,1.9055430130893687
Cutoff +2m,2,110,2019 Q2,2020 Q2,inflation,4,0.2295533732564653,MF-VAR,2020-06-30,1-year ahead,-2.654470813291354,2.8840241865478196
Cutoff +2m,2,110,2019 Q2,2020 Q2,inflation,4,NA,MIDAS (trend),2020-06-30,1-year ahead,-2.654470813291354,NA
Cutoff +2m,2,110,2019 Q2,2020 Q2,inflation,4,NA,MIDAS,2020-06-30,1-year ahead,-2.654470813291354,NA
Cutoff +2m,2,110,2019 Q2,2020 Q2,inflation,4,0.38885556846420893,AR(2),2020-06-30,1-year ahead,-2.654470813291354,3.043326381755563
Cutoff +2m,2,110,2019 Q2,2020 Q2,inflation,4,1.3440077586991268,RW-trend,2020-06-30,1-year ahead,-2.654470813291354,3.998478571990481
Cutoff +2m,2,111,2019 Q3,2019 Q4,exch_rate,1,0.08948909120356065,MF-VAR,2019-12-31,1-step ahead,0.09189658673335668,-0.002407495529796036
Cutoff +2m,2,111,2019 Q3,2019 Q4,exch_rate,1,NA,MIDAS (trend),2019-12-31,1-step ahead,0.09189658673335668,NA
Cutoff +2m,2,111,2019 Q3,2019 Q4,exch_rate,1,NA,MIDAS,2019-12-31,1-step ahead,0.09189658673335668,NA
Cutoff +2m,2,111,2019 Q3,2019 Q4,exch_rate,1,0.08619914518866865,AR(2),2019-12-31,1-step ahead,0.09189658673335668,-0.005697441544688028
Cutoff +2m,2,111,2019 Q3,2019 Q4,exch_rate,1,0.0866788091899035,RW-trend,2019-12-31,1-step ahead,0.09189658673335668,-0.005217777543453178
Cutoff +2m,2,111,2019 Q3,2020 Q1,exch_rate,2,0.08503624593088357,MF-VAR,2020-03-31,Other,0.06468184825752378,0.020354397673359795
Cutoff +2m,2,111,2019 Q3,2020 Q1,exch_rate,2,NA,MIDAS (trend),2020-03-31,Other,0.06468184825752378,NA
Cutoff +2m,2,111,2019 Q3,2020 Q1,exch_rate,2,NA,MIDAS,2020-03-31,Other,0.06468184825752378,NA
Cutoff +2m,2,111,2019 Q3,2020 Q1,exch_rate,2,0.08080493245261383,AR(2),2020-03-31,Other,0.06468184825752378,0.01612308419509005
Cutoff +2m,2,111,2019 Q3,2020 Q1,exch_rate,2,0.08174162428525349,RW-trend,2020-03-31,Other,0.06468184825752378,0.017059776027729706
Cutoff +2m,2,111,2019 Q3,2020 Q2,exch_rate,3,0.0867282657291243,MF-VAR,2020-06-30,Other,0.059182391088171235,0.027545874640953066
Cutoff +2m,2,111,2019 Q3,2020 Q2,exch_rate,3,NA,MIDAS (trend),2020-06-30,Other,0.059182391088171235,NA
Cutoff +2m,2,111,2019 Q3,2020 Q2,exch_rate,3,NA,MIDAS,2020-06-30,Other,0.059182391088171235,NA
Cutoff +2m,2,111,2019 Q3,2020 Q2,exch_rate,3,0.07910484343617721,AR(2),2020-06-30,Other,0.059182391088171235,0.01992245234800598
Cutoff +2m,2,111,2019 Q3,2020 Q2,exch_rate,3,0.07680443938060347,RW-trend,2020-06-30,Other,0.059182391088171235,0.017622048292432232
Cutoff +2m,2,111,2019 Q3,2020 Q3,exch_rate,4,0.07721714589914093,MF-VAR,2020-09-30,1-year ahead,0.07254644174085553,0.004670704158285396
Cutoff +2m,2,111,2019 Q3,2020 Q3,exch_rate,4,NA,MIDAS (trend),2020-09-30,1-year ahead,0.07254644174085553,NA
Cutoff +2m,2,111,2019 Q3,2020 Q3,exch_rate,4,NA,MIDAS,2020-09-30,1-year ahead,0.07254644174085553,NA
Cutoff +2m,2,111,2019 Q3,2020 Q3,exch_rate,4,0.07057867324137193,AR(2),2020-09-30,1-year ahead,0.07254644174085553,-0.001967768499483602
Cutoff +2m,2,111,2019 Q3,2020 Q3,exch_rate,4,0.07186725447595343,RW-trend,2020-09-30,1-year ahead,0.07254644174085553,-6.79187264902098e-4
Cutoff +2m,2,111,2019 Q3,2019 Q4,gdp_growth,1,0.15699894063725775,MF-VAR,2019-12-31,1-step ahead,2.598755881032133,-2.4417569403948756
Cutoff +2m,2,111,2019 Q3,2019 Q4,gdp_growth,1,NA,MIDAS (trend),2019-12-31,1-step ahead,2.598755881032133,NA
Cutoff +2m,2,111,2019 Q3,2019 Q4,gdp_growth,1,NA,MIDAS,2019-12-31,1-step ahead,2.598755881032133,NA
Cutoff +2m,2,111,2019 Q3,2019 Q4,gdp_growth,1,1.0186317815548893,AR(2),2019-12-31,1-step ahead,2.598755881032133,-1.5801240994772439
Cutoff +2m,2,111,2019 Q3,2019 Q4,gdp_growth,1,1.2383872515319874,RW-trend,2019-12-31,1-step ahead,2.598755881032133,-1.3603686295001458
Cutoff +2m,2,111,2019 Q3,2020 Q1,gdp_growth,2,0.5900873646711992,MF-VAR,2020-03-31,Other,-7.067810646740469,7.657898011411668
Cutoff +2m,2,111,2019 Q3,2020 Q1,gdp_growth,2,NA,MIDAS (trend),2020-03-31,Other,-7.067810646740469,NA
Cutoff +2m,2,111,2019 Q3,2020 Q1,gdp_growth,2,NA,MIDAS,2020-03-31,Other,-7.067810646740469,NA
Cutoff +2m,2,111,2019 Q3,2020 Q1,gdp_growth,2,1.2021158519520583,AR(2),2020-03-31,Other,-7.067810646740469,8.269926498692527
Cutoff +2m,2,111,2019 Q3,2020 Q1,gdp_growth,2,1.263977780279926,RW-trend,2020-03-31,Other,-7.067810646740469,8.331788427020395
Cutoff +2m,2,111,2019 Q3,2020 Q2,gdp_growth,3,1.1382222494020442,MF-VAR,2020-06-30,Other,-27.833251932801062,28.971474182203107
Cutoff +2m,2,111,2019 Q3,2020 Q2,gdp_growth,3,NA,MIDAS (trend),2020-06-30,Other,-27.833251932801062,NA
Cutoff +2m,2,111,2019 Q3,2020 Q2,gdp_growth,3,NA,MIDAS,2020-06-30,Other,-27.833251932801062,NA
Cutoff +2m,2,111,2019 Q3,2020 Q2,gdp_growth,3,1.369589613020326,AR(2),2020-06-30,Other,-27.833251932801062,29.20284154582139
Cutoff +2m,2,111,2019 Q3,2020 Q2,gdp_growth,3,1.2895683090278647,RW-trend,2020-06-30,Other,-27.833251932801062,29.122820241828926
Cutoff +2m,2,111,2019 Q3,2020 Q3,gdp_growth,4,2.504524251851546,MF-VAR,2020-09-30,1-year ahead,28.019705798225658,-25.515181546374112
Cutoff +2m,2,111,2019 Q3,2020 Q3,gdp_growth,4,NA,MIDAS (trend),2020-09-30,1-year ahead,28.019705798225658,NA
Cutoff +2m,2,111,2019 Q3,2020 Q3,gdp_growth,4,NA,MIDAS,2020-09-30,1-year ahead,28.019705798225658,NA
Cutoff +2m,2,111,2019 Q3,2020 Q3,gdp_growth,4,2.542297527653289,AR(2),2020-09-30,1-year ahead,28.019705798225658,-25.47740827057237
Cutoff +2m,2,111,2019 Q3,2020 Q3,gdp_growth,4,1.3151588377758034,RW-trend,2020-09-30,1-year ahead,28.019705798225658,-26.704546960449854
Cutoff +2m,2,111,2019 Q3,2019 Q4,inflation,1,-0.8366815284909104,MF-VAR,2019-12-31,1-step ahead,-0.6876495314639186,-0.14903199702699177
Cutoff +2m,2,111,2019 Q3,2019 Q4,inflation,1,NA,MIDAS (trend),2019-12-31,1-step ahead,-0.6876495314639186,NA
Cutoff +2m,2,111,2019 Q3,2019 Q4,inflation,1,NA,MIDAS,2019-12-31,1-step ahead,-0.6876495314639186,NA
Cutoff +2m,2,111,2019 Q3,2019 Q4,inflation,1,-0.1686164109959268,AR(2),2019-12-31,1-step ahead,-0.6876495314639186,0.5190331204679918
Cutoff +2m,2,111,2019 Q3,2019 Q4,inflation,1,-0.906974524924737,RW-trend,2019-12-31,1-step ahead,-0.6876495314639186,-0.21932499346081835
Cutoff +2m,2,111,2019 Q3,2020 Q1,inflation,2,-0.24892957712920982,MF-VAR,2020-03-31,Other,-0.5383806198913987,0.2894510427621889
Cutoff +2m,2,111,2019 Q3,2020 Q1,inflation,2,NA,MIDAS (trend),2020-03-31,Other,-0.5383806198913987,NA
Cutoff +2m,2,111,2019 Q3,2020 Q1,inflation,2,NA,MIDAS,2020-03-31,Other,-0.5383806198913987,NA
Cutoff +2m,2,111,2019 Q3,2020 Q1,inflation,2,0.04725237470955045,AR(2),2020-03-31,Other,-0.5383806198913987,0.5856329946009492
Cutoff +2m,2,111,2019 Q3,2020 Q1,inflation,2,-0.9510136280837758,RW-trend,2020-03-31,Other,-0.5383806198913987,-0.412633008192377
Cutoff +2m,2,111,2019 Q3,2020 Q2,inflation,3,0.01665946200522933,MF-VAR,2020-06-30,Other,-2.654470813291354,2.6711302752965835
Cutoff +2m,2,111,2019 Q3,2020 Q2,inflation,3,NA,MIDAS (trend),2020-06-30,Other,-2.654470813291354,NA
Cutoff +2m,2,111,2019 Q3,2020 Q2,inflation,3,NA,MIDAS,2020-06-30,Other,-2.654470813291354,NA
Cutoff +2m,2,111,2019 Q3,2020 Q2,inflation,3,0.17173159452861447,AR(2),2020-06-30,Other,-2.654470813291354,2.826202407819969
Cutoff +2m,2,111,2019 Q3,2020 Q2,inflation,3,-0.9950527312428146,RW-trend,2020-06-30,Other,-2.654470813291354,1.6594180820485396
Cutoff +2m,2,111,2019 Q3,2020 Q3,inflation,4,0.16164342109699636,MF-VAR,2020-09-30,1-year ahead,0.39094669766832624,-0.22930327657132987
Cutoff +2m,2,111,2019 Q3,2020 Q3,inflation,4,NA,MIDAS (trend),2020-09-30,1-year ahead,0.39094669766832624,NA
Cutoff +2m,2,111,2019 Q3,2020 Q3,inflation,4,NA,MIDAS,2020-09-30,1-year ahead,0.39094669766832624,NA
Cutoff +2m,2,111,2019 Q3,2020 Q3,inflation,4,0.168291063125455,AR(2),2020-09-30,1-year ahead,0.39094669766832624,-0.22265563454287124
Cutoff +2m,2,111,2019 Q3,2020 Q3,inflation,4,-1.0390918344018534,RW-trend,2020-09-30,1-year ahead,0.39094669766832624,-1.4300385320701796
Cutoff +2m,2,112,2019 Q4,2020 Q1,exch_rate,1,0.0866342059819985,MF-VAR,2020-03-31,1-step ahead,0.06468184825752378,0.021952357724474722
Cutoff +2m,2,112,2019 Q4,2020 Q1,exch_rate,1,NA,MIDAS (trend),2020-03-31,1-step ahead,0.06468184825752378,NA
Cutoff +2m,2,112,2019 Q4,2020 Q1,exch_rate,1,NA,MIDAS,2020-03-31,1-step ahead,0.06468184825752378,NA
Cutoff +2m,2,112,2019 Q4,2020 Q1,exch_rate,1,0.08733005380078374,AR(2),2020-03-31,1-step ahead,0.06468184825752378,0.022648205543259955
Cutoff +2m,2,112,2019 Q4,2020 Q1,exch_rate,1,0.08700683617001079,RW-trend,2020-03-31,1-step ahead,0.06468184825752378,0.022324987912487007
Cutoff +2m,2,112,2019 Q4,2020 Q2,exch_rate,2,0.08380353744571971,MF-VAR,2020-06-30,Other,0.059182391088171235,0.024621146357548473
Cutoff +2m,2,112,2019 Q4,2020 Q2,exch_rate,2,NA,MIDAS (trend),2020-06-30,Other,0.059182391088171235,NA
Cutoff +2m,2,112,2019 Q4,2020 Q2,exch_rate,2,NA,MIDAS,2020-06-30,Other,0.059182391088171235,NA
Cutoff +2m,2,112,2019 Q4,2020 Q2,exch_rate,2,0.08543575077297023,AR(2),2020-06-30,Other,0.059182391088171235,0.026253359684799
Cutoff +2m,2,112,2019 Q4,2020 Q2,exch_rate,2,0.08211708560666488,RW-trend,2020-06-30,Other,0.059182391088171235,0.022934694518493642
Cutoff +2m,2,112,2019 Q4,2020 Q3,exch_rate,3,0.072234303878907,MF-VAR,2020-09-30,Other,0.07254644174085553,-3.1213786194853044e-4
Cutoff +2m,2,112,2019 Q4,2020 Q3,exch_rate,3,NA,MIDAS (trend),2020-09-30,Other,0.07254644174085553,NA
Cutoff +2m,2,112,2019 Q4,2020 Q3,exch_rate,3,NA,MIDAS,2020-09-30,Other,0.07254644174085553,NA
Cutoff +2m,2,112,2019 Q4,2020 Q3,exch_rate,3,0.07652112452086807,AR(2),2020-09-30,Other,0.07254644174085553,0.003974682780012534
Cutoff +2m,2,112,2019 Q4,2020 Q3,exch_rate,3,0.07722733504331898,RW-trend,2020-09-30,Other,0.07254644174085553,0.004680893302463449
Cutoff +2m,2,112,2019 Q4,2020 Q4,exch_rate,4,0.07057292094746617,MF-VAR,2020-12-31,1-year ahead,0.07496664276390097,-0.004393721816434798
Cutoff +2m,2,112,2019 Q4,2020 Q4,exch_rate,4,NA,MIDAS (trend),2020-12-31,1-year ahead,0.07496664276390097,NA
Cutoff +2m,2,112,2019 Q4,2020 Q4,exch_rate,4,NA,MIDAS,2020-12-31,1-year ahead,0.07496664276390097,NA
Cutoff +2m,2,112,2019 Q4,2020 Q4,exch_rate,4,0.07458153604955439,AR(2),2020-12-31,1-year ahead,0.07496664276390097,-3.8510671434657806e-4
Cutoff +2m,2,112,2019 Q4,2020 Q4,exch_rate,4,0.07233758447997307,RW-trend,2020-12-31,1-year ahead,0.07496664276390097,-0.0026290582839278986
Cutoff +2m,2,112,2019 Q4,2020 Q1,gdp_growth,1,2.4516530124878826,MF-VAR,2020-03-31,1-step ahead,-7.067810646740469,9.519463659228352
Cutoff +2m,2,112,2019 Q4,2020 Q1,gdp_growth,1,NA,MIDAS (trend),2020-03-31,1-step ahead,-7.067810646740469,NA
Cutoff +2m,2,112,2019 Q4,2020 Q1,gdp_growth,1,NA,MIDAS,2020-03-31,1-step ahead,-7.067810646740469,NA
Cutoff +2m,2,112,2019 Q4,2020 Q1,gdp_growth,1,1.7790108564707743,AR(2),2020-03-31,1-step ahead,-7.067810646740469,8.846821503211244
Cutoff +2m,2,112,2019 Q4,2020 Q1,gdp_growth,1,2.636713397320982,RW-trend,2020-03-31,1-step ahead,-7.067810646740469,9.70452404406145
Cutoff +2m,2,112,2019 Q4,2020 Q2,gdp_growth,2,1.0037829470427977,MF-VAR,2020-06-30,Other,-27.833251932801062,28.83703487984386
Cutoff +2m,2,112,2019 Q4,2020 Q2,gdp_growth,2,NA,MIDAS (trend),2020-06-30,Other,-27.833251932801062,NA
Cutoff +2m,2,112,2019 Q4,2020 Q2,gdp_growth,2,NA,MIDAS,2020-06-30,Other,-27.833251932801062,NA
Cutoff +2m,2,112,2019 Q4,2020 Q2,gdp_growth,2,1.5669586058590084,AR(2),2020-06-30,Other,-27.833251932801062,29.40021053866007
Cutoff +2m,2,112,2019 Q4,2020 Q2,gdp_growth,2,2.6746709136098317,RW-trend,2020-06-30,Other,-27.833251932801062,30.507922846410892
Cutoff +2m,2,112,2019 Q4,2020 Q3,gdp_growth,3,2.3144832683476,MF-VAR,2020-09-30,Other,28.019705798225658,-25.705222529878057
Cutoff +2m,2,112,2019 Q4,2020 Q3,gdp_growth,3,NA,MIDAS (trend),2020-09-30,Other,28.019705798225658,NA
Cutoff +2m,2,112,2019 Q4,2020 Q3,gdp_growth,3,NA,MIDAS,2020-09-30,Other,28.019705798225658,NA
Cutoff +2m,2,112,2019 Q4,2020 Q3,gdp_growth,3,2.613609908723277,AR(2),2020-09-30,Other,28.019705798225658,-25.40609588950238
Cutoff +2m,2,112,2019 Q4,2020 Q3,gdp_growth,3,2.7126284298986807,RW-trend,2020-09-30,Other,28.019705798225658,-25.30707736832698
Cutoff +2m,2,112,2019 Q4,2020 Q4,gdp_growth,4,1.191796785375353,MF-VAR,2020-12-31,1-year ahead,2.205063679566166,-1.013266894190813
Cutoff +2m,2,112,2019 Q4,2020 Q4,gdp_growth,4,NA,MIDAS (trend),2020-12-31,1-year ahead,2.205063679566166,NA
Cutoff +2m,2,112,2019 Q4,2020 Q4,gdp_growth,4,NA,MIDAS,2020-12-31,1-year ahead,2.205063679566166,NA
Cutoff +2m,2,112,2019 Q4,2020 Q4,gdp_growth,4,1.5281496313855822,AR(2),2020-12-31,1-year ahead,2.205063679566166,-0.6769140481805838
Cutoff +2m,2,112,2019 Q4,2020 Q4,gdp_growth,4,2.75058594618753,RW-trend,2020-12-31,1-year ahead,2.205063679566166,0.5455222666213642
Cutoff +2m,2,112,2019 Q4,2020 Q1,inflation,1,-0.6784446607527476,MF-VAR,2020-03-31,1-step ahead,-0.5383806198913987,-0.14006404086134883
Cutoff +2m,2,112,2019 Q4,2020 Q1,inflation,1,NA,MIDAS (trend),2020-03-31,1-step ahead,-0.5383806198913987,NA
Cutoff +2m,2,112,2019 Q4,2020 Q1,inflation,1,NA,MIDAS,2020-03-31,1-step ahead,-0.5383806198913987,NA
Cutoff +2m,2,112,2019 Q4,2020 Q1,inflation,1,-0.18487169642086299,AR(2),2020-03-31,1-step ahead,-0.5383806198913987,0.35350892347053575
Cutoff +2m,2,112,2019 Q4,2020 Q1,inflation,1,-0.7296947710460409,RW-trend,2020-03-31,1-step ahead,-0.5383806198913987,-0.19131415115464212
Cutoff +2m,2,112,2019 Q4,2020 Q2,inflation,2,-0.2603550596729874,MF-VAR,2020-06-30,Other,-2.654470813291354,2.3941157536183666
Cutoff +2m,2,112,2019 Q4,2020 Q2,inflation,2,NA,MIDAS (trend),2020-06-30,Other,-2.654470813291354,NA
Cutoff +2m,2,112,2019 Q4,2020 Q2,inflation,2,NA,MIDAS,2020-06-30,Other,-2.654470813291354,NA
Cutoff +2m,2,112,2019 Q4,2020 Q2,inflation,2,0.05004768553682165,AR(2),2020-06-30,Other,-2.654470813291354,2.704518498828176
Cutoff +2m,2,112,2019 Q4,2020 Q2,inflation,2,-0.7717400106281631,RW-trend,2020-06-30,Other,-2.654470813291354,1.882730802663191
Cutoff +2m,2,112,2019 Q4,2020 Q3,inflation,3,-0.14280961915764076,MF-VAR,2020-09-30,Other,0.39094669766832624,-0.533756316825967
Cutoff +2m,2,112,2019 Q4,2020 Q3,inflation,3,NA,MIDAS (trend),2020-09-30,Other,0.39094669766832624,NA
Cutoff +2m,2,112,2019 Q4,2020 Q3,inflation,3,NA,MIDAS,2020-09-30,Other,0.39094669766832624,NA
Cutoff +2m,2,112,2019 Q4,2020 Q3,inflation,3,0.10364156605843691,AR(2),2020-09-30,Other,0.39094669766832624,-0.28730513160988935
Cutoff +2m,2,112,2019 Q4,2020 Q3,inflation,3,-0.8137852502102854,RW-trend,2020-09-30,Other,0.39094669766832624,-1.2047319478786116
Cutoff +2m,2,112,2019 Q4,2020 Q4,inflation,4,0.0675570683655403,MF-VAR,2020-12-31,1-year ahead,0.17231238982731156,-0.10475532146177126
Cutoff +2m,2,112,2019 Q4,2020 Q4,inflation,4,NA,MIDAS (trend),2020-12-31,1-year ahead,0.17231238982731156,NA
Cutoff +2m,2,112,2019 Q4,2020 Q4,inflation,4,NA,MIDAS,2020-12-31,1-year ahead,0.17231238982731156,NA
Cutoff +2m,2,112,2019 Q4,2020 Q4,inflation,4,0.1918498555899719,AR(2),2020-12-31,1-year ahead,0.17231238982731156,0.019537465762660328
Cutoff +2m,2,112,2019 Q4,2020 Q4,inflation,4,-0.8558304897924077,RW-trend,2020-12-31,1-year ahead,0.17231238982731156,-1.0281428796197192
Cutoff +2m,2,113,2020 Q1,2020 Q2,exch_rate,1,0.0624748015219494,MF-VAR,2020-06-30,1-step ahead,0.059182391088171235,0.0032924104337781618
Cutoff +2m,2,113,2020 Q1,2020 Q2,exch_rate,1,NA,MIDAS (trend),2020-06-30,1-step ahead,0.059182391088171235,NA
Cutoff +2m,2,113,2020 Q1,2020 Q2,exch_rate,1,NA,MIDAS,2020-06-30,1-step ahead,0.059182391088171235,NA
Cutoff +2m,2,113,2020 Q1,2020 Q2,exch_rate,1,0.05977931587183388,AR(2),2020-06-30,1-step ahead,0.059182391088171235,5.969247836626473e-4
Cutoff +2m,2,113,2020 Q1,2020 Q2,exch_rate,1,0.05959097167694827,RW-trend,2020-06-30,1-step ahead,0.059182391088171235,4.0858058877703274e-4
Cutoff +2m,2,113,2020 Q1,2020 Q3,exch_rate,2,0.009103165425459697,MF-VAR,2020-09-30,Other,0.07254644174085553,-0.06344327631539584
Cutoff +2m,2,113,2020 Q1,2020 Q3,exch_rate,2,NA,MIDAS (trend),2020-09-30,Other,0.07254644174085553,NA
Cutoff +2m,2,113,2020 Q1,2020 Q3,exch_rate,2,NA,MIDAS,2020-09-30,Other,0.07254644174085553,NA
Cutoff +2m,2,113,2020 Q1,2020 Q3,exch_rate,2,0.05170752186127613,AR(2),2020-09-30,Other,0.07254644174085553,-0.0208389198795794
Cutoff +2m,2,113,2020 Q1,2020 Q3,exch_rate,2,0.054500095096372755,RW-trend,2020-09-30,Other,0.07254644174085553,-0.018046346644482777
Cutoff +2m,2,113,2020 Q1,2020 Q4,exch_rate,3,0.022310941689386483,MF-VAR,2020-12-31,Other,0.07496664276390097,-0.05265570107451449
Cutoff +2m,2,113,2020 Q1,2020 Q4,exch_rate,3,NA,MIDAS (trend),2020-12-31,Other,0.07496664276390097,NA
Cutoff +2m,2,113,2020 Q1,2020 Q4,exch_rate,3,NA,MIDAS,2020-12-31,Other,0.07496664276390097,NA
Cutoff +2m,2,113,2020 Q1,2020 Q4,exch_rate,3,0.051286673546612246,AR(2),2020-12-31,Other,0.07496664276390097,-0.023679969217288724
Cutoff +2m,2,113,2020 Q1,2020 Q4,exch_rate,3,0.049409218515797236,RW-trend,2020-12-31,Other,0.07496664276390097,-0.025557424248103734
Cutoff +2m,2,113,2020 Q1,2021 Q1,exch_rate,4,0.022942594628363223,MF-VAR,2021-03-31,1-year ahead,0.08651203736449914,-0.06356944273613592
Cutoff +2m,2,113,2020 Q1,2021 Q1,exch_rate,4,NA,MIDAS (trend),2021-03-31,1-year ahead,0.08651203736449914,NA
Cutoff +2m,2,113,2020 Q1,2021 Q1,exch_rate,4,NA,MIDAS,2021-03-31,1-year ahead,0.08651203736449914,NA
Cutoff +2m,2,113,2020 Q1,2021 Q1,exch_rate,4,0.04775655812990318,AR(2),2021-03-31,1-year ahead,0.08651203736449914,-0.038755479234595956
Cutoff +2m,2,113,2020 Q1,2021 Q1,exch_rate,4,0.044318341935221724,RW-trend,2021-03-31,1-year ahead,0.08651203736449914,-0.042193695429277416
Cutoff +2m,2,113,2020 Q1,2020 Q2,gdp_growth,1,-7.010073348064991,MF-VAR,2020-06-30,1-step ahead,-27.833251932801062,20.82317858473607
Cutoff +2m,2,113,2020 Q1,2020 Q2,gdp_growth,1,NA,MIDAS (trend),2020-06-30,1-step ahead,-27.833251932801062,NA
Cutoff +2m,2,113,2020 Q1,2020 Q2,gdp_growth,1,NA,MIDAS,2020-06-30,1-step ahead,-27.833251932801062,NA
Cutoff +2m,2,113,2020 Q1,2020 Q2,gdp_growth,1,-1.165963248111804,AR(2),2020-06-30,1-step ahead,-27.833251932801062,26.667288684689257
Cutoff +2m,2,113,2020 Q1,2020 Q2,gdp_growth,1,-7.117281274992714,RW-trend,2020-06-30,1-step ahead,-27.833251932801062,20.71597065780835
Cutoff +2m,2,113,2020 Q1,2020 Q3,gdp_growth,2,-3.54675225141556,MF-VAR,2020-09-30,Other,28.019705798225658,-31.56645804964122
Cutoff +2m,2,113,2020 Q1,2020 Q3,gdp_growth,2,NA,MIDAS (trend),2020-09-30,Other,28.019705798225658,NA
Cutoff +2m,2,113,2020 Q1,2020 Q3,gdp_growth,2,NA,MIDAS,2020-09-30,Other,28.019705798225658,NA
Cutoff +2m,2,113,2020 Q1,2020 Q3,gdp_growth,2,1.494038499494847,AR(2),2020-09-30,Other,28.019705798225658,-26.52566729873081
Cutoff +2m,2,113,2020 Q1,2020 Q3,gdp_growth,2,-7.1667519032449585,RW-trend,2020-09-30,Other,28.019705798225658,-35.186457701470616
Cutoff +2m,2,113,2020 Q1,2020 Q4,gdp_growth,3,-2.163436994133614,MF-VAR,2020-12-31,Other,2.205063679566166,-4.36850067369978
Cutoff +2m,2,113,2020 Q1,2020 Q4,gdp_growth,3,NA,MIDAS (trend),2020-12-31,Other,2.205063679566166,NA
Cutoff +2m,2,113,2020 Q1,2020 Q4,gdp_growth,3,NA,MIDAS,2020-12-31,Other,2.205063679566166,NA
Cutoff +2m,2,113,2020 Q1,2020 Q4,gdp_growth,3,1.0636861666489401,AR(2),2020-12-31,Other,2.205063679566166,-1.141377512917226
Cutoff +2m,2,113,2020 Q1,2020 Q4,gdp_growth,3,-7.216222531497204,RW-trend,2020-12-31,Other,2.205063679566166,-9.42128621106337
Cutoff +2m,2,113,2020 Q1,2021 Q1,gdp_growth,4,-1.6328350117253385,MF-VAR,2021-03-31,1-year ahead,2.4318148532721295,-4.0646498649974685
Cutoff +2m,2,113,2020 Q1,2021 Q1,gdp_growth,4,NA,MIDAS (trend),2021-03-31,1-year ahead,2.4318148532721295,NA
Cutoff +2m,2,113,2020 Q1,2021 Q1,gdp_growth,4,NA,MIDAS,2021-03-31,1-year ahead,2.4318148532721295,NA
Cutoff +2m,2,113,2020 Q1,2021 Q1,gdp_growth,4,1.149351024869754,AR(2),2021-03-31,1-year ahead,2.4318148532721295,-1.2824638284023755
Cutoff +2m,2,113,2020 Q1,2021 Q1,gdp_growth,4,-7.265693159749449,RW-trend,2021-03-31,1-year ahead,2.4318148532721295,-9.69750801302158
Cutoff +2m,2,113,2020 Q1,2020 Q2,inflation,1,-0.5353149744667087,MF-VAR,2020-06-30,1-step ahead,-2.654470813291354,2.1191558388246454
Cutoff +2m,2,113,2020 Q1,2020 Q2,inflation,1,NA,MIDAS (trend),2020-06-30,1-step ahead,-2.654470813291354,NA
Cutoff +2m,2,113,2020 Q1,2020 Q2,inflation,1,NA,MIDAS,2020-06-30,1-step ahead,-2.654470813291354,NA
Cutoff +2m,2,113,2020 Q1,2020 Q2,inflation,1,-0.12051271594075647,AR(2),2020-06-30,1-step ahead,-2.654470813291354,2.5339580973505975
Cutoff +2m,2,113,2020 Q1,2020 Q2,inflation,1,-0.578702308562218,RW-trend,2020-06-30,1-step ahead,-2.654470813291354,2.075768504729136
Cutoff +2m,2,113,2020 Q1,2020 Q3,inflation,2,-1.9031825744284183,MF-VAR,2020-09-30,Other,0.39094669766832624,-2.2941292720967446
Cutoff +2m,2,113,2020 Q1,2020 Q3,inflation,2,NA,MIDAS (trend),2020-09-30,Other,0.39094669766832624,NA
Cutoff +2m,2,113,2020 Q1,2020 Q3,inflation,2,NA,MIDAS,2020-09-30,Other,0.39094669766832624,NA
Cutoff +2m,2,113,2020 Q1,2020 Q3,inflation,2,0.008813740492084526,AR(2),2020-09-30,Other,0.39094669766832624,-0.38213295717624174
Cutoff +2m,2,113,2020 Q1,2020 Q3,inflation,2,-0.6190239972330372,RW-trend,2020-09-30,Other,0.39094669766832624,-1.0099706949013636
Cutoff +2m,2,113,2020 Q1,2020 Q4,inflation,3,-1.0402693494112816,MF-VAR,2020-12-31,Other,0.17231238982731156,-1.2125817392385931
Cutoff +2m,2,113,2020 Q1,2020 Q4,inflation,3,NA,MIDAS (trend),2020-12-31,Other,0.17231238982731156,NA
Cutoff +2m,2,113,2020 Q1,2020 Q4,inflation,3,NA,MIDAS,2020-12-31,Other,0.17231238982731156,NA
Cutoff +2m,2,113,2020 Q1,2020 Q4,inflation,3,0.1382871474797809,AR(2),2020-12-31,Other,0.17231238982731156,-0.034025242347530654
Cutoff +2m,2,113,2020 Q1,2020 Q4,inflation,3,-0.6593456859038564,RW-trend,2020-12-31,Other,0.17231238982731156,-0.831658075731168
Cutoff +2m,2,113,2020 Q1,2021 Q1,inflation,4,-0.5473035507417331,MF-VAR,2021-03-31,1-year ahead,0.2776485073894719,-0.824952058131205
Cutoff +2m,2,113,2020 Q1,2021 Q1,inflation,4,NA,MIDAS (trend),2021-03-31,1-year ahead,0.2776485073894719,NA
Cutoff +2m,2,113,2020 Q1,2021 Q1,inflation,4,NA,MIDAS,2021-03-31,1-year ahead,0.2776485073894719,NA
Cutoff +2m,2,113,2020 Q1,2021 Q1,inflation,4,0.20113138341191406,AR(2),2021-03-31,1-year ahead,0.2776485073894719,-0.07651712397755783
Cutoff +2m,2,113,2020 Q1,2021 Q1,inflation,4,-0.6996673745746758,RW-trend,2021-03-31,1-year ahead,0.2776485073894719,-0.9773158819641476
Cutoff +2m,2,114,2020 Q2,2020 Q3,exch_rate,1,0.05004941311987258,MF-VAR,2020-09-30,1-step ahead,0.07254644174085553,-0.022497028620982955
Cutoff +2m,2,114,2020 Q2,2020 Q3,exch_rate,1,NA,MIDAS (trend),2020-09-30,1-step ahead,0.07254644174085553,NA
Cutoff +2m,2,114,2020 Q2,2020 Q3,exch_rate,1,NA,MIDAS,2020-09-30,1-step ahead,0.07254644174085553,NA
Cutoff +2m,2,114,2020 Q2,2020 Q3,exch_rate,1,0.051003208651398874,AR(2),2020-09-30,1-step ahead,0.07254644174085553,-0.02154323308945666
Cutoff +2m,2,114,2020 Q2,2020 Q3,exch_rate,1,0.0540878664666245,RW-trend,2020-09-30,1-step ahead,0.07254644174085553,-0.01845857527423103
Cutoff +2m,2,114,2020 Q2,2020 Q4,exch_rate,2,0.10838507370292781,MF-VAR,2020-12-31,Other,0.07496664276390097,0.03341843093902684
Cutoff +2m,2,114,2020 Q2,2020 Q4,exch_rate,2,NA,MIDAS (trend),2020-12-31,Other,0.07496664276390097,NA
Cutoff +2m,2,114,2020 Q2,2020 Q4,exch_rate,2,NA,MIDAS,2020-12-31,Other,0.07496664276390097,NA
Cutoff +2m,2,114,2020 Q2,2020 Q4,exch_rate,2,0.050610035755643185,AR(2),2020-12-31,Other,0.07496664276390097,-0.024356607008257786
Cutoff +2m,2,114,2020 Q2,2020 Q4,exch_rate,2,0.04899334184507776,RW-trend,2020-12-31,Other,0.07496664276390097,-0.02597330091882321
Cutoff +2m,2,114,2020 Q2,2021 Q1,exch_rate,3,0.10064919061843655,MF-VAR,2021-03-31,Other,0.08651203736449914,0.014137153253937412
Cutoff +2m,2,114,2020 Q2,2021 Q1,exch_rate,3,NA,MIDAS (trend),2021-03-31,Other,0.08651203736449914,NA
Cutoff +2m,2,114,2020 Q2,2021 Q1,exch_rate,3,NA,MIDAS,2021-03-31,Other,0.08651203736449914,NA
Cutoff +2m,2,114,2020 Q2,2021 Q1,exch_rate,3,0.04713742198283693,AR(2),2021-03-31,Other,0.08651203736449914,-0.03937461538166221
Cutoff +2m,2,114,2020 Q2,2021 Q1,exch_rate,3,0.04389881722353103,RW-trend,2021-03-31,Other,0.08651203736449914,-0.04261322014096811
Cutoff +2m,2,114,2020 Q2,2021 Q2,exch_rate,4,0.09000380096321402,MF-VAR,2021-06-30,1-year ahead,0.09350122260331158,-0.003497421640097559
Cutoff +2m,2,114,2020 Q2,2021 Q2,exch_rate,4,NA,MIDAS (trend),2021-06-30,1-year ahead,0.09350122260331158,NA
Cutoff +2m,2,114,2020 Q2,2021 Q2,exch_rate,4,NA,MIDAS,2021-06-30,1-year ahead,0.09350122260331158,NA
Cutoff +2m,2,114,2020 Q2,2021 Q2,exch_rate,4,0.046630979487777224,AR(2),2021-06-30,1-year ahead,0.09350122260331158,-0.04687024311553435
Cutoff +2m,2,114,2020 Q2,2021 Q2,exch_rate,4,0.038804292601984286,RW-trend,2021-06-30,1-year ahead,0.09350122260331158,-0.05469693000132729
Cutoff +2m,2,114,2020 Q2,2020 Q3,gdp_growth,1,-26.69640752261321,MF-VAR,2020-09-30,1-step ahead,28.019705798225658,-54.71611332083887
Cutoff +2m,2,114,2020 Q2,2020 Q3,gdp_growth,1,NA,MIDAS (trend),2020-09-30,1-step ahead,28.019705798225658,NA
Cutoff +2m,2,114,2020 Q2,2020 Q3,gdp_growth,1,NA,MIDAS,2020-09-30,1-step ahead,28.019705798225658,NA
Cutoff +2m,2,114,2020 Q2,2020 Q3,gdp_growth,1,-6.522498099226427,AR(2),2020-09-30,1-step ahead,28.019705798225658,-34.54220389745208
Cutoff +2m,2,114,2020 Q2,2020 Q3,gdp_growth,1,-28.067686584783736,RW-trend,2020-09-30,1-step ahead,28.019705798225658,-56.087392383009394
Cutoff +2m,2,114,2020 Q2,2020 Q4,gdp_growth,2,7.787887658333251,MF-VAR,2020-12-31,Other,2.205063679566166,5.582823978767085
Cutoff +2m,2,114,2020 Q2,2020 Q4,gdp_growth,2,NA,MIDAS (trend),2020-12-31,Other,2.205063679566166,NA
Cutoff +2m,2,114,2020 Q2,2020 Q4,gdp_growth,2,NA,MIDAS,2020-12-31,Other,2.205063679566166,NA
Cutoff +2m,2,114,2020 Q2,2020 Q4,gdp_growth,2,-0.030144005950527436,AR(2),2020-12-31,Other,2.205063679566166,-2.2352076855166936
Cutoff +2m,2,114,2020 Q2,2020 Q4,gdp_growth,2,-28.302121236766414,RW-trend,2020-12-31,Other,2.205063679566166,-30.50718491633258
Cutoff +2m,2,114,2020 Q2,2021 Q1,gdp_growth,3,2.9461873113067494,MF-VAR,2021-03-31,Other,2.4318148532721295,0.5143724580346198
Cutoff +2m,2,114,2020 Q2,2021 Q1,gdp_growth,3,NA,MIDAS (trend),2021-03-31,Other,2.4318148532721295,NA
Cutoff +2m,2,114,2020 Q2,2021 Q1,gdp_growth,3,NA,MIDAS,2021-03-31,Other,2.4318148532721295,NA
Cutoff +2m,2,114,2020 Q2,2021 Q1,gdp_growth,3,1.1247825566341594,AR(2),2021-03-31,Other,2.4318148532721295,-1.3070322966379702
Cutoff +2m,2,114,2020 Q2,2021 Q1,gdp_growth,3,-28.53655588874909,RW-trend,2021-03-31,Other,2.4318148532721295,-30.968370742021218
Cutoff +2m,2,114,2020 Q2,2021 Q2,gdp_growth,4,2.7218815889488615,MF-VAR,2021-06-30,1-year ahead,11.771812260042935,-9.049930671094074
Cutoff +2m,2,114,2020 Q2,2021 Q2,gdp_growth,4,NA,MIDAS (trend),2021-06-30,1-year ahead,11.771812260042935,NA
Cutoff +2m,2,114,2020 Q2,2021 Q2,gdp_growth,4,NA,MIDAS,2021-06-30,1-year ahead,11.771812260042935,NA
Cutoff +2m,2,114,2020 Q2,2021 Q2,gdp_growth,4,1.185680629687071,AR(2),2021-06-30,1-year ahead,11.771812260042935,-10.586131630355865
Cutoff +2m,2,114,2020 Q2,2021 Q2,gdp_growth,4,-28.770990540731766,RW-trend,2021-06-30,1-year ahead,11.771812260042935,-40.5428028007747
Cutoff +2m,2,114,2020 Q2,2020 Q3,inflation,1,-2.721379627633974,MF-VAR,2020-09-30,1-step ahead,0.39094669766832624,-3.1123263253023
Cutoff +2m,2,114,2020 Q2,2020 Q3,inflation,1,NA,MIDAS (trend),2020-09-30,1-step ahead,0.39094669766832624,NA
Cutoff +2m,2,114,2020 Q2,2020 Q3,inflation,1,NA,MIDAS,2020-09-30,1-step ahead,0.39094669766832624,NA
Cutoff +2m,2,114,2020 Q2,2020 Q3,inflation,1,-1.1405169628564065,AR(2),2020-09-30,1-step ahead,0.39094669766832624,-1.5314636605247327
Cutoff +2m,2,114,2020 Q2,2020 Q3,inflation,1,-2.7133261493258263,RW-trend,2020-09-30,1-step ahead,0.39094669766832624,-3.1042728469941525
Cutoff +2m,2,114,2020 Q2,2020 Q4,inflation,2,2.4401533169769634,MF-VAR,2020-12-31,Other,0.17231238982731156,2.267840927149652
Cutoff +2m,2,114,2020 Q2,2020 Q4,inflation,2,NA,MIDAS (trend),2020-12-31,Other,0.17231238982731156,NA
Cutoff +2m,2,114,2020 Q2,2020 Q4,inflation,2,NA,MIDAS,2020-12-31,Other,0.17231238982731156,NA
Cutoff +2m,2,114,2020 Q2,2020 Q4,inflation,2,-0.5064626101937896,AR(2),2020-12-31,Other,0.17231238982731156,-0.6787750000211011
Cutoff +2m,2,114,2020 Q2,2020 Q4,inflation,2,-2.7721814853602984,RW-trend,2020-12-31,Other,0.17231238982731156,-2.94449387518761
Cutoff +2m,2,114,2020 Q2,2021 Q1,inflation,3,1.3105912686225694,MF-VAR,2021-03-31,Other,0.2776485073894719,1.0329427612330975
Cutoff +2m,2,114,2020 Q2,2021 Q1,inflation,3,NA,MIDAS (trend),2021-03-31,Other,0.2776485073894719,NA
Cutoff +2m,2,114,2020 Q2,2021 Q1,inflation,3,NA,MIDAS,2021-03-31,Other,0.2776485073894719,NA
Cutoff +2m,2,114,2020 Q2,2021 Q1,inflation,3,-0.1538041573700466,AR(2),2021-03-31,Other,0.2776485073894719,-0.4314526647595185
Cutoff +2m,2,114,2020 Q2,2021 Q1,inflation,3,-2.831036821394771,RW-trend,2021-03-31,Other,0.2776485073894719,-3.108685328784243
Cutoff +2m,2,114,2020 Q2,2021 Q2,inflation,4,0.7338648841206099,MF-VAR,2021-06-30,1-year ahead,1.0912758993917748,-0.3574110152711649
Cutoff +2m,2,114,2020 Q2,2021 Q2,inflation,4,NA,MIDAS (trend),2021-06-30,1-year ahead,1.0912758993917748,NA
Cutoff +2m,2,114,2020 Q2,2021 Q2,inflation,4,NA,MIDAS,2021-06-30,1-year ahead,1.0912758993917748,NA
Cutoff +2m,2,114,2020 Q2,2021 Q2,inflation,4,0.03025666288503487,AR(2),2021-06-30,1-year ahead,1.0912758993917748,-1.06101923650674
Cutoff +2m,2,114,2020 Q2,2021 Q2,inflation,4,-2.889892157429243,RW-trend,2021-06-30,1-year ahead,1.0912758993917748,-3.981168056821018
Cutoff +2m,2,115,2020 Q3,2020 Q4,exch_rate,1,0.07041953884986277,MF-VAR,2020-12-31,1-step ahead,0.07496664276390097,-0.004547103914038203
Cutoff +2m,2,115,2020 Q3,2020 Q4,exch_rate,1,NA,MIDAS (trend),2020-12-31,1-step ahead,0.07496664276390097,NA
Cutoff +2m,2,115,2020 Q3,2020 Q4,exch_rate,1,NA,MIDAS,2020-12-31,1-step ahead,0.07496664276390097,NA
Cutoff +2m,2,115,2020 Q3,2020 Q4,exch_rate,1,0.07524875470541631,AR(2),2020-12-31,1-step ahead,0.07496664276390097,2.8211194151533947e-4
Cutoff +2m,2,115,2020 Q3,2020 Q4,exch_rate,1,0.06761526734297456,RW-trend,2020-12-31,1-step ahead,0.07496664276390097,-0.007351375420926412
Cutoff +2m,2,115,2020 Q3,2021 Q1,exch_rate,2,0.05919721963982613,MF-VAR,2021-03-31,Other,0.08651203736449914,-0.027314817724673007
Cutoff +2m,2,115,2020 Q3,2021 Q1,exch_rate,2,NA,MIDAS (trend),2021-03-31,Other,0.08651203736449914,NA
Cutoff +2m,2,115,2020 Q3,2021 Q1,exch_rate,2,NA,MIDAS,2021-03-31,Other,0.08651203736449914,NA
Cutoff +2m,2,115,2020 Q3,2021 Q1,exch_rate,2,0.07101816956068392,AR(2),2021-03-31,Other,0.08651203736449914,-0.015493867803815217
Cutoff +2m,2,115,2020 Q3,2021 Q1,exch_rate,2,0.06268409294509358,RW-trend,2021-03-31,Other,0.08651203736449914,-0.023827944419405556
Cutoff +2m,2,115,2020 Q3,2021 Q2,exch_rate,3,0.05609112717519252,MF-VAR,2021-06-30,Other,0.09350122260331158,-0.03741009542811906
Cutoff +2m,2,115,2020 Q3,2021 Q2,exch_rate,3,NA,MIDAS (trend),2021-06-30,Other,0.09350122260331158,NA
Cutoff +2m,2,115,2020 Q3,2021 Q2,exch_rate,3,NA,MIDAS,2021-06-30,Other,0.09350122260331158,NA
Cutoff +2m,2,115,2020 Q3,2021 Q2,exch_rate,3,0.06902706685489934,AR(2),2021-06-30,Other,0.09350122260331158,-0.024474155748412232
Cutoff +2m,2,115,2020 Q3,2021 Q2,exch_rate,3,0.05775291854721261,RW-trend,2021-06-30,Other,0.09350122260331158,-0.03574830405609897
Cutoff +2m,2,115,2020 Q3,2021 Q3,exch_rate,4,0.04869540809424623,MF-VAR,2021-09-30,1-year ahead,0.07922978993283807,-0.030534381838591834
Cutoff +2m,2,115,2020 Q3,2021 Q3,exch_rate,4,NA,MIDAS (trend),2021-09-30,1-year ahead,0.07922978993283807,NA
Cutoff +2m,2,115,2020 Q3,2021 Q3,exch_rate,4,NA,MIDAS,2021-09-30,1-year ahead,0.07922978993283807,NA
Cutoff +2m,2,115,2020 Q3,2021 Q3,exch_rate,4,0.05993507248316634,AR(2),2021-09-30,1-year ahead,0.07922978993283807,-0.019294717449671726
Cutoff +2m,2,115,2020 Q3,2021 Q3,exch_rate,4,0.052821744149331634,RW-trend,2021-09-30,1-year ahead,0.07922978993283807,-0.02640804578350643
Cutoff +2m,2,115,2020 Q3,2020 Q4,gdp_growth,1,26.963908016078864,MF-VAR,2020-12-31,1-step ahead,2.205063679566166,24.7588443365127
Cutoff +2m,2,115,2020 Q3,2020 Q4,gdp_growth,1,NA,MIDAS (trend),2020-12-31,1-step ahead,2.205063679566166,NA
Cutoff +2m,2,115,2020 Q3,2020 Q4,gdp_growth,1,NA,MIDAS,2020-12-31,1-step ahead,2.205063679566166,NA
Cutoff +2m,2,115,2020 Q3,2020 Q4,gdp_growth,1,0.6279836468454241,AR(2),2020-12-31,1-step ahead,2.205063679566166,-1.577080032720742
Cutoff +2m,2,115,2020 Q3,2020 Q4,gdp_growth,1,28.281619751402356,RW-trend,2020-12-31,1-step ahead,2.205063679566166,26.07655607183619
Cutoff +2m,2,115,2020 Q3,2021 Q1,gdp_growth,2,-0.6919779186842109,MF-VAR,2021-03-31,Other,2.4318148532721295,-3.1237927719563405
Cutoff +2m,2,115,2020 Q3,2021 Q1,gdp_growth,2,NA,MIDAS (trend),2021-03-31,Other,2.4318148532721295,NA
Cutoff +2m,2,115,2020 Q3,2021 Q1,gdp_growth,2,NA,MIDAS,2021-03-31,Other,2.4318148532721295,NA
Cutoff +2m,2,115,2020 Q3,2021 Q1,gdp_growth,2,-0.6775981913290264,AR(2),2021-03-31,Other,2.4318148532721295,-3.109413044601156
Cutoff +2m,2,115,2020 Q3,2021 Q1,gdp_growth,2,28.543533704579055,RW-trend,2021-03-31,Other,2.4318148532721295,26.111718851306925
Cutoff +2m,2,115,2020 Q3,2021 Q2,gdp_growth,3,-0.1904683764553884,MF-VAR,2021-06-30,Other,11.771812260042935,-11.962280636498324
Cutoff +2m,2,115,2020 Q3,2021 Q2,gdp_growth,3,NA,MIDAS (trend),2021-06-30,Other,11.771812260042935,NA
Cutoff +2m,2,115,2020 Q3,2021 Q2,gdp_growth,3,NA,MIDAS,2021-06-30,Other,11.771812260042935,NA
Cutoff +2m,2,115,2020 Q3,2021 Q2,gdp_growth,3,1.6131155632019039,AR(2),2021-06-30,Other,11.771812260042935,-10.158696696841032
Cutoff +2m,2,115,2020 Q3,2021 Q2,gdp_growth,3,28.805447657755753,RW-trend,2021-06-30,Other,11.771812260042935,17.033635397712818
Cutoff +2m,2,115,2020 Q3,2021 Q3,gdp_growth,4,3.3544800694023573,MF-VAR,2021-09-30,1-year ahead,7.528200558540021,-4.173720489137664
Cutoff +2m,2,115,2020 Q3,2021 Q3,gdp_growth,4,NA,MIDAS (trend),2021-09-30,1-year ahead,7.528200558540021,NA
Cutoff +2m,2,115,2020 Q3,2021 Q3,gdp_growth,4,NA,MIDAS,2021-09-30,1-year ahead,7.528200558540021,NA
Cutoff +2m,2,115,2020 Q3,2021 Q3,gdp_growth,4,2.5715967303902065,AR(2),2021-09-30,1-year ahead,7.528200558540021,-4.956603828149815
Cutoff +2m,2,115,2020 Q3,2021 Q3,gdp_growth,4,29.06736161093245,RW-trend,2021-09-30,1-year ahead,7.528200558540021,21.53916105239243
Cutoff +2m,2,115,2020 Q3,2020 Q4,inflation,1,0.41720059094311385,MF-VAR,2020-12-31,1-step ahead,0.17231238982731156,0.24488820111580228
Cutoff +2m,2,115,2020 Q3,2020 Q4,inflation,1,NA,MIDAS (trend),2020-12-31,1-step ahead,0.17231238982731156,NA
Cutoff +2m,2,115,2020 Q3,2020 Q4,inflation,1,NA,MIDAS,2020-12-31,1-step ahead,0.17231238982731156,NA
Cutoff +2m,2,115,2020 Q3,2020 Q4,inflation,1,0.16903218502406384,AR(2),2020-12-31,1-step ahead,0.17231238982731156,-0.003280204803247727
Cutoff +2m,2,115,2020 Q3,2020 Q4,inflation,1,0.3595628027576961,RW-trend,2020-12-31,1-step ahead,0.17231238982731156,0.18725041293038452
Cutoff +2m,2,115,2020 Q3,2021 Q1,inflation,2,0.04738865018761961,MF-VAR,2021-03-31,Other,0.2776485073894719,-0.23025985720185227
Cutoff +2m,2,115,2020 Q3,2021 Q1,inflation,2,NA,MIDAS (trend),2021-03-31,Other,0.2776485073894719,NA
Cutoff +2m,2,115,2020 Q3,2021 Q1,inflation,2,NA,MIDAS,2021-03-31,Other,0.2776485073894719,NA
Cutoff +2m,2,115,2020 Q3,2021 Q1,inflation,2,0.2191622646470187,AR(2),2021-03-31,Other,0.2776485073894719,-0.058486242742453176
Cutoff +2m,2,115,2020 Q3,2021 Q1,inflation,2,0.32817890784706594,RW-trend,2021-03-31,Other,0.2776485073894719,0.05053040045759405
Cutoff +2m,2,115,2020 Q3,2021 Q2,inflation,3,-0.1408493999649843,MF-VAR,2021-06-30,Other,1.0912758993917748,-1.232125299356759
Cutoff +2m,2,115,2020 Q3,2021 Q2,inflation,3,NA,MIDAS (trend),2021-06-30,Other,1.0912758993917748,NA
Cutoff +2m,2,115,2020 Q3,2021 Q2,inflation,3,NA,MIDAS,2021-06-30,Other,1.0912758993917748,NA
Cutoff +2m,2,115,2020 Q3,2021 Q2,inflation,3,0.22829852713007664,AR(2),2021-06-30,Other,1.0912758993917748,-0.8629773722616982
Cutoff +2m,2,115,2020 Q3,2021 Q2,inflation,3,0.2967950129364358,RW-trend,2021-06-30,Other,1.0912758993917748,-0.794480886455339
Cutoff +2m,2,115,2020 Q3,2021 Q3,inflation,4,0.028773328559031225,MF-VAR,2021-09-30,1-year ahead,1.6810527454161672,-1.652279416857136
Cutoff +2m,2,115,2020 Q3,2021 Q3,inflation,4,NA,MIDAS (trend),2021-09-30,1-year ahead,1.6810527454161672,NA
Cutoff +2m,2,115,2020 Q3,2021 Q3,inflation,4,NA,MIDAS,2021-09-30,1-year ahead,1.6810527454161672,NA
Cutoff +2m,2,115,2020 Q3,2021 Q3,inflation,4,0.16604961264431403,AR(2),2021-09-30,1-year ahead,1.6810527454161672,-1.5150031327718532
Cutoff +2m,2,115,2020 Q3,2021 Q3,inflation,4,0.26541111802580564,RW-trend,2021-09-30,1-year ahead,1.6810527454161672,-1.4156416273903616
Cutoff +2m,2,116,2020 Q4,2021 Q1,exch_rate,1,0.06970426201254279,MF-VAR,2021-03-31,1-step ahead,0.08651203736449914,-0.01680777535195635
Cutoff +2m,2,116,2020 Q4,2021 Q1,exch_rate,1,NA,MIDAS (trend),2021-03-31,1-step ahead,0.08651203736449914,NA
Cutoff +2m,2,116,2020 Q4,2021 Q1,exch_rate,1,NA,MIDAS,2021-03-31,1-step ahead,0.08651203736449914,NA
Cutoff +2m,2,116,2020 Q4,2021 Q1,exch_rate,1,0.07069266577971786,AR(2),2021-03-31,1-step ahead,0.08651203736449914,-0.015819371584781278
Cutoff +2m,2,116,2020 Q4,2021 Q1,exch_rate,1,0.07009995411532637,RW-trend,2021-03-31,1-step ahead,0.08651203736449914,-0.016412083249172774
Cutoff +2m,2,116,2020 Q4,2021 Q2,exch_rate,2,0.07896714665035297,MF-VAR,2021-06-30,Other,0.09350122260331158,-0.014534075952958608
Cutoff +2m,2,116,2020 Q4,2021 Q2,exch_rate,2,NA,MIDAS (trend),2021-06-30,Other,0.09350122260331158,NA
Cutoff +2m,2,116,2020 Q4,2021 Q2,exch_rate,2,NA,MIDAS,2021-06-30,Other,0.09350122260331158,NA
Cutoff +2m,2,116,2020 Q4,2021 Q2,exch_rate,2,0.06870989425047012,AR(2),2021-06-30,Other,0.09350122260331158,-0.024791328352841452
Cutoff +2m,2,116,2020 Q4,2021 Q2,exch_rate,2,0.06523326546675176,RW-trend,2021-06-30,Other,0.09350122260331158,-0.028267957136559815
Cutoff +2m,2,116,2020 Q4,2021 Q3,exch_rate,3,0.07018528299199561,MF-VAR,2021-09-30,Other,0.07922978993283807,-0.009044506940842453
Cutoff +2m,2,116,2020 Q4,2021 Q3,exch_rate,3,NA,MIDAS (trend),2021-09-30,Other,0.07922978993283807,NA
Cutoff +2m,2,116,2020 Q4,2021 Q3,exch_rate,3,NA,MIDAS,2021-09-30,Other,0.07922978993283807,NA
Cutoff +2m,2,116,2020 Q4,2021 Q3,exch_rate,3,0.059636444542867276,AR(2),2021-09-30,Other,0.07922978993283807,-0.01959334538997079
Cutoff +2m,2,116,2020 Q4,2021 Q3,exch_rate,3,0.060366576818177156,RW-trend,2021-09-30,Other,0.07922978993283807,-0.01886321311466091
Cutoff +2m,2,116,2020 Q4,2021 Q4,exch_rate,4,0.0655721002038328,MF-VAR,2021-12-31,1-year ahead,0.05333528834149974,0.012236811862333066
Cutoff +2m,2,116,2020 Q4,2021 Q4,exch_rate,4,NA,MIDAS (trend),2021-12-31,1-year ahead,0.05333528834149974,NA
Cutoff +2m,2,116,2020 Q4,2021 Q4,exch_rate,4,NA,MIDAS,2021-12-31,1-year ahead,0.05333528834149974,NA
Cutoff +2m,2,116,2020 Q4,2021 Q4,exch_rate,4,0.05753292653368112,AR(2),2021-12-31,1-year ahead,0.05333528834149974,0.0041976381921813785
Cutoff +2m,2,116,2020 Q4,2021 Q4,exch_rate,4,0.05549988816960255,RW-trend,2021-12-31,1-year ahead,0.05333528834149974,0.0021645998281028117
Cutoff +2m,2,116,2020 Q4,2021 Q1,gdp_growth,1,2.0579608110219154,MF-VAR,2021-03-31,1-step ahead,2.4318148532721295,-0.3738540422502141
Cutoff +2m,2,116,2020 Q4,2021 Q1,gdp_growth,1,NA,MIDAS (trend),2021-03-31,1-step ahead,2.4318148532721295,NA
Cutoff +2m,2,116,2020 Q4,2021 Q1,gdp_growth,1,NA,MIDAS,2021-03-31,1-step ahead,2.4318148532721295,NA
Cutoff +2m,2,116,2020 Q4,2021 Q1,gdp_growth,1,-1.0610234877424047,AR(2),2021-03-31,1-step ahead,2.4318148532721295,-3.4928383410145343
Cutoff +2m,2,116,2020 Q4,2021 Q1,gdp_growth,1,2.238235912814477,RW-trend,2021-03-31,1-step ahead,2.4318148532721295,-0.19357894045765267
Cutoff +2m,2,116,2020 Q4,2021 Q2,gdp_growth,2,3.1624802840206026,MF-VAR,2021-06-30,Other,11.771812260042935,-8.609331976022332
Cutoff +2m,2,116,2020 Q4,2021 Q2,gdp_growth,2,NA,MIDAS (trend),2021-06-30,Other,11.771812260042935,NA
Cutoff +2m,2,116,2020 Q4,2021 Q2,gdp_growth,2,NA,MIDAS,2021-06-30,Other,11.771812260042935,NA
Cutoff +2m,2,116,2020 Q4,2021 Q2,gdp_growth,2,1.5155919107510196,AR(2),2021-06-30,Other,11.771812260042935,-10.256220349291915
Cutoff +2m,2,116,2020 Q4,2021 Q2,gdp_growth,2,2.2714081460627877,RW-trend,2021-06-30,Other,11.771812260042935,-9.500404113980148
Cutoff +2m,2,116,2020 Q4,2021 Q3,gdp_growth,3,4.983612736550238,MF-VAR,2021-09-30,Other,7.528200558540021,-2.5445878219897837
Cutoff +2m,2,116,2020 Q4,2021 Q3,gdp_growth,3,NA,MIDAS (trend),2021-09-30,Other,7.528200558540021,NA
Cutoff +2m,2,116,2020 Q4,2021 Q3,gdp_growth,3,NA,MIDAS,2021-09-30,Other,7.528200558540021,NA
Cutoff +2m,2,116,2020 Q4,2021 Q3,gdp_growth,3,2.6428312032338495,AR(2),2021-09-30,Other,7.528200558540021,-4.885369355306172
Cutoff +2m,2,116,2020 Q4,2021 Q3,gdp_growth,3,2.304580379311099,RW-trend,2021-09-30,Other,7.528200558540021,-5.223620179228922
Cutoff +2m,2,116,2020 Q4,2021 Q4,gdp_growth,4,1.9892721930071802,MF-VAR,2021-12-31,1-year ahead,0.5744345999069367,1.4148375931002435
Cutoff +2m,2,116,2020 Q4,2021 Q4,gdp_growth,4,NA,MIDAS (trend),2021-12-31,1-year ahead,0.5744345999069367,NA
Cutoff +2m,2,116,2020 Q4,2021 Q4,gdp_growth,4,NA,MIDAS,2021-12-31,1-year ahead,0.5744345999069367,NA
Cutoff +2m,2,116,2020 Q4,2021 Q4,gdp_growth,4,1.367476305080932,AR(2),2021-12-31,1-year ahead,0.5744345999069367,0.7930417051739953
Cutoff +2m,2,116,2020 Q4,2021 Q4,gdp_growth,4,2.33775261255941,RW-trend,2021-12-31,1-year ahead,0.5744345999069367,1.7633180126524732
Cutoff +2m,2,116,2020 Q4,2021 Q1,inflation,1,0.18151726053848294,MF-VAR,2021-03-31,1-step ahead,0.2776485073894719,-0.09613124685098895
Cutoff +2m,2,116,2020 Q4,2021 Q1,inflation,1,NA,MIDAS (trend),2021-03-31,1-step ahead,0.2776485073894719,NA
Cutoff +2m,2,116,2020 Q4,2021 Q1,inflation,1,NA,MIDAS,2021-03-31,1-step ahead,0.2776485073894719,NA
Cutoff +2m,2,116,2020 Q4,2021 Q1,inflation,1,0.2206359662752503,AR(2),2021-03-31,1-step ahead,0.2776485073894719,-0.05701254111422158
Cutoff +2m,2,116,2020 Q4,2021 Q1,inflation,1,0.13928594743483588,RW-trend,2021-03-31,1-step ahead,0.2776485073894719,-0.138362559954636
Cutoff +2m,2,116,2020 Q4,2021 Q2,inflation,2,0.5637142393825776,MF-VAR,2021-06-30,Other,1.0912758993917748,-0.5275616600091972
Cutoff +2m,2,116,2020 Q4,2021 Q2,inflation,2,NA,MIDAS (trend),2021-06-30,Other,1.0912758993917748,NA
Cutoff +2m,2,116,2020 Q4,2021 Q2,inflation,2,NA,MIDAS,2021-06-30,Other,1.0912758993917748,NA
Cutoff +2m,2,116,2020 Q4,2021 Q2,inflation,2,0.22881637672821,AR(2),2021-06-30,Other,1.0912758993917748,-0.8624595226635648
Cutoff +2m,2,116,2020 Q4,2021 Q2,inflation,2,0.10625950504236022,RW-trend,2021-06-30,Other,1.0912758993917748,-0.9850163943494146
Cutoff +2m,2,116,2020 Q4,2021 Q3,inflation,3,0.4735122444652432,MF-VAR,2021-09-30,Other,1.6810527454161672,-1.2075405009509241
Cutoff +2m,2,116,2020 Q4,2021 Q3,inflation,3,NA,MIDAS (trend),2021-09-30,Other,1.6810527454161672,NA
Cutoff +2m,2,116,2020 Q4,2021 Q3,inflation,3,NA,MIDAS,2021-09-30,Other,1.6810527454161672,NA
Cutoff +2m,2,116,2020 Q4,2021 Q3,inflation,3,0.1661015143458506,AR(2),2021-09-30,Other,1.6810527454161672,-1.5149512310703166
Cutoff +2m,2,116,2020 Q4,2021 Q3,inflation,3,0.07323306264988455,RW-trend,2021-09-30,Other,1.6810527454161672,-1.6078196827662827
Cutoff +2m,2,116,2020 Q4,2021 Q4,inflation,4,0.33554584335982124,MF-VAR,2021-12-31,1-year ahead,2.9053258054450026,-2.5697799620851813
Cutoff +2m,2,116,2020 Q4,2021 Q4,inflation,4,NA,MIDAS (trend),2021-12-31,1-year ahead,2.9053258054450026,NA
Cutoff +2m,2,116,2020 Q4,2021 Q4,inflation,4,NA,MIDAS,2021-12-31,1-year ahead,2.9053258054450026,NA
Cutoff +2m,2,116,2020 Q4,2021 Q4,inflation,4,0.1944582632504098,AR(2),2021-12-31,1-year ahead,2.9053258054450026,-2.7108675421945927
Cutoff +2m,2,116,2020 Q4,2021 Q4,inflation,4,0.04020662025740887,RW-trend,2021-12-31,1-year ahead,2.9053258054450026,-2.8651191851875937
Cutoff +2m,2,117,2021 Q1,2021 Q2,exch_rate,1,0.08430499062892476,MF-VAR,2021-06-30,1-step ahead,0.09350122260331158,-0.00919623197438682
Cutoff +2m,2,117,2021 Q1,2021 Q2,exch_rate,1,NA,MIDAS (trend),2021-06-30,1-step ahead,0.09350122260331158,NA
Cutoff +2m,2,117,2021 Q1,2021 Q2,exch_rate,1,NA,MIDAS,2021-06-30,1-step ahead,0.09350122260331158,NA
Cutoff +2m,2,117,2021 Q1,2021 Q2,exch_rate,1,0.08672570052967694,AR(2),2021-06-30,1-step ahead,0.09350122260331158,-0.006775522073634632
Cutoff +2m,2,117,2021 Q1,2021 Q2,exch_rate,1,0.08178806248330865,RW-trend,2021-06-30,1-step ahead,0.09350122260331158,-0.011713160120002925
Cutoff +2m,2,117,2021 Q1,2021 Q3,exch_rate,2,0.09214313370081512,MF-VAR,2021-09-30,Other,0.07922978993283807,0.01291334376797705
Cutoff +2m,2,117,2021 Q1,2021 Q3,exch_rate,2,NA,MIDAS (trend),2021-09-30,Other,0.07922978993283807,NA
Cutoff +2m,2,117,2021 Q1,2021 Q3,exch_rate,2,NA,MIDAS,2021-09-30,Other,0.07922978993283807,NA
Cutoff +2m,2,117,2021 Q1,2021 Q3,exch_rate,2,0.07707611204803468,AR(2),2021-09-30,Other,0.07922978993283807,-0.00215367788480339
Cutoff +2m,2,117,2021 Q1,2021 Q3,exch_rate,2,0.07706408760211816,RW-trend,2021-09-30,Other,0.07922978993283807,-0.0021657023307199014
Cutoff +2m,2,117,2021 Q1,2021 Q4,exch_rate,3,0.08344145935819564,MF-VAR,2021-12-31,Other,0.05333528834149974,0.030106171016695896
Cutoff +2m,2,117,2021 Q1,2021 Q4,exch_rate,3,NA,MIDAS (trend),2021-12-31,Other,0.05333528834149974,NA
Cutoff +2m,2,117,2021 Q1,2021 Q4,exch_rate,3,NA,MIDAS,2021-12-31,Other,0.05333528834149974,NA
Cutoff +2m,2,117,2021 Q1,2021 Q4,exch_rate,3,0.07388959072401691,AR(2),2021-12-31,Other,0.05333528834149974,0.020554302382517167
Cutoff +2m,2,117,2021 Q1,2021 Q4,exch_rate,3,0.07234011272092766,RW-trend,2021-12-31,Other,0.05333528834149974,0.019004824379427923
Cutoff +2m,2,117,2021 Q1,2022 Q1,exch_rate,4,0.07545715669079561,MF-VAR,2022-03-31,1-year ahead,0.03629136242387352,0.03916579426692209
Cutoff +2m,2,117,2021 Q1,2022 Q1,exch_rate,4,NA,MIDAS (trend),2022-03-31,1-year ahead,0.03629136242387352,NA
Cutoff +2m,2,117,2021 Q1,2022 Q1,exch_rate,4,NA,MIDAS,2022-03-31,1-year ahead,0.03629136242387352,NA
Cutoff +2m,2,117,2021 Q1,2022 Q1,exch_rate,4,0.06752127555269513,AR(2),2022-03-31,1-year ahead,0.03629136242387352,0.03122991312882161
Cutoff +2m,2,117,2021 Q1,2022 Q1,exch_rate,4,0.06761613783973718,RW-trend,2022-03-31,1-year ahead,0.03629136242387352,0.031324775415863655
Cutoff +2m,2,117,2021 Q1,2021 Q2,gdp_growth,1,2.4895521519476067,MF-VAR,2021-06-30,1-step ahead,11.771812260042935,-9.282260108095329
Cutoff +2m,2,117,2021 Q1,2021 Q2,gdp_growth,1,NA,MIDAS (trend),2021-06-30,1-step ahead,11.771812260042935,NA
Cutoff +2m,2,117,2021 Q1,2021 Q2,gdp_growth,1,NA,MIDAS,2021-06-30,1-step ahead,11.771812260042935,NA
Cutoff +2m,2,117,2021 Q1,2021 Q2,gdp_growth,1,1.1480135410060117,AR(2),2021-06-30,1-step ahead,11.771812260042935,-10.623798719036923
Cutoff +2m,2,117,2021 Q1,2021 Q2,gdp_growth,1,2.466670381654855,RW-trend,2021-06-30,1-step ahead,11.771812260042935,-9.305141878388081
Cutoff +2m,2,117,2021 Q1,2021 Q3,gdp_growth,2,11.99486860192647,MF-VAR,2021-09-30,Other,7.528200558540021,4.4666680433864485
Cutoff +2m,2,117,2021 Q1,2021 Q3,gdp_growth,2,NA,MIDAS (trend),2021-09-30,Other,7.528200558540021,NA
Cutoff +2m,2,117,2021 Q1,2021 Q3,gdp_growth,2,NA,MIDAS,2021-09-30,Other,7.528200558540021,NA
Cutoff +2m,2,117,2021 Q1,2021 Q3,gdp_growth,2,2.4052051036715296,AR(2),2021-09-30,Other,7.528200558540021,-5.122995454868492
Cutoff +2m,2,117,2021 Q1,2021 Q3,gdp_growth,2,2.50152591003758,RW-trend,2021-09-30,Other,7.528200558540021,-5.026674648502441
Cutoff +2m,2,117,2021 Q1,2021 Q4,gdp_growth,3,2.6300175486104513,MF-VAR,2021-12-31,Other,0.5744345999069367,2.0555829487035147
Cutoff +2m,2,117,2021 Q1,2021 Q4,gdp_growth,3,NA,MIDAS (trend),2021-12-31,Other,0.5744345999069367,NA
Cutoff +2m,2,117,2021 Q1,2021 Q4,gdp_growth,3,NA,MIDAS,2021-12-31,Other,0.5744345999069367,NA
Cutoff +2m,2,117,2021 Q1,2021 Q4,gdp_growth,3,1.4358260972885188,AR(2),2021-12-31,Other,0.5744345999069367,0.8613914973815822
Cutoff +2m,2,117,2021 Q1,2021 Q4,gdp_growth,3,2.5363814384203054,RW-trend,2021-12-31,Other,0.5744345999069367,1.9619468385133687
Cutoff +2m,2,117,2021 Q1,2022 Q1,gdp_growth,4,2.2996098486716985,MF-VAR,2022-03-31,1-year ahead,2.862969131881954,-0.5633592832102554
Cutoff +2m,2,117,2021 Q1,2022 Q1,gdp_growth,4,NA,MIDAS (trend),2022-03-31,1-year ahead,2.862969131881954,NA
Cutoff +2m,2,117,2021 Q1,2022 Q1,gdp_growth,4,NA,MIDAS,2022-03-31,1-year ahead,2.862969131881954,NA
Cutoff +2m,2,117,2021 Q1,2022 Q1,gdp_growth,4,1.2702362385143653,AR(2),2022-03-31,1-year ahead,2.862969131881954,-1.5927328933675886
Cutoff +2m,2,117,2021 Q1,2022 Q1,gdp_growth,4,2.571236966803031,RW-trend,2022-03-31,1-year ahead,2.862969131881954,-0.2917321650789231
Cutoff +2m,2,117,2021 Q1,2021 Q2,inflation,1,0.28071415281416195,MF-VAR,2021-06-30,1-step ahead,1.0912758993917748,-0.8105617465776129
Cutoff +2m,2,117,2021 Q1,2021 Q2,inflation,1,NA,MIDAS (trend),2021-06-30,1-step ahead,1.0912758993917748,NA
Cutoff +2m,2,117,2021 Q1,2021 Q2,inflation,1,NA,MIDAS,2021-06-30,1-step ahead,1.0912758993917748,NA
Cutoff +2m,2,117,2021 Q1,2021 Q2,inflation,1,0.25414023856536594,AR(2),2021-06-30,1-step ahead,1.0912758993917748,-0.8371356608264089
Cutoff +2m,2,117,2021 Q1,2021 Q2,inflation,1,0.245825217692254,RW-trend,2021-06-30,1-step ahead,1.0912758993917748,-0.8454506816995209
Cutoff +2m,2,117,2021 Q1,2021 Q3,inflation,2,1.3748809756791065,MF-VAR,2021-09-30,Other,1.6810527454161672,-0.30617176973706073
Cutoff +2m,2,117,2021 Q1,2021 Q3,inflation,2,NA,MIDAS (trend),2021-09-30,Other,1.6810527454161672,NA
Cutoff +2m,2,117,2021 Q1,2021 Q3,inflation,2,NA,MIDAS,2021-09-30,Other,1.6810527454161672,NA
Cutoff +2m,2,117,2021 Q1,2021 Q3,inflation,2,0.1802860119645002,AR(2),2021-09-30,Other,1.6810527454161672,-1.500766733451667
Cutoff +2m,2,117,2021 Q1,2021 Q3,inflation,2,0.2140019279950361,RW-trend,2021-09-30,Other,1.6810527454161672,-1.4670508174211312
Cutoff +2m,2,117,2021 Q1,2021 Q4,inflation,3,0.8937574536566572,MF-VAR,2021-12-31,Other,2.9053258054450026,-2.0115683517883456
Cutoff +2m,2,117,2021 Q1,2021 Q4,inflation,3,NA,MIDAS (trend),2021-12-31,Other,2.9053258054450026,NA
Cutoff +2m,2,117,2021 Q1,2021 Q4,inflation,3,NA,MIDAS,2021-12-31,Other,2.9053258054450026,NA
Cutoff +2m,2,117,2021 Q1,2021 Q4,inflation,3,0.20215853460513764,AR(2),2021-12-31,Other,2.9053258054450026,-2.703167270839865
Cutoff +2m,2,117,2021 Q1,2021 Q4,inflation,3,0.18217863829781822,RW-trend,2021-12-31,Other,2.9053258054450026,-2.7231471671471845
Cutoff +2m,2,117,2021 Q1,2022 Q1,inflation,4,0.6169341222716361,MF-VAR,2022-03-31,1-year ahead,2.4487738699512818,-1.8318397476796457
Cutoff +2m,2,117,2021 Q1,2022 Q1,inflation,4,NA,MIDAS (trend),2022-03-31,1-year ahead,2.4487738699512818,NA
Cutoff +2m,2,117,2021 Q1,2022 Q1,inflation,4,NA,MIDAS,2022-03-31,1-year ahead,2.4487738699512818,NA
Cutoff +2m,2,117,2021 Q1,2022 Q1,inflation,4,0.20908683856407426,AR(2),2022-03-31,1-year ahead,2.4487738699512818,-2.2396870313872075
Cutoff +2m,2,117,2021 Q1,2022 Q1,inflation,4,0.15035534860060032,RW-trend,2022-03-31,1-year ahead,2.4487738699512818,-2.2984185213506816
Cutoff +2m,2,118,2021 Q2,2021 Q3,exch_rate,1,0.08436824463501291,MF-VAR,2021-09-30,1-step ahead,0.07922978993283807,0.005138454702174847
Cutoff +2m,2,118,2021 Q2,2021 Q3,exch_rate,1,NA,MIDAS (trend),2021-09-30,1-step ahead,0.07922978993283807,NA
Cutoff +2m,2,118,2021 Q2,2021 Q3,exch_rate,1,NA,MIDAS,2021-09-30,1-step ahead,0.07922978993283807,NA
Cutoff +2m,2,118,2021 Q2,2021 Q3,exch_rate,1,0.08481264195695945,AR(2),2021-09-30,1-step ahead,0.07922978993283807,0.005582852024121385
Cutoff +2m,2,118,2021 Q2,2021 Q3,exch_rate,1,0.08887822324039697,RW-trend,2021-09-30,1-step ahead,0.07922978993283807,0.009648433307558907
Cutoff +2m,2,118,2021 Q2,2021 Q4,exch_rate,2,0.07601861482832835,MF-VAR,2021-12-31,Other,0.05333528834149974,0.02268332648682861
Cutoff +2m,2,118,2021 Q2,2021 Q4,exch_rate,2,NA,MIDAS (trend),2021-12-31,Other,0.05333528834149974,NA
Cutoff +2m,2,118,2021 Q2,2021 Q4,exch_rate,2,NA,MIDAS,2021-12-31,Other,0.05333528834149974,NA
Cutoff +2m,2,118,2021 Q2,2021 Q4,exch_rate,2,0.08138050138800516,AR(2),2021-12-31,Other,0.05333528834149974,0.028045213046505424
Cutoff +2m,2,118,2021 Q2,2021 Q4,exch_rate,2,0.08425522387748235,RW-trend,2021-12-31,Other,0.05333528834149974,0.030919935535982615
Cutoff +2m,2,118,2021 Q2,2022 Q1,exch_rate,3,0.0664345825199521,MF-VAR,2022-03-31,Other,0.03629136242387352,0.03014322009607858
Cutoff +2m,2,118,2021 Q2,2022 Q1,exch_rate,3,NA,MIDAS (trend),2022-03-31,Other,0.03629136242387352,NA
Cutoff +2m,2,118,2021 Q2,2022 Q1,exch_rate,3,NA,MIDAS,2022-03-31,Other,0.03629136242387352,NA
Cutoff +2m,2,118,2021 Q2,2022 Q1,exch_rate,3,0.0745419391607973,AR(2),2022-03-31,Other,0.03629136242387352,0.03825057673692377
Cutoff +2m,2,118,2021 Q2,2022 Q1,exch_rate,3,0.07963222451456775,RW-trend,2022-03-31,Other,0.03629136242387352,0.04334086209069423
Cutoff +2m,2,118,2021 Q2,2022 Q2,exch_rate,4,0.06383517811534266,MF-VAR,2022-06-30,1-year ahead,0.027153709404771603,0.036681468710571055
Cutoff +2m,2,118,2021 Q2,2022 Q2,exch_rate,4,NA,MIDAS (trend),2022-06-30,1-year ahead,0.027153709404771603,NA
Cutoff +2m,2,118,2021 Q2,2022 Q2,exch_rate,4,NA,MIDAS,2022-06-30,1-year ahead,0.027153709404771603,NA
Cutoff +2m,2,118,2021 Q2,2022 Q2,exch_rate,4,0.07079445780685711,AR(2),2022-06-30,1-year ahead,0.027153709404771603,0.04364074840208551
Cutoff +2m,2,118,2021 Q2,2022 Q2,exch_rate,4,0.07500922515165315,RW-trend,2022-06-30,1-year ahead,0.027153709404771603,0.047855515746881544
Cutoff +2m,2,118,2021 Q2,2021 Q3,gdp_growth,1,12.908656670230785,MF-VAR,2021-09-30,1-step ahead,7.528200558540021,5.380456111690764
Cutoff +2m,2,118,2021 Q2,2021 Q3,gdp_growth,1,NA,MIDAS (trend),2021-09-30,1-step ahead,7.528200558540021,NA
Cutoff +2m,2,118,2021 Q2,2021 Q3,gdp_growth,1,NA,MIDAS,2021-09-30,1-step ahead,7.528200558540021,NA
Cutoff +2m,2,118,2021 Q2,2021 Q3,gdp_growth,1,1.4602368412271787,AR(2),2021-09-30,1-step ahead,7.528200558540021,-6.067963717312843
Cutoff +2m,2,118,2021 Q2,2021 Q3,gdp_growth,1,11.886884528756593,RW-trend,2021-09-30,1-step ahead,7.528200558540021,4.358683970216571
Cutoff +2m,2,118,2021 Q2,2021 Q4,gdp_growth,2,1.669158723326236,MF-VAR,2021-12-31,Other,0.5744345999069367,1.0947241234192993
Cutoff +2m,2,118,2021 Q2,2021 Q4,gdp_growth,2,NA,MIDAS (trend),2021-12-31,Other,0.5744345999069367,NA
Cutoff +2m,2,118,2021 Q2,2021 Q4,gdp_growth,2,NA,MIDAS,2021-12-31,Other,0.5744345999069367,NA
Cutoff +2m,2,118,2021 Q2,2021 Q4,gdp_growth,2,0.9267892958731351,AR(2),2021-12-31,Other,0.5744345999069367,0.3523546959661984
Cutoff +2m,2,118,2021 Q2,2021 Q4,gdp_growth,2,12.00195679747025,RW-trend,2021-12-31,Other,0.5744345999069367,11.427522197563313
Cutoff +2m,2,118,2021 Q2,2022 Q1,gdp_growth,3,1.4159658685991783,MF-VAR,2022-03-31,Other,2.862969131881954,-1.4470032632827756
Cutoff +2m,2,118,2021 Q2,2022 Q1,gdp_growth,3,NA,MIDAS (trend),2022-03-31,Other,2.862969131881954,NA
Cutoff +2m,2,118,2021 Q2,2022 Q1,gdp_growth,3,NA,MIDAS,2022-03-31,Other,2.862969131881954,NA
Cutoff +2m,2,118,2021 Q2,2022 Q1,gdp_growth,3,1.4872414894062236,AR(2),2022-03-31,Other,2.862969131881954,-1.3757276424757303
Cutoff +2m,2,118,2021 Q2,2022 Q1,gdp_growth,3,12.117029066183907,RW-trend,2022-03-31,Other,2.862969131881954,9.254059934301953
Cutoff +2m,2,118,2021 Q2,2022 Q2,gdp_growth,4,2.639660351426213,MF-VAR,2022-06-30,1-year ahead,4.56849934844854,-1.9288389970223272
Cutoff +2m,2,118,2021 Q2,2022 Q2,gdp_growth,4,NA,MIDAS (trend),2022-06-30,1-year ahead,4.56849934844854,NA
Cutoff +2m,2,118,2021 Q2,2022 Q2,gdp_growth,4,NA,MIDAS,2022-06-30,1-year ahead,4.56849934844854,NA
Cutoff +2m,2,118,2021 Q2,2022 Q2,gdp_growth,4,1.4399854667489946,AR(2),2022-06-30,1-year ahead,4.56849934844854,-3.1285138816995457
Cutoff +2m,2,118,2021 Q2,2022 Q2,gdp_growth,4,12.232101334897564,RW-trend,2022-06-30,1-year ahead,4.56849934844854,7.663601986449024
Cutoff +2m,2,118,2021 Q2,2021 Q3,inflation,1,1.024367085049155,MF-VAR,2021-09-30,1-step ahead,1.6810527454161672,-0.6566856603670121
Cutoff +2m,2,118,2021 Q2,2021 Q3,inflation,1,NA,MIDAS (trend),2021-09-30,1-step ahead,1.6810527454161672,NA
Cutoff +2m,2,118,2021 Q2,2021 Q3,inflation,1,NA,MIDAS,2021-09-30,1-step ahead,1.6810527454161672,NA
Cutoff +2m,2,118,2021 Q2,2021 Q3,inflation,1,0.5517287035998188,AR(2),2021-09-30,1-step ahead,1.6810527454161672,-1.1293240418163484
Cutoff +2m,2,118,2021 Q2,2021 Q3,inflation,1,1.0667409776402426,RW-trend,2021-09-30,1-step ahead,1.6810527454161672,-0.6143117677759247
Cutoff +2m,2,118,2021 Q2,2021 Q4,inflation,2,0.56420478847492606,MF-VAR,2021-12-31,Other,2.9053258054450026,-2.3411210169700767
Cutoff +2m,2,118,2021 Q2,2021 Q4,inflation,2,NA,MIDAS (trend),2021-12-31,Other,2.9053258054450026,NA
Cutoff +2m,2,118,2021 Q2,2021 Q4,inflation,2,NA,MIDAS,2021-12-31,Other,2.9053258054450026,NA
Cutoff +2m,2,118,2021 Q2,2021 Q4,inflation,2,0.4108664019699169,AR(2),2021-12-31,Other,2.9053258054450026,-2.4944594034750858
Cutoff +2m,2,118,2021 Q2,2021 Q4,inflation,2,1.0422060558887103,RW-trend,2021-12-31,Other,2.9053258054450026,-1.8631197495562923
Cutoff +2m,2,118,2021 Q2,2022 Q1,inflation,3,0.39713427464222123,MF-VAR,2022-03-31,Other,2.4487738699512818,-2.0516395953090605
Cutoff +2m,2,118,2021 Q2,2022 Q1,inflation,3,NA,MIDAS (trend),2022-03-31,Other,2.4487738699512818,NA
Cutoff +2m,2,118,2021 Q2,2022 Q1,inflation,3,NA,MIDAS,2022-03-31,Other,2.4487738699512818,NA
Cutoff +2m,2,118,2021 Q2,2022 Q1,inflation,3,0.3230460749337795,AR(2),2022-03-31,Other,2.4487738699512818,-2.1257277950175024
Cutoff +2m,2,118,2021 Q2,2022 Q1,inflation,3,1.017671134137178,RW-trend,2022-03-31,Other,2.4487738699512818,-1.4311027358141037
Cutoff +2m,2,118,2021 Q2,2022 Q2,inflation,4,0.44565708854175573,MF-VAR,2022-06-30,1-year ahead,4.516735213599077,-4.071078125057321
Cutoff +2m,2,118,2021 Q2,2022 Q2,inflation,4,NA,MIDAS (trend),2022-06-30,1-year ahead,4.516735213599077,NA
Cutoff +2m,2,118,2021 Q2,2022 Q2,inflation,4,NA,MIDAS,2022-06-30,1-year ahead,4.516735213599077,NA
Cutoff +2m,2,118,2021 Q2,2022 Q2,inflation,4,0.2751411953960465,AR(2),2022-06-30,1-year ahead,4.516735213599077,-4.24159401820303
Cutoff +2m,2,118,2021 Q2,2022 Q2,inflation,4,0.9931362123856456,RW-trend,2022-06-30,1-year ahead,4.516735213599077,-3.523599001213431
Cutoff +2m,2,119,2021 Q3,2021 Q4,exch_rate,1,0.07710288704184519,MF-VAR,2021-12-31,1-step ahead,0.05333528834149974,0.02376759870034545
Cutoff +2m,2,119,2021 Q3,2021 Q4,exch_rate,1,NA,MIDAS (trend),2021-12-31,1-step ahead,0.05333528834149974,NA
Cutoff +2m,2,119,2021 Q3,2021 Q4,exch_rate,1,NA,MIDAS,2021-12-31,1-step ahead,0.05333528834149974,NA
Cutoff +2m,2,119,2021 Q3,2021 Q4,exch_rate,1,0.07499455133892863,AR(2),2021-12-31,1-step ahead,0.05333528834149974,0.021659262997428888
Cutoff +2m,2,119,2021 Q3,2021 Q4,exch_rate,1,0.07452432532797851,RW-trend,2021-12-31,1-step ahead,0.05333528834149974,0.021189036986478768
Cutoff +2m,2,119,2021 Q3,2022 Q1,exch_rate,2,0.06519391123700774,MF-VAR,2022-03-31,Other,0.03629136242387352,0.02890254881313422
Cutoff +2m,2,119,2021 Q3,2022 Q1,exch_rate,2,NA,MIDAS (trend),2022-03-31,Other,0.03629136242387352,NA
Cutoff +2m,2,119,2021 Q3,2022 Q1,exch_rate,2,NA,MIDAS,2022-03-31,Other,0.03629136242387352,NA
Cutoff +2m,2,119,2021 Q3,2022 Q1,exch_rate,2,0.0683563966317221,AR(2),2022-03-31,Other,0.03629136242387352,0.032065034207848585
Cutoff +2m,2,119,2021 Q3,2022 Q1,exch_rate,2,0.06981886072311896,RW-trend,2022-03-31,Other,0.03629136242387352,0.033527498299245444
Cutoff +2m,2,119,2021 Q3,2022 Q2,exch_rate,3,0.06099321093319758,MF-VAR,2022-06-30,Other,0.027153709404771603,0.03383950152842598
Cutoff +2m,2,119,2021 Q3,2022 Q2,exch_rate,3,NA,MIDAS (trend),2022-06-30,Other,0.027153709404771603,NA
Cutoff +2m,2,119,2021 Q3,2022 Q2,exch_rate,3,NA,MIDAS,2022-06-30,Other,0.027153709404771603,NA
Cutoff +2m,2,119,2021 Q3,2022 Q2,exch_rate,3,0.06499967344046262,AR(2),2022-06-30,Other,0.027153709404771603,0.037845964035691015
Cutoff +2m,2,119,2021 Q3,2022 Q2,exch_rate,3,0.0651133961182594,RW-trend,2022-06-30,Other,0.027153709404771603,0.0379596867134878
Cutoff +2m,2,119,2021 Q3,2022 Q3,exch_rate,4,0.05281221974138342,MF-VAR,2022-09-30,1-year ahead,-0.026739916121992047,0.07955213586337546
Cutoff +2m,2,119,2021 Q3,2022 Q3,exch_rate,4,NA,MIDAS (trend),2022-09-30,1-year ahead,-0.026739916121992047,NA
Cutoff +2m,2,119,2021 Q3,2022 Q3,exch_rate,4,NA,MIDAS,2022-09-30,1-year ahead,-0.026739916121992047,NA
Cutoff +2m,2,119,2021 Q3,2022 Q3,exch_rate,4,0.05482781832492634,AR(2),2022-09-30,1-year ahead,-0.026739916121992047,0.0815677344469184
Cutoff +2m,2,119,2021 Q3,2022 Q3,exch_rate,4,0.060407931513399855,RW-trend,2022-09-30,1-year ahead,-0.026739916121992047,0.0871478476353919
Cutoff +2m,2,119,2021 Q3,2021 Q4,gdp_growth,1,6.47240277639323,MF-VAR,2021-12-31,1-step ahead,0.5744345999069367,5.897968176486294
Cutoff +2m,2,119,2021 Q3,2021 Q4,gdp_growth,1,NA,MIDAS (trend),2021-12-31,1-step ahead,0.5744345999069367,NA
Cutoff +2m,2,119,2021 Q3,2021 Q4,gdp_growth,1,NA,MIDAS,2021-12-31,1-step ahead,0.5744345999069367,NA
Cutoff +2m,2,119,2021 Q3,2021 Q4,gdp_growth,1,0.5600820089361285,AR(2),2021-12-31,1-step ahead,0.5744345999069367,-0.01435259097080821
Cutoff +2m,2,119,2021 Q3,2021 Q4,gdp_growth,1,7.606019118106528,RW-trend,2021-12-31,1-step ahead,0.5744345999069367,7.031584518199591
Cutoff +2m,2,119,2021 Q3,2022 Q1,gdp_growth,2,1.3535207853035134,MF-VAR,2022-03-31,Other,2.862969131881954,-1.5094483465784405
Cutoff +2m,2,119,2021 Q3,2022 Q1,gdp_growth,2,NA,MIDAS (trend),2022-03-31,Other,2.862969131881954,NA
Cutoff +2m,2,119,2021 Q3,2022 Q1,gdp_growth,2,NA,MIDAS,2022-03-31,Other,2.862969131881954,NA
Cutoff +2m,2,119,2021 Q3,2022 Q1,gdp_growth,2,1.1793851538844855,AR(2),2022-03-31,Other,2.862969131881954,-1.6835839779974684
Cutoff +2m,2,119,2021 Q3,2022 Q1,gdp_growth,2,7.683837677673035,RW-trend,2022-03-31,Other,2.862969131881954,4.820868545791081
Cutoff +2m,2,119,2021 Q3,2022 Q2,gdp_growth,3,1.9345612471670157,MF-VAR,2022-06-30,Other,4.56849934844854,-2.6339381012815246
Cutoff +2m,2,119,2021 Q3,2022 Q2,gdp_growth,3,NA,MIDAS (trend),2022-06-30,Other,4.56849934844854,NA
Cutoff +2m,2,119,2021 Q3,2022 Q2,gdp_growth,3,NA,MIDAS,2022-06-30,Other,4.56849934844854,NA
Cutoff +2m,2,119,2021 Q3,2022 Q2,gdp_growth,3,1.5321289879572557,AR(2),2022-06-30,Other,4.56849934844854,-3.0363703604912846
Cutoff +2m,2,119,2021 Q3,2022 Q2,gdp_growth,3,7.761656237239542,RW-trend,2022-06-30,Other,4.56849934844854,3.193156888791002
Cutoff +2m,2,119,2021 Q3,2022 Q3,gdp_growth,4,3.121595523769919,MF-VAR,2022-09-30,1-year ahead,-1.4984497864681146,4.620045310238034
Cutoff +2m,2,119,2021 Q3,2022 Q3,gdp_growth,4,NA,MIDAS (trend),2022-09-30,1-year ahead,-1.4984497864681146,NA
Cutoff +2m,2,119,2021 Q3,2022 Q3,gdp_growth,4,NA,MIDAS,2022-09-30,1-year ahead,-1.4984497864681146,NA
Cutoff +2m,2,119,2021 Q3,2022 Q3,gdp_growth,4,2.601023994593188,AR(2),2022-09-30,1-year ahead,-1.4984497864681146,4.0994737810613024
Cutoff +2m,2,119,2021 Q3,2022 Q3,gdp_growth,4,7.839474796806049,RW-trend,2022-09-30,1-year ahead,-1.4984497864681146,9.337924583274162
Cutoff +2m,2,119,2021 Q3,2021 Q4,inflation,1,1.7073066386909548,MF-VAR,2021-12-31,1-step ahead,2.9053258054450026,-1.1980191667540478
Cutoff +2m,2,119,2021 Q3,2021 Q4,inflation,1,NA,MIDAS (trend),2021-12-31,1-step ahead,2.9053258054450026,NA
Cutoff +2m,2,119,2021 Q3,2021 Q4,inflation,1,NA,MIDAS,2021-12-31,1-step ahead,2.9053258054450026,NA
Cutoff +2m,2,119,2021 Q3,2021 Q4,inflation,1,0.9149101340323439,AR(2),2021-12-31,1-step ahead,2.9053258054450026,-1.9904156714126588
Cutoff +2m,2,119,2021 Q3,2021 Q4,inflation,1,1.6617683515943436,RW-trend,2021-12-31,1-step ahead,2.9053258054450026,-1.243557453850659
Cutoff +2m,2,119,2021 Q3,2022 Q1,inflation,2,0.8350056034962531,MF-VAR,2022-03-31,Other,2.4487738699512818,-1.6137682664550286
Cutoff +2m,2,119,2021 Q3,2022 Q1,inflation,2,NA,MIDAS (trend),2022-03-31,Other,2.4487738699512818,NA
Cutoff +2m,2,119,2021 Q3,2022 Q1,inflation,2,NA,MIDAS,2022-03-31,Other,2.4487738699512818,NA
Cutoff +2m,2,119,2021 Q3,2022 Q1,inflation,2,0.6026654961417088,AR(2),2022-03-31,Other,2.4487738699512818,-1.846108373809573
Cutoff +2m,2,119,2021 Q3,2022 Q1,inflation,2,1.6424839577725199,RW-trend,2022-03-31,Other,2.4487738699512818,-0.8062899121787619
Cutoff +2m,2,119,2021 Q3,2022 Q2,inflation,3,0.5059604475306976,MF-VAR,2022-06-30,Other,4.516735213599077,-4.010774766068379
Cutoff +2m,2,119,2021 Q3,2022 Q2,inflation,3,NA,MIDAS (trend),2022-06-30,Other,4.516735213599077,NA
Cutoff +2m,2,119,2021 Q3,2022 Q2,inflation,3,NA,MIDAS,2022-06-30,Other,4.516735213599077,NA
Cutoff +2m,2,119,2021 Q3,2022 Q2,inflation,3,0.42763225691001333,AR(2),2022-06-30,Other,4.516735213599077,-4.0891029566890635
Cutoff +2m,2,119,2021 Q3,2022 Q2,inflation,3,1.6231995639506964,RW-trend,2022-06-30,Other,4.516735213599077,-2.8935356496483804
Cutoff +2m,2,119,2021 Q3,2022 Q3,inflation,4,0.3533290011546646,MF-VAR,2022-09-30,1-year ahead,3.320870259523545,-2.9675412583688807
Cutoff +2m,2,119,2021 Q3,2022 Q3,inflation,4,NA,MIDAS (trend),2022-09-30,1-year ahead,3.320870259523545,NA
Cutoff +2m,2,119,2021 Q3,2022 Q3,inflation,4,NA,MIDAS,2022-09-30,1-year ahead,3.320870259523545,NA
Cutoff +2m,2,119,2021 Q3,2022 Q3,inflation,4,0.26734458126947047,AR(2),2022-09-30,1-year ahead,3.320870259523545,-3.0535256782540747
Cutoff +2m,2,119,2021 Q3,2022 Q3,inflation,4,1.6039151701288727,RW-trend,2022-09-30,1-year ahead,3.320870259523545,-1.7169550893946723
Cutoff +2m,2,120,2021 Q4,2022 Q1,exch_rate,1,0.04807290759014156,MF-VAR,2022-03-31,1-step ahead,0.03629136242387352,0.011781545166268038
Cutoff +2m,2,120,2021 Q4,2022 Q1,exch_rate,1,NA,MIDAS (trend),2022-03-31,1-step ahead,0.03629136242387352,NA
Cutoff +2m,2,120,2021 Q4,2022 Q1,exch_rate,1,NA,MIDAS,2022-03-31,1-step ahead,0.03629136242387352,NA
Cutoff +2m,2,120,2021 Q4,2022 Q1,exch_rate,1,0.04358886816264484,AR(2),2022-03-31,1-step ahead,0.03629136242387352,0.007297505738771318
Cutoff +2m,2,120,2021 Q4,2022 Q1,exch_rate,1,0.04845025562658528,RW-trend,2022-03-31,1-step ahead,0.03629136242387352,0.012158893202711761
Cutoff +2m,2,120,2021 Q4,2022 Q2,exch_rate,2,0.03843878321867971,MF-VAR,2022-06-30,Other,0.027153709404771603,0.011285073813908107
Cutoff +2m,2,120,2021 Q4,2022 Q2,exch_rate,2,NA,MIDAS (trend),2022-06-30,Other,0.027153709404771603,NA
Cutoff +2m,2,120,2021 Q4,2022 Q2,exch_rate,2,NA,MIDAS,2022-06-30,Other,0.027153709404771603,NA
Cutoff +2m,2,120,2021 Q4,2022 Q2,exch_rate,2,0.041012753960604637,AR(2),2022-06-30,Other,0.027153709404771603,0.013859044555833033
Cutoff +2m,2,120,2021 Q4,2022 Q2,exch_rate,2,0.04356522291167082,RW-trend,2022-06-30,Other,0.027153709404771603,0.01641151350689922
Cutoff +2m,2,120,2021 Q4,2022 Q3,exch_rate,3,0.024641333232477972,MF-VAR,2022-09-30,Other,-0.026739916121992047,0.05138124935447002
Cutoff +2m,2,120,2021 Q4,2022 Q3,exch_rate,3,NA,MIDAS (trend),2022-09-30,Other,-0.026739916121992047,NA
Cutoff +2m,2,120,2021 Q4,2022 Q3,exch_rate,3,NA,MIDAS,2022-09-30,Other,-0.026739916121992047,NA
Cutoff +2m,2,120,2021 Q4,2022 Q3,exch_rate,3,0.0323554913810646,AR(2),2022-09-30,Other,-0.026739916121992047,0.05909540750305664
Cutoff +2m,2,120,2021 Q4,2022 Q3,exch_rate,3,0.03868019019675637,RW-trend,2022-09-30,Other,-0.026739916121992047,0.06542010631874842
Cutoff +2m,2,120,2021 Q4,2022 Q4,exch_rate,4,0.022146371336486118,MF-VAR,2022-12-31,1-year ahead,-0.01686369046465063,0.03901006180113675
Cutoff +2m,2,120,2021 Q4,2022 Q4,exch_rate,4,NA,MIDAS (trend),2022-12-31,1-year ahead,-0.01686369046465063,NA
Cutoff +2m,2,120,2021 Q4,2022 Q4,exch_rate,4,NA,MIDAS,2022-12-31,1-year ahead,-0.01686369046465063,NA
Cutoff +2m,2,120,2021 Q4,2022 Q4,exch_rate,4,0.030846469628589068,AR(2),2022-12-31,1-year ahead,-0.01686369046465063,0.047710160093239695
Cutoff +2m,2,120,2021 Q4,2022 Q4,exch_rate,4,0.03379515748184191,RW-trend,2022-12-31,1-year ahead,-0.01686369046465063,0.050658847946492544
Cutoff +2m,2,120,2021 Q4,2022 Q1,gdp_growth,1,0.4273317313626861,MF-VAR,2022-03-31,1-step ahead,2.862969131881954,-2.435637400519268
Cutoff +2m,2,120,2021 Q4,2022 Q1,gdp_growth,1,NA,MIDAS (trend),2022-03-31,1-step ahead,2.862969131881954,NA
Cutoff +2m,2,120,2021 Q4,2022 Q1,gdp_growth,1,NA,MIDAS,2022-03-31,1-step ahead,2.862969131881954,NA
Cutoff +2m,2,120,2021 Q4,2022 Q1,gdp_growth,1,1.1495286847137742,AR(2),2022-03-31,1-step ahead,2.862969131881954,-1.7134404471681797
Cutoff +2m,2,120,2021 Q4,2022 Q1,gdp_growth,1,0.5926634601666673,RW-trend,2022-03-31,1-step ahead,2.862969131881954,-2.2703056717152865
Cutoff +2m,2,120,2021 Q4,2022 Q2,gdp_growth,2,0.7111111644279487,MF-VAR,2022-06-30,Other,4.56849934844854,-3.8573881840205915
Cutoff +2m,2,120,2021 Q4,2022 Q2,gdp_growth,2,NA,MIDAS (trend),2022-06-30,Other,4.56849934844854,NA
Cutoff +2m,2,120,2021 Q4,2022 Q2,gdp_growth,2,NA,MIDAS,2022-06-30,Other,4.56849934844854,NA
Cutoff +2m,2,120,2021 Q4,2022 Q2,gdp_growth,2,1.5290842853944464,AR(2),2022-06-30,Other,4.56849934844854,-3.039415063054094
Cutoff +2m,2,120,2021 Q4,2022 Q2,gdp_growth,2,0.610892320426398,RW-trend,2022-06-30,Other,4.56849934844854,-3.9576070280221423
Cutoff +2m,2,120,2021 Q4,2022 Q3,gdp_growth,3,2.704876085931566,MF-VAR,2022-09-30,Other,-1.4984497864681146,4.203325872399681
Cutoff +2m,2,120,2021 Q4,2022 Q3,gdp_growth,3,NA,MIDAS (trend),2022-09-30,Other,-1.4984497864681146,NA
Cutoff +2m,2,120,2021 Q4,2022 Q3,gdp_growth,3,NA,MIDAS,2022-09-30,Other,-1.4984497864681146,NA
Cutoff +2m,2,120,2021 Q4,2022 Q3,gdp_growth,3,2.5946416346549572,AR(2),2022-09-30,Other,-1.4984497864681146,4.093091421123072
Cutoff +2m,2,120,2021 Q4,2022 Q3,gdp_growth,3,0.6291211806861285,RW-trend,2022-09-30,Other,-1.4984497864681146,2.1275709671542433
Cutoff +2m,2,120,2021 Q4,2022 Q4,gdp_growth,4,1.0042076959791038,MF-VAR,2022-12-31,1-year ahead,-0.0032996058919820825,1.0075073018710858
Cutoff +2m,2,120,2021 Q4,2022 Q4,gdp_growth,4,NA,MIDAS (trend),2022-12-31,1-year ahead,-0.0032996058919820825,NA
Cutoff +2m,2,120,2021 Q4,2022 Q4,gdp_growth,4,NA,MIDAS,2022-12-31,1-year ahead,-0.0032996058919820825,NA
Cutoff +2m,2,120,2021 Q4,2022 Q4,gdp_growth,4,1.5237615680307137,AR(2),2022-12-31,1-year ahead,-0.0032996058919820825,1.5270611739226958
Cutoff +2m,2,120,2021 Q4,2022 Q4,gdp_growth,4,0.6473500409458592,RW-trend,2022-12-31,1-year ahead,-0.0032996058919820825,0.6506496468378413
Cutoff +2m,2,120,2021 Q4,2022 Q1,inflation,1,2.9145306761561742,MF-VAR,2022-03-31,1-step ahead,2.4487738699512818,0.46575680620489246
Cutoff +2m,2,120,2021 Q4,2022 Q1,inflation,1,NA,MIDAS (trend),2022-03-31,1-step ahead,2.4487738699512818,NA
Cutoff +2m,2,120,2021 Q4,2022 Q1,inflation,1,NA,MIDAS,2022-03-31,1-step ahead,2.4487738699512818,NA
Cutoff +2m,2,120,2021 Q4,2022 Q1,inflation,1,1.5060512554413403,AR(2),2022-03-31,1-step ahead,2.4487738699512818,-0.9427226145099414
Cutoff +2m,2,120,2021 Q4,2022 Q1,inflation,1,2.896580034113439,RW-trend,2022-03-31,1-step ahead,2.4487738699512818,0.4478061641621571
Cutoff +2m,2,120,2021 Q4,2022 Q2,inflation,2,1.2864994777031278,MF-VAR,2022-06-30,Other,4.516735213599077,-3.230235735895949
Cutoff +2m,2,120,2021 Q4,2022 Q2,inflation,2,NA,MIDAS (trend),2022-06-30,Other,4.516735213599077,NA
Cutoff +2m,2,120,2021 Q4,2022 Q2,inflation,2,NA,MIDAS,2022-06-30,Other,4.516735213599077,NA
Cutoff +2m,2,120,2021 Q4,2022 Q2,inflation,2,0.9325496606054886,AR(2),2022-06-30,Other,4.516735213599077,-3.5841855529935884
Cutoff +2m,2,120,2021 Q4,2022 Q2,inflation,2,2.8878342627818747,RW-trend,2022-06-30,Other,4.516735213599077,-1.628900950817202
Cutoff +2m,2,120,2021 Q4,2022 Q3,inflation,3,0.7100915616448152,MF-VAR,2022-09-30,Other,3.320870259523545,-2.6107786978787297
Cutoff +2m,2,120,2021 Q4,2022 Q3,inflation,3,NA,MIDAS (trend),2022-09-30,Other,3.320870259523545,NA
Cutoff +2m,2,120,2021 Q4,2022 Q3,inflation,3,NA,MIDAS,2022-09-30,Other,3.320870259523545,NA
Cutoff +2m,2,120,2021 Q4,2022 Q3,inflation,3,0.5452900938988141,AR(2),2022-09-30,Other,3.320870259523545,-2.775580165624731
Cutoff +2m,2,120,2021 Q4,2022 Q3,inflation,3,2.879088491450311,RW-trend,2022-09-30,Other,3.320870259523545,-0.4417817680732341
Cutoff +2m,2,120,2021 Q4,2022 Q4,inflation,4,0.36475778335482445,MF-VAR,2022-12-31,1-year ahead,1.4337160386958203,-1.0689582553409958
Cutoff +2m,2,120,2021 Q4,2022 Q4,inflation,4,NA,MIDAS (trend),2022-12-31,1-year ahead,1.4337160386958203,NA
Cutoff +2m,2,120,2021 Q4,2022 Q4,inflation,4,NA,MIDAS,2022-12-31,1-year ahead,1.4337160386958203,NA
Cutoff +2m,2,120,2021 Q4,2022 Q4,inflation,4,0.4027004458458341,AR(2),2022-12-31,1-year ahead,1.4337160386958203,-1.0310155928499862
Cutoff +2m,2,120,2021 Q4,2022 Q4,inflation,4,2.8703427201187472,RW-trend,2022-12-31,1-year ahead,1.4337160386958203,1.436626681422927
Cutoff +2m,2,121,2022 Q1,2022 Q2,exch_rate,1,0.03408431568829924,MF-VAR,2022-06-30,1-step ahead,0.027153709404771603,0.006930606283527638
Cutoff +2m,2,121,2022 Q1,2022 Q2,exch_rate,1,NA,MIDAS (trend),2022-06-30,1-step ahead,0.027153709404771603,NA
Cutoff +2m,2,121,2022 Q1,2022 Q2,exch_rate,1,NA,MIDAS,2022-06-30,1-step ahead,0.027153709404771603,NA
Cutoff +2m,2,121,2022 Q1,2022 Q2,exch_rate,1,0.03263918940967304,AR(2),2022-06-30,1-step ahead,0.027153709404771603,0.005485480004901434
Cutoff +2m,2,121,2022 Q1,2022 Q2,exch_rate,1,0.03130415413582703,RW-trend,2022-06-30,1-step ahead,0.027153709404771603,0.004150444731055428
Cutoff +2m,2,121,2022 Q1,2022 Q3,exch_rate,2,0.010557408070767159,MF-VAR,2022-09-30,Other,-0.026739916121992047,0.037297324192759204
Cutoff +2m,2,121,2022 Q1,2022 Q3,exch_rate,2,NA,MIDAS (trend),2022-09-30,Other,-0.026739916121992047,NA
Cutoff +2m,2,121,2022 Q1,2022 Q3,exch_rate,2,NA,MIDAS,2022-09-30,Other,-0.026739916121992047,NA
Cutoff +2m,2,121,2022 Q1,2022 Q3,exch_rate,2,0.0242382425567729,AR(2),2022-09-30,Other,-0.026739916121992047,0.05097815867876494
Cutoff +2m,2,121,2022 Q1,2022 Q3,exch_rate,2,0.02631694584778054,RW-trend,2022-09-30,Other,-0.026739916121992047,0.05305686196977259
Cutoff +2m,2,121,2022 Q1,2022 Q4,exch_rate,3,0.0069773158600233256,MF-VAR,2022-12-31,Other,-0.01686369046465063,0.023841006324673956
Cutoff +2m,2,121,2022 Q1,2022 Q4,exch_rate,3,NA,MIDAS (trend),2022-12-31,Other,-0.01686369046465063,NA
Cutoff +2m,2,121,2022 Q1,2022 Q4,exch_rate,3,NA,MIDAS,2022-12-31,Other,-0.01686369046465063,NA
Cutoff +2m,2,121,2022 Q1,2022 Q4,exch_rate,3,0.023242703473615532,AR(2),2022-12-31,Other,-0.01686369046465063,0.04010639393826616
Cutoff +2m,2,121,2022 Q1,2022 Q4,exch_rate,3,0.021329737559734056,RW-trend,2022-12-31,Other,-0.01686369046465063,0.03819342802438469
Cutoff +2m,2,121,2022 Q1,2023 Q1,exch_rate,4,0.0025832008977618986,MF-VAR,2023-03-31,1-year ahead,-0.007646277114312552,0.010229478012074451
Cutoff +2m,2,121,2022 Q1,2023 Q1,exch_rate,4,NA,MIDAS (trend),2023-03-31,1-year ahead,-0.007646277114312552,NA
Cutoff +2m,2,121,2022 Q1,2023 Q1,exch_rate,4,NA,MIDAS,2023-03-31,1-year ahead,-0.007646277114312552,NA
Cutoff +2m,2,121,2022 Q1,2023 Q1,exch_rate,4,0.01912793808384398,AR(2),2023-03-31,1-year ahead,-0.007646277114312552,0.026774215198156533
Cutoff +2m,2,121,2022 Q1,2023 Q1,exch_rate,4,0.016342529271687566,RW-trend,2023-03-31,1-year ahead,-0.007646277114312552,0.02398880638600012
Cutoff +2m,2,121,2022 Q1,2022 Q2,gdp_growth,1,2.920706430557431,MF-VAR,2022-06-30,1-step ahead,4.56849934844854,-1.6477929178911093
Cutoff +2m,2,121,2022 Q1,2022 Q2,gdp_growth,1,NA,MIDAS (trend),2022-06-30,1-step ahead,4.56849934844854,NA
Cutoff +2m,2,121,2022 Q1,2022 Q2,gdp_growth,1,NA,MIDAS,2022-06-30,1-step ahead,4.56849934844854,NA
Cutoff +2m,2,121,2022 Q1,2022 Q2,gdp_growth,1,1.4065643371325574,AR(2),2022-06-30,1-step ahead,4.56849934844854,-3.161935011315983
Cutoff +2m,2,121,2022 Q1,2022 Q2,gdp_growth,1,2.9002761910636616,RW-trend,2022-06-30,1-step ahead,4.56849934844854,-1.6682231573848787
Cutoff +2m,2,121,2022 Q1,2022 Q3,gdp_growth,2,-0.476762232242411,MF-VAR,2022-09-30,Other,-1.4984497864681146,1.0216875542257036
Cutoff +2m,2,121,2022 Q1,2022 Q3,gdp_growth,2,NA,MIDAS (trend),2022-09-30,Other,-1.4984497864681146,NA
Cutoff +2m,2,121,2022 Q1,2022 Q3,gdp_growth,2,NA,MIDAS,2022-09-30,Other,-1.4984497864681146,NA
Cutoff +2m,2,121,2022 Q1,2022 Q3,gdp_growth,2,2.5126610390672353,AR(2),2022-09-30,Other,-1.4984497864681146,4.01111082553535
Cutoff +2m,2,121,2022 Q1,2022 Q3,gdp_growth,2,2.93758325024537,RW-trend,2022-09-30,Other,-1.4984497864681146,4.436033036713484
Cutoff +2m,2,121,2022 Q1,2022 Q4,gdp_growth,3,-0.6226000193658509,MF-VAR,2022-12-31,Other,-0.0032996058919820825,-0.6193004134738688
Cutoff +2m,2,121,2022 Q1,2022 Q4,gdp_growth,3,NA,MIDAS (trend),2022-12-31,Other,-0.0032996058919820825,NA
Cutoff +2m,2,121,2022 Q1,2022 Q4,gdp_growth,3,NA,MIDAS,2022-12-31,Other,-0.0032996058919820825,NA
Cutoff +2m,2,121,2022 Q1,2022 Q4,gdp_growth,3,1.551862073642937,AR(2),2022-12-31,Other,-0.0032996058919820825,1.555161679534919
Cutoff +2m,2,121,2022 Q1,2022 Q4,gdp_growth,3,2.9748903094270776,RW-trend,2022-12-31,Other,-0.0032996058919820825,2.9781899153190596
Cutoff +2m,2,121,2022 Q1,2023 Q1,gdp_growth,4,0.8443436870422424,MF-VAR,2023-03-31,1-year ahead,-1.4211511197238735,2.265494806766116
Cutoff +2m,2,121,2022 Q1,2023 Q1,gdp_growth,4,NA,MIDAS (trend),2023-03-31,1-year ahead,-1.4211511197238735,NA
Cutoff +2m,2,121,2022 Q1,2023 Q1,gdp_growth,4,NA,MIDAS,2023-03-31,1-year ahead,-1.4211511197238735,NA
Cutoff +2m,2,121,2022 Q1,2023 Q1,gdp_growth,4,1.3992232755913219,AR(2),2023-03-31,1-year ahead,-1.4211511197238735,2.8203743953151954
Cutoff +2m,2,121,2022 Q1,2023 Q1,gdp_growth,4,3.0121973686087853,RW-trend,2023-03-31,1-year ahead,-1.4211511197238735,4.433348488332658
Cutoff +2m,2,121,2022 Q1,2022 Q2,inflation,1,2.4518395153759713,MF-VAR,2022-06-30,1-step ahead,4.516735213599077,-2.0648956982231055
Cutoff +2m,2,121,2022 Q1,2022 Q2,inflation,1,NA,MIDAS (trend),2022-06-30,1-step ahead,4.516735213599077,NA
Cutoff +2m,2,121,2022 Q1,2022 Q2,inflation,1,NA,MIDAS,2022-06-30,1-step ahead,4.516735213599077,NA
Cutoff +2m,2,121,2022 Q1,2022 Q2,inflation,1,1.390259716403919,AR(2),2022-06-30,1-step ahead,4.516735213599077,-3.126475497195158
Cutoff +2m,2,121,2022 Q1,2022 Q2,inflation,1,2.436265021609952,RW-trend,2022-06-30,1-step ahead,4.516735213599077,-2.0804701919891246
Cutoff +2m,2,121,2022 Q1,2022 Q3,inflation,2,0.830181260470664,MF-VAR,2022-09-30,Other,3.320870259523545,-2.490688999052881
Cutoff +2m,2,121,2022 Q1,2022 Q3,inflation,2,NA,MIDAS (trend),2022-09-30,Other,3.320870259523545,NA
Cutoff +2m,2,121,2022 Q1,2022 Q3,inflation,2,NA,MIDAS,2022-09-30,Other,3.320870259523545,NA
Cutoff +2m,2,121,2022 Q1,2022 Q3,inflation,2,0.8080553223922452,AR(2),2022-09-30,Other,3.320870259523545,-2.5128149371312998
Cutoff +2m,2,121,2022 Q1,2022 Q3,inflation,2,2.423756173268622,RW-trend,2022-09-30,Other,3.320870259523545,-0.897114086254923
Cutoff +2m,2,121,2022 Q1,2022 Q4,inflation,3,0.3059871286922375,MF-VAR,2022-12-31,Other,1.4337160386958203,-1.1277289100035828
Cutoff +2m,2,121,2022 Q1,2022 Q4,inflation,3,NA,MIDAS (trend),2022-12-31,Other,1.4337160386958203,NA
Cutoff +2m,2,121,2022 Q1,2022 Q4,inflation,3,NA,MIDAS,2022-12-31,Other,1.4337160386958203,NA
Cutoff +2m,2,121,2022 Q1,2022 Q4,inflation,3,0.5540575765200441,AR(2),2022-12-31,Other,1.4337160386958203,-0.8796584621757763
Cutoff +2m,2,121,2022 Q1,2022 Q4,inflation,3,2.4112473249272925,RW-trend,2022-12-31,Other,1.4337160386958203,0.9775312862314722
Cutoff +2m,2,121,2022 Q1,2023 Q1,inflation,4,0.1740012652583553,MF-VAR,2023-03-31,1-year ahead,3.17581391503019,-3.0018126497718347
Cutoff +2m,2,121,2022 Q1,2023 Q1,inflation,4,NA,MIDAS (trend),2023-03-31,1-year ahead,3.17581391503019,NA
Cutoff +2m,2,121,2022 Q1,2023 Q1,inflation,4,NA,MIDAS,2023-03-31,1-year ahead,3.17581391503019,NA
Cutoff +2m,2,121,2022 Q1,2023 Q1,inflation,4,0.413080858766505,AR(2),2023-03-31,1-year ahead,3.17581391503019,-2.762733056263685
Cutoff +2m,2,121,2022 Q1,2023 Q1,inflation,4,2.398738476585963,RW-trend,2023-03-31,1-year ahead,3.17581391503019,-0.7770754384442271
Cutoff +2m,2,122,2022 Q2,2022 Q3,exch_rate,1,0.018020731436472943,MF-VAR,2022-09-30,1-step ahead,-0.026739916121992047,0.04476064755846499
Cutoff +2m,2,122,2022 Q2,2022 Q3,exch_rate,1,NA,MIDAS (trend),2022-09-30,1-step ahead,-0.026739916121992047,NA
Cutoff +2m,2,122,2022 Q2,2022 Q3,exch_rate,1,NA,MIDAS,2022-09-30,1-step ahead,-0.026739916121992047,NA
Cutoff +2m,2,122,2022 Q2,2022 Q3,exch_rate,1,0.017943647128371487,AR(2),2022-09-30,1-step ahead,-0.026739916121992047,0.04468356325036353
Cutoff +2m,2,122,2022 Q2,2022 Q3,exch_rate,1,0.022131914077299652,RW-trend,2022-09-30,1-step ahead,-0.026739916121992047,0.0488718301992917
Cutoff +2m,2,122,2022 Q2,2022 Q4,exch_rate,2,0.0017352262961452514,MF-VAR,2022-12-31,Other,-0.01686369046465063,0.01859891676079588
Cutoff +2m,2,122,2022 Q2,2022 Q4,exch_rate,2,NA,MIDAS (trend),2022-12-31,Other,-0.01686369046465063,NA
Cutoff +2m,2,122,2022 Q2,2022 Q4,exch_rate,2,NA,MIDAS,2022-12-31,Other,-0.01686369046465063,NA
Cutoff +2m,2,122,2022 Q2,2022 Q4,exch_rate,2,0.017140077070886727,AR(2),2022-12-31,Other,-0.01686369046465063,0.034003767535537355
Cutoff +2m,2,122,2022 Q2,2022 Q4,exch_rate,2,0.0171101187498277,RW-trend,2022-12-31,Other,-0.01686369046465063,0.03397380921447833
Cutoff +2m,2,122,2022 Q2,2023 Q1,exch_rate,3,-0.009147287671515009,MF-VAR,2023-03-31,Other,-0.007646277114312552,-0.0015010105572024566
Cutoff +2m,2,122,2022 Q2,2023 Q1,exch_rate,3,NA,MIDAS (trend),2023-03-31,Other,-0.007646277114312552,NA
Cutoff +2m,2,122,2022 Q2,2023 Q1,exch_rate,3,NA,MIDAS,2023-03-31,Other,-0.007646277114312552,NA
Cutoff +2m,2,122,2022 Q2,2023 Q1,exch_rate,3,0.013410224260915789,AR(2),2023-03-31,Other,-0.007646277114312552,0.02105650137522834
Cutoff +2m,2,122,2022 Q2,2023 Q1,exch_rate,3,0.012088323422355749,RW-trend,2023-03-31,Other,-0.007646277114312552,0.0197346005366683
Cutoff +2m,2,122,2022 Q2,2023 Q2,exch_rate,4,-0.013116998614483892,MF-VAR,2023-06-30,1-year ahead,-0.021509631884717315,0.008392633270233422
Cutoff +2m,2,122,2022 Q2,2023 Q2,exch_rate,4,NA,MIDAS (trend),2023-06-30,1-year ahead,-0.021509631884717315,NA
Cutoff +2m,2,122,2022 Q2,2023 Q2,exch_rate,4,NA,MIDAS,2023-06-30,1-year ahead,-0.021509631884717315,NA
Cutoff +2m,2,122,2022 Q2,2023 Q2,exch_rate,4,0.012690238924259165,AR(2),2023-06-30,1-year ahead,-0.021509631884717315,0.034199870808976476
Cutoff +2m,2,122,2022 Q2,2023 Q2,exch_rate,4,0.007066528094883798,RW-trend,2023-06-30,1-year ahead,-0.021509631884717315,0.028576159979601112
Cutoff +2m,2,122,2022 Q2,2022 Q3,gdp_growth,1,5.705343758636391,MF-VAR,2022-09-30,1-step ahead,-1.4984497864681146,7.203793545104506
Cutoff +2m,2,122,2022 Q2,2022 Q3,gdp_growth,1,NA,MIDAS (trend),2022-09-30,1-step ahead,-1.4984497864681146,NA
Cutoff +2m,2,122,2022 Q2,2022 Q3,gdp_growth,1,NA,MIDAS,2022-09-30,1-step ahead,-1.4984497864681146,NA
Cutoff +2m,2,122,2022 Q2,2022 Q3,gdp_growth,1,2.3006805969450115,AR(2),2022-09-30,1-step ahead,-1.4984497864681146,3.799130383413126
Cutoff +2m,2,122,2022 Q2,2022 Q3,gdp_growth,1,4.619708267275122,RW-trend,2022-09-30,1-step ahead,-1.4984497864681146,6.118158053743237
Cutoff +2m,2,122,2022 Q2,2022 Q4,gdp_growth,2,-1.5971433871227496,MF-VAR,2022-12-31,Other,-0.0032996058919820825,-1.5938437812307675
Cutoff +2m,2,122,2022 Q2,2022 Q4,gdp_growth,2,NA,MIDAS (trend),2022-12-31,Other,-0.0032996058919820825,NA
Cutoff +2m,2,122,2022 Q2,2022 Q4,gdp_growth,2,NA,MIDAS,2022-12-31,Other,-0.0032996058919820825,NA
Cutoff +2m,2,122,2022 Q2,2022 Q4,gdp_growth,2,1.4011179223045118,AR(2),2022-12-31,Other,-0.0032996058919820825,1.404417528196494
Cutoff +2m,2,122,2022 Q2,2022 Q4,gdp_growth,2,4.670917186101704,RW-trend,2022-12-31,Other,-0.0032996058919820825,4.674216791993686
Cutoff +2m,2,122,2022 Q2,2023 Q1,gdp_growth,3,-1.447259025563095,MF-VAR,2023-03-31,Other,-1.4211511197238735,-0.026107905839221512
Cutoff +2m,2,122,2022 Q2,2023 Q1,gdp_growth,3,NA,MIDAS (trend),2023-03-31,Other,-1.4211511197238735,NA
Cutoff +2m,2,122,2022 Q2,2023 Q1,gdp_growth,3,NA,MIDAS,2023-03-31,Other,-1.4211511197238735,NA
Cutoff +2m,2,122,2022 Q2,2023 Q1,gdp_growth,3,1.4531080628906867,AR(2),2023-03-31,Other,-1.4211511197238735,2.8742591826145603
Cutoff +2m,2,122,2022 Q2,2023 Q1,gdp_growth,3,4.722126104928286,RW-trend,2023-03-31,Other,-1.4211511197238735,6.143277224652159
Cutoff +2m,2,122,2022 Q2,2023 Q2,gdp_growth,4,0.2631336319853591,MF-VAR,2023-06-30,1-year ahead,-1.9508697250607554,2.2140033570461144
Cutoff +2m,2,122,2022 Q2,2023 Q2,gdp_growth,4,NA,MIDAS (trend),2023-06-30,1-year ahead,-1.9508697250607554,NA
Cutoff +2m,2,122,2022 Q2,2023 Q2,gdp_growth,4,NA,MIDAS,2023-06-30,1-year ahead,-1.9508697250607554,NA
Cutoff +2m,2,122,2022 Q2,2023 Q2,gdp_growth,4,1.4860590564519338,AR(2),2023-06-30,1-year ahead,-1.9508697250607554,3.436928781512689
Cutoff +2m,2,122,2022 Q2,2023 Q2,gdp_growth,4,4.773335023754868,RW-trend,2023-06-30,1-year ahead,-1.9508697250607554,6.724204748815623
Cutoff +2m,2,122,2022 Q2,2022 Q3,inflation,1,4.449826399256456,MF-VAR,2022-09-30,1-step ahead,3.320870259523545,1.128956139732911
Cutoff +2m,2,122,2022 Q2,2022 Q3,inflation,1,NA,MIDAS (trend),2022-09-30,1-step ahead,3.320870259523545,NA
Cutoff +2m,2,122,2022 Q2,2022 Q3,inflation,1,NA,MIDAS,2022-09-30,1-step ahead,3.320870259523545,NA
Cutoff +2m,2,122,2022 Q2,2022 Q3,inflation,1,2.309332250415841,AR(2),2022-09-30,1-step ahead,3.320870259523545,-1.0115380091077042
Cutoff +2m,2,122,2022 Q2,2022 Q3,inflation,1,4.521563616857656,RW-trend,2022-09-30,1-step ahead,3.320870259523545,1.200693357334111
Cutoff +2m,2,122,2022 Q2,2022 Q4,inflation,2,1.846476319951099,MF-VAR,2022-12-31,Other,1.4337160386958203,0.41276028125527864
Cutoff +2m,2,122,2022 Q2,2022 Q4,inflation,2,NA,MIDAS (trend),2022-12-31,Other,1.4337160386958203,NA
Cutoff +2m,2,122,2022 Q2,2022 Q4,inflation,2,NA,MIDAS,2022-12-31,Other,1.4337160386958203,NA
Cutoff +2m,2,122,2022 Q2,2022 Q4,inflation,2,1.5185450588592335,AR(2),2022-12-31,Other,1.4337160386958203,0.0848290201634132
Cutoff +2m,2,122,2022 Q2,2022 Q4,inflation,2,4.526392020116236,RW-trend,2022-12-31,Other,1.4337160386958203,3.092675981420416
Cutoff +2m,2,122,2022 Q2,2023 Q1,inflation,3,0.8613409587925385,MF-VAR,2023-03-31,Other,3.17581391503019,-2.3144729562376516
Cutoff +2m,2,122,2022 Q2,2023 Q1,inflation,3,NA,MIDAS (trend),2023-03-31,Other,3.17581391503019,NA
Cutoff +2m,2,122,2022 Q2,2023 Q1,inflation,3,NA,MIDAS,2023-03-31,Other,3.17581391503019,NA
Cutoff +2m,2,122,2022 Q2,2023 Q1,inflation,3,0.9973676589704724,AR(2),2023-03-31,Other,3.17581391503019,-2.1784462560597175
Cutoff +2m,2,122,2022 Q2,2023 Q1,inflation,3,4.5312204233748155,RW-trend,2023-03-31,Other,3.17581391503019,1.3554065083446254
Cutoff +2m,2,122,2022 Q2,2023 Q2,inflation,4,0.45943779650901945,MF-VAR,2023-06-30,1-year ahead,0.5501119867577842,-0.09067419024876472
Cutoff +2m,2,122,2022 Q2,2023 Q2,inflation,4,NA,MIDAS (trend),2023-06-30,1-year ahead,0.5501119867577842,NA
Cutoff +2m,2,122,2022 Q2,2023 Q2,inflation,4,NA,MIDAS,2023-06-30,1-year ahead,0.5501119867577842,NA
Cutoff +2m,2,122,2022 Q2,2023 Q2,inflation,4,0.6988475954173927,AR(2),2023-06-30,1-year ahead,0.5501119867577842,0.14873560865960855
Cutoff +2m,2,122,2022 Q2,2023 Q2,inflation,4,4.536048826633396,RW-trend,2023-06-30,1-year ahead,0.5501119867577842,3.9859368398756114
Cutoff +2m,2,123,2022 Q3,2022 Q4,exch_rate,1,-0.028866819012984924,MF-VAR,2022-12-31,1-step ahead,-0.01686369046465063,-0.012003128548334293
Cutoff +2m,2,123,2022 Q3,2022 Q4,exch_rate,1,NA,MIDAS (trend),2022-12-31,1-step ahead,-0.01686369046465063,NA
Cutoff +2m,2,123,2022 Q3,2022 Q4,exch_rate,1,NA,MIDAS,2022-12-31,1-step ahead,-0.01686369046465063,NA
Cutoff +2m,2,123,2022 Q3,2022 Q4,exch_rate,1,-0.03151574313276253,AR(2),2022-12-31,1-step ahead,-0.01686369046465063,-0.014652052668111898
Cutoff +2m,2,123,2022 Q3,2022 Q4,exch_rate,1,-0.03216561087259864,RW-trend,2022-12-31,1-step ahead,-0.01686369046465063,-0.015301920407948012
Cutoff +2m,2,123,2022 Q3,2023 Q1,exch_rate,2,-0.040666128247456905,MF-VAR,2023-03-31,Other,-0.007646277114312552,-0.03301985113314435
Cutoff +2m,2,123,2022 Q3,2023 Q1,exch_rate,2,NA,MIDAS (trend),2023-03-31,Other,-0.007646277114312552,NA
Cutoff +2m,2,123,2022 Q3,2023 Q1,exch_rate,2,NA,MIDAS,2023-03-31,Other,-0.007646277114312552,NA
Cutoff +2m,2,123,2022 Q3,2023 Q1,exch_rate,2,-0.03296813704854884,AR(2),2023-03-31,Other,-0.007646277114312552,-0.025321859934236288
Cutoff +2m,2,123,2022 Q3,2023 Q1,exch_rate,2,-0.037591305623205236,RW-trend,2023-03-31,Other,-0.007646277114312552,-0.029945028508892683
Cutoff +2m,2,123,2022 Q3,2023 Q2,exch_rate,3,-0.04589966906398567,MF-VAR,2023-06-30,Other,-0.021509631884717315,-0.024390037179268353
Cutoff +2m,2,123,2022 Q3,2023 Q2,exch_rate,3,NA,MIDAS (trend),2023-06-30,Other,-0.021509631884717315,NA
Cutoff +2m,2,123,2022 Q3,2023 Q2,exch_rate,3,NA,MIDAS,2023-06-30,Other,-0.021509631884717315,NA
Cutoff +2m,2,123,2022 Q3,2023 Q2,exch_rate,3,-0.030627642763258515,AR(2),2023-06-30,Other,-0.021509631884717315,-0.009118010878541201
Cutoff +2m,2,123,2022 Q3,2023 Q2,exch_rate,3,-0.04301700037381183,RW-trend,2023-06-30,Other,-0.021509631884717315,-0.021507368489094514
Cutoff +2m,2,123,2022 Q3,2023 Q3,exch_rate,4,-0.054149112265557485,MF-VAR,2023-09-30,1-year ahead,-0.03937898253147601,-0.014770129734081476
Cutoff +2m,2,123,2022 Q3,2023 Q3,exch_rate,4,NA,MIDAS (trend),2023-09-30,1-year ahead,-0.03937898253147601,NA
Cutoff +2m,2,123,2022 Q3,2023 Q3,exch_rate,4,NA,MIDAS,2023-09-30,1-year ahead,-0.03937898253147601,NA
Cutoff +2m,2,123,2022 Q3,2023 Q3,exch_rate,4,-0.03537571190593926,AR(2),2023-09-30,1-year ahead,-0.03937898253147601,0.004003270625536751
Cutoff +2m,2,123,2022 Q3,2023 Q3,exch_rate,4,-0.04844269512441842,RW-trend,2023-09-30,1-year ahead,-0.03937898253147601,-0.009063712592942412
Cutoff +2m,2,123,2022 Q3,2022 Q4,gdp_growth,1,-2.554247568614905,MF-VAR,2022-12-31,1-step ahead,-0.0032996058919820825,-2.550947962722923
Cutoff +2m,2,123,2022 Q3,2022 Q4,gdp_growth,1,NA,MIDAS (trend),2022-12-31,1-step ahead,-0.0032996058919820825,NA
Cutoff +2m,2,123,2022 Q3,2022 Q4,gdp_growth,1,NA,MIDAS,2022-12-31,1-step ahead,-0.0032996058919820825,NA
Cutoff +2m,2,123,2022 Q3,2022 Q4,gdp_growth,1,1.6636455854759182,AR(2),2022-12-31,1-step ahead,-0.0032996058919820825,1.6669451913679003
Cutoff +2m,2,123,2022 Q3,2022 Q4,gdp_growth,1,-1.49780415734189,RW-trend,2022-12-31,1-step ahead,-0.0032996058919820825,-1.494504551449908
Cutoff +2m,2,123,2022 Q3,2023 Q1,gdp_growth,2,-0.889982236168345,MF-VAR,2023-03-31,Other,-1.4211511197238735,0.5311688835555285
Cutoff +2m,2,123,2022 Q3,2023 Q1,gdp_growth,2,NA,MIDAS (trend),2023-03-31,Other,-1.4211511197238735,NA
Cutoff +2m,2,123,2022 Q3,2023 Q1,gdp_growth,2,NA,MIDAS,2023-03-31,Other,-1.4211511197238735,NA
Cutoff +2m,2,123,2022 Q3,2023 Q1,gdp_growth,2,1.6403674336707765,AR(2),2023-03-31,Other,-1.4211511197238735,3.06151855339465
Cutoff +2m,2,123,2022 Q3,2023 Q1,gdp_growth,2,-1.4971585282156654,RW-trend,2023-03-31,Other,-1.4211511197238735,-0.07600740849179188
Cutoff +2m,2,123,2022 Q3,2023 Q2,gdp_growth,3,-0.04696735406477204,MF-VAR,2023-06-30,Other,-1.9508697250607554,1.9039023709959833
Cutoff +2m,2,123,2022 Q3,2023 Q2,gdp_growth,3,NA,MIDAS (trend),2023-06-30,Other,-1.9508697250607554,NA
Cutoff +2m,2,123,2022 Q3,2023 Q2,gdp_growth,3,NA,MIDAS,2023-06-30,Other,-1.9508697250607554,NA
Cutoff +2m,2,123,2022 Q3,2023 Q2,gdp_growth,3,1.4154921850856148,AR(2),2023-06-30,Other,-1.9508697250607554,3.36636191014637
Cutoff +2m,2,123,2022 Q3,2023 Q2,gdp_growth,3,-1.496512899089441,RW-trend,2023-06-30,Other,-1.9508697250607554,0.45435682597131444
Cutoff +2m,2,123,2022 Q3,2023 Q3,gdp_growth,4,0.9636184965303367,MF-VAR,2023-09-30,1-year ahead,0.28204712749158034,0.6815713690387564
Cutoff +2m,2,123,2022 Q3,2023 Q3,gdp_growth,4,NA,MIDAS (trend),2023-09-30,1-year ahead,0.28204712749158034,NA
Cutoff +2m,2,123,2022 Q3,2023 Q3,gdp_growth,4,NA,MIDAS,2023-09-30,1-year ahead,0.28204712749158034,NA
Cutoff +2m,2,123,2022 Q3,2023 Q3,gdp_growth,4,2.56723074725958,AR(2),2023-09-30,1-year ahead,0.28204712749158034,2.2851836197679996
Cutoff +2m,2,123,2022 Q3,2023 Q3,gdp_growth,4,-1.4958672699632165,RW-trend,2023-09-30,1-year ahead,0.28204712749158034,-1.7779143974547968
Cutoff +2m,2,123,2022 Q3,2022 Q4,inflation,1,3.347124152798333,MF-VAR,2022-12-31,1-step ahead,1.4337160386958203,1.9134081141025128
Cutoff +2m,2,123,2022 Q3,2022 Q4,inflation,1,NA,MIDAS (trend),2022-12-31,1-step ahead,1.4337160386958203,NA
Cutoff +2m,2,123,2022 Q3,2022 Q4,inflation,1,NA,MIDAS,2022-12-31,1-step ahead,1.4337160386958203,NA
Cutoff +2m,2,123,2022 Q3,2022 Q4,inflation,1,2.034486050019379,AR(2),2022-12-31,1-step ahead,1.4337160386958203,0.6007700113235588
Cutoff +2m,2,123,2022 Q3,2022 Q4,inflation,1,3.315775577184322,RW-trend,2022-12-31,1-step ahead,1.4337160386958203,1.8820595384885017
Cutoff +2m,2,123,2022 Q3,2023 Q1,inflation,2,1.67159755698511,MF-VAR,2023-03-31,Other,3.17581391503019,-1.50421635804508
Cutoff +2m,2,123,2022 Q3,2023 Q1,inflation,2,NA,MIDAS (trend),2023-03-31,Other,3.17581391503019,NA
Cutoff +2m,2,123,2022 Q3,2023 Q1,inflation,2,NA,MIDAS,2023-03-31,Other,3.17581391503019,NA
Cutoff +2m,2,123,2022 Q3,2023 Q1,inflation,2,1.3278439681389915,AR(2),2023-03-31,Other,3.17581391503019,-1.8479699468911985
Cutoff +2m,2,123,2022 Q3,2023 Q1,inflation,2,3.310680894845099,RW-trend,2023-03-31,Other,3.17581391503019,0.13486697981490892
Cutoff +2m,2,123,2022 Q3,2023 Q2,inflation,3,0.8373571587399649,MF-VAR,2023-06-30,Other,0.5501119867577842,0.2872451719821807
Cutoff +2m,2,123,2022 Q3,2023 Q2,inflation,3,NA,MIDAS (trend),2023-06-30,Other,0.5501119867577842,NA
Cutoff +2m,2,123,2022 Q3,2023 Q2,inflation,3,NA,MIDAS,2023-06-30,Other,0.5501119867577842,NA
Cutoff +2m,2,123,2022 Q3,2023 Q2,inflation,3,0.9059591347376119,AR(2),2023-06-30,Other,0.5501119867577842,0.35584714797982775
Cutoff +2m,2,123,2022 Q3,2023 Q2,inflation,3,3.305586212505876,RW-trend,2023-06-30,Other,0.5501119867577842,2.7554742257480918
Cutoff +2m,2,123,2022 Q3,2023 Q3,inflation,4,0.3166786025990985,MF-VAR,2023-09-30,1-year ahead,1.2606093578710897,-0.9439307552719912
Cutoff +2m,2,123,2022 Q3,2023 Q3,inflation,4,NA,MIDAS (trend),2023-09-30,1-year ahead,1.2606093578710897,NA
Cutoff +2m,2,123,2022 Q3,2023 Q3,inflation,4,NA,MIDAS,2023-09-30,1-year ahead,1.2606093578710897,NA
Cutoff +2m,2,123,2022 Q3,2023 Q3,inflation,4,0.5899286742213115,AR(2),2023-09-30,1-year ahead,1.2606093578710897,-0.6706806836497783
Cutoff +2m,2,123,2022 Q3,2023 Q3,inflation,4,3.3004915301666533,RW-trend,2023-09-30,1-year ahead,1.2606093578710897,2.0398821722955636
Cutoff +2m,2,124,2022 Q4,2023 Q1,exch_rate,1,-0.022126071216008816,MF-VAR,2023-03-31,1-step ahead,-0.007646277114312552,-0.014479794101696263
Cutoff +2m,2,124,2022 Q4,2023 Q1,exch_rate,1,NA,MIDAS (trend),2023-03-31,1-step ahead,-0.007646277114312552,NA
Cutoff +2m,2,124,2022 Q4,2023 Q1,exch_rate,1,NA,MIDAS,2023-03-31,1-step ahead,-0.007646277114312552,NA
Cutoff +2m,2,124,2022 Q4,2023 Q1,exch_rate,1,-0.016346030113761848,AR(2),2023-03-31,1-step ahead,-0.007646277114312552,-0.008699752999449296
Cutoff +2m,2,124,2022 Q4,2023 Q1,exch_rate,1,-0.022163959638142897,RW-trend,2023-03-31,1-step ahead,-0.007646277114312552,-0.014517682523830344
Cutoff +2m,2,124,2022 Q4,2023 Q2,exch_rate,2,-0.02622880355849143,MF-VAR,2023-06-30,Other,-0.021509631884717315,-0.004719171673774114
Cutoff +2m,2,124,2022 Q4,2023 Q2,exch_rate,2,NA,MIDAS (trend),2023-06-30,Other,-0.021509631884717315,NA
Cutoff +2m,2,124,2022 Q4,2023 Q2,exch_rate,2,NA,MIDAS,2023-06-30,Other,-0.021509631884717315,NA
Cutoff +2m,2,124,2022 Q4,2023 Q2,exch_rate,2,-0.014380777559209572,AR(2),2023-06-30,Other,-0.021509631884717315,0.007128854325507743
Cutoff +2m,2,124,2022 Q4,2023 Q2,exch_rate,2,-0.027464228811635162,RW-trend,2023-06-30,Other,-0.021509631884717315,-0.0059545969269178475
Cutoff +2m,2,124,2022 Q4,2023 Q3,exch_rate,3,-0.034741294273600905,MF-VAR,2023-09-30,Other,-0.03937898253147601,0.004637688257875104
Cutoff +2m,2,124,2022 Q4,2023 Q3,exch_rate,3,NA,MIDAS (trend),2023-09-30,Other,-0.03937898253147601,NA
Cutoff +2m,2,124,2022 Q4,2023 Q3,exch_rate,3,NA,MIDAS,2023-09-30,Other,-0.03937898253147601,NA
Cutoff +2m,2,124,2022 Q4,2023 Q3,exch_rate,3,-0.01992059399203452,AR(2),2023-09-30,Other,-0.03937898253147601,0.019458388539441488
Cutoff +2m,2,124,2022 Q4,2023 Q3,exch_rate,3,-0.03276449798512743,RW-trend,2023-09-30,Other,-0.03937898253147601,0.006614484546348581
Cutoff +2m,2,124,2022 Q4,2023 Q4,exch_rate,4,-0.03399591853469088,MF-VAR,2023-12-31,1-year ahead,-0.046880815886738175,0.012884897352047293
Cutoff +2m,2,124,2022 Q4,2023 Q4,exch_rate,4,NA,MIDAS (trend),2023-12-31,1-year ahead,-0.046880815886738175,NA
Cutoff +2m,2,124,2022 Q4,2023 Q4,exch_rate,4,NA,MIDAS,2023-12-31,1-year ahead,-0.046880815886738175,NA
Cutoff +2m,2,124,2022 Q4,2023 Q4,exch_rate,4,-0.01879073239411212,AR(2),2023-12-31,1-year ahead,-0.046880815886738175,0.028090083492626056
Cutoff +2m,2,124,2022 Q4,2023 Q4,exch_rate,4,-0.038064767158619686,RW-trend,2023-12-31,1-year ahead,-0.046880815886738175,0.008816048728118489
Cutoff +2m,2,124,2022 Q4,2023 Q1,gdp_growth,1,-0.15040247443623278,MF-VAR,2023-03-31,1-step ahead,-1.4211511197238735,1.2707486452876409
Cutoff +2m,2,124,2022 Q4,2023 Q1,gdp_growth,1,NA,MIDAS (trend),2023-03-31,1-step ahead,-1.4211511197238735,NA
Cutoff +2m,2,124,2022 Q4,2023 Q1,gdp_growth,1,NA,MIDAS,2023-03-31,1-step ahead,-1.4211511197238735,NA
Cutoff +2m,2,124,2022 Q4,2023 Q1,gdp_growth,1,1.7626944432826557,AR(2),2023-03-31,1-step ahead,-1.4211511197238735,3.183845563006529
Cutoff +2m,2,124,2022 Q4,2023 Q1,gdp_growth,1,0.009596060541208904,RW-trend,2023-03-31,1-step ahead,-1.4211511197238735,1.4307471802650824
Cutoff +2m,2,124,2022 Q4,2023 Q2,gdp_growth,2,0.12924464991209017,MF-VAR,2023-06-30,Other,-1.9508697250607554,2.0801143749728457
Cutoff +2m,2,124,2022 Q4,2023 Q2,gdp_growth,2,NA,MIDAS (trend),2023-06-30,Other,-1.9508697250607554,NA
Cutoff +2m,2,124,2022 Q4,2023 Q2,gdp_growth,2,NA,MIDAS,2023-06-30,Other,-1.9508697250607554,NA
Cutoff +2m,2,124,2022 Q4,2023 Q2,gdp_growth,2,1.5021958026339806,AR(2),2023-06-30,Other,-1.9508697250607554,3.453065527694736
Cutoff +2m,2,124,2022 Q4,2023 Q2,gdp_growth,2,0.02249172697439989,RW-trend,2023-06-30,Other,-1.9508697250607554,1.9733614520351552
Cutoff +2m,2,124,2022 Q4,2023 Q3,gdp_growth,3,0.7630477365609432,MF-VAR,2023-09-30,Other,0.28204712749158034,0.4810006090693628
Cutoff +2m,2,124,2022 Q4,2023 Q3,gdp_growth,3,NA,MIDAS (trend),2023-09-30,Other,0.28204712749158034,NA
Cutoff +2m,2,124,2022 Q4,2023 Q3,gdp_growth,3,NA,MIDAS,2023-09-30,Other,0.28204712749158034,NA
Cutoff +2m,2,124,2022 Q4,2023 Q3,gdp_growth,3,2.5376280020022772,AR(2),2023-09-30,Other,0.28204712749158034,2.255580874510697
Cutoff +2m,2,124,2022 Q4,2023 Q3,gdp_growth,3,0.03538739340759088,RW-trend,2023-09-30,Other,0.28204712749158034,-0.24665973408398945
Cutoff +2m,2,124,2022 Q4,2023 Q4,gdp_growth,4,0.3102777196107064,MF-VAR,2023-12-31,1-year ahead,0.9309495403961421,-0.6206718207854357
Cutoff +2m,2,124,2022 Q4,2023 Q4,gdp_growth,4,NA,MIDAS (trend),2023-12-31,1-year ahead,0.9309495403961421,NA
Cutoff +2m,2,124,2022 Q4,2023 Q4,gdp_growth,4,NA,MIDAS,2023-12-31,1-year ahead,0.9309495403961421,NA
Cutoff +2m,2,124,2022 Q4,2023 Q4,gdp_growth,4,1.5107846541180232,AR(2),2023-12-31,1-year ahead,0.9309495403961421,0.5798351137218811
Cutoff +2m,2,124,2022 Q4,2023 Q4,gdp_growth,4,0.048283059840781864,RW-trend,2023-12-31,1-year ahead,0.9309495403961421,-0.8826664805553602
Cutoff +2m,2,124,2022 Q4,2023 Q1,inflation,1,1.4429209094069912,MF-VAR,2023-03-31,1-step ahead,3.17581391503019,-1.7328930056231988
Cutoff +2m,2,124,2022 Q4,2023 Q1,inflation,1,NA,MIDAS (trend),2023-03-31,1-step ahead,3.17581391503019,NA
Cutoff +2m,2,124,2022 Q4,2023 Q1,inflation,1,NA,MIDAS,2023-03-31,1-step ahead,3.17581391503019,NA
Cutoff +2m,2,124,2022 Q4,2023 Q1,inflation,1,1.0683873024854933,AR(2),2023-03-31,1-step ahead,3.17581391503019,-2.107426612544697
Cutoff +2m,2,124,2022 Q4,2023 Q1,inflation,1,1.413194638828003,RW-trend,2023-03-31,1-step ahead,3.17581391503019,-1.762619276202187
Cutoff +2m,2,124,2022 Q4,2023 Q2,inflation,2,0.7380669872667205,MF-VAR,2023-06-30,Other,0.5501119867577842,0.18795500050893632
Cutoff +2m,2,124,2022 Q4,2023 Q2,inflation,2,NA,MIDAS (trend),2023-06-30,Other,0.5501119867577842,NA
Cutoff +2m,2,124,2022 Q4,2023 Q2,inflation,2,NA,MIDAS,2023-06-30,Other,0.5501119867577842,NA
Cutoff +2m,2,124,2022 Q4,2023 Q2,inflation,2,0.7664957370947214,AR(2),2023-06-30,Other,0.5501119867577842,0.21638375033693724
Cutoff +2m,2,124,2022 Q4,2023 Q2,inflation,2,1.3926732389601857,RW-trend,2023-06-30,Other,0.5501119867577842,0.8425612522024015
Cutoff +2m,2,124,2022 Q4,2023 Q3,inflation,3,0.16962071661946942,MF-VAR,2023-09-30,Other,1.2606093578710897,-1.0909886412516203
Cutoff +2m,2,124,2022 Q4,2023 Q3,inflation,3,NA,MIDAS (trend),2023-09-30,Other,1.2606093578710897,NA
Cutoff +2m,2,124,2022 Q4,2023 Q3,inflation,3,NA,MIDAS,2023-09-30,Other,1.2606093578710897,NA
Cutoff +2m,2,124,2022 Q4,2023 Q3,inflation,3,0.5218617956733073,AR(2),2023-09-30,Other,1.2606093578710897,-0.7387475621977825
Cutoff +2m,2,124,2022 Q4,2023 Q3,inflation,3,1.3721518390923684,RW-trend,2023-09-30,Other,1.2606093578710897,0.11154248122127863
Cutoff +2m,2,124,2022 Q4,2023 Q4,inflation,4,0.0561003396367629,MF-VAR,2023-12-31,1-year ahead,1.5459954544169818,-1.4898951147802189
Cutoff +2m,2,124,2022 Q4,2023 Q4,inflation,4,NA,MIDAS (trend),2023-12-31,1-year ahead,1.5459954544169818,NA
Cutoff +2m,2,124,2022 Q4,2023 Q4,inflation,4,NA,MIDAS,2023-12-31,1-year ahead,1.5459954544169818,NA
Cutoff +2m,2,124,2022 Q4,2023 Q4,inflation,4,0.43936985522693633,AR(2),2023-12-31,1-year ahead,1.5459954544169818,-1.1066255991900456
Cutoff +2m,2,124,2022 Q4,2023 Q4,inflation,4,1.3516304392245513,RW-trend,2023-12-31,1-year ahead,1.5459954544169818,-0.19436501519243055
Cutoff +2m,2,125,2023 Q1,2023 Q2,exch_rate,1,-0.009853323849886943,MF-VAR,2023-06-30,1-step ahead,-0.021509631884717315,0.011656308034830372
Cutoff +2m,2,125,2023 Q1,2023 Q2,exch_rate,1,NA,MIDAS (trend),2023-06-30,1-step ahead,-0.021509631884717315,NA
Cutoff +2m,2,125,2023 Q1,2023 Q2,exch_rate,1,NA,MIDAS,2023-06-30,1-step ahead,-0.021509631884717315,NA
Cutoff +2m,2,125,2023 Q1,2023 Q2,exch_rate,1,-0.0044641405143454535,AR(2),2023-06-30,1-step ahead,-0.021509631884717315,0.01704549137037186
Cutoff +2m,2,125,2023 Q1,2023 Q2,exch_rate,1,-0.012828516348586685,RW-trend,2023-06-30,1-step ahead,-0.021509631884717315,0.00868111553613063
Cutoff +2m,2,125,2023 Q1,2023 Q3,exch_rate,2,-0.028927405192514345,MF-VAR,2023-09-30,Other,-0.03937898253147601,0.010451577338961664
Cutoff +2m,2,125,2023 Q1,2023 Q3,exch_rate,2,NA,MIDAS (trend),2023-09-30,Other,-0.03937898253147601,NA
Cutoff +2m,2,125,2023 Q1,2023 Q3,exch_rate,2,NA,MIDAS,2023-09-30,Other,-0.03937898253147601,NA
Cutoff +2m,2,125,2023 Q1,2023 Q3,exch_rate,2,-0.010400796900040353,AR(2),2023-09-30,Other,-0.03937898253147601,0.028978185631435657
Cutoff +2m,2,125,2023 Q1,2023 Q3,exch_rate,2,-0.01801075558286082,RW-trend,2023-09-30,Other,-0.03937898253147601,0.02136822694861519
Cutoff +2m,2,125,2023 Q1,2023 Q4,exch_rate,3,-0.03256087157740869,MF-VAR,2023-12-31,Other,-0.046880815886738175,0.014319944309329487
Cutoff +2m,2,125,2023 Q1,2023 Q4,exch_rate,3,NA,MIDAS (trend),2023-12-31,Other,-0.046880815886738175,NA
Cutoff +2m,2,125,2023 Q1,2023 Q4,exch_rate,3,NA,MIDAS,2023-12-31,Other,-0.046880815886738175,NA
Cutoff +2m,2,125,2023 Q1,2023 Q4,exch_rate,3,-0.009974213530404884,AR(2),2023-12-31,Other,-0.046880815886738175,0.03690660235633329
Cutoff +2m,2,125,2023 Q1,2023 Q4,exch_rate,3,-0.023192994817134955,RW-trend,2023-12-31,Other,-0.046880815886738175,0.02368782106960322
Cutoff +2m,2,125,2023 Q1,2024 Q1,exch_rate,4,-0.03636776536776327,MF-VAR,2024-03-31,1-year ahead,-0.052092694858905865,0.015724929491142597
Cutoff +2m,2,125,2023 Q1,2024 Q1,exch_rate,4,NA,MIDAS (trend),2024-03-31,1-year ahead,-0.052092694858905865,NA
Cutoff +2m,2,125,2023 Q1,2024 Q1,exch_rate,4,NA,MIDAS,2024-03-31,1-year ahead,-0.052092694858905865,NA
Cutoff +2m,2,125,2023 Q1,2024 Q1,exch_rate,4,-0.012968618494157537,AR(2),2024-03-31,1-year ahead,-0.052092694858905865,0.03912407636474833
Cutoff +2m,2,125,2023 Q1,2024 Q1,exch_rate,4,-0.028375234051409088,RW-trend,2024-03-31,1-year ahead,-0.052092694858905865,0.023717460807496777
Cutoff +2m,2,125,2023 Q1,2023 Q2,gdp_growth,1,-1.3634138210483964,MF-VAR,2023-06-30,1-step ahead,-1.9508697250607554,0.587455904012359
Cutoff +2m,2,125,2023 Q1,2023 Q2,gdp_growth,1,NA,MIDAS (trend),2023-06-30,1-step ahead,-1.9508697250607554,NA
Cutoff +2m,2,125,2023 Q1,2023 Q2,gdp_growth,1,NA,MIDAS,2023-06-30,1-step ahead,-1.9508697250607554,NA
Cutoff +2m,2,125,2023 Q1,2023 Q2,gdp_growth,1,1.7108303282121722,AR(2),2023-06-30,1-step ahead,-1.9508697250607554,3.6617000532729276
Cutoff +2m,2,125,2023 Q1,2023 Q2,gdp_growth,1,-1.4198875441871466,RW-trend,2023-06-30,1-step ahead,-1.9508697250607554,0.5309821808736088
Cutoff +2m,2,125,2023 Q1,2023 Q3,gdp_growth,2,0.6978796760632162,MF-VAR,2023-09-30,Other,0.28204712749158034,0.4158325485716359
Cutoff +2m,2,125,2023 Q1,2023 Q3,gdp_growth,2,NA,MIDAS (trend),2023-09-30,Other,0.28204712749158034,NA
Cutoff +2m,2,125,2023 Q1,2023 Q3,gdp_growth,2,NA,MIDAS,2023-09-30,Other,0.28204712749158034,NA
Cutoff +2m,2,125,2023 Q1,2023 Q3,gdp_growth,2,2.6918856628449683,AR(2),2023-09-30,Other,0.28204712749158034,2.409838535353388
Cutoff +2m,2,125,2023 Q1,2023 Q3,gdp_growth,2,-1.4186239686504196,RW-trend,2023-09-30,Other,0.28204712749158034,-1.700671096142
Cutoff +2m,2,125,2023 Q1,2023 Q4,gdp_growth,3,-0.2870925313253466,MF-VAR,2023-12-31,Other,0.9309495403961421,-1.2180420717214888
Cutoff +2m,2,125,2023 Q1,2023 Q4,gdp_growth,3,NA,MIDAS (trend),2023-12-31,Other,0.9309495403961421,NA
Cutoff +2m,2,125,2023 Q1,2023 Q4,gdp_growth,3,NA,MIDAS,2023-12-31,Other,0.9309495403961421,NA
Cutoff +2m,2,125,2023 Q1,2023 Q4,gdp_growth,3,1.4610854643034432,AR(2),2023-12-31,Other,0.9309495403961421,0.5301359239073011
Cutoff +2m,2,125,2023 Q1,2023 Q4,gdp_growth,3,-1.4173603931136927,RW-trend,2023-12-31,Other,0.9309495403961421,-2.3483099335098347
Cutoff +2m,2,125,2023 Q1,2024 Q1,gdp_growth,4,0.27103060686477864,MF-VAR,2024-03-31,1-year ahead,4.0977257494837716,-3.826695142618993
Cutoff +2m,2,125,2023 Q1,2024 Q1,gdp_growth,4,NA,MIDAS (trend),2024-03-31,1-year ahead,4.0977257494837716,NA
Cutoff +2m,2,125,2023 Q1,2024 Q1,gdp_growth,4,NA,MIDAS,2024-03-31,1-year ahead,4.0977257494837716,NA
Cutoff +2m,2,125,2023 Q1,2024 Q1,gdp_growth,4,1.3367133526731987,AR(2),2024-03-31,1-year ahead,4.0977257494837716,-2.761012396810573
Cutoff +2m,2,125,2023 Q1,2024 Q1,gdp_growth,4,-1.416096817576966,RW-trend,2024-03-31,1-year ahead,4.0977257494837716,-5.513822567060737
Cutoff +2m,2,125,2023 Q1,2023 Q2,inflation,1,3.17887956045488,MF-VAR,2023-06-30,1-step ahead,0.5501119867577842,2.628767573697096
Cutoff +2m,2,125,2023 Q1,2023 Q2,inflation,1,NA,MIDAS (trend),2023-06-30,1-step ahead,0.5501119867577842,NA
Cutoff +2m,2,125,2023 Q1,2023 Q2,inflation,1,NA,MIDAS,2023-06-30,1-step ahead,0.5501119867577842,NA
Cutoff +2m,2,125,2023 Q1,2023 Q2,inflation,1,1.8187000387300312,AR(2),2023-06-30,1-step ahead,0.5501119867577842,1.268588051972247
Cutoff +2m,2,125,2023 Q1,2023 Q2,inflation,1,3.1696227531802768,RW-trend,2023-06-30,1-step ahead,0.5501119867577842,2.6195107664224926
Cutoff +2m,2,125,2023 Q1,2023 Q3,inflation,2,1.3808049131038764,MF-VAR,2023-09-30,Other,1.2606093578710897,0.12019555523278669
Cutoff +2m,2,125,2023 Q1,2023 Q3,inflation,2,NA,MIDAS (trend),2023-09-30,Other,1.2606093578710897,NA
Cutoff +2m,2,125,2023 Q1,2023 Q3,inflation,2,NA,MIDAS,2023-09-30,Other,1.2606093578710897,NA
Cutoff +2m,2,125,2023 Q1,2023 Q3,inflation,2,1.2783851640463086,AR(2),2023-09-30,Other,1.2606093578710897,0.0177758061752189
Cutoff +2m,2,125,2023 Q1,2023 Q3,inflation,2,3.1634315913303634,RW-trend,2023-09-30,Other,1.2606093578710897,1.9028222334592737
Cutoff +2m,2,125,2023 Q1,2023 Q4,inflation,3,0.8144107852999508,MF-VAR,2023-12-31,Other,1.5459954544169818,-0.731584669117031
Cutoff +2m,2,125,2023 Q1,2023 Q4,inflation,3,NA,MIDAS (trend),2023-12-31,Other,1.5459954544169818,NA
Cutoff +2m,2,125,2023 Q1,2023 Q4,inflation,3,NA,MIDAS,2023-12-31,Other,1.5459954544169818,NA
Cutoff +2m,2,125,2023 Q1,2023 Q4,inflation,3,0.9350245072051907,AR(2),2023-12-31,Other,1.5459954544169818,-0.6109709472117911
Cutoff +2m,2,125,2023 Q1,2023 Q4,inflation,3,3.15724042948045,RW-trend,2023-12-31,Other,1.5459954544169818,1.6112449750634683
Cutoff +2m,2,125,2023 Q1,2024 Q1,inflation,4,0.42657034477972167,MF-VAR,2024-03-31,1-year ahead,1.20167733791412,-0.7751069931343982
Cutoff +2m,2,125,2023 Q1,2024 Q1,inflation,4,NA,MIDAS (trend),2024-03-31,1-year ahead,1.20167733791412,NA
Cutoff +2m,2,125,2023 Q1,2024 Q1,inflation,4,NA,MIDAS,2024-03-31,1-year ahead,1.20167733791412,NA
Cutoff +2m,2,125,2023 Q1,2024 Q1,inflation,4,0.7170599101616097,AR(2),2024-03-31,1-year ahead,1.20167733791412,-0.48461742775251015
Cutoff +2m,2,125,2023 Q1,2024 Q1,inflation,4,3.1510492676305364,RW-trend,2024-03-31,1-year ahead,1.20167733791412,1.9493719297164165
Cutoff +2m,2,126,2023 Q2,2023 Q3,exch_rate,1,-0.030642609853015864,MF-VAR,2023-09-30,1-step ahead,-0.03937898253147601,0.008736372678460145
Cutoff +2m,2,126,2023 Q2,2023 Q3,exch_rate,1,NA,MIDAS (trend),2023-09-30,1-step ahead,-0.03937898253147601,NA
Cutoff +2m,2,126,2023 Q2,2023 Q3,exch_rate,1,NA,MIDAS,2023-09-30,1-step ahead,-0.03937898253147601,NA
Cutoff +2m,2,126,2023 Q2,2023 Q3,exch_rate,1,-0.029683948449861216,AR(2),2023-09-30,1-step ahead,-0.03937898253147601,0.009695034081614793
Cutoff +2m,2,126,2023 Q2,2023 Q3,exch_rate,1,-0.026761880115250568,RW-trend,2023-09-30,1-step ahead,-0.03937898253147601,0.012617102416225441
Cutoff +2m,2,126,2023 Q2,2023 Q4,exch_rate,2,-0.03342956833649877,MF-VAR,2023-12-31,Other,-0.046880815886738175,0.013451247550239402
Cutoff +2m,2,126,2023 Q2,2023 Q4,exch_rate,2,NA,MIDAS (trend),2023-12-31,Other,-0.046880815886738175,NA
Cutoff +2m,2,126,2023 Q2,2023 Q4,exch_rate,2,NA,MIDAS,2023-12-31,Other,-0.046880815886738175,NA
Cutoff +2m,2,126,2023 Q2,2023 Q4,exch_rate,2,-0.028627208407344586,AR(2),2023-12-31,Other,-0.046880815886738175,0.01825360747939359
Cutoff +2m,2,126,2023 Q2,2023 Q4,exch_rate,2,-0.03201412834578382,RW-trend,2023-12-31,Other,-0.046880815886738175,0.014866687540954354
Cutoff +2m,2,126,2023 Q2,2024 Q1,exch_rate,3,-0.035684850311552725,MF-VAR,2024-03-31,Other,-0.052092694858905865,0.01640784454735314
Cutoff +2m,2,126,2023 Q2,2024 Q1,exch_rate,3,NA,MIDAS (trend),2024-03-31,Other,-0.052092694858905865,NA
Cutoff +2m,2,126,2023 Q2,2024 Q1,exch_rate,3,NA,MIDAS,2024-03-31,Other,-0.052092694858905865,NA
Cutoff +2m,2,126,2023 Q2,2024 Q1,exch_rate,3,-0.030493388596627768,AR(2),2024-03-31,Other,-0.052092694858905865,0.021599306262278097
Cutoff +2m,2,126,2023 Q2,2024 Q1,exch_rate,3,-0.03726637657631707,RW-trend,2024-03-31,Other,-0.052092694858905865,0.014826318282588798
Cutoff +2m,2,126,2023 Q2,2024 Q2,exch_rate,4,-0.033699372986274345,MF-VAR,2024-06-30,1-year ahead,-0.02679720863629812,-0.006902164349976224
Cutoff +2m,2,126,2023 Q2,2024 Q2,exch_rate,4,NA,MIDAS (trend),2024-06-30,1-year ahead,-0.02679720863629812,NA
Cutoff +2m,2,126,2023 Q2,2024 Q2,exch_rate,4,NA,MIDAS,2024-06-30,1-year ahead,-0.02679720863629812,NA
Cutoff +2m,2,126,2023 Q2,2024 Q2,exch_rate,4,-0.029468429496997475,AR(2),2024-06-30,1-year ahead,-0.02679720863629812,-0.002671220860699354
Cutoff +2m,2,126,2023 Q2,2024 Q2,exch_rate,4,-0.04251862480685032,RW-trend,2024-06-30,1-year ahead,-0.02679720863629812,-0.0157214161705522
Cutoff +2m,2,126,2023 Q2,2023 Q3,gdp_growth,1,-0.8140253148729046,MF-VAR,2023-09-30,1-step ahead,0.28204712749158034,-1.096072442364485
Cutoff +2m,2,126,2023 Q2,2023 Q3,gdp_growth,1,NA,MIDAS (trend),2023-09-30,1-step ahead,0.28204712749158034,NA
Cutoff +2m,2,126,2023 Q2,2023 Q3,gdp_growth,1,NA,MIDAS,2023-09-30,1-step ahead,0.28204712749158034,NA
Cutoff +2m,2,126,2023 Q2,2023 Q3,gdp_growth,1,2.9151724942317063,AR(2),2023-09-30,1-step ahead,0.28204712749158034,2.633125366740126
Cutoff +2m,2,126,2023 Q2,2023 Q3,gdp_growth,1,-1.9538882638859125,RW-trend,2023-09-30,1-step ahead,0.28204712749158034,-2.2359353913774926
Cutoff +2m,2,126,2023 Q2,2023 Q4,gdp_growth,2,-1.388347135594578,MF-VAR,2023-12-31,Other,0.9309495403961421,-2.31929667599072
Cutoff +2m,2,126,2023 Q2,2023 Q4,gdp_growth,2,NA,MIDAS (trend),2023-12-31,Other,0.9309495403961421,NA
Cutoff +2m,2,126,2023 Q2,2023 Q4,gdp_growth,2,NA,MIDAS,2023-12-31,Other,0.9309495403961421,NA
Cutoff +2m,2,126,2023 Q2,2023 Q4,gdp_growth,2,1.6277345639611043,AR(2),2023-12-31,Other,0.9309495403961421,0.6967850235649622
Cutoff +2m,2,126,2023 Q2,2023 Q4,gdp_growth,2,-1.9569068027110696,RW-trend,2023-12-31,Other,0.9309495403961421,-2.8878563431072117
Cutoff +2m,2,126,2023 Q2,2024 Q1,gdp_growth,3,0.42903619795153414,MF-VAR,2024-03-31,Other,4.0977257494837716,-3.6686895515322373
Cutoff +2m,2,126,2023 Q2,2024 Q1,gdp_growth,3,NA,MIDAS (trend),2024-03-31,Other,4.0977257494837716,NA
Cutoff +2m,2,126,2023 Q2,2024 Q1,gdp_growth,3,NA,MIDAS,2024-03-31,Other,4.0977257494837716,NA
Cutoff +2m,2,126,2023 Q2,2024 Q1,gdp_growth,3,1.28192509161011,AR(2),2024-03-31,Other,4.0977257494837716,-2.8158006578736616
Cutoff +2m,2,126,2023 Q2,2024 Q1,gdp_growth,3,-1.9599253415362268,RW-trend,2024-03-31,Other,4.0977257494837716,-6.0576510910199985
Cutoff +2m,2,126,2023 Q2,2024 Q2,gdp_growth,4,0.42781470898716456,MF-VAR,2024-06-30,1-year ahead,1.9600339339092443,-1.5322192249220796
Cutoff +2m,2,126,2023 Q2,2024 Q2,gdp_growth,4,NA,MIDAS (trend),2024-06-30,1-year ahead,1.9600339339092443,NA
Cutoff +2m,2,126,2023 Q2,2024 Q2,gdp_growth,4,NA,MIDAS,2024-06-30,1-year ahead,1.9600339339092443,NA
Cutoff +2m,2,126,2023 Q2,2024 Q2,gdp_growth,4,1.3671787017102819,AR(2),2024-06-30,1-year ahead,1.9600339339092443,-0.5928552321989624
Cutoff +2m,2,126,2023 Q2,2024 Q2,gdp_growth,4,-1.962943880361384,RW-trend,2024-06-30,1-year ahead,1.9600339339092443,-3.922977814270628
Cutoff +2m,2,126,2023 Q2,2023 Q3,inflation,1,0.48320317241516453,MF-VAR,2023-09-30,1-step ahead,1.2606093578710897,-0.7774061854559252
Cutoff +2m,2,126,2023 Q2,2023 Q3,inflation,1,NA,MIDAS (trend),2023-09-30,1-step ahead,1.2606093578710897,NA
Cutoff +2m,2,126,2023 Q2,2023 Q3,inflation,1,NA,MIDAS,2023-09-30,1-step ahead,1.2606093578710897,NA
Cutoff +2m,2,126,2023 Q2,2023 Q3,inflation,1,0.663739629202619,AR(2),2023-09-30,1-step ahead,1.2606093578710897,-0.5968697286684708
Cutoff +2m,2,126,2023 Q2,2023 Q3,inflation,1,0.522795738081883,RW-trend,2023-09-30,1-step ahead,1.2606093578710897,-0.7378136197892068
Cutoff +2m,2,126,2023 Q2,2023 Q4,inflation,2,0.2207002665716864,MF-VAR,2023-12-31,Other,1.5459954544169818,-1.3252951878452954
Cutoff +2m,2,126,2023 Q2,2023 Q4,inflation,2,NA,MIDAS (trend),2023-12-31,Other,1.5459954544169818,NA
Cutoff +2m,2,126,2023 Q2,2023 Q4,inflation,2,NA,MIDAS,2023-12-31,Other,1.5459954544169818,NA
Cutoff +2m,2,126,2023 Q2,2023 Q4,inflation,2,0.5086645523641343,AR(2),2023-12-31,Other,1.5459954544169818,-1.0373309020528474
Cutoff +2m,2,126,2023 Q2,2023 Q4,inflation,2,0.49547948940598163,RW-trend,2023-12-31,Other,1.5459954544169818,-1.0505159650110003
Cutoff +2m,2,126,2023 Q2,2024 Q1,inflation,3,0.13623887101109328,MF-VAR,2024-03-31,Other,1.20167733791412,-1.0654384669030266
Cutoff +2m,2,126,2023 Q2,2024 Q1,inflation,3,NA,MIDAS (trend),2024-03-31,Other,1.20167733791412,NA
Cutoff +2m,2,126,2023 Q2,2024 Q1,inflation,3,NA,MIDAS,2024-03-31,Other,1.20167733791412,NA
Cutoff +2m,2,126,2023 Q2,2024 Q1,inflation,3,0.44848712051141093,AR(2),2024-03-31,Other,1.20167733791412,-0.753190217402709
Cutoff +2m,2,126,2023 Q2,2024 Q1,inflation,3,0.4681632407300804,RW-trend,2024-03-31,Other,1.20167733791412,-0.7335140971840395
Cutoff +2m,2,126,2023 Q2,2024 Q2,inflation,4,0.06092801650222557,MF-VAR,2024-06-30,1-year ahead,1.3948747405589046,-1.3339467240566791
Cutoff +2m,2,126,2023 Q2,2024 Q2,inflation,4,NA,MIDAS (trend),2024-06-30,1-year ahead,1.3948747405589046,NA
Cutoff +2m,2,126,2023 Q2,2024 Q2,inflation,4,NA,MIDAS,2024-06-30,1-year ahead,1.3948747405589046,NA
Cutoff +2m,2,126,2023 Q2,2024 Q2,inflation,4,0.39940107938213504,AR(2),2024-06-30,1-year ahead,1.3948747405589046,-0.9954736611767696
Cutoff +2m,2,126,2023 Q2,2024 Q2,inflation,4,0.44084699205417915,RW-trend,2024-06-30,1-year ahead,1.3948747405589046,-0.9540277485047255
Cutoff +2m,2,127,2023 Q3,2023 Q4,exch_rate,1,-0.041505885422468886,MF-VAR,2023-12-31,1-step ahead,-0.046880815886738175,0.00537493046426929
Cutoff +2m,2,127,2023 Q3,2023 Q4,exch_rate,1,NA,MIDAS (trend),2023-12-31,1-step ahead,-0.046880815886738175,NA
Cutoff +2m,2,127,2023 Q3,2023 Q4,exch_rate,1,NA,MIDAS,2023-12-31,1-step ahead,-0.046880815886738175,NA
Cutoff +2m,2,127,2023 Q3,2023 Q4,exch_rate,1,-0.039493116959399104,AR(2),2023-12-31,1-step ahead,-0.046880815886738175,0.007387698927339072
Cutoff +2m,2,127,2023 Q3,2023 Q4,exch_rate,1,-0.044732167581339063,RW-trend,2023-12-31,1-step ahead,-0.046880815886738175,0.0021486483053991118
Cutoff +2m,2,127,2023 Q3,2024 Q1,exch_rate,2,-0.04101502521406463,MF-VAR,2024-03-31,Other,-0.052092694858905865,0.011077669644841234
Cutoff +2m,2,127,2023 Q3,2024 Q1,exch_rate,2,NA,MIDAS (trend),2024-03-31,Other,-0.052092694858905865,NA
Cutoff +2m,2,127,2023 Q3,2024 Q1,exch_rate,2,NA,MIDAS,2024-03-31,Other,-0.052092694858905865,NA
Cutoff +2m,2,127,2023 Q3,2024 Q1,exch_rate,2,-0.04091398937124056,AR(2),2024-03-31,Other,-0.052092694858905865,0.011178705487665308
Cutoff +2m,2,127,2023 Q3,2024 Q1,exch_rate,2,-0.05008535263120212,RW-trend,2024-03-31,Other,-0.052092694858905865,0.002007342227703747
Cutoff +2m,2,127,2023 Q3,2024 Q2,exch_rate,3,-0.040703877130557176,MF-VAR,2024-06-30,Other,-0.02679720863629812,-0.013906668494259054
Cutoff +2m,2,127,2023 Q3,2024 Q2,exch_rate,3,NA,MIDAS (trend),2024-06-30,Other,-0.02679720863629812,NA
Cutoff +2m,2,127,2023 Q3,2024 Q2,exch_rate,3,NA,MIDAS,2024-06-30,Other,-0.02679720863629812,NA
Cutoff +2m,2,127,2023 Q3,2024 Q2,exch_rate,3,-0.03917939232606886,AR(2),2024-06-30,Other,-0.02679720863629812,-0.012382183689770739
Cutoff +2m,2,127,2023 Q3,2024 Q2,exch_rate,3,-0.05543853768106517,RW-trend,2024-06-30,Other,-0.02679720863629812,-0.02864132904476705
Cutoff +2m,2,127,2023 Q3,2024 Q3,exch_rate,4,-0.047926276068609185,MF-VAR,2024-09-30,1-year ahead,-0.049958817793634556,0.002032541725025372
Cutoff +2m,2,127,2023 Q3,2024 Q3,exch_rate,4,NA,MIDAS (trend),2024-09-30,1-year ahead,-0.049958817793634556,NA
Cutoff +2m,2,127,2023 Q3,2024 Q3,exch_rate,4,NA,MIDAS,2024-09-30,1-year ahead,-0.049958817793634556,NA
Cutoff +2m,2,127,2023 Q3,2024 Q3,exch_rate,4,-0.04459023175210823,AR(2),2024-09-30,1-year ahead,-0.049958817793634556,0.005368586041526326
Cutoff +2m,2,127,2023 Q3,2024 Q3,exch_rate,4,-0.06079172273092823,RW-trend,2024-09-30,1-year ahead,-0.049958817793634556,-0.01083290493729367
Cutoff +2m,2,127,2023 Q3,2023 Q4,gdp_growth,1,-0.7737506546552105,MF-VAR,2023-12-31,1-step ahead,0.9309495403961421,-1.7047001950513527
Cutoff +2m,2,127,2023 Q3,2023 Q4,gdp_growth,1,NA,MIDAS (trend),2023-12-31,1-step ahead,0.9309495403961421,NA
Cutoff +2m,2,127,2023 Q3,2023 Q4,gdp_growth,1,NA,MIDAS,2023-12-31,1-step ahead,0.9309495403961421,NA
Cutoff +2m,2,127,2023 Q3,2023 Q4,gdp_growth,1,1.7768801691702927,AR(2),2023-12-31,1-step ahead,0.9309495403961421,0.8459306287741506
Cutoff +2m,2,127,2023 Q3,2023 Q4,gdp_growth,1,0.29691607179744334,RW-trend,2023-12-31,1-step ahead,0.9309495403961421,-0.6340334685986988
Cutoff +2m,2,127,2023 Q3,2024 Q1,gdp_growth,2,1.6669976142469078,MF-VAR,2024-03-31,Other,4.0977257494837716,-2.4307281352368637
Cutoff +2m,2,127,2023 Q3,2024 Q1,gdp_growth,2,NA,MIDAS (trend),2024-03-31,Other,4.0977257494837716,NA
Cutoff +2m,2,127,2023 Q3,2024 Q1,gdp_growth,2,NA,MIDAS,2024-03-31,Other,4.0977257494837716,NA
Cutoff +2m,2,127,2023 Q3,2024 Q1,gdp_growth,2,1.39741678703541,AR(2),2024-03-31,Other,4.0977257494837716,-2.7003089624483616
Cutoff +2m,2,127,2023 Q3,2024 Q1,gdp_growth,2,0.3117850161033063,RW-trend,2024-03-31,Other,4.0977257494837716,-3.7859407333804653
Cutoff +2m,2,127,2023 Q3,2024 Q2,gdp_growth,3,1.0382619530428907,MF-VAR,2024-06-30,Other,1.9600339339092443,-0.9217719808663536
Cutoff +2m,2,127,2023 Q3,2024 Q2,gdp_growth,3,NA,MIDAS (trend),2024-06-30,Other,1.9600339339092443,NA
Cutoff +2m,2,127,2023 Q3,2024 Q2,gdp_growth,3,NA,MIDAS,2024-06-30,Other,1.9600339339092443,NA
Cutoff +2m,2,127,2023 Q3,2024 Q2,gdp_growth,3,1.3316934101407871,AR(2),2024-06-30,Other,1.9600339339092443,-0.6283405237684572
Cutoff +2m,2,127,2023 Q3,2024 Q2,gdp_growth,3,0.3266539604091693,RW-trend,2024-06-30,Other,1.9600339339092443,-1.633379973500075
Cutoff +2m,2,127,2023 Q3,2024 Q3,gdp_growth,4,1.7307177315855906,MF-VAR,2024-09-30,1-year ahead,1.7249375962080649,0.0057801353775257525
Cutoff +2m,2,127,2023 Q3,2024 Q3,gdp_growth,4,NA,MIDAS (trend),2024-09-30,1-year ahead,1.7249375962080649,NA
Cutoff +2m,2,127,2023 Q3,2024 Q3,gdp_growth,4,NA,MIDAS,2024-09-30,1-year ahead,1.7249375962080649,NA
Cutoff +2m,2,127,2023 Q3,2024 Q3,gdp_growth,4,2.4895691756087466,AR(2),2024-09-30,1-year ahead,1.7249375962080649,0.7646315794006817
Cutoff +2m,2,127,2023 Q3,2024 Q3,gdp_growth,4,0.34152290471503227,RW-trend,2024-09-30,1-year ahead,1.7249375962080649,-1.3834146914930325
Cutoff +2m,2,127,2023 Q3,2023 Q4,inflation,1,1.2868632511458773,MF-VAR,2023-12-31,1-step ahead,1.5459954544169818,-0.25913220327110453
Cutoff +2m,2,127,2023 Q3,2023 Q4,inflation,1,NA,MIDAS (trend),2023-12-31,1-step ahead,1.5459954544169818,NA
Cutoff +2m,2,127,2023 Q3,2023 Q4,inflation,1,NA,MIDAS,2023-12-31,1-step ahead,1.5459954544169818,NA
Cutoff +2m,2,127,2023 Q3,2023 Q4,inflation,1,0.794390362458707,AR(2),2023-12-31,1-step ahead,1.5459954544169818,-0.7516050919582749
Cutoff +2m,2,127,2023 Q3,2023 Q4,inflation,1,1.2391956181535022,RW-trend,2023-12-31,1-step ahead,1.5459954544169818,-0.3067998362634796
Cutoff +2m,2,127,2023 Q3,2024 Q1,inflation,2,0.8433842513042055,MF-VAR,2024-03-31,Other,1.20167733791412,-0.35829308660991444
Cutoff +2m,2,127,2023 Q3,2024 Q1,inflation,2,NA,MIDAS (trend),2024-03-31,Other,1.20167733791412,NA
Cutoff +2m,2,127,2023 Q3,2024 Q1,inflation,2,NA,MIDAS,2024-03-31,Other,1.20167733791412,NA
Cutoff +2m,2,127,2023 Q3,2024 Q1,inflation,2,0.662922790423922,AR(2),2024-03-31,Other,1.20167733791412,-0.5387545474901979
Cutoff +2m,2,127,2023 Q3,2024 Q1,inflation,2,1.2177818784359147,RW-trend,2024-03-31,Other,1.20167733791412,0.016104540521794775
Cutoff +2m,2,127,2023 Q3,2024 Q2,inflation,3,0.5269413834893579,MF-VAR,2024-06-30,Other,1.3948747405589046,-0.8679333570695467
Cutoff +2m,2,127,2023 Q3,2024 Q2,inflation,3,NA,MIDAS (trend),2024-06-30,Other,1.3948747405589046,NA
Cutoff +2m,2,127,2023 Q3,2024 Q2,inflation,3,NA,MIDAS,2024-06-30,Other,1.3948747405589046,NA
Cutoff +2m,2,127,2023 Q3,2024 Q2,inflation,3,0.5405165295109489,AR(2),2024-06-30,Other,1.3948747405589046,-0.8543582110479557
Cutoff +2m,2,127,2023 Q3,2024 Q2,inflation,3,1.1963681387183271,RW-trend,2024-06-30,Other,1.3948747405589046,-0.19850660184057745
Cutoff +2m,2,127,2023 Q3,2024 Q3,inflation,4,0.23069153857119187,MF-VAR,2024-09-30,1-year ahead,0.04584411512098541,0.18484742345020647
Cutoff +2m,2,127,2023 Q3,2024 Q3,inflation,4,NA,MIDAS (trend),2024-09-30,1-year ahead,0.04584411512098541,NA
Cutoff +2m,2,127,2023 Q3,2024 Q3,inflation,4,NA,MIDAS,2024-09-30,1-year ahead,0.04584411512098541,NA
Cutoff +2m,2,127,2023 Q3,2024 Q3,inflation,4,0.397334108010309,AR(2),2024-09-30,1-year ahead,0.04584411512098541,0.3514899928893236
Cutoff +2m,2,127,2023 Q3,2024 Q3,inflation,4,1.1749543990007396,RW-trend,2024-09-30,1-year ahead,0.04584411512098541,1.1291102838797542
Cutoff +2m,2,128,2023 Q4,2024 Q1,exch_rate,1,-0.052143196638096356,MF-VAR,2024-03-31,1-step ahead,-0.052092694858905865,-5.0501779190491314e-5
Cutoff +2m,2,128,2023 Q4,2024 Q1,exch_rate,1,NA,MIDAS (trend),2024-03-31,1-step ahead,-0.052092694858905865,NA
Cutoff +2m,2,128,2023 Q4,2024 Q1,exch_rate,1,NA,MIDAS,2024-03-31,1-step ahead,-0.052092694858905865,NA
Cutoff +2m,2,128,2023 Q4,2024 Q1,exch_rate,1,-0.049217700426208336,AR(2),2024-03-31,1-step ahead,-0.052092694858905865,0.0028749944326975294
Cutoff +2m,2,128,2023 Q4,2024 Q1,exch_rate,1,-0.05225105370092979,RW-trend,2024-03-31,1-step ahead,-0.052092694858905865,-1.5835884202392708e-4
Cutoff +2m,2,128,2023 Q4,2024 Q2,exch_rate,2,-0.058569066703540104,MF-VAR,2024-06-30,Other,-0.02679720863629812,-0.03177185806724198
Cutoff +2m,2,128,2023 Q4,2024 Q2,exch_rate,2,NA,MIDAS (trend),2024-06-30,Other,-0.02679720863629812,NA
Cutoff +2m,2,128,2023 Q4,2024 Q2,exch_rate,2,NA,MIDAS,2024-06-30,Other,-0.02679720863629812,NA
Cutoff +2m,2,128,2023 Q4,2024 Q2,exch_rate,2,-0.04715585643031273,AR(2),2024-06-30,Other,-0.02679720863629812,-0.02035864779401461
Cutoff +2m,2,128,2023 Q4,2024 Q2,exch_rate,2,-0.05762129151512141,RW-trend,2024-06-30,Other,-0.02679720863629812,-0.030824082878823288
Cutoff +2m,2,128,2023 Q4,2024 Q3,exch_rate,3,-0.06683444719862229,MF-VAR,2024-09-30,Other,-0.049958817793634556,-0.016875629404987734
Cutoff +2m,2,128,2023 Q4,2024 Q3,exch_rate,3,NA,MIDAS (trend),2024-09-30,Other,-0.049958817793634556,NA
Cutoff +2m,2,128,2023 Q4,2024 Q3,exch_rate,3,NA,MIDAS,2024-09-30,Other,-0.049958817793634556,NA
Cutoff +2m,2,128,2023 Q4,2024 Q3,exch_rate,3,-0.05203250766474324,AR(2),2024-09-30,Other,-0.049958817793634556,-0.002073689871108682
Cutoff +2m,2,128,2023 Q4,2024 Q3,exch_rate,3,-0.06299152932931304,RW-trend,2024-09-30,Other,-0.049958817793634556,-0.013032711535678483
Cutoff +2m,2,128,2023 Q4,2024 Q4,exch_rate,4,-0.06752628053663803,MF-VAR,2024-12-31,1-year ahead,-0.06616821551812571,-0.0013580650185123222
Cutoff +2m,2,128,2023 Q4,2024 Q4,exch_rate,4,NA,MIDAS (trend),2024-12-31,1-year ahead,-0.06616821551812571,NA
Cutoff +2m,2,128,2023 Q4,2024 Q4,exch_rate,4,NA,MIDAS,2024-12-31,1-year ahead,-0.06616821551812571,NA
Cutoff +2m,2,128,2023 Q4,2024 Q4,exch_rate,4,-0.05016330306732387,AR(2),2024-12-31,1-year ahead,-0.06616821551812571,0.016004912450801843
Cutoff +2m,2,128,2023 Q4,2024 Q4,exch_rate,4,-0.06836176714350464,RW-trend,2024-12-31,1-year ahead,-0.06616821551812571,-0.002193551625378931
Cutoff +2m,2,128,2023 Q4,2024 Q1,gdp_growth,1,0.7838466718518914,MF-VAR,2024-03-31,1-step ahead,4.0977257494837716,-3.31387907763188
Cutoff +2m,2,128,2023 Q4,2024 Q1,gdp_growth,1,NA,MIDAS (trend),2024-03-31,1-step ahead,4.0977257494837716,NA
Cutoff +2m,2,128,2023 Q4,2024 Q1,gdp_growth,1,NA,MIDAS,2024-03-31,1-step ahead,4.0977257494837716,NA
Cutoff +2m,2,128,2023 Q4,2024 Q1,gdp_growth,1,1.448080703254949,AR(2),2024-03-31,1-step ahead,4.0977257494837716,-2.6496450462288226
Cutoff +2m,2,128,2023 Q4,2024 Q1,gdp_growth,1,0.9508504963575501,RW-trend,2024-03-31,1-step ahead,4.0977257494837716,-3.1468752531262214
Cutoff +2m,2,128,2023 Q4,2024 Q2,gdp_growth,2,0.49984865650233357,MF-VAR,2024-06-30,Other,1.9600339339092443,-1.4601852774069108
Cutoff +2m,2,128,2023 Q4,2024 Q2,gdp_growth,2,NA,MIDAS (trend),2024-06-30,Other,1.9600339339092443,NA
Cutoff +2m,2,128,2023 Q4,2024 Q2,gdp_growth,2,NA,MIDAS,2024-06-30,Other,1.9600339339092443,NA
Cutoff +2m,2,128,2023 Q4,2024 Q2,gdp_growth,2,1.3695609276785037,AR(2),2024-06-30,Other,1.9600339339092443,-0.5904730062307406
Cutoff +2m,2,128,2023 Q4,2024 Q2,gdp_growth,2,0.9707514523189583,RW-trend,2024-06-30,Other,1.9600339339092443,-0.989282481590286
Cutoff +2m,2,128,2023 Q4,2024 Q3,gdp_growth,3,1.8221891194932494,MF-VAR,2024-09-30,Other,1.7249375962080649,0.0972515232851845
Cutoff +2m,2,128,2023 Q4,2024 Q3,gdp_growth,3,NA,MIDAS (trend),2024-09-30,Other,1.7249375962080649,NA
Cutoff +2m,2,128,2023 Q4,2024 Q3,gdp_growth,3,NA,MIDAS,2024-09-30,Other,1.7249375962080649,NA
Cutoff +2m,2,128,2023 Q4,2024 Q3,gdp_growth,3,2.4798229190592243,AR(2),2024-09-30,Other,1.7249375962080649,0.7548853228511594
Cutoff +2m,2,128,2023 Q4,2024 Q3,gdp_growth,3,0.9906524082803664,RW-trend,2024-09-30,Other,1.7249375962080649,-0.7342851879276985
Cutoff +2m,2,128,2023 Q4,2024 Q4,gdp_growth,4,1.153155915919619,MF-VAR,2024-12-31,1-year ahead,1.3156274812899937,-0.16247156537037477
Cutoff +2m,2,128,2023 Q4,2024 Q4,gdp_growth,4,NA,MIDAS (trend),2024-12-31,1-year ahead,1.3156274812899937,NA
Cutoff +2m,2,128,2023 Q4,2024 Q4,gdp_growth,4,NA,MIDAS,2024-12-31,1-year ahead,1.3156274812899937,NA
Cutoff +2m,2,128,2023 Q4,2024 Q4,gdp_growth,4,1.4331373487426358,AR(2),2024-12-31,1-year ahead,1.3156274812899937,0.11750986745264203
Cutoff +2m,2,128,2023 Q4,2024 Q4,gdp_growth,4,1.0105533642417746,RW-trend,2024-12-31,1-year ahead,1.3156274812899937,-0.3050741170482192
Cutoff +2m,2,128,2023 Q4,2024 Q1,inflation,1,1.555200325128153,MF-VAR,2024-03-31,1-step ahead,1.20167733791412,0.3535229872140331
Cutoff +2m,2,128,2023 Q4,2024 Q1,inflation,1,NA,MIDAS (trend),2024-03-31,1-step ahead,1.20167733791412,NA
Cutoff +2m,2,128,2023 Q4,2024 Q1,inflation,1,NA,MIDAS,2024-03-31,1-step ahead,1.20167733791412,NA
Cutoff +2m,2,128,2023 Q4,2024 Q1,inflation,1,1.0239396853679548,AR(2),2024-03-31,1-step ahead,1.20167733791412,-0.17773765254616514
Cutoff +2m,2,128,2023 Q4,2024 Q1,inflation,1,1.5270166340348188,RW-trend,2024-03-31,1-step ahead,1.20167733791412,0.3253392961206989
Cutoff +2m,2,128,2023 Q4,2024 Q2,inflation,2,0.7837485701704692,MF-VAR,2024-06-30,Other,1.3948747405589046,-0.6111261703884354
Cutoff +2m,2,128,2023 Q4,2024 Q2,inflation,2,NA,MIDAS (trend),2024-06-30,Other,1.3948747405589046,NA
Cutoff +2m,2,128,2023 Q4,2024 Q2,inflation,2,NA,MIDAS,2024-06-30,Other,1.3948747405589046,NA
Cutoff +2m,2,128,2023 Q4,2024 Q2,inflation,2,0.8029636773089346,AR(2),2024-06-30,Other,1.3948747405589046,-0.59191106324997
Cutoff +2m,2,128,2023 Q4,2024 Q2,inflation,2,1.5080378136526558,RW-trend,2024-06-30,Other,1.3948747405589046,0.11316307309375118
Cutoff +2m,2,128,2023 Q4,2024 Q3,inflation,3,0.497000784013822,MF-VAR,2024-09-30,Other,0.04584411512098541,0.45115666889283657
Cutoff +2m,2,128,2023 Q4,2024 Q3,inflation,3,NA,MIDAS (trend),2024-09-30,Other,0.04584411512098541,NA
Cutoff +2m,2,128,2023 Q4,2024 Q3,inflation,3,NA,MIDAS,2024-09-30,Other,0.04584411512098541,NA
Cutoff +2m,2,128,2023 Q4,2024 Q3,inflation,3,0.5677623528584292,AR(2),2024-09-30,Other,0.04584411512098541,0.5219182377374438
Cutoff +2m,2,128,2023 Q4,2024 Q3,inflation,3,1.4890589932704927,RW-trend,2024-09-30,Other,0.04584411512098541,1.4432148781495073
Cutoff +2m,2,128,2023 Q4,2024 Q4,inflation,4,0.41380411310850035,MF-VAR,2024-12-31,1-year ahead,-0.025275077754116637,0.439079190862617
Cutoff +2m,2,128,2023 Q4,2024 Q4,inflation,4,NA,MIDAS (trend),2024-12-31,1-year ahead,-0.025275077754116637,NA
Cutoff +2m,2,128,2023 Q4,2024 Q4,inflation,4,NA,MIDAS,2024-12-31,1-year ahead,-0.025275077754116637,NA
Cutoff +2m,2,128,2023 Q4,2024 Q4,inflation,4,0.4877687620752635,AR(2),2024-12-31,1-year ahead,-0.025275077754116637,0.5130438398293802
Cutoff +2m,2,128,2023 Q4,2024 Q4,inflation,4,1.4700801728883297,RW-trend,2024-12-31,1-year ahead,-0.025275077754116637,1.4953552506424463
Cutoff +2m,2,129,2024 Q1,2024 Q2,exch_rate,1,-0.054299741594480255,MF-VAR,2024-06-30,1-step ahead,-0.02679720863629812,-0.027502532958182134
Cutoff +2m,2,129,2024 Q1,2024 Q2,exch_rate,1,NA,MIDAS (trend),2024-06-30,1-step ahead,-0.02679720863629812,NA
Cutoff +2m,2,129,2024 Q1,2024 Q2,exch_rate,1,NA,MIDAS,2024-06-30,1-step ahead,-0.02679720863629812,NA
Cutoff +2m,2,129,2024 Q1,2024 Q2,exch_rate,1,-0.05042466283272644,AR(2),2024-06-30,1-step ahead,-0.02679720863629812,-0.023627454196428317
Cutoff +2m,2,129,2024 Q1,2024 Q2,exch_rate,1,-0.05746168575308155,RW-trend,2024-06-30,1-step ahead,-0.02679720863629812,-0.030664477116783426
Cutoff +2m,2,129,2024 Q1,2024 Q3,exch_rate,2,-0.05335912757343079,MF-VAR,2024-09-30,Other,-0.049958817793634556,-0.0034003097797962317
Cutoff +2m,2,129,2024 Q1,2024 Q3,exch_rate,2,NA,MIDAS (trend),2024-09-30,Other,-0.049958817793634556,NA
Cutoff +2m,2,129,2024 Q1,2024 Q3,exch_rate,2,NA,MIDAS,2024-09-30,Other,-0.049958817793634556,NA
Cutoff +2m,2,129,2024 Q1,2024 Q3,exch_rate,2,-0.05519639104874743,AR(2),2024-09-30,Other,-0.049958817793634556,-0.005237573255112871
Cutoff +2m,2,129,2024 Q1,2024 Q3,exch_rate,2,-0.06283067664725722,RW-trend,2024-09-30,Other,-0.049958817793634556,-0.012871858853622666
Cutoff +2m,2,129,2024 Q1,2024 Q4,exch_rate,3,-0.05933044624149205,MF-VAR,2024-12-31,Other,-0.06616821551812571,0.006837769276633661
Cutoff +2m,2,129,2024 Q1,2024 Q4,exch_rate,3,NA,MIDAS (trend),2024-12-31,Other,-0.06616821551812571,NA
Cutoff +2m,2,129,2024 Q1,2024 Q4,exch_rate,3,NA,MIDAS,2024-12-31,Other,-0.06616821551812571,NA
Cutoff +2m,2,129,2024 Q1,2024 Q4,exch_rate,3,-0.053134001289833664,AR(2),2024-12-31,Other,-0.06616821551812571,0.013034214228292047
Cutoff +2m,2,129,2024 Q1,2024 Q4,exch_rate,3,-0.0681996675414329,RW-trend,2024-12-31,Other,-0.06616821551812571,-0.0020314520233071925
Cutoff +2m,2,129,2024 Q1,2025 Q1,exch_rate,4,-0.06452856966892798,MF-VAR,2025-03-31,1-year ahead,-0.055630925582173515,-0.008897644086754461
Cutoff +2m,2,129,2024 Q1,2025 Q1,exch_rate,4,NA,MIDAS (trend),2025-03-31,1-year ahead,-0.055630925582173515,NA
Cutoff +2m,2,129,2024 Q1,2025 Q1,exch_rate,4,NA,MIDAS,2025-03-31,1-year ahead,-0.055630925582173515,NA
Cutoff +2m,2,129,2024 Q1,2025 Q1,exch_rate,4,-0.05449260740538363,AR(2),2025-03-31,1-year ahead,-0.055630925582173515,0.0011383181767898876
Cutoff +2m,2,129,2024 Q1,2025 Q1,exch_rate,4,-0.07356865843560859,RW-trend,2025-03-31,1-year ahead,-0.055630925582173515,-0.01793773285343507
Cutoff +2m,2,129,2024 Q1,2024 Q2,gdp_growth,1,4.155463048159248,MF-VAR,2024-06-30,1-step ahead,1.9600339339092443,2.195429114250004
Cutoff +2m,2,129,2024 Q1,2024 Q2,gdp_growth,1,NA,MIDAS (trend),2024-06-30,1-step ahead,1.9600339339092443,NA
Cutoff +2m,2,129,2024 Q1,2024 Q2,gdp_growth,1,NA,MIDAS,2024-06-30,1-step ahead,1.9600339339092443,NA
Cutoff +2m,2,129,2024 Q1,2024 Q2,gdp_growth,1,1.2160145078004687,AR(2),2024-06-30,1-step ahead,1.9600339339092443,-0.7440194261087756
Cutoff +2m,2,129,2024 Q1,2024 Q2,gdp_growth,1,4.142405250745386,RW-trend,2024-06-30,1-step ahead,1.9600339339092443,2.182371316836142
Cutoff +2m,2,129,2024 Q1,2024 Q3,gdp_growth,2,4.077950030222374,MF-VAR,2024-09-30,Other,1.7249375962080649,2.3530124340143095
Cutoff +2m,2,129,2024 Q1,2024 Q3,gdp_growth,2,NA,MIDAS (trend),2024-09-30,Other,1.7249375962080649,NA
Cutoff +2m,2,129,2024 Q1,2024 Q3,gdp_growth,2,NA,MIDAS,2024-09-30,Other,1.7249375962080649,NA
Cutoff +2m,2,129,2024 Q1,2024 Q3,gdp_growth,2,2.365285613039066,AR(2),2024-09-30,Other,1.7249375962080649,0.640348016831001
Cutoff +2m,2,129,2024 Q1,2024 Q3,gdp_growth,2,4.187084752007,RW-trend,2024-09-30,Other,1.7249375962080649,2.4621471557989354
Cutoff +2m,2,129,2024 Q1,2024 Q4,gdp_growth,3,1.429427243726,MF-VAR,2024-12-31,Other,1.3156274812899937,0.11379976243600631
Cutoff +2m,2,129,2024 Q1,2024 Q4,gdp_growth,3,NA,MIDAS (trend),2024-12-31,Other,1.3156274812899937,NA
Cutoff +2m,2,129,2024 Q1,2024 Q4,gdp_growth,3,NA,MIDAS,2024-12-31,Other,1.3156274812899937,NA
Cutoff +2m,2,129,2024 Q1,2024 Q4,gdp_growth,3,1.4741099874016987,AR(2),2024-12-31,Other,1.3156274812899937,0.158482506111705
Cutoff +2m,2,129,2024 Q1,2024 Q4,gdp_growth,3,4.231764253268615,RW-trend,2024-12-31,Other,1.3156274812899937,2.9161367719786213
Cutoff +2m,2,129,2024 Q1,2025 Q1,gdp_growth,4,1.334108282576115,MF-VAR,2025-03-31,1-year ahead,2.2430073144406037,-0.9088990318644887
Cutoff +2m,2,129,2024 Q1,2025 Q1,gdp_growth,4,NA,MIDAS (trend),2025-03-31,1-year ahead,2.2430073144406037,NA
Cutoff +2m,2,129,2024 Q1,2025 Q1,gdp_growth,4,NA,MIDAS,2025-03-31,1-year ahead,2.2430073144406037,NA
Cutoff +2m,2,129,2024 Q1,2025 Q1,gdp_growth,4,1.3151645831546026,AR(2),2025-03-31,1-year ahead,2.2430073144406037,-0.9278427312860011
Cutoff +2m,2,129,2024 Q1,2025 Q1,gdp_growth,4,4.27644375453023,RW-trend,2025-03-31,1-year ahead,2.2430073144406037,2.033436440089626
Cutoff +2m,2,129,2024 Q1,2024 Q2,inflation,1,1.2047429833388101,MF-VAR,2024-06-30,1-step ahead,1.3948747405589046,-0.19013175722009446
Cutoff +2m,2,129,2024 Q1,2024 Q2,inflation,1,NA,MIDAS (trend),2024-06-30,1-step ahead,1.3948747405589046,NA
Cutoff +2m,2,129,2024 Q1,2024 Q2,inflation,1,NA,MIDAS,2024-06-30,1-step ahead,1.3948747405589046,NA
Cutoff +2m,2,129,2024 Q1,2024 Q2,inflation,1,0.8927455056655198,AR(2),2024-06-30,1-step ahead,1.3948747405589046,-0.5021292348933848
Cutoff +2m,2,129,2024 Q1,2024 Q2,inflation,1,1.180136790790849,RW-trend,2024-06-30,1-step ahead,1.3948747405589046,-0.2147379497680555
Cutoff +2m,2,129,2024 Q1,2024 Q3,inflation,2,1.1089075959766412,MF-VAR,2024-09-30,Other,0.04584411512098541,1.0630634808556558
Cutoff +2m,2,129,2024 Q1,2024 Q3,inflation,2,NA,MIDAS (trend),2024-09-30,Other,0.04584411512098541,NA
Cutoff +2m,2,129,2024 Q1,2024 Q3,inflation,2,NA,MIDAS,2024-09-30,Other,0.04584411512098541,NA
Cutoff +2m,2,129,2024 Q1,2024 Q3,inflation,2,0.6352290140782517,AR(2),2024-09-30,Other,0.04584411512098541,0.5893848989572663
Cutoff +2m,2,129,2024 Q1,2024 Q3,inflation,2,1.158596243667578,RW-trend,2024-09-30,Other,0.04584411512098541,1.1127521285465927
Cutoff +2m,2,129,2024 Q1,2024 Q4,inflation,3,0.5416509045735663,MF-VAR,2024-12-31,Other,-0.025275077754116637,0.566925982327683
Cutoff +2m,2,129,2024 Q1,2024 Q4,inflation,3,NA,MIDAS (trend),2024-12-31,Other,-0.025275077754116637,NA
Cutoff +2m,2,129,2024 Q1,2024 Q4,inflation,3,NA,MIDAS,2024-12-31,Other,-0.025275077754116637,NA
Cutoff +2m,2,129,2024 Q1,2024 Q4,inflation,3,0.5340035858625332,AR(2),2024-12-31,Other,-0.025275077754116637,0.5592786636166498
Cutoff +2m,2,129,2024 Q1,2024 Q4,inflation,3,1.1370556965443073,RW-trend,2024-12-31,Other,-0.025275077754116637,1.162330774298424
Cutoff +2m,2,129,2024 Q1,2025 Q1,inflation,4,0.432539396050492,MF-VAR,2025-03-31,1-year ahead,0.020479440281206962,0.41205995576928506
Cutoff +2m,2,129,2024 Q1,2025 Q1,inflation,4,NA,MIDAS (trend),2025-03-31,1-year ahead,0.020479440281206962,NA
Cutoff +2m,2,129,2024 Q1,2025 Q1,inflation,4,NA,MIDAS,2025-03-31,1-year ahead,0.020479440281206962,NA
Cutoff +2m,2,129,2024 Q1,2025 Q1,inflation,4,0.4600243548012952,AR(2),2025-03-31,1-year ahead,0.020479440281206962,0.43954491452008826
Cutoff +2m,2,129,2024 Q1,2025 Q1,inflation,4,1.1155151494210362,RW-trend,2025-03-31,1-year ahead,0.020479440281206962,1.0950357091398293
Cutoff +2m,2,130,2024 Q2,2024 Q3,exch_rate,1,-0.03593018660459678,MF-VAR,2024-09-30,1-step ahead,-0.049958817793634556,0.014028631189037778
Cutoff +2m,2,130,2024 Q2,2024 Q3,exch_rate,1,NA,MIDAS (trend),2024-09-30,1-step ahead,-0.049958817793634556,NA
Cutoff +2m,2,130,2024 Q2,2024 Q3,exch_rate,1,NA,MIDAS,2024-09-30,1-step ahead,-0.049958817793634556,NA
Cutoff +2m,2,130,2024 Q2,2024 Q3,exch_rate,1,-0.02804934971127886,AR(2),2024-09-30,1-step ahead,-0.049958817793634556,0.021909468082355697
Cutoff +2m,2,130,2024 Q2,2024 Q3,exch_rate,1,-0.031926633302998934,RW-trend,2024-09-30,1-step ahead,-0.049958817793634556,0.018032184490635622
Cutoff +2m,2,130,2024 Q2,2024 Q4,exch_rate,2,-0.03531017405972427,MF-VAR,2024-12-31,Other,-0.06616821551812571,0.030858041458401445
Cutoff +2m,2,130,2024 Q2,2024 Q4,exch_rate,2,NA,MIDAS (trend),2024-12-31,Other,-0.06616821551812571,NA
Cutoff +2m,2,130,2024 Q2,2024 Q4,exch_rate,2,NA,MIDAS,2024-12-31,Other,-0.06616821551812571,NA
Cutoff +2m,2,130,2024 Q2,2024 Q4,exch_rate,2,-0.026851884741831773,AR(2),2024-12-31,Other,-0.06616821551812571,0.03931633077629394
Cutoff +2m,2,130,2024 Q2,2024 Q4,exch_rate,2,-0.03705605796969975,RW-trend,2024-12-31,Other,-0.06616821551812571,0.029112157548425964
Cutoff +2m,2,130,2024 Q2,2025 Q1,exch_rate,3,-0.0402128933805021,MF-VAR,2025-03-31,Other,-0.055630925582173515,0.015418032201671414
Cutoff +2m,2,130,2024 Q2,2025 Q1,exch_rate,3,NA,MIDAS (trend),2025-03-31,Other,-0.055630925582173515,NA
Cutoff +2m,2,130,2024 Q2,2025 Q1,exch_rate,3,NA,MIDAS,2025-03-31,Other,-0.055630925582173515,NA
Cutoff +2m,2,130,2024 Q2,2025 Q1,exch_rate,3,-0.029936792098330677,AR(2),2025-03-31,Other,-0.055630925582173515,0.025694133483842838
Cutoff +2m,2,130,2024 Q2,2025 Q1,exch_rate,3,-0.04218548263640056,RW-trend,2025-03-31,Other,-0.055630925582173515,0.013445442945772955
Cutoff +2m,2,130,2024 Q2,2025 Q2,exch_rate,4,-0.041970766786263144,MF-VAR,2025-06-30,1-year ahead,-0.06491370262045415,0.022942935834191006
Cutoff +2m,2,130,2024 Q2,2025 Q2,exch_rate,4,NA,MIDAS (trend),2025-06-30,1-year ahead,-0.06491370262045415,NA
Cutoff +2m,2,130,2024 Q2,2025 Q2,exch_rate,4,NA,MIDAS,2025-06-30,1-year ahead,-0.06491370262045415,NA
Cutoff +2m,2,130,2024 Q2,2025 Q2,exch_rate,4,-0.030334727639307668,AR(2),2025-06-30,1-year ahead,-0.06491370262045415,0.03457897498114648
Cutoff +2m,2,130,2024 Q2,2025 Q2,exch_rate,4,-0.047314907303101374,RW-trend,2025-06-30,1-year ahead,-0.06491370262045415,0.017598795317352776
Cutoff +2m,2,130,2024 Q2,2024 Q3,gdp_growth,1,3.096878344097095,MF-VAR,2024-09-30,1-step ahead,1.7249375962080649,1.3719407478890302
Cutoff +2m,2,130,2024 Q2,2024 Q3,gdp_growth,1,NA,MIDAS (trend),2024-09-30,1-step ahead,1.7249375962080649,NA
Cutoff +2m,2,130,2024 Q2,2024 Q3,gdp_growth,1,NA,MIDAS,2024-09-30,1-step ahead,1.7249375962080649,NA
Cutoff +2m,2,130,2024 Q2,2024 Q3,gdp_growth,1,2.3203087360214525,AR(2),2024-09-30,1-step ahead,1.7249375962080649,0.5953711398133876
Cutoff +2m,2,130,2024 Q2,2024 Q3,gdp_growth,1,1.9876636592580765,RW-trend,2024-09-30,1-step ahead,1.7249375962080649,0.26272606305001167
Cutoff +2m,2,130,2024 Q2,2024 Q4,gdp_growth,2,2.0701784366785208,MF-VAR,2024-12-31,Other,1.3156274812899937,0.754550955388527
Cutoff +2m,2,130,2024 Q2,2024 Q4,gdp_growth,2,NA,MIDAS (trend),2024-12-31,Other,1.3156274812899937,NA
Cutoff +2m,2,130,2024 Q2,2024 Q4,gdp_growth,2,NA,MIDAS,2024-12-31,Other,1.3156274812899937,NA
Cutoff +2m,2,130,2024 Q2,2024 Q4,gdp_growth,2,1.440215868502611,AR(2),2024-12-31,Other,1.3156274812899937,0.12458838721261722
Cutoff +2m,2,130,2024 Q2,2024 Q4,gdp_growth,2,2.0152933846069088,RW-trend,2024-12-31,Other,1.3156274812899937,0.699665903316915
Cutoff +2m,2,130,2024 Q2,2025 Q1,gdp_growth,3,1.7600748548783938,MF-VAR,2025-03-31,Other,2.2430073144406037,-0.48293245956221
Cutoff +2m,2,130,2024 Q2,2025 Q1,gdp_growth,3,NA,MIDAS (trend),2025-03-31,Other,2.2430073144406037,NA
Cutoff +2m,2,130,2024 Q2,2025 Q1,gdp_growth,3,NA,MIDAS,2025-03-31,Other,2.2430073144406037,NA
Cutoff +2m,2,130,2024 Q2,2025 Q1,gdp_growth,3,1.3250892100214715,AR(2),2025-03-31,Other,2.2430073144406037,-0.9179181044191322
Cutoff +2m,2,130,2024 Q2,2025 Q1,gdp_growth,3,2.042923109955741,RW-trend,2025-03-31,Other,2.2430073144406037,-0.20008420448486275
Cutoff +2m,2,130,2024 Q2,2025 Q2,gdp_growth,4,1.5726084874702733,MF-VAR,2025-06-30,1-year ahead,-0.09620412701139003,1.6688126144816633
Cutoff +2m,2,130,2024 Q2,2025 Q2,gdp_growth,4,NA,MIDAS (trend),2025-06-30,1-year ahead,-0.09620412701139003,NA
Cutoff +2m,2,130,2024 Q2,2025 Q2,gdp_growth,4,NA,MIDAS,2025-06-30,1-year ahead,-0.09620412701139003,NA
Cutoff +2m,2,130,2024 Q2,2025 Q2,gdp_growth,4,1.3707860075882334,AR(2),2025-06-30,1-year ahead,-0.09620412701139003,1.4669901345996235
Cutoff +2m,2,130,2024 Q2,2025 Q2,gdp_growth,4,2.0705528353045732,RW-trend,2025-06-30,1-year ahead,-0.09620412701139003,2.1667569623159633
Cutoff +2m,2,130,2024 Q2,2024 Q3,inflation,1,1.3279659262162848,MF-VAR,2024-09-30,1-step ahead,0.04584411512098541,1.2821218110952994
Cutoff +2m,2,130,2024 Q2,2024 Q3,inflation,1,NA,MIDAS (trend),2024-09-30,1-step ahead,0.04584411512098541,NA
Cutoff +2m,2,130,2024 Q2,2024 Q3,inflation,1,NA,MIDAS,2024-09-30,1-step ahead,0.04584411512098541,NA
Cutoff +2m,2,130,2024 Q2,2024 Q3,inflation,1,0.8823740221320735,AR(2),2024-09-30,1-step ahead,0.04584411512098541,0.8365299070110881
Cutoff +2m,2,130,2024 Q2,2024 Q3,inflation,1,1.3750118336681967,RW-trend,2024-09-30,1-step ahead,0.04584411512098541,1.3291677185472113
Cutoff +2m,2,130,2024 Q2,2024 Q4,inflation,2,0.8753872987040547,MF-VAR,2024-12-31,Other,-0.025275077754116637,0.9006623764581714
Cutoff +2m,2,130,2024 Q2,2024 Q4,inflation,2,NA,MIDAS (trend),2024-12-31,Other,-0.025275077754116637,NA
Cutoff +2m,2,130,2024 Q2,2024 Q4,inflation,2,NA,MIDAS,2024-12-31,Other,-0.025275077754116637,NA
Cutoff +2m,2,130,2024 Q2,2024 Q4,inflation,2,0.7172473085039242,AR(2),2024-12-31,Other,-0.025275077754116637,0.7425223862580408
Cutoff +2m,2,130,2024 Q2,2024 Q4,inflation,2,1.3551489267774888,RW-trend,2024-12-31,Other,-0.025275077754116637,1.3804240045316054
Cutoff +2m,2,130,2024 Q2,2025 Q1,inflation,3,0.5623558156336573,MF-VAR,2025-03-31,Other,0.020479440281206962,0.5418763753524504
Cutoff +2m,2,130,2024 Q2,2025 Q1,inflation,3,NA,MIDAS (trend),2025-03-31,Other,0.020479440281206962,NA
Cutoff +2m,2,130,2024 Q2,2025 Q1,inflation,3,NA,MIDAS,2025-03-31,Other,0.020479440281206962,NA
Cutoff +2m,2,130,2024 Q2,2025 Q1,inflation,3,0.5817660137853098,AR(2),2025-03-31,Other,0.020479440281206962,0.5612865735041028
Cutoff +2m,2,130,2024 Q2,2025 Q1,inflation,3,1.3352860198867809,RW-trend,2025-03-31,Other,0.020479440281206962,1.314806579605574
Cutoff +2m,2,130,2024 Q2,2025 Q2,inflation,4,0.4650116769700287,MF-VAR,2025-06-30,1-year ahead,0.08229123314116293,0.3827204438288658
Cutoff +2m,2,130,2024 Q2,2025 Q2,inflation,4,NA,MIDAS (trend),2025-06-30,1-year ahead,0.08229123314116293,NA
Cutoff +2m,2,130,2024 Q2,2025 Q2,inflation,4,NA,MIDAS,2025-06-30,1-year ahead,0.08229123314116293,NA
Cutoff +2m,2,130,2024 Q2,2025 Q2,inflation,4,0.4926904838378004,AR(2),2025-06-30,1-year ahead,0.08229123314116293,0.41039925069663746
Cutoff +2m,2,130,2024 Q2,2025 Q2,inflation,4,1.315423112996073,RW-trend,2025-06-30,1-year ahead,0.08229123314116293,1.23313187985491
Cutoff +2m,2,131,2024 Q3,2024 Q4,exch_rate,1,-0.05208572068462732,MF-VAR,2024-12-31,1-step ahead,-0.06616821551812571,0.01408249483349839
Cutoff +2m,2,131,2024 Q3,2024 Q4,exch_rate,1,NA,MIDAS (trend),2024-12-31,1-step ahead,-0.06616821551812571,NA
Cutoff +2m,2,131,2024 Q3,2024 Q4,exch_rate,1,NA,MIDAS,2024-12-31,1-step ahead,-0.06616821551812571,NA
Cutoff +2m,2,131,2024 Q3,2024 Q4,exch_rate,1,-0.05157433688216628,AR(2),2024-12-31,1-step ahead,-0.06616821551812571,0.014593878635959429
Cutoff +2m,2,131,2024 Q3,2024 Q4,exch_rate,1,-0.05522802683623177,RW-trend,2024-12-31,1-step ahead,-0.06616821551812571,0.01094018868189394
Cutoff +2m,2,131,2024 Q3,2025 Q1,exch_rate,2,-0.0643551115725318,MF-VAR,2025-03-31,Other,-0.055630925582173515,-0.00872418599035829
Cutoff +2m,2,131,2024 Q3,2025 Q1,exch_rate,2,NA,MIDAS (trend),2025-03-31,Other,-0.055630925582173515,NA
Cutoff +2m,2,131,2024 Q3,2025 Q1,exch_rate,2,NA,MIDAS,2025-03-31,Other,-0.055630925582173515,NA
Cutoff +2m,2,131,2024 Q3,2025 Q1,exch_rate,2,-0.053855042130550874,AR(2),2025-03-31,Other,-0.055630925582173515,0.001775883451622641
Cutoff +2m,2,131,2024 Q3,2025 Q1,exch_rate,2,-0.06049723587882898,RW-trend,2025-03-31,Other,-0.055630925582173515,-0.004866310296655463
Cutoff +2m,2,131,2024 Q3,2025 Q2,exch_rate,3,-0.05987892005807119,MF-VAR,2025-06-30,Other,-0.06491370262045415,0.005034782562382961
Cutoff +2m,2,131,2024 Q3,2025 Q2,exch_rate,3,NA,MIDAS (trend),2025-06-30,Other,-0.06491370262045415,NA
Cutoff +2m,2,131,2024 Q3,2025 Q2,exch_rate,3,NA,MIDAS,2025-06-30,Other,-0.06491370262045415,NA
Cutoff +2m,2,131,2024 Q3,2025 Q2,exch_rate,3,-0.05283056499483761,AR(2),2025-06-30,Other,-0.06491370262045415,0.012083137625616538
Cutoff +2m,2,131,2024 Q3,2025 Q2,exch_rate,3,-0.06576644492142619,RW-trend,2025-06-30,Other,-0.06491370262045415,-8.527423009720425e-4
Cutoff +2m,2,131,2024 Q3,2025 Q3,exch_rate,4,-0.06621007305269405,MF-VAR,2025-09-30,1-year ahead,-0.06684019298606815,6.301199333740987e-4
Cutoff +2m,2,131,2024 Q3,2025 Q3,exch_rate,4,NA,MIDAS (trend),2025-09-30,1-year ahead,-0.06684019298606815,NA
Cutoff +2m,2,131,2024 Q3,2025 Q3,exch_rate,4,NA,MIDAS,2025-09-30,1-year ahead,-0.06684019298606815,NA
Cutoff +2m,2,131,2024 Q3,2025 Q3,exch_rate,4,-0.05887865658051002,AR(2),2025-09-30,1-year ahead,-0.06684019298606815,0.007961536405558127
Cutoff +2m,2,131,2024 Q3,2025 Q3,exch_rate,4,-0.071035653964023407,RW-trend,2025-09-30,1-year ahead,-0.06684019298606815,-0.0041954609779552565
Cutoff +2m,2,131,2024 Q3,2024 Q4,gdp_growth,1,0.669139814061274,MF-VAR,2024-12-31,1-step ahead,1.3156274812899937,-0.6464876672287198
Cutoff +2m,2,131,2024 Q3,2024 Q4,gdp_growth,1,NA,MIDAS (trend),2024-12-31,1-step ahead,1.3156274812899937,NA
Cutoff +2m,2,131,2024 Q3,2024 Q4,gdp_growth,1,NA,MIDAS,2024-12-31,1-step ahead,1.3156274812899937,NA
Cutoff +2m,2,131,2024 Q3,2024 Q4,gdp_growth,1,1.4729353917720749,AR(2),2024-12-31,1-step ahead,1.3156274812899937,0.15730791048208115
Cutoff +2m,2,131,2024 Q3,2024 Q4,gdp_growth,1,1.7505306854092226,RW-trend,2024-12-31,1-step ahead,1.3156274812899937,0.4349032041192289
Cutoff +2m,2,131,2024 Q3,2025 Q1,gdp_growth,2,-0.26128518361897235,MF-VAR,2025-03-31,Other,2.2430073144406037,-2.504292498059576
Cutoff +2m,2,131,2024 Q3,2025 Q1,gdp_growth,2,NA,MIDAS (trend),2025-03-31,Other,2.2430073144406037,NA
Cutoff +2m,2,131,2024 Q3,2025 Q1,gdp_growth,2,NA,MIDAS,2025-03-31,Other,2.2430073144406037,NA
Cutoff +2m,2,131,2024 Q3,2025 Q1,gdp_growth,2,1.3502842171332174,AR(2),2025-03-31,Other,2.2430073144406037,-0.8927230973073863
Cutoff +2m,2,131,2024 Q3,2025 Q1,gdp_growth,2,1.7761237746103804,RW-trend,2025-03-31,Other,2.2430073144406037,-0.46688353983022335
Cutoff +2m,2,131,2024 Q3,2025 Q2,gdp_growth,3,1.1318386257133115,MF-VAR,2025-06-30,Other,-0.09620412701139003,1.2280427527247015
Cutoff +2m,2,131,2024 Q3,2025 Q2,gdp_growth,3,NA,MIDAS (trend),2025-06-30,Other,-0.09620412701139003,NA
Cutoff +2m,2,131,2024 Q3,2025 Q2,gdp_growth,3,NA,MIDAS,2025-06-30,Other,-0.09620412701139003,NA
Cutoff +2m,2,131,2024 Q3,2025 Q2,gdp_growth,3,1.3603955818547768,AR(2),2025-06-30,Other,-0.09620412701139003,1.4565997088661669
Cutoff +2m,2,131,2024 Q3,2025 Q2,gdp_growth,3,1.8017168638115382,RW-trend,2025-06-30,Other,-0.09620412701139003,1.8979209908229282
Cutoff +2m,2,131,2024 Q3,2025 Q3,gdp_growth,4,2.4288939914387364,MF-VAR,2025-09-30,1-year ahead,-0.3289627178062915,2.757856709245028
Cutoff +2m,2,131,2024 Q3,2025 Q3,gdp_growth,4,NA,MIDAS (trend),2025-09-30,1-year ahead,-0.3289627178062915,NA
Cutoff +2m,2,131,2024 Q3,2025 Q3,gdp_growth,4,NA,MIDAS,2025-09-30,1-year ahead,-0.3289627178062915,NA
Cutoff +2m,2,131,2024 Q3,2025 Q3,gdp_growth,4,2.4990426714488465,AR(2),2025-09-30,1-year ahead,-0.3289627178062915,2.828005389255138
Cutoff +2m,2,131,2024 Q3,2025 Q3,gdp_growth,4,1.827309953012696,RW-trend,2025-09-30,1-year ahead,-0.3289627178062915,2.1562726708189874
Cutoff +2m,2,131,2024 Q3,2024 Q4,inflation,1,0.07209800839577306,MF-VAR,2024-12-31,1-step ahead,-0.025275077754116637,0.0973730861498897
Cutoff +2m,2,131,2024 Q3,2024 Q4,inflation,1,NA,MIDAS (trend),2024-12-31,1-step ahead,-0.025275077754116637,NA
Cutoff +2m,2,131,2024 Q3,2024 Q4,inflation,1,NA,MIDAS,2024-12-31,1-step ahead,-0.025275077754116637,NA
Cutoff +2m,2,131,2024 Q3,2024 Q4,inflation,1,0.31545276807402567,AR(2),2024-12-31,1-step ahead,-0.025275077754116637,0.3407278458281423
Cutoff +2m,2,131,2024 Q3,2024 Q4,inflation,1,0.01567758250510521,RW-trend,2024-12-31,1-step ahead,-0.025275077754116637,0.04095266025922185
Cutoff +2m,2,131,2024 Q3,2025 Q1,inflation,2,-0.08719325686446006,MF-VAR,2025-03-31,Other,0.020479440281206962,-0.10767269714566702
Cutoff +2m,2,131,2024 Q3,2025 Q1,inflation,2,NA,MIDAS (trend),2025-03-31,Other,0.020479440281206962,NA
Cutoff +2m,2,131,2024 Q3,2025 Q1,inflation,2,NA,MIDAS,2025-03-31,Other,0.020479440281206962,NA
Cutoff +2m,2,131,2024 Q3,2025 Q1,inflation,2,0.28895837688022913,AR(2),2025-03-31,Other,0.020479440281206962,0.26847893659902217
Cutoff +2m,2,131,2024 Q3,2025 Q1,inflation,2,-0.014488950110774987,RW-trend,2025-03-31,Other,0.020479440281206962,-0.03496839039198195
Cutoff +2m,2,131,2024 Q3,2025 Q2,inflation,3,0.07640317972549204,MF-VAR,2025-06-30,Other,0.08229123314116293,-0.005888053415670891
Cutoff +2m,2,131,2024 Q3,2025 Q2,inflation,3,NA,MIDAS (trend),2025-06-30,Other,0.08229123314116293,NA
Cutoff +2m,2,131,2024 Q3,2025 Q2,inflation,3,NA,MIDAS,2025-06-30,Other,0.08229123314116293,NA
Cutoff +2m,2,131,2024 Q3,2025 Q2,inflation,3,0.30382417422044655,AR(2),2025-06-30,Other,0.08229123314116293,0.22153294107928362
Cutoff +2m,2,131,2024 Q3,2025 Q2,inflation,3,-0.04465548272665518,RW-trend,2025-06-30,Other,0.08229123314116293,-0.1269467158678181
Cutoff +2m,2,131,2024 Q3,2025 Q3,inflation,4,0.10850577842933715,MF-VAR,2025-09-30,1-year ahead,0.6122884651894367,-0.5037826867600995
Cutoff +2m,2,131,2024 Q3,2025 Q3,inflation,4,NA,MIDAS (trend),2025-09-30,1-year ahead,0.6122884651894367,NA
Cutoff +2m,2,131,2024 Q3,2025 Q3,inflation,4,NA,MIDAS,2025-09-30,1-year ahead,0.6122884651894367,NA
Cutoff +2m,2,131,2024 Q3,2025 Q3,inflation,4,0.23832747999870577,AR(2),2025-09-30,1-year ahead,0.6122884651894367,-0.37396098519073095
Cutoff +2m,2,131,2024 Q3,2025 Q3,inflation,4,-0.07482201534253538,RW-trend,2025-09-30,1-year ahead,0.6122884651894367,-0.6871104805319721
